{"application": "software-mentions", "version": "0.8.0", "date": "2024-04-12T17:17+0000", "md5": "358E9F78157B7022B82065DD75A02648", "mentions": [{"type": "software", "software-type": "software", "software-name": {"rawForm": "BeeMachine", "normalizedForm": "BeeMachine", "offsetStart": 10, "offsetEnd": 20}, "context": "Pl@ntNet, BeeMachine and iNaturalist provide species identification of living organisms from photographs. ", "mentionContextAttributes": {"used": {"value": false, "score": 6.574392318725586e-05}, "created": {"value": false, "score": 0.00010818243026733398}, "shared": {"value": false, "score": 5.364418029785156e-07}}, "documentContextAttributes": {"used": {"value": false, "score": 6.574392318725586e-05}, "created": {"value": false, "score": 0.00010818243026733398}, "shared": {"value": false, "score": 5.364418029785156e-07}}}, {"type": "software", "software-type": "software", "wikidataId": "Q16958215", "wikipediaExternalRef": 40178883, "lang": "en", "confidence": 0.6884, "software-name": {"rawForm": "iNaturalist", "normalizedForm": "iNaturalist", "wikidataId": "Q16958215", "wikipediaExternalRef": 40178883, "lang": "en", "confidence": 0.6884, "offsetStart": 25, "offsetEnd": 36}, "context": "Pl@ntNet, BeeMachine and iNaturalist provide species identification of living organisms from photographs. ", "mentionContextAttributes": {"used": {"value": false, "score": 6.574392318725586e-05}, "created": {"value": false, "score": 0.00010818243026733398}, "shared": {"value": false, "score": 5.364418029785156e-07}}, "documentContextAttributes": {"used": {"value": false, "score": 0.0008257031440734863}, "created": {"value": false, "score": 0.0002956390380859375}, "shared": {"value": false, "score": 1.9669532775878906e-06}}}, {"type": "software", "software-type": "software", "wikidataId": "Q20007086", "wikipediaExternalRef": 46826189, "lang": "en", "confidence": 0.7527, "software-name": {"rawForm": "Google Photos", "normalizedForm": "Google Photos", "wikidataId": "Q20007086", "wikipediaExternalRef": 46826189, "lang": "en", "confidence": 0.7527, "offsetStart": 35, "offsetEnd": 48}, "context": "This function is also available on Google Photos, where a user can search their personal photos for specific people, different types of objects, places, ceremonies and so on. ", "mentionContextAttributes": {"used": {"value": false, "score": 9.053945541381836e-05}, "created": {"value": false, "score": 0.002328932285308838}, "shared": {"value": false, "score": 0.010637402534484863}}, "documentContextAttributes": {"used": {"value": false, "score": 9.053945541381836e-05}, "created": {"value": false, "score": 0.002328932285308838}, "shared": {"value": false, "score": 0.010637402534484863}}}, {"type": "software", "software-type": "software", "software-name": {"rawForm": "GBIF", "normalizedForm": "GBIF", "offsetStart": 45, "offsetEnd": 49}, "context": "TDWG have worked in close collaboration with GBIF to develop standards on biodiversity and one could imagine similar alliances would benefit the envisaged infrastructure and its users.", "mentionContextAttributes": {"used": {"value": false, "score": 0.001365959644317627}, "created": {"value": false, "score": 0.12213140726089478}, "shared": {"value": false, "score": 1.1324882507324219e-06}}, "documentContextAttributes": {"used": {"value": true, "score": 0.831474244594574}, "created": {"value": false, "score": 0.18312686681747437}, "shared": {"value": false, "score": 2.8014183044433594e-06}}}, {"type": "software", "software-type": "software", "software-name": {"rawForm": "GBIF", "normalizedForm": "GBIF", "offsetStart": 54, "offsetEnd": 58}, "context": "Part of this functionality is already demonstrated by GBIF, which uses background jobs to export datasets on user request (excluding images and DOIs, but allowing the export of metadata, based on queries). ", "mentionContextAttributes": {"used": {"value": false, "score": 5.7637691497802734e-05}, "created": {"value": false, "score": 0.18312686681747437}, "shared": {"value": false, "score": 4.172325134277344e-07}}, "documentContextAttributes": {"used": {"value": true, "score": 0.831474244594574}, "created": {"value": false, "score": 0.18312686681747437}, "shared": {"value": false, "score": 2.8014183044433594e-06}}}, {"type": "software", "software-type": "software", "software-name": {"rawForm": "GBIF", "normalizedForm": "GBIF", "offsetStart": 63, "offsetEnd": 67}, "context": "In January 2023, the Global Biodiversity Information Facility (GBIF) had more than 51 million preserved or fossil specimens with an image.", "mentionContextAttributes": {"used": {"value": true, "score": 0.831474244594574}, "created": {"value": false, "score": 0.0006801486015319824}, "shared": {"value": false, "score": 2.8014183044433594e-06}}, "documentContextAttributes": {"used": {"value": true, "score": 0.831474244594574}, "created": {"value": false, "score": 0.18312686681747437}, "shared": {"value": false, "score": 2.8014183044433594e-06}}}, {"type": "software", "software-type": "software", "software-name": {"rawForm": "GBIF", "normalizedForm": "GBIF", "offsetStart": 78, "offsetEnd": 82}, "context": "Some existing infrastructures partially accommodate these data types, such as GBIF for specimen data, but none integrates the full spectrum of specimens, images, models and model outputs.", "mentionContextAttributes": {"used": {"value": false, "score": 4.273653030395508e-05}, "created": {"value": false, "score": 0.00040024518966674805}, "shared": {"value": false, "score": 2.980232238769531e-07}}, "documentContextAttributes": {"used": {"value": true, "score": 0.831474244594574}, "created": {"value": false, "score": 0.18312686681747437}, "shared": {"value": false, "score": 2.8014183044433594e-06}}}, {"type": "software", "software-type": "software", "wikidataId": "Q16958215", "wikipediaExternalRef": 40178883, "lang": "en", "confidence": 0.6884, "software-name": {"rawForm": "iNaturalist", "normalizedForm": "iNaturalist", "wikidataId": "Q16958215", "wikipediaExternalRef": 40178883, "lang": "en", "confidence": 0.6884, "offsetStart": 273, "offsetEnd": 284}, "context": "Though the Al challenges of images of living organisms are different, their numbers are at least two orders of magnitude larger and increasing more rapidly than digitised preserved specimens and dedicated infrastructures already exist to process them, such as Pl@ntNet and iNaturalist.", "mentionContextAttributes": {"used": {"value": false, "score": 0.0008257031440734863}, "created": {"value": false, "score": 0.0002956390380859375}, "shared": {"value": false, "score": 1.9669532775878906e-06}}, "documentContextAttributes": {"used": {"value": false, "score": 0.0008257031440734863}, "created": {"value": false, "score": 0.0002956390380859375}, "shared": {"value": false, "score": 1.9669532775878906e-06}}}], "references": [], "runtime": 50258, "id": "7eb4010dbf4888b65c82669bd0d67752599f0693", "metadata": {"id": "7eb4010dbf4888b65c82669bd0d67752599f0693"}, "original_file_path": "../../datalake/Samuel/SOFTware-Sync/data/xml_not_sofctied/hal-03871553.grobid.tei.xml", "file_name": "hal-03871553.grobid.tei.xml"}