{"application": "software-mentions", "version": "0.8.0", "date": "2024-04-15T07:24+0000", "md5": "39B5E6E2E7BB56018BF92DD51784977F", "mentions": [{"type": "software", "software-type": "software", "software-name": {"rawForm": "Web Audio Modules", "normalizedForm": "Web Audio Modules", "offsetStart": 0, "offsetEnd": 17}, "context": "Web Audio Modules (WAM) is a standard for developing Web Audio plugins and hosts first proposed in 2015, that recently had a major update in 2021 for its 2.0 version.", "mentionContextAttributes": {"used": {"value": false, "score": 6.216764450073242e-05}, "created": {"value": false, "score": 0.0330776572227478}, "shared": {"value": false, "score": 0.0020990371704101562}}, "documentContextAttributes": {"used": {"value": false, "score": 6.216764450073242e-05}, "created": {"value": false, "score": 0.0330776572227478}, "shared": {"value": false, "score": 0.0020990371704101562}}}, {"type": "software", "software-type": "software", "software-name": {"rawForm": "WebMidi API", "normalizedForm": "WebMidi API", "offsetStart": 10, "offsetEnd": 21}, "context": "Also, the WebMidi API, recently supported by all Major browsers, mobile and desktop ones, brings MIDI support to the browser and combined with Web Audio it became possible to control instruments using external devices (midi piano keyboard, control surfaces, pads etc.).", "mentionContextAttributes": {"used": {"value": false, "score": 6.598234176635742e-05}, "created": {"value": false, "score": 0.002333700656890869}, "shared": {"value": false, "score": 0.001362621784210205}}, "documentContextAttributes": {"used": {"value": false, "score": 6.598234176635742e-05}, "created": {"value": false, "score": 0.002333700656890869}, "shared": {"value": false, "score": 0.001362621784210205}}}, {"type": "software", "software-type": "software", "software-name": {"rawForm": "WebAudio", "normalizedForm": "WebAudio", "offsetStart": 16, "offsetEnd": 24}, "context": "At the time the WebAudio API has been designed, AudioWorklets did not exist and some use cases could not be taken into account. ", "mentionContextAttributes": {"used": {"value": false, "score": 0.46143341064453125}, "created": {"value": false, "score": 0.02708667516708374}, "shared": {"value": false, "score": 7.68899917602539e-06}}, "documentContextAttributes": {"used": {"value": false, "score": 0.46143341064453125}, "created": {"value": false, "score": 0.02708667516708374}, "shared": {"value": false, "score": 7.68899917602539e-06}}}, {"type": "software", "software-type": "software", "software-name": {"rawForm": "AudioWorklet", "normalizedForm": "AudioWorklet", "offsetStart": 34, "offsetEnd": 46}, "context": "Indeed, if the DAW is built using AudioWorklet nodes for processing audio, then some parts of the code run in the high priority / audio thread. ", "mentionContextAttributes": {"used": {"value": false, "score": 0.2584177255630493}, "created": {"value": false, "score": 0.00013184547424316406}, "shared": {"value": false, "score": 4.172325134277344e-07}}, "documentContextAttributes": {"used": {"value": false, "score": 0.2584177255630493}, "created": {"value": false, "score": 0.00013184547424316406}, "shared": {"value": false, "score": 1.430511474609375e-06}}}, {"type": "software", "software-type": "software", "software-name": {"rawForm": "AudioWorklets", "normalizedForm": "AudioWorklets", "offsetStart": 48, "offsetEnd": 61}, "context": "At the time the WebAudio API has been designed, AudioWorklets did not exist and some use cases could not be taken into account. ", "mentionContextAttributes": {"used": {"value": false, "score": 0.46143341064453125}, "created": {"value": false, "score": 0.02708667516708374}, "shared": {"value": false, "score": 7.68899917602539e-06}}, "documentContextAttributes": {"used": {"value": false, "score": 0.46143341064453125}, "created": {"value": false, "score": 0.02708667516708374}, "shared": {"value": false, "score": 7.68899917602539e-06}}}, {"type": "software", "software-type": "software", "software-name": {"rawForm": "Web Audio API", "normalizedForm": "Web Audio API", "offsetStart": 63, "offsetEnd": 76}, "context": "Introduced in 2012 by the World Wide Web Consortium (W3C), the Web Audio API reached the \"Recommendation\" status in June 2021 (Official Standard).", "mentionContextAttributes": {"used": {"value": false, "score": 0.0002981424331665039}, "created": {"value": false, "score": 0.002686023712158203}, "shared": {"value": false, "score": 0.001668393611907959}}, "documentContextAttributes": {"used": {"value": true, "score": 0.994666576385498}, "created": {"value": false, "score": 0.007721424102783203}, "shared": {"value": false, "score": 0.001668393611907959}}}, {"type": "software", "software-type": "software", "software-name": {"rawForm": "Web Audio API", "normalizedForm": "Web Audio API", "offsetStart": 90, "offsetEnd": 103}, "context": "No need to send events from the control/GUI thread, that would have been mandatory if the Web Audio API audio node parameter management was used.", "mentionContextAttributes": {"used": {"value": true, "score": 0.994666576385498}, "created": {"value": false, "score": 9.22083854675293e-05}, "shared": {"value": false, "score": 5.364418029785156e-07}}, "documentContextAttributes": {"used": {"value": true, "score": 0.994666576385498}, "created": {"value": false, "score": 0.007721424102783203}, "shared": {"value": false, "score": 0.001668393611907959}}}, {"type": "software", "software-type": "software", "wikidataId": "Q80535", "wikipediaExternalRef": 19996, "lang": "en", "confidence": 0.9025, "software-name": {"rawForm": "MIDI", "normalizedForm": "MIDI", "wikidataId": "Q80535", "wikipediaExternalRef": 19996, "lang": "en", "confidence": 0.9025, "offsetStart": 97, "offsetEnd": 101}, "context": "Also, the WebMidi API, recently supported by all Major browsers, mobile and desktop ones, brings MIDI support to the browser and combined with Web Audio it became possible to control instruments using external devices (midi piano keyboard, control surfaces, pads etc.).", "mentionContextAttributes": {"used": {"value": false, "score": 6.598234176635742e-05}, "created": {"value": false, "score": 0.002333700656890869}, "shared": {"value": false, "score": 0.001362621784210205}}, "documentContextAttributes": {"used": {"value": false, "score": 6.598234176635742e-05}, "created": {"value": false, "score": 0.002333700656890869}, "shared": {"value": false, "score": 0.001362621784210205}}}, {"type": "software", "software-type": "software", "wikidataId": "Q20155677", "wikipediaExternalRef": 47013794, "lang": "en", "confidence": 0.9161, "software-name": {"rawForm": "WebAssembly", "normalizedForm": "WebAssembly", "wikidataId": "Q20155677", "wikipediaExternalRef": 47013794, "lang": "en", "confidence": 0.9161, "offsetStart": 102, "offsetEnd": 113}, "context": "Furthermore, it became possible to cross compile existing C/C++/Rust/Domain Specific Language code to WebAssembly, a byte code representation supported by web browsers, facilitating the port of existing DSP code to the web platform.", "mentionContextAttributes": {"used": {"value": false, "score": 0.0003763437271118164}, "created": {"value": false, "score": 0.004765331745147705}, "shared": {"value": false, "score": 0.0028768181800842285}}, "documentContextAttributes": {"used": {"value": false, "score": 0.0003763437271118164}, "created": {"value": false, "score": 0.004765331745147705}, "shared": {"value": false, "score": 0.0028768181800842285}}}, {"type": "software", "software-type": "software", "software-name": {"rawForm": "AudioWorklets", "normalizedForm": "AudioWorklets", "offsetStart": 115, "offsetEnd": 128}, "context": "The main reason for that is to allow high performances in the case where both a DAW and plugins are implemented as AudioWorklets. ", "mentionContextAttributes": {"used": {"value": false, "score": 0.0005204081535339355}, "created": {"value": false, "score": 0.00013506412506103516}, "shared": {"value": false, "score": 2.384185791015625e-07}}, "documentContextAttributes": {"used": {"value": false, "score": 0.46143341064453125}, "created": {"value": false, "score": 0.02708667516708374}, "shared": {"value": false, "score": 7.68899917602539e-06}}}, {"type": "software", "software-type": "implicit", "software-name": {"rawForm": "code", "normalizedForm": "code", "offsetStart": 122, "offsetEnd": 126}, "context": "Furthermore, it became possible to cross compile existing C/C++/Rust/Domain Specific Language code to WebAssembly, a byte code representation supported by web browsers, facilitating the port of existing DSP code to the web platform.", "mentionContextAttributes": {"used": {"value": false, "score": 0.0003763437271118164}, "created": {"value": false, "score": 0.004765331745147705}, "shared": {"value": false, "score": 0.0028768181800842285}}, "documentContextAttributes": {"used": {"value": false, "score": 0.0003763437271118164}, "created": {"value": false, "score": 0.004765331745147705}, "shared": {"value": false, "score": 0.0028768181800842285}}}, {"type": "software", "software-type": "software", "software-name": {"rawForm": "AudioWorklet", "normalizedForm": "AudioWorklet", "offsetStart": 127, "offsetEnd": 139}, "context": "Then, if a WAM plugin is associated with a given track in a DAW project (Figure 1), and if the plugin is itself built using an AudioWorklet node, it also has custom code running in the audio thread. ", "mentionContextAttributes": {"used": {"value": false, "score": 0.12287616729736328}, "created": {"value": false, "score": 5.7816505432128906e-05}, "shared": {"value": false, "score": 1.430511474609375e-06}}, "documentContextAttributes": {"used": {"value": false, "score": 0.2584177255630493}, "created": {"value": false, "score": 0.00013184547424316406}, "shared": {"value": false, "score": 1.430511474609375e-06}}}, {"type": "software", "software-type": "software", "software-name": {"rawForm": "wam-studio", "normalizedForm": "wam-studio", "offsetStart": 144, "offsetEnd": 154}, "context": "Today, a WAM community Github repository proposes dozen of plugins (Figure 3: effects, instruments, utility plugins), an open source DAW called wam-studio 2 (Figure 1) is being proposed as a demonstrator for WAM plugins [4], and a real-time collaborative host called sequencer.party ", "mentionContextAttributes": {"used": {"value": false, "score": 0.00025087594985961914}, "created": {"value": false, "score": 0.03488665819168091}, "shared": {"value": false, "score": 0.0007498860359191895}}, "documentContextAttributes": {"used": {"value": false, "score": 0.00025087594985961914}, "created": {"value": false, "score": 0.03488665819168091}, "shared": {"value": false, "score": 0.0007498860359191895}}}, {"type": "software", "software-type": "software", "software-name": {"rawForm": "Web Audio API", "normalizedForm": "Web Audio API", "offsetStart": 182, "offsetEnd": 195}, "context": "The WAM framework uses an original design for handling the communication between plugins and host applications that do not rely on the low-level parameter management provided by the Web Audio API. ", "mentionContextAttributes": {"used": {"value": false, "score": 0.00018543004989624023}, "created": {"value": false, "score": 0.007721424102783203}, "shared": {"value": false, "score": 2.5033950805664062e-06}}, "documentContextAttributes": {"used": {"value": true, "score": 0.994666576385498}, "created": {"value": false, "score": 0.007721424102783203}, "shared": {"value": false, "score": 0.001668393611907959}}}], "references": [], "runtime": 38385, "id": "fe93c85a4e1a938bcfaf112ebf687b74f00e6cf6", "metadata": {"id": "fe93c85a4e1a938bcfaf112ebf687b74f00e6cf6"}, "original_file_path": "../../datalake/Samuel/SOFTware-Sync/data/xml_not_sofctied/hal-04335580.grobid.tei.xml", "file_name": "hal-04335580.grobid.tei.xml"}