{"application": "software-mentions", "version": "0.8.0", "date": "2024-04-12T16:12+0000", "md5": "607B023C64D4E6AB149AA41F8052E069", "mentions": [{"type": "software", "software-type": "software", "wikidataId": "Q1398550", "wikipediaExternalRef": 4532356, "lang": "en", "confidence": 0.3648, "software-name": {"rawForm": "FAUST", "normalizedForm": "FAUST", "wikidataId": "Q1398550", "wikipediaExternalRef": 4532356, "lang": "en", "confidence": 0.3648, "offsetStart": 2, "offsetEnd": 7}, "context": "\u2022 FAUST and FAUST IDE: https://faust.grame.fr/", "mentionContextAttributes": {"used": {"value": false, "score": 0.00030052661895751953}, "created": {"value": false, "score": 1.341104507446289e-05}, "shared": {"value": true, "score": 0.9797235727310181}}, "documentContextAttributes": {"used": {"value": false, "score": 0.0004623532295227051}, "created": {"value": false, "score": 0.35277628898620605}, "shared": {"value": true, "score": 0.9797235727310181}}, "references": [{"label": "[6]", "normalizedForm": "[6]", "refKey": 6}]}, {"type": "software", "software-type": "software", "software-name": {"rawForm": "WebMIDI", "normalizedForm": "WebMIDI", "offsetStart": 4, "offsetEnd": 11}, "context": "The WebMIDI implementation is still only available in Chromium-based browsers for now. ", "mentionContextAttributes": {"used": {"value": false, "score": 0.00013637542724609375}, "created": {"value": false, "score": 0.0004877448081970215}, "shared": {"value": false, "score": 0.16739225387573242}}, "documentContextAttributes": {"used": {"value": false, "score": 0.004210472106933594}, "created": {"value": false, "score": 0.35277628898620605}, "shared": {"value": false, "score": 0.16739225387573242}}}, {"type": "software", "software-type": "software", "software-name": {"rawForm": "AudioWorklet", "normalizedForm": "AudioWorklet", "offsetStart": 4, "offsetEnd": 16}, "context": "The AudioWorklet API, part of the WebAudio specification, required to run WebAssembly DSP code, is only publicly available on Chromium-based browsers (in this implementation, the choice not to have the audio thread with real-time priority can cause audio glitches in some circumstances, and is currently being questioned), while an experimental version is available in Firefox Nightly, this time with a real-time approach. ", "mentionContextAttributes": {"used": {"value": false, "score": 0.0014878511428833008}, "created": {"value": false, "score": 0.00045222043991088867}, "shared": {"value": false, "score": 0.0008913278579711914}}, "documentContextAttributes": {"used": {"value": false, "score": 0.0014878511428833008}, "created": {"value": false, "score": 0.00045222043991088867}, "shared": {"value": false, "score": 0.0008913278579711914}}}, {"type": "software", "software-type": "software", "software-name": {"rawForm": "WebAudio", "normalizedForm": "WebAudio", "offsetStart": 6, "offsetEnd": 14}, "context": "These WebAudio applications and tools show that online computer music applications can convincingly compete with their native counterparts, making easier some use cases such as collaborative music composition -as illustrated by SoundTrap being bought by Spotify and Amped Studio being offered to the 300 million users of NetEase Cloud Music a Chinese music social network (sort of Deezer/Spotify in 4 China). ", "mentionContextAttributes": {"used": {"value": false, "score": 0.0003699660301208496}, "created": {"value": false, "score": 0.0059378743171691895}, "shared": {"value": false, "score": 0.00023651123046875}}, "documentContextAttributes": {"used": {"value": false, "score": 0.004210472106933594}, "created": {"value": true, "score": 0.9854490756988525}, "shared": {"value": false, "score": 0.0025754570960998535}}, "references": [{"label": "[2]", "normalizedForm": "[2]", "refKey": 2}]}, {"type": "software", "software-type": "software", "wikidataId": "Q1398550", "wikipediaExternalRef": 4532356, "lang": "en", "confidence": 0.3648, "software-name": {"rawForm": "FAUST", "normalizedForm": "FAUST", "wikidataId": "Q1398550", "wikipediaExternalRef": 4532356, "lang": "en", "confidence": 0.3648, "offsetStart": 12, "offsetEnd": 17}, "context": "\u2022 FAUST and FAUST IDE: https://faust.grame.fr/", "mentionContextAttributes": {"used": {"value": false, "score": 0.00030052661895751953}, "created": {"value": false, "score": 1.341104507446289e-05}, "shared": {"value": true, "score": 0.9797235727310181}}, "documentContextAttributes": {"used": {"value": false, "score": 0.0004623532295227051}, "created": {"value": false, "score": 0.35277628898620605}, "shared": {"value": true, "score": 0.9797235727310181}}, "references": [{"label": "[6]", "normalizedForm": "[6]", "refKey": 6}]}, {"type": "software", "software-type": "software", "wikidataId": "Q20155677", "wikipediaExternalRef": 47013794, "lang": "en", "confidence": 0.9161, "software-name": {"rawForm": "WebAssembly", "normalizedForm": "WebAssembly", "wikidataId": "Q20155677", "wikipediaExternalRef": 47013794, "lang": "en", "confidence": 0.9161, "offsetStart": 21, "offsetEnd": 32}, "context": "It also includes the WebAssembly version of the FAUST compiler, enabling developers to write, compile, run and test their code directly in the browser thanks to the WebAudio API. ", "mentionContextAttributes": {"used": {"value": false, "score": 0.0003151893615722656}, "created": {"value": false, "score": 0.004647314548492432}, "shared": {"value": false, "score": 0.0025754570960998535}}, "documentContextAttributes": {"used": {"value": true, "score": 0.8031046986579895}, "created": {"value": false, "score": 0.35277628898620605}, "shared": {"value": false, "score": 0.004042387008666992}}}, {"type": "software", "software-type": "software", "software-name": {"rawForm": "code", "normalizedForm": "code", "offsetStart": 24, "offsetEnd": 28}, "context": "Many developers used to code native plugins in C or C++ have gotten into the habit of prototyping the DSP part with DSLs like FAUST [6].", "mentionContextAttributes": {"used": {"value": false, "score": 0.0004623532295227051}, "created": {"value": false, "score": 0.0001506805419921875}, "shared": {"value": false, "score": 1.1324882507324219e-06}}, "documentContextAttributes": {"used": {"value": true, "score": 0.8031046986579895}, "created": {"value": false, "score": 0.004647314548492432}, "shared": {"value": false, "score": 0.004042387008666992}}}, {"type": "software", "software-type": "software", "wikidataId": "Q20155677", "wikipediaExternalRef": 47013794, "lang": "en", "confidence": 0.9161, "software-name": {"rawForm": "WebAssembly", "normalizedForm": "WebAssembly", "wikidataId": "Q20155677", "wikipediaExternalRef": 47013794, "lang": "en", "confidence": 0.9161, "offsetStart": 24, "offsetEnd": 35}, "context": "Plugins are all running WebAssembly code and the final GUI is based on WebComponents. ", "mentionContextAttributes": {"used": {"value": true, "score": 0.8031046986579895}, "created": {"value": false, "score": 0.00010091066360473633}, "shared": {"value": false, "score": 0.004042387008666992}}, "documentContextAttributes": {"used": {"value": true, "score": 0.8031046986579895}, "created": {"value": false, "score": 0.35277628898620605}, "shared": {"value": false, "score": 0.004042387008666992}}}, {"type": "software", "software-type": "software", "software-name": {"rawForm": "WebAudio", "normalizedForm": "WebAudio", "offsetStart": 34, "offsetEnd": 42}, "context": "The AudioWorklet API, part of the WebAudio specification, required to run WebAssembly DSP code, is only publicly available on Chromium-based browsers (in this implementation, the choice not to have the audio thread with real-time priority can cause audio glitches in some circumstances, and is currently being questioned), while an experimental version is available in Firefox Nightly, this time with a real-time approach. ", "mentionContextAttributes": {"used": {"value": false, "score": 0.0014878511428833008}, "created": {"value": false, "score": 0.00045222043991088867}, "shared": {"value": false, "score": 0.0008913278579711914}}, "documentContextAttributes": {"used": {"value": false, "score": 0.004210472106933594}, "created": {"value": true, "score": 0.9854490756988525}, "shared": {"value": false, "score": 0.0025754570960998535}}, "references": [{"label": "[2]", "normalizedForm": "[2]", "refKey": 2}]}, {"type": "software", "software-type": "software", "software-name": {"rawForm": "code", "normalizedForm": "code", "offsetStart": 35, "offsetEnd": 39}, "context": "The IDE embeds a multi-file source code editor that supports IntelliSense-like features such as syntax highlighting and auto-completion.", "mentionContextAttributes": {"used": {"value": false, "score": 0.00022029876708984375}, "created": {"value": false, "score": 0.0006436705589294434}, "shared": {"value": false, "score": 0.0015509724617004395}}, "documentContextAttributes": {"used": {"value": true, "score": 0.8031046986579895}, "created": {"value": false, "score": 0.004647314548492432}, "shared": {"value": false, "score": 0.004042387008666992}}}, {"type": "software", "software-type": "software", "software-name": {"rawForm": "code", "normalizedForm": "code", "offsetStart": 36, "offsetEnd": 40}, "context": "Plugins are all running WebAssembly code and the final GUI is based on WebComponents.", "mentionContextAttributes": {"used": {"value": true, "score": 0.8031046986579895}, "created": {"value": false, "score": 0.00010091066360473633}, "shared": {"value": false, "score": 0.004042387008666992}}, "documentContextAttributes": {"used": {"value": true, "score": 0.8031046986579895}, "created": {"value": false, "score": 0.004647314548492432}, "shared": {"value": false, "score": 0.004042387008666992}}}, {"type": "software", "software-type": "software", "software-name": {"rawForm": "WebAudio Plugin", "normalizedForm": "WebAudio Plugin", "offsetStart": 47, "offsetEnd": 62}, "context": "Each of these (effects/instruments) could be a WebAudio Plugin. ", "mentionContextAttributes": {"used": {"value": true, "score": 0.998117983341217}, "created": {"value": false, "score": 7.158517837524414e-05}, "shared": {"value": false, "score": 5.364418029785156e-07}}, "documentContextAttributes": {"used": {"value": true, "score": 0.998117983341217}, "created": {"value": true, "score": 0.9854490756988525}, "shared": {"value": false, "score": 0.000517427921295166}}}, {"type": "software", "software-type": "software", "wikidataId": "Q1398550", "wikipediaExternalRef": 4532356, "lang": "en", "confidence": 0.3648, "software-name": {"rawForm": "FAUST", "normalizedForm": "FAUST", "wikidataId": "Q1398550", "wikipediaExternalRef": 4532356, "lang": "en", "confidence": 0.3648, "offsetStart": 48, "offsetEnd": 53}, "context": "It also includes the WebAssembly version of the FAUST compiler, enabling developers to write, compile, run and test their code directly in the browser thanks to the WebAudio API. ", "mentionContextAttributes": {"used": {"value": false, "score": 0.0003151893615722656}, "created": {"value": false, "score": 0.004647314548492432}, "shared": {"value": false, "score": 0.0025754570960998535}}, "documentContextAttributes": {"used": {"value": false, "score": 0.0004623532295227051}, "created": {"value": false, "score": 0.35277628898620605}, "shared": {"value": true, "score": 0.9797235727310181}}, "references": [{"label": "[6]", "normalizedForm": "[6]", "refKey": 6}]}, {"type": "software", "software-type": "software", "wikidataId": "Q48524", "wikipediaExternalRef": 23018642, "lang": "en", "confidence": 0.621, "software-name": {"rawForm": "Chromium", "normalizedForm": "Chromium", "wikidataId": "Q48524", "wikipediaExternalRef": 23018642, "lang": "en", "confidence": 0.621, "offsetStart": 54, "offsetEnd": 62}, "context": "The WebMIDI implementation is still only available in Chromium-based browsers for now.", "mentionContextAttributes": {"used": {"value": false, "score": 0.00013637542724609375}, "created": {"value": false, "score": 0.0004877448081970215}, "shared": {"value": false, "score": 0.16739225387573242}}, "documentContextAttributes": {"used": {"value": false, "score": 0.001896679401397705}, "created": {"value": false, "score": 0.003546416759490967}, "shared": {"value": false, "score": 0.16739225387573242}}}, {"type": "software", "software-type": "software", "software-name": {"rawForm": "code", "normalizedForm": "code", "offsetStart": 55, "offsetEnd": 59}, "context": "One can develop an audio plugin from scratch (or reuse code of existing ones), including a customized GUI, test it, download it as an archive (a zip file) or deploy it to a remote WAP server so that host applications can \"discover\" the published plugins automatically (Fig 4 .).", "mentionContextAttributes": {"used": {"value": false, "score": 0.00024759769439697266}, "created": {"value": false, "score": 0.0011047124862670898}, "shared": {"value": false, "score": 0.001602470874786377}}, "documentContextAttributes": {"used": {"value": true, "score": 0.8031046986579895}, "created": {"value": false, "score": 0.004647314548492432}, "shared": {"value": false, "score": 0.004042387008666992}}}, {"type": "software", "software-type": "software", "software-name": {"rawForm": "WebAudio", "normalizedForm": "WebAudio", "offsetStart": 59, "offsetEnd": 67}, "context": "This shows the maturity reached by recent Web APIs such as WebAudio, WebMIDI, WebAssembly, WebComponents and others. ", "mentionContextAttributes": {"used": {"value": false, "score": 0.004210472106933594}, "created": {"value": false, "score": 0.0002319812774658203}, "shared": {"value": false, "score": 7.086992263793945e-05}}, "documentContextAttributes": {"used": {"value": false, "score": 0.004210472106933594}, "created": {"value": true, "score": 0.9854490756988525}, "shared": {"value": false, "score": 0.0025754570960998535}}, "references": [{"label": "[2]", "normalizedForm": "[2]", "refKey": 2}]}, {"type": "software", "software-type": "software", "software-name": {"rawForm": "WebAudio", "normalizedForm": "WebAudio", "offsetStart": 62, "offsetEnd": 70}, "context": "And this also opened up commercial opportunities: open source WebAudio software developed in the framework of academic projects such as the French ANR WASABI project, (guitar amp simulators, FX pedals, Rack plugin) are now being marketed as addons for the Amped Studio DAW.", "mentionContextAttributes": {"used": {"value": false, "score": 0.00017976760864257812}, "created": {"value": false, "score": 0.17281579971313477}, "shared": {"value": false, "score": 0.001515507698059082}}, "documentContextAttributes": {"used": {"value": false, "score": 0.004210472106933594}, "created": {"value": true, "score": 0.9854490756988525}, "shared": {"value": false, "score": 0.0025754570960998535}}, "references": [{"label": "[2]", "normalizedForm": "[2]", "refKey": 2}]}, {"type": "software", "software-type": "software", "software-name": {"rawForm": "Amped Studio", "normalizedForm": "Amped Studio", "offsetStart": 63, "offsetEnd": 75}, "context": "All these tools are available online and can be used for free (Amped Studio is a commercial application that 1 comes with a free plan, with some limitations), most are open-source (links are provided at the end of this paper). ", "mentionContextAttributes": {"used": {"value": false, "score": 0.00041681528091430664}, "created": {"value": false, "score": 0.001149594783782959}, "shared": {"value": true, "score": 0.8119136691093445}}, "documentContextAttributes": {"used": {"value": false, "score": 0.00041681528091430664}, "created": {"value": true, "score": 0.7841659188270569}, "shared": {"value": true, "score": 0.8119136691093445}}}, {"type": "software", "software-type": "software", "software-name": {"rawForm": "WebMIDI", "normalizedForm": "WebMIDI", "offsetStart": 69, "offsetEnd": 76}, "context": "This shows the maturity reached by recent Web APIs such as WebAudio, WebMIDI, WebAssembly, WebComponents and others. ", "mentionContextAttributes": {"used": {"value": false, "score": 0.004210472106933594}, "created": {"value": false, "score": 0.0002319812774658203}, "shared": {"value": false, "score": 7.086992263793945e-05}}, "documentContextAttributes": {"used": {"value": false, "score": 0.004210472106933594}, "created": {"value": false, "score": 0.35277628898620605}, "shared": {"value": false, "score": 0.16739225387573242}}}, {"type": "software", "software-type": "software", "wikidataId": "Q48524", "wikipediaExternalRef": 23018642, "lang": "en", "confidence": 0.621, "software-name": {"rawForm": "Chromium", "normalizedForm": "Chromium", "wikidataId": "Q48524", "wikipediaExternalRef": 23018642, "lang": "en", "confidence": 0.621, "offsetStart": 69, "offsetEnd": 77}, "context": "Note that: as of early 2020, you need an up-to-date browser based on Chromium, or Firefox Nightly to run these applications. ", "mentionContextAttributes": {"used": {"value": false, "score": 0.001896679401397705}, "created": {"value": false, "score": 0.0006524920463562012}, "shared": {"value": false, "score": 5.781650543212891e-06}}, "documentContextAttributes": {"used": {"value": false, "score": 0.001896679401397705}, "created": {"value": false, "score": 0.003546416759490967}, "shared": {"value": false, "score": 0.16739225387573242}}}, {"type": "software", "software-type": "software", "wikidataId": "Q20155677", "wikipediaExternalRef": 47013794, "lang": "en", "confidence": 0.9161, "software-name": {"rawForm": "WebAssembly", "normalizedForm": "WebAssembly", "wikidataId": "Q20155677", "wikipediaExternalRef": 47013794, "lang": "en", "confidence": 0.9161, "offsetStart": 74, "offsetEnd": 85}, "context": "The AudioWorklet API, part of the WebAudio specification, required to run WebAssembly DSP code, is only publicly available on Chromium-based browsers (in this implementation, the choice not to have the audio thread with real-time priority can cause audio glitches in some circumstances, and is currently being questioned), while an experimental version is available in Firefox Nightly, this time with a real-time approach. ", "mentionContextAttributes": {"used": {"value": false, "score": 0.0014878511428833008}, "created": {"value": false, "score": 0.00045222043991088867}, "shared": {"value": false, "score": 0.0008913278579711914}}, "documentContextAttributes": {"used": {"value": true, "score": 0.8031046986579895}, "created": {"value": false, "score": 0.35277628898620605}, "shared": {"value": false, "score": 0.004042387008666992}}}, {"type": "software", "software-type": "software", "wikidataId": "Q20155677", "wikipediaExternalRef": 47013794, "lang": "en", "confidence": 0.7847, "software-name": {"rawForm": "WebAssembly", "normalizedForm": "WebAssembly", "wikidataId": "Q20155677", "wikipediaExternalRef": 47013794, "lang": "en", "confidence": 0.7847, "offsetStart": 78, "offsetEnd": 89}, "context": "This shows the maturity reached by recent Web APIs such as WebAudio, WebMIDI, WebAssembly, WebComponents and others. ", "mentionContextAttributes": {"used": {"value": false, "score": 0.004210472106933594}, "created": {"value": false, "score": 0.0002319812774658203}, "shared": {"value": false, "score": 7.086992263793945e-05}}, "documentContextAttributes": {"used": {"value": true, "score": 0.8031046986579895}, "created": {"value": false, "score": 0.35277628898620605}, "shared": {"value": false, "score": 0.004042387008666992}}}, {"type": "software", "software-type": "software", "wikidataId": "Q698", "wikipediaExternalRef": 210892, "lang": "en", "confidence": 0.8246, "software-name": {"rawForm": "Firefox Nightly", "normalizedForm": "Firefox Nightly", "wikidataId": "Q698", "wikipediaExternalRef": 210892, "lang": "en", "confidence": 0.8246, "offsetStart": 82, "offsetEnd": 97}, "context": "Note that: as of early 2020, you need an up-to-date browser based on Chromium, or Firefox Nightly to run these applications. ", "mentionContextAttributes": {"used": {"value": false, "score": 0.001896679401397705}, "created": {"value": false, "score": 0.0006524920463562012}, "shared": {"value": false, "score": 5.781650543212891e-06}}, "documentContextAttributes": {"used": {"value": false, "score": 0.001896679401397705}, "created": {"value": false, "score": 0.0006524920463562012}, "shared": {"value": false, "score": 5.781650543212891e-06}}}, {"type": "software", "software-type": "software", "software-name": {"rawForm": "WebAudio", "normalizedForm": "WebAudio", "offsetStart": 88, "offsetEnd": 96}, "context": "Plugins can be written 1) in pure JavaScript, only using the high-level features of the WebAudio API, or 2) can be written in C/C++ or using DSLs and cross-compiled to WebAssembly. ", "mentionContextAttributes": {"used": {"value": false, "score": 0.0010230541229248047}, "created": {"value": false, "score": 0.0002789497375488281}, "shared": {"value": false, "score": 0.0005081295967102051}}, "documentContextAttributes": {"used": {"value": false, "score": 0.004210472106933594}, "created": {"value": true, "score": 0.9854490756988525}, "shared": {"value": false, "score": 0.0025754570960998535}}, "references": [{"label": "[2]", "normalizedForm": "[2]", "refKey": 2}]}, {"type": "software", "software-type": "software", "software-name": {"rawForm": "WebAudio 2", "normalizedForm": "WebAudio 2", "offsetStart": 88, "offsetEnd": 98}, "context": "Videos show some demonstrations of these tools and a step by step tutorial for creating WebAudio 2 plugins is also available online . ", "mentionContextAttributes": {"used": {"value": false, "score": 2.8908252716064453e-05}, "created": {"value": false, "score": 0.028325557708740234}, "shared": {"value": false, "score": 0.01795297861099243}}, "documentContextAttributes": {"used": {"value": false, "score": 2.8908252716064453e-05}, "created": {"value": false, "score": 0.028325557708740234}, "shared": {"value": false, "score": 0.01795297861099243}}}, {"type": "software", "software-type": "software", "software-name": {"rawForm": "WebAudio", "normalizedForm": "WebAudio", "offsetStart": 89, "offsetEnd": 97}, "context": "In 2018, with a group of researchers and developers (some of whom are members of the W3C WebAudio WG) we proposed a WebAudio Plugin standard (WAP) and gave birth to a growing ecosystem for the development of computer music applications in the browser [1].", "mentionContextAttributes": {"used": {"value": false, "score": 0.00021195411682128906}, "created": {"value": true, "score": 0.9854490756988525}, "shared": {"value": false, "score": 0.000517427921295166}}, "documentContextAttributes": {"used": {"value": false, "score": 0.004210472106933594}, "created": {"value": true, "score": 0.9854490756988525}, "shared": {"value": false, "score": 0.0025754570960998535}}, "references": [{"label": "[2]", "normalizedForm": "[2]", "refKey": 2}]}, {"type": "software", "software-type": "software", "software-name": {"rawForm": "code", "normalizedForm": "code", "offsetStart": 90, "offsetEnd": 94}, "context": "The AudioWorklet API, part of the WebAudio specification, required to run WebAssembly DSP code, is only publicly available on Chromium-based browsers (in this implementation, the choice not to have the audio thread with real-time priority can cause audio glitches in some circumstances, and is currently being questioned), while an experimental version is available in Firefox Nightly, this time with a real-time approach. ", "mentionContextAttributes": {"used": {"value": false, "score": 0.0014878511428833008}, "created": {"value": false, "score": 0.00045222043991088867}, "shared": {"value": false, "score": 0.0008913278579711914}}, "documentContextAttributes": {"used": {"value": true, "score": 0.8031046986579895}, "created": {"value": false, "score": 0.004647314548492432}, "shared": {"value": false, "score": 0.004042387008666992}}}, {"type": "software", "software-type": "software", "wikidataId": "Q20155677", "wikipediaExternalRef": 47013794, "lang": "en", "confidence": 0.9161, "software-name": {"rawForm": "WebAssembly", "normalizedForm": "WebAssembly", "wikidataId": "Q20155677", "wikipediaExternalRef": 47013794, "lang": "en", "confidence": 0.9161, "offsetStart": 96, "offsetEnd": 107}, "context": "This is why we recently designed a new IDE for this language, which takes advantage not only of WebAssembly (the FAUST compiler itself was compiled in WebAssembly [7]), but also of other standards emerging from the W3C (PWA, WebMIDI, WebAudio, WebComponents, etc.).", "mentionContextAttributes": {"used": {"value": false, "score": 7.635354995727539e-05}, "created": {"value": false, "score": 0.35277628898620605}, "shared": {"value": false, "score": 8.404254913330078e-06}}, "documentContextAttributes": {"used": {"value": true, "score": 0.8031046986579895}, "created": {"value": false, "score": 0.35277628898620605}, "shared": {"value": false, "score": 0.004042387008666992}}}, {"type": "software", "software-type": "software", "wikidataId": "Q1398550", "wikipediaExternalRef": 4532356, "lang": "en", "confidence": 0.3648, "software-name": {"rawForm": "FAUST", "normalizedForm": "FAUST", "wikidataId": "Q1398550", "wikipediaExternalRef": 4532356, "lang": "en", "confidence": 0.3648, "offsetStart": 113, "offsetEnd": 118}, "context": "This is why we recently designed a new IDE for this language, which takes advantage not only of WebAssembly (the FAUST compiler itself was compiled in WebAssembly [7]), but also of other standards emerging from the W3C (PWA, WebMIDI, WebAudio, WebComponents, etc.).", "mentionContextAttributes": {"used": {"value": false, "score": 7.635354995727539e-05}, "created": {"value": false, "score": 0.35277628898620605}, "shared": {"value": false, "score": 8.404254913330078e-06}}, "documentContextAttributes": {"used": {"value": false, "score": 0.0004623532295227051}, "created": {"value": false, "score": 0.35277628898620605}, "shared": {"value": true, "score": 0.9797235727310181}}, "references": [{"label": "[6]", "normalizedForm": "[6]", "refKey": 6}]}, {"type": "software", "software-type": "software", "software-name": {"rawForm": "WebAudio Plugin", "normalizedForm": "WebAudio Plugin", "offsetStart": 116, "offsetEnd": 131}, "context": "In 2018, with a group of researchers and developers (some of whom are members of the W3C WebAudio WG) we proposed a WebAudio Plugin standard (WAP) and gave birth to a growing ecosystem for the development of computer music applications in the browser [1]. ", "mentionContextAttributes": {"used": {"value": false, "score": 0.00021195411682128906}, "created": {"value": true, "score": 0.9854490756988525}, "shared": {"value": false, "score": 0.000517427921295166}}, "documentContextAttributes": {"used": {"value": true, "score": 0.998117983341217}, "created": {"value": true, "score": 0.9854490756988525}, "shared": {"value": false, "score": 0.000517427921295166}}}, {"type": "software", "software-type": "software", "software-name": {"rawForm": "code", "normalizedForm": "code", "offsetStart": 122, "offsetEnd": 126}, "context": "It also includes the WebAssembly version of the FAUST compiler, enabling developers to write, compile, run and test their code directly in the browser thanks to the WebAudio API.", "mentionContextAttributes": {"used": {"value": false, "score": 0.0003151893615722656}, "created": {"value": false, "score": 0.004647314548492432}, "shared": {"value": false, "score": 0.0025754570960998535}}, "documentContextAttributes": {"used": {"value": true, "score": 0.8031046986579895}, "created": {"value": false, "score": 0.004647314548492432}, "shared": {"value": false, "score": 0.004042387008666992}}}, {"type": "software", "software-type": "software", "wikidataId": "Q1398550", "wikipediaExternalRef": 4532356, "lang": "en", "confidence": 0.3648, "software-name": {"rawForm": "FAUST", "normalizedForm": "FAUST", "wikidataId": "Q1398550", "wikipediaExternalRef": 4532356, "lang": "en", "confidence": 0.3648, "offsetStart": 126, "offsetEnd": 131}, "context": "Many developers used to code native plugins in C or C++ have gotten into the habit of prototyping the DSP part with DSLs like FAUST [6].", "mentionContextAttributes": {"used": {"value": false, "score": 0.0004623532295227051}, "created": {"value": false, "score": 0.0001506805419921875}, "shared": {"value": false, "score": 1.1324882507324219e-06}}, "documentContextAttributes": {"used": {"value": false, "score": 0.0004623532295227051}, "created": {"value": false, "score": 0.35277628898620605}, "shared": {"value": true, "score": 0.9797235727310181}}, "references": [{"label": "[6]", "normalizedForm": "[6]", "refKey": 6, "offsetStart": 1480, "offsetEnd": 1483}]}, {"type": "software", "software-type": "software", "wikidataId": "Q48524", "wikipediaExternalRef": 23018642, "lang": "en", "confidence": 0.621, "software-name": {"rawForm": "Chromium", "normalizedForm": "Chromium", "wikidataId": "Q48524", "wikipediaExternalRef": 23018642, "lang": "en", "confidence": 0.621, "offsetStart": 126, "offsetEnd": 134}, "context": "The AudioWorklet API, part of the WebAudio specification, required to run WebAssembly DSP code, is only publicly available on Chromium-based browsers (in this implementation, the choice not to have the audio thread with real-time priority can cause audio glitches in some circumstances, and is currently being questioned), while an experimental version is available in Firefox Nightly, this time with a real-time approach. ", "mentionContextAttributes": {"used": {"value": false, "score": 0.0014878511428833008}, "created": {"value": false, "score": 0.00045222043991088867}, "shared": {"value": false, "score": 0.0008913278579711914}}, "documentContextAttributes": {"used": {"value": false, "score": 0.001896679401397705}, "created": {"value": false, "score": 0.003546416759490967}, "shared": {"value": false, "score": 0.16739225387573242}}}, {"type": "software", "software-type": "software", "wikidataId": "Q48524", "wikipediaExternalRef": 23018642, "lang": "en", "confidence": 0.621, "software-name": {"rawForm": "Chromium", "normalizedForm": "Chromium", "wikidataId": "Q48524", "wikipediaExternalRef": 23018642, "lang": "en", "confidence": 0.621, "offsetStart": 129, "offsetEnd": 137}, "context": "However, three commercial online Digital Audio Workstations have been online for more than one year now, running successfully on Chromium-based browsers, and will work on other browsers when implementations of the needed APIs will become available (polyfills are not always available).", "mentionContextAttributes": {"used": {"value": false, "score": 0.00014281272888183594}, "created": {"value": false, "score": 0.003546416759490967}, "shared": {"value": false, "score": 0.022395968437194824}}, "documentContextAttributes": {"used": {"value": false, "score": 0.001896679401397705}, "created": {"value": false, "score": 0.003546416759490967}, "shared": {"value": false, "score": 0.16739225387573242}}}, {"type": "software", "software-type": "software", "software-name": {"rawForm": "Amped Studio", "normalizedForm": "Amped Studio", "offsetStart": 139, "offsetEnd": 151}, "context": "Some of the plugins we developed during the French research project WASABI are now sold as add-ons to an online Digital Audio Workstation (Amped Studio), showing the new opportunities that these emerging APIs have created.", "mentionContextAttributes": {"used": {"value": false, "score": 0.0001189112663269043}, "created": {"value": true, "score": 0.7841659188270569}, "shared": {"value": false, "score": 0.0019186735153198242}}, "documentContextAttributes": {"used": {"value": false, "score": 0.00041681528091430664}, "created": {"value": true, "score": 0.7841659188270569}, "shared": {"value": true, "score": 0.8119136691093445}}}, {"type": "software", "software-type": "software", "wikidataId": "Q20155677", "wikipediaExternalRef": 47013794, "lang": "en", "confidence": 0.9161, "software-name": {"rawForm": "WebAssembly", "normalizedForm": "WebAssembly", "wikidataId": "Q20155677", "wikipediaExternalRef": 47013794, "lang": "en", "confidence": 0.9161, "offsetStart": 151, "offsetEnd": 165}, "context": "This is why we recently designed a new IDE for this language, which takes advantage not only of WebAssembly (the FAUST compiler itself was compiled in WebAssembly [7]), but also of other standards emerging from the W3C (PWA, WebMIDI, WebAudio, WebComponents, etc.).", "mentionContextAttributes": {"used": {"value": false, "score": 7.635354995727539e-05}, "created": {"value": false, "score": 0.35277628898620605}, "shared": {"value": false, "score": 8.404254913330078e-06}}, "documentContextAttributes": {"used": {"value": true, "score": 0.8031046986579895}, "created": {"value": false, "score": 0.35277628898620605}, "shared": {"value": false, "score": 0.004042387008666992}}}, {"type": "software", "software-type": "software", "software-name": {"rawForm": "WebAudio", "normalizedForm": "WebAudio", "offsetStart": 165, "offsetEnd": 173}, "context": "It also includes the WebAssembly version of the FAUST compiler, enabling developers to write, compile, run and test their code directly in the browser thanks to the WebAudio API. ", "mentionContextAttributes": {"used": {"value": false, "score": 0.0003151893615722656}, "created": {"value": false, "score": 0.004647314548492432}, "shared": {"value": false, "score": 0.0025754570960998535}}, "documentContextAttributes": {"used": {"value": false, "score": 0.004210472106933594}, "created": {"value": true, "score": 0.9854490756988525}, "shared": {"value": false, "score": 0.0025754570960998535}}, "references": [{"label": "[2]", "normalizedForm": "[2]", "refKey": 2}]}, {"type": "software", "software-type": "software", "wikidataId": "Q20155677", "wikipediaExternalRef": 47013794, "lang": "en", "confidence": 0.9161, "software-name": {"rawForm": "WebAssembly", "normalizedForm": "WebAssembly", "wikidataId": "Q20155677", "wikipediaExternalRef": 47013794, "lang": "en", "confidence": 0.9161, "offsetStart": 168, "offsetEnd": 179}, "context": "Plugins can be written 1) in pure JavaScript, only using the high-level features of the WebAudio API, or 2) can be written in C/C++ or using DSLs and cross-compiled to WebAssembly. ", "mentionContextAttributes": {"used": {"value": false, "score": 0.0010230541229248047}, "created": {"value": false, "score": 0.0002789497375488281}, "shared": {"value": false, "score": 0.0005081295967102051}}, "documentContextAttributes": {"used": {"value": true, "score": 0.8031046986579895}, "created": {"value": false, "score": 0.35277628898620605}, "shared": {"value": false, "score": 0.004042387008666992}}}, {"type": "software", "software-type": "software", "software-name": {"rawForm": "WebAudio", "normalizedForm": "WebAudio", "offsetStart": 189, "offsetEnd": 197}, "context": "This online IDE facilitates the development of audio plugins to be deployed on different targets (different native plugin formats are supported) but we will focus here on the production of WebAudio plugins [2]. ", "mentionContextAttributes": {"used": {"value": false, "score": 4.476308822631836e-05}, "created": {"value": false, "score": 0.22660714387893677}, "shared": {"value": false, "score": 0.0008001923561096191}}, "documentContextAttributes": {"used": {"value": false, "score": 0.004210472106933594}, "created": {"value": true, "score": 0.9854490756988525}, "shared": {"value": false, "score": 0.0025754570960998535}}, "references": [{"label": "[2]", "normalizedForm": "[2]", "refKey": 2, "offsetStart": 1956, "offsetEnd": 1959}]}, {"type": "software", "software-type": "software", "software-name": {"rawForm": "http server", "normalizedForm": "http server", "offsetStart": 191, "offsetEnd": 202}, "context": "Tools are available to test plugins locally on the developer's machine before submitting them to the internal validation process set up by host app maintainers (plugins can be tried using an http server running on localhost, and can be seen by the host webapp), then the plugin is submitted for further validation, including manual checks. ", "mentionContextAttributes": {"used": {"value": false, "score": 0.04713273048400879}, "created": {"value": false, "score": 0.0004321932792663574}, "shared": {"value": false, "score": 0.0033890604972839355}}, "documentContextAttributes": {"used": {"value": false, "score": 0.04713273048400879}, "created": {"value": false, "score": 0.0004321932792663574}, "shared": {"value": false, "score": 0.0033890604972839355}}}, {"type": "software", "software-type": "software", "software-name": {"rawForm": "WebMIDI", "normalizedForm": "WebMIDI", "offsetStart": 225, "offsetEnd": 232}, "context": "This is why we recently designed a new IDE for this language, which takes advantage not only of WebAssembly (the FAUST compiler itself was compiled in WebAssembly [7]), but also of other standards emerging from the W3C (PWA, WebMIDI, WebAudio, WebComponents, etc.).", "mentionContextAttributes": {"used": {"value": false, "score": 7.635354995727539e-05}, "created": {"value": false, "score": 0.35277628898620605}, "shared": {"value": false, "score": 8.404254913330078e-06}}, "documentContextAttributes": {"used": {"value": false, "score": 0.004210472106933594}, "created": {"value": false, "score": 0.35277628898620605}, "shared": {"value": false, "score": 0.16739225387573242}}}, {"type": "software", "software-type": "software", "wikidataId": "Q98114103", "wikipediaExternalRef": 64715543, "lang": "en", "confidence": 0.4893, "software-name": {"rawForm": "SoundTrap", "normalizedForm": "SoundTrap", "wikidataId": "Q98114103", "wikipediaExternalRef": 64715543, "lang": "en", "confidence": 0.4893, "offsetStart": 228, "offsetEnd": 237}, "context": "These WebAudio applications and tools show that online computer music applications can convincingly compete with their native counterparts, making easier some use cases such as collaborative music composition -as illustrated by SoundTrap being bought by Spotify and Amped Studio being offered to the 300 million users of NetEase Cloud Music a Chinese music social network (sort of Deezer/Spotify in 4 China). ", "mentionContextAttributes": {"used": {"value": false, "score": 0.0003699660301208496}, "created": {"value": false, "score": 0.0059378743171691895}, "shared": {"value": false, "score": 0.00023651123046875}}, "documentContextAttributes": {"used": {"value": false, "score": 0.0003699660301208496}, "created": {"value": false, "score": 0.0059378743171691895}, "shared": {"value": false, "score": 0.00023651123046875}}}, {"type": "software", "software-type": "software", "software-name": {"rawForm": "WebAudio", "normalizedForm": "WebAudio", "offsetStart": 234, "offsetEnd": 242}, "context": "This is why we recently designed a new IDE for this language, which takes advantage not only of WebAssembly (the FAUST compiler itself was compiled in WebAssembly [7]), but also of other standards emerging from the W3C (PWA, WebMIDI, WebAudio, WebComponents, etc.).", "mentionContextAttributes": {"used": {"value": false, "score": 7.635354995727539e-05}, "created": {"value": false, "score": 0.35277628898620605}, "shared": {"value": false, "score": 8.404254913330078e-06}}, "documentContextAttributes": {"used": {"value": false, "score": 0.004210472106933594}, "created": {"value": true, "score": 0.9854490756988525}, "shared": {"value": false, "score": 0.0025754570960998535}}, "references": [{"label": "[2]", "normalizedForm": "[2]", "refKey": 2}]}, {"type": "software", "software-type": "software", "wikidataId": "Q1398550", "wikipediaExternalRef": 4532356, "lang": "en", "confidence": 0.3648, "software-name": {"rawForm": "FAUST", "normalizedForm": "FAUST", "wikidataId": "Q1398550", "wikipediaExternalRef": 4532356, "lang": "en", "confidence": 0.3648, "offsetStart": 237, "offsetEnd": 242}, "context": "This IDE supports multiple audio inputs (physical audio devices, MIDI interfaces, computer keyboard), different types of signal visualizations (spectrogram, oscilloscope, etc.), and generates a default GUI for testing the DSP coded (the FAUST language supports a set of primitives for describing abstract GUIs), as shown in Fig 1.", "mentionContextAttributes": {"used": {"value": false, "score": 0.0003361701965332031}, "created": {"value": false, "score": 6.979703903198242e-05}, "shared": {"value": false, "score": 1.7285346984863281e-06}}, "documentContextAttributes": {"used": {"value": false, "score": 0.0004623532295227051}, "created": {"value": false, "score": 0.35277628898620605}, "shared": {"value": true, "score": 0.9797235727310181}}, "references": [{"label": "[6]", "normalizedForm": "[6]", "refKey": 6}]}, {"type": "software", "software-type": "software", "wikidataId": "Q189210", "wikipediaExternalRef": 288311, "lang": "en", "confidence": 0.6905, "software-name": {"rawForm": "webapp", "normalizedForm": "webapp", "wikidataId": "Q189210", "wikipediaExternalRef": 288311, "lang": "en", "confidence": 0.6905, "offsetStart": 253, "offsetEnd": 259}, "context": "Tools are available to test plugins locally on the developer's machine before submitting them to the internal validation process set up by host app maintainers (plugins can be tried using an http server running on localhost, and can be seen by the host webapp), then the plugin is submitted for further validation, including manual checks. ", "mentionContextAttributes": {"used": {"value": false, "score": 0.04713273048400879}, "created": {"value": false, "score": 0.0004321932792663574}, "shared": {"value": false, "score": 0.0033890604972839355}}, "documentContextAttributes": {"used": {"value": false, "score": 0.04713273048400879}, "created": {"value": false, "score": 0.0004321932792663574}, "shared": {"value": false, "score": 0.0033890604972839355}}}, {"type": "software", "software-type": "software", "software-name": {"rawForm": "Amped Studio", "normalizedForm": "Amped Studio", "offsetStart": 256, "offsetEnd": 268}, "context": "And this also opened up commercial opportunities: open source WebAudio software developed in the framework of academic projects such as the French ANR WASABI project, (guitar amp simulators, FX pedals, Rack plugin) are now being marketed as addons for the Amped Studio DAW.", "mentionContextAttributes": {"used": {"value": false, "score": 0.00017976760864257812}, "created": {"value": false, "score": 0.17281579971313477}, "shared": {"value": false, "score": 0.001515507698059082}}, "documentContextAttributes": {"used": {"value": false, "score": 0.00041681528091430664}, "created": {"value": true, "score": 0.7841659188270569}, "shared": {"value": true, "score": 0.8119136691093445}}}, {"type": "software", "software-type": "software", "software-name": {"rawForm": "Amped Studio", "normalizedForm": "Amped Studio", "offsetStart": 266, "offsetEnd": 278}, "context": "These WebAudio applications and tools show that online computer music applications can convincingly compete with their native counterparts, making easier some use cases such as collaborative music composition -as illustrated by SoundTrap being bought by Spotify and Amped Studio being offered to the 300 million users of NetEase Cloud Music a Chinese music social network (sort of Deezer/Spotify in 4 China). ", "mentionContextAttributes": {"used": {"value": false, "score": 0.0003699660301208496}, "created": {"value": false, "score": 0.0059378743171691895}, "shared": {"value": false, "score": 0.00023651123046875}}, "documentContextAttributes": {"used": {"value": false, "score": 0.00041681528091430664}, "created": {"value": true, "score": 0.7841659188270569}, "shared": {"value": true, "score": 0.8119136691093445}}}, {"type": "software", "software-type": "software", "wikidataId": "Q20155677", "wikipediaExternalRef": 47013794, "lang": "en", "confidence": 0.7847, "software-name": {"rawForm": "WebAssembly", "normalizedForm": "WebAssembly", "wikidataId": "Q20155677", "wikipediaExternalRef": 47013794, "lang": "en", "confidence": 0.7847, "offsetStart": 271, "offsetEnd": 282}, "context": "Not only several \"host\" applications have appeared, including commercial ones, but also tools to help developers, including an online IDE coded as a Progressive Web App (PWA) to write and publish plugins from A to Z, the audio DSP core of the plugins being compiled into WebAssembly. ", "mentionContextAttributes": {"used": {"value": false, "score": 0.0001819133758544922}, "created": {"value": false, "score": 0.004746437072753906}, "shared": {"value": false, "score": 0.0016762614250183105}}, "documentContextAttributes": {"used": {"value": true, "score": 0.8031046986579895}, "created": {"value": false, "score": 0.35277628898620605}, "shared": {"value": false, "score": 0.004042387008666992}}}, {"type": "software", "software-type": "software", "software-name": {"rawForm": "Amped Studio", "normalizedForm": "Amped Studio", "offsetStart": 274, "offsetEnd": 286}, "context": "For example, developers can check that a plugin complies with the WAP specification, can check its main features, save/restore its state etc... Nevertheless, a publishing workflow is necessary before making a plugin available in a commercial online host application such as Amped Studio. ", "mentionContextAttributes": {"used": {"value": false, "score": 9.524822235107422e-05}, "created": {"value": false, "score": 0.0001709461212158203}, "shared": {"value": false, "score": 0.013049900531768799}}, "documentContextAttributes": {"used": {"value": false, "score": 0.00041681528091430664}, "created": {"value": true, "score": 0.7841659188270569}, "shared": {"value": true, "score": 0.8119136691093445}}}, {"type": "software", "software-type": "software", "wikidataId": "Q698", "wikipediaExternalRef": 210892, "lang": "en", "confidence": 0.8759, "software-name": {"rawForm": "Firefox", "normalizedForm": "Firefox", "wikidataId": "Q698", "wikipediaExternalRef": 210892, "lang": "en", "confidence": 0.8759, "offsetStart": 369, "offsetEnd": 376}, "context": "The AudioWorklet API, part of the WebAudio specification, required to run WebAssembly DSP code, is only publicly available on Chromium-based browsers (in this implementation, the choice not to have the audio thread with real-time priority can cause audio glitches in some circumstances, and is currently being questioned), while an experimental version is available in Firefox Nightly, this time with a real-time approach. ", "mentionContextAttributes": {"used": {"value": false, "score": 0.0014877915382385254}, "created": {"value": false, "score": 0.00045222043991088867}, "shared": {"value": false, "score": 0.000891268253326416}}, "documentContextAttributes": {"used": {"value": false, "score": 0.0014877915382385254}, "created": {"value": false, "score": 0.00045222043991088867}, "shared": {"value": false, "score": 0.000891268253326416}}}], "references": [{"refKey": 6, "tei": "<biblStruct xml:id=\"b6\">\n\t<analytic>\n\t\t<title level=\"a\" type=\"main\">Syntactical and semantical aspects of Faust</title>\n\t\t<author>\n\t\t\t<persName><forename type=\"first\">Y</forename><surname>Orlarey</surname></persName>\n\t\t</author>\n\t\t<author>\n\t\t\t<persName><forename type=\"first\">D</forename><surname>Fober</surname></persName>\n\t\t</author>\n\t\t<author>\n\t\t\t<persName><forename type=\"first\">S</forename><surname>Letz</surname></persName>\n\t\t</author>\n\t\t<idno type=\"DOI\">10.1007/s00500-004-0388-1</idno>\n\t</analytic>\n\t<monogr>\n\t\t<title level=\"j\">Soft Computing</title>\n\t\t<title level=\"j\" type=\"abbrev\">Soft Computing</title>\n\t\t<idno type=\"ISSN\">1432-7643</idno>\n\t\t<idno type=\"ISSNe\">1433-7479</idno>\n\t\t<imprint>\n\t\t\t<biblScope unit=\"volume\">8</biblScope>\n\t\t\t<biblScope unit=\"issue\">9</biblScope>\n\t\t\t<biblScope unit=\"page\">632</biblScope>\n\t\t\t<date type=\"published\" when=\"2004-07-15\">2004</date>\n\t\t\t<publisher>Springer Science and Business Media LLC</publisher>\n\t\t</imprint>\n\t</monogr>\n</biblStruct>\n"}, {"refKey": 2, "tei": "<biblStruct xml:id=\"b2\">\n\t<analytic>\n\t\t<title level=\"a\" type=\"main\">FAUST online IDE: dynamically compile and publish FAUST code as WebAudio Plugins</title>\n\t\t<author>\n\t\t\t<persName><forename type=\"first\">St\u00e9phane</forename><surname>Shihong Ren</surname></persName>\n\t\t</author>\n\t\t<author>\n\t\t\t<persName><forename type=\"first\">Yann</forename><surname>Letz</surname></persName>\n\t\t</author>\n\t\t<author>\n\t\t\t<persName><forename type=\"first\">Romain</forename><surname>Orlarey</surname></persName>\n\t\t</author>\n\t\t<author>\n\t\t\t<persName><forename type=\"first\">Dominique</forename><surname>Michon</surname></persName>\n\t\t</author>\n\t\t<author>\n\t\t\t<persName><surname>Fober</surname></persName>\n\t\t</author>\n\t\t<idno>\u27e8hal-02366725</idno>\n\t</analytic>\n\t<monogr>\n\t\t<title level=\"m\">WebAudio Conference</title>\n\t\t<imprint>\n\t\t\t<date>2019. Dec 2019</date>\n\t\t</imprint>\n\t</monogr>\n</biblStruct>\n"}], "runtime": 50645, "id": "e2f24aafe4d0980972cdb09020f368719923a0df", "metadata": {"id": "e2f24aafe4d0980972cdb09020f368719923a0df"}, "original_file_path": "../../datalake/Samuel/SOFTware-Sync/data/xml_files/hal-02557901.grobid.tei.xml", "file_name": "hal-02557901.grobid.tei.xml"}