{"application": "software-mentions", "version": "0.8.0", "date": "2024-04-12T17:27+0000", "md5": "015D9AB89BC03D93B065E72B85877E02", "mentions": [{"type": "software", "software-type": "software", "software-name": {"rawForm": "SamkNN", "normalizedForm": "SamkNN", "offsetStart": 0, "offsetEnd": 6}, "context": "SamkNN uses a dual-memory model to capture drifts in data streams by building an ensemble with models targeting current or former concepts. ", "mentionContextAttributes": {"used": {"value": false, "score": 0.00012683868408203125}, "created": {"value": false, "score": 0.00020438432693481445}, "shared": {"value": false, "score": 1.1920928955078125e-07}}, "documentContextAttributes": {"used": {"value": false, "score": 0.00012683868408203125}, "created": {"value": false, "score": 0.00020438432693481445}, "shared": {"value": false, "score": 1.1920928955078125e-07}}}, {"type": "software", "software-type": "software", "software-name": {"rawForm": "SAMkNN", "normalizedForm": "SAMkNN", "offsetStart": 29, "offsetEnd": 35}, "language": {"rawForm": "Java", "normalizedForm": "Java"}, "context": "Single classifiers (HAT cs , SAMkNN cs , NB cs ) are less accurate than the ensemble-based methods because the latter combine the predictions of several single \"weak\" classifiers and are all coupled with drift detection techniques.", "mentionContextAttributes": {"used": {"value": false, "score": 0.0008329153060913086}, "created": {"value": false, "score": 5.125999450683594e-06}, "shared": {"value": false, "score": 2.384185791015625e-07}}, "documentContextAttributes": {"used": {"value": true, "score": 0.9998526573181152}, "created": {"value": false, "score": 0.00020450353622436523}, "shared": {"value": false, "score": 4.76837158203125e-07}}}, {"type": "software", "software-type": "software", "software-name": {"rawForm": "SAMkNN", "normalizedForm": "SAMkNN", "offsetStart": 36, "offsetEnd": 42}, "language": {"rawForm": "Java", "normalizedForm": "Java"}, "context": "We include single classifiers (HAT, SAMkNN, NB) in our comparison, because they are often used as baselines in the stream classification.", "mentionContextAttributes": {"used": {"value": false, "score": 0.34256118535995483}, "created": {"value": false, "score": 0.00020450353622436523}, "shared": {"value": false, "score": 2.384185791015625e-07}}, "documentContextAttributes": {"used": {"value": true, "score": 0.9998526573181152}, "created": {"value": false, "score": 0.00020450353622436523}, "shared": {"value": false, "score": 4.76837158203125e-07}}}, {"type": "software", "software-type": "software", "software-name": {"rawForm": "SAMkNN", "normalizedForm": "SAMkNN", "offsetStart": 63, "offsetEnd": 69}, "language": {"rawForm": "Java", "normalizedForm": "Java"}, "context": "Parameterization: we use k = 11 for number of neighbors in the SAMkNN algorithm.", "mentionContextAttributes": {"used": {"value": true, "score": 0.9998526573181152}, "created": {"value": false, "score": 3.2186508178710938e-06}, "shared": {"value": false, "score": 2.384185791015625e-07}}, "documentContextAttributes": {"used": {"value": true, "score": 0.9998526573181152}, "created": {"value": false, "score": 0.00020450353622436523}, "shared": {"value": false, "score": 4.76837158203125e-07}}}, {"type": "software", "software-type": "software", "software-name": {"rawForm": "samkNN", "normalizedForm": "samkNN", "offsetStart": 87, "offsetEnd": 93}, "context": "Another new kNN approach that has been proposed recently is Self-Adjusting Memory kNN (samkNN) [8]. ", "mentionContextAttributes": {"used": {"value": false, "score": 0.00010514259338378906}, "created": {"value": false, "score": 0.36558693647384644}, "shared": {"value": false, "score": 2.384185791015625e-07}}, "documentContextAttributes": {"used": {"value": false, "score": 0.00010514259338378906}, "created": {"value": false, "score": 0.36558693647384644}, "shared": {"value": false, "score": 2.384185791015625e-07}}, "references": [{"label": "[8]", "normalizedForm": "[8]", "refKey": 8, "offsetStart": 7327, "offsetEnd": 7330}]}, {"type": "software", "software-type": "software", "software-name": {"rawForm": "SAMkNN", "normalizedForm": "SAMkNN", "offsetStart": 204, "offsetEnd": 210}, "language": {"rawForm": "Java", "normalizedForm": "Java", "wikidataId": "Q251", "offsetStart": 50, "offsetEnd": 54}, "context": "For the state-of-theart classification comparison, we use Leveraging Bagging [19] (LB cs ), Streaming Random Patches [20] (SRP cs ), Hoeffding Adaptive Trees [3] (HAT cs ), Self-Adjusting Memory kNN [8] (SAMkNN cs ), and Naive Bayes [15] (NB cs ) algorithms. ", "mentionContextAttributes": {"used": {"value": true, "score": 0.9984521865844727}, "created": {"value": false, "score": 2.9802322387695312e-06}, "shared": {"value": false, "score": 4.76837158203125e-07}}, "documentContextAttributes": {"used": {"value": true, "score": 0.9998526573181152}, "created": {"value": false, "score": 0.00020450353622436523}, "shared": {"value": false, "score": 4.76837158203125e-07}}}], "references": [{"refKey": 8, "tei": "<biblStruct xml:id=\"b8\">\n\t<analytic>\n\t\t<title level=\"a\" type=\"main\">KNN Classifier with Self Adjusting Memory for Heterogeneous Concept Drift</title>\n\t\t<author>\n\t\t\t<persName><forename type=\"first\">Viktor</forename><surname>Losing</surname></persName>\n\t\t</author>\n\t\t<author>\n\t\t\t<persName><forename type=\"first\">Barbara</forename><surname>Hammer</surname></persName>\n\t\t</author>\n\t\t<author>\n\t\t\t<persName><forename type=\"first\">Heiko</forename><surname>Wersing</surname></persName>\n\t\t</author>\n\t\t<idno type=\"DOI\">10.1109/icdm.2016.0040</idno>\n\t</analytic>\n\t<monogr>\n\t\t<title level=\"m\">2016 IEEE 16th International Conference on Data Mining (ICDM)</title>\n\t\t<imprint>\n\t\t\t<publisher>IEEE</publisher>\n\t\t\t<date type=\"published\" when=\"2016-12\">2016</date>\n\t\t\t<biblScope unit=\"page\">300</biblScope>\n\t\t</imprint>\n\t</monogr>\n</biblStruct>\n"}], "runtime": 63381, "id": "79e5dd82fcf9fd77b11bd6199c180a310328b7a7", "metadata": {"id": "79e5dd82fcf9fd77b11bd6199c180a310328b7a7"}, "original_file_path": "../../datalake/Samuel/SOFTware-Sync/data/xml_not_sofctied/hal-03189967.grobid.tei.xml", "file_name": "hal-03189967.grobid.tei.xml"}