{"application": "software-mentions", "version": "0.8.0", "date": "2024-04-15T07:22+0000", "md5": "75EBA323E3910DFD2A31CDD640642EBE", "mentions": [{"type": "software", "software-type": "software", "software-name": {"rawForm": "TrueSkill", "normalizedForm": "TrueSkill", "offsetStart": 24, "offsetEnd": 33}, "context": "Also, H-ZGL outperforms TrueSkill whatever is the number of training games.", "mentionContextAttributes": {"used": {"value": false, "score": 0.006141304969787598}, "created": {"value": false, "score": 1.722574234008789e-05}, "shared": {"value": false, "score": 4.172325134277344e-07}}, "documentContextAttributes": {"used": {"value": true, "score": 0.9943434000015259}, "created": {"value": false, "score": 0.22238367795944214}, "shared": {"value": false, "score": 4.172325134277344e-07}}, "references": [{"label": "Herbrich et al., 2006)", "normalizedForm": "Herbrich et al., 2006)", "refKey": 8}]}, {"type": "software", "software-type": "software", "software-name": {"rawForm": "TrueSkill", "normalizedForm": "TrueSkill", "offsetStart": 70, "offsetEnd": 79}, "context": "The results are not reported here but they show that Elo Duelling and TrueSkill obtain similar results but are outperformed by H-ZGL and H-SVR.", "mentionContextAttributes": {"used": {"value": true, "score": 0.9453519582748413}, "created": {"value": false, "score": 9.953975677490234e-06}, "shared": {"value": false, "score": 1.7881393432617188e-07}}, "documentContextAttributes": {"used": {"value": true, "score": 0.9943434000015259}, "created": {"value": false, "score": 0.22238367795944214}, "shared": {"value": false, "score": 4.172325134277344e-07}}, "references": [{"label": "Herbrich et al., 2006)", "normalizedForm": "Herbrich et al., 2006)", "refKey": 8}]}, {"type": "software", "software-type": "software", "software-name": {"rawForm": "TrueSkill", "normalizedForm": "TrueSkill", "offsetStart": 71, "offsetEnd": 80}, "context": "For a proportion of 10% of games in the training set, H-ZGL, H-SVR and TrueSkill give similar results while with larger training sets, our hypernode graph learning algorithms outperform TrueSkill.", "mentionContextAttributes": {"used": {"value": false, "score": 0.016653716564178467}, "created": {"value": false, "score": 3.975629806518555e-05}, "shared": {"value": false, "score": 2.980232238769531e-07}}, "documentContextAttributes": {"used": {"value": true, "score": 0.9943434000015259}, "created": {"value": false, "score": 0.22238367795944214}, "shared": {"value": false, "score": 4.172325134277344e-07}}, "references": [{"label": "Herbrich et al., 2006)", "normalizedForm": "Herbrich et al., 2006)", "refKey": 8}]}, {"type": "software", "software-type": "software", "software-name": {"rawForm": "TrueSkill", "normalizedForm": "TrueSkill", "offsetStart": 76, "offsetEnd": 85}, "context": "We again compare the skill rating algorithms H-ZGL, H-SVR, Elo Duelling and TrueSkill.", "mentionContextAttributes": {"used": {"value": true, "score": 0.9943434000015259}, "created": {"value": false, "score": 0.001841902732849121}, "shared": {"value": false, "score": 2.980232238769531e-07}}, "documentContextAttributes": {"used": {"value": true, "score": 0.9943434000015259}, "created": {"value": false, "score": 0.22238367795944214}, "shared": {"value": false, "score": 4.172325134277344e-07}}, "references": [{"label": "Herbrich et al., 2006)", "normalizedForm": "Herbrich et al., 2006)", "refKey": 8}]}, {"type": "software", "software-type": "software", "software-name": {"rawForm": "TrueSkill", "normalizedForm": "TrueSkill", "offsetStart": 85, "offsetEnd": 94}, "context": "For the data set of tennis doubles, it must be noted that H-ZGL and H-SVR outperform TrueSkill for a small number of training games.", "mentionContextAttributes": {"used": {"value": false, "score": 0.2350766658782959}, "created": {"value": false, "score": 3.5822391510009766e-05}, "shared": {"value": false, "score": 1.7881393432617188e-07}}, "documentContextAttributes": {"used": {"value": true, "score": 0.9943434000015259}, "created": {"value": false, "score": 0.22238367795944214}, "shared": {"value": false, "score": 4.172325134277344e-07}}, "references": [{"label": "Herbrich et al., 2006)", "normalizedForm": "Herbrich et al., 2006)", "refKey": 8}]}, {"type": "software", "software-type": "software", "software-name": {"rawForm": "TrueSkill", "normalizedForm": "TrueSkill", "offsetStart": 86, "offsetEnd": 95}, "context": "It has been notably used in Herbrich et al. (2006) to evaluate the performance of the TrueSkill algorithm.", "mentionContextAttributes": {"used": {"value": true, "score": 0.9678189754486084}, "created": {"value": false, "score": 0.006240129470825195}, "shared": {"value": false, "score": 1.7881393432617188e-07}}, "documentContextAttributes": {"used": {"value": true, "score": 0.9943434000015259}, "created": {"value": false, "score": 0.22238367795944214}, "shared": {"value": false, "score": 4.172325134277344e-07}}, "references": [{"label": "Herbrich et al., 2006)", "normalizedForm": "Herbrich et al., 2006)", "refKey": 8}]}, {"type": "software", "software-type": "software", "software-name": {"rawForm": "TrueSkill", "normalizedForm": "TrueSkill", "offsetStart": 101, "offsetEnd": 110}, "context": "We get very competitive results with specialized algorithms such as Elo duelling (see Elo, 1978) and TrueSkill (see Herbrich et al., 2006).", "mentionContextAttributes": {"used": {"value": false, "score": 0.0003324747085571289}, "created": {"value": false, "score": 0.0037595033645629883}, "shared": {"value": false, "score": 2.980232238769531e-07}}, "documentContextAttributes": {"used": {"value": true, "score": 0.9943434000015259}, "created": {"value": false, "score": 0.22238367795944214}, "shared": {"value": false, "score": 4.172325134277344e-07}}, "references": [{"label": "Herbrich et al., 2006)", "normalizedForm": "Herbrich et al., 2006)", "refKey": 8, "offsetStart": 3503, "offsetEnd": 3525}]}, {"type": "software", "software-type": "software", "software-name": {"rawForm": "TrueSkill", "normalizedForm": "TrueSkill", "offsetStart": 145, "offsetEnd": 154}, "context": "We apply our algorithms on several data sets of multiplayer games and obtain very promising results compared to Elo Duelling (see Elo, 1978) and TrueSkill (see Herbrich et al., 2006).", "mentionContextAttributes": {"used": {"value": true, "score": 0.8722252249717712}, "created": {"value": false, "score": 0.22238367795944214}, "shared": {"value": false, "score": 2.980232238769531e-07}}, "documentContextAttributes": {"used": {"value": true, "score": 0.9943434000015259}, "created": {"value": false, "score": 0.22238367795944214}, "shared": {"value": false, "score": 4.172325134277344e-07}}, "references": [{"label": "Herbrich et al., 2006)", "normalizedForm": "Herbrich et al., 2006)", "refKey": 8, "offsetStart": 634, "offsetEnd": 656}]}, {"type": "software", "software-type": "software", "software-name": {"rawForm": "TrueSkill", "normalizedForm": "TrueSkill", "offsetStart": 186, "offsetEnd": 195}, "context": "For a proportion of 10% of games in the training set, H-ZGL, H-SVR and TrueSkill give similar results while with larger training sets, our hypernode graph learning algorithms outperform TrueSkill. ", "mentionContextAttributes": {"used": {"value": false, "score": 0.01665365695953369}, "created": {"value": false, "score": 3.9696693420410156e-05}, "shared": {"value": false, "score": 2.384185791015625e-07}}, "documentContextAttributes": {"used": {"value": true, "score": 0.9943434000015259}, "created": {"value": false, "score": 0.22238367795944214}, "shared": {"value": false, "score": 4.172325134277344e-07}}, "references": [{"label": "Herbrich et al., 2006)", "normalizedForm": "Herbrich et al., 2006)", "refKey": 8}]}], "references": [{"refKey": 8, "tei": "<biblStruct xml:id=\"b8\">\n\t<analytic>\n\t\t<title level=\"a\" type=\"main\">TrueSkill\u2122: A Bayesian Skill Rating System</title>\n\t\t<author>\n\t\t\t<persName><forename type=\"first\">Ralf</forename><surname>Herbrich</surname></persName>\n\t\t</author>\n\t\t<author>\n\t\t\t<persName><forename type=\"first\">Tom</forename><surname>Minka</surname></persName>\n\t\t</author>\n\t\t<author>\n\t\t\t<persName><forename type=\"first\">Thore</forename><surname>Graepel</surname></persName>\n\t\t</author>\n\t\t<idno type=\"DOI\">10.7551/mitpress/7503.003.0076</idno>\n\t</analytic>\n\t<monogr>\n\t\t<title level=\"m\">Advances in Neural Information Processing Systems 19</title>\n\t\t<imprint>\n\t\t\t<publisher>The MIT Press</publisher>\n\t\t\t<date type=\"published\" when=\"2007-09-07\">2006</date>\n\t\t\t<biblScope unit=\"page\" from=\"569\" to=\"576\" />\n\t\t</imprint>\n\t</monogr>\n</biblStruct>\n"}], "runtime": 61852, "id": "afebada6ab6abf2a83de72ee400c421afced3d05", "metadata": {"id": "afebada6ab6abf2a83de72ee400c421afced3d05"}, "original_file_path": "../../datalake/Samuel/SOFTware-Sync/data/xml_not_sofctied/hal-02566930.grobid.tei.xml", "file_name": "hal-02566930.grobid.tei.xml"}