{"application": "software-mentions", "version": "0.8.0", "date": "2024-04-12T17:09+0000", "md5": "98649FF5AF1083917A3100D1EEA8FEA4", "mentions": [{"type": "software", "software-type": "software", "software-name": {"rawForm": "MyXML", "normalizedForm": "MyXML", "offsetStart": 0, "offsetEnd": 5}, "context": "MyXML implements methods for parsing scenario files extracted from task models in their XML files. ", "mentionContextAttributes": {"used": {"value": false, "score": 3.355741500854492e-05}, "created": {"value": false, "score": 0.24193954467773438}, "shared": {"value": false, "score": 1.7881393432617188e-07}}, "documentContextAttributes": {"used": {"value": false, "score": 0.06407523155212402}, "created": {"value": false, "score": 0.24193954467773438}, "shared": {"value": false, "score": 1.3709068298339844e-06}}}, {"type": "software", "software-type": "software", "software-name": {"rawForm": "MyTest", "normalizedForm": "MyTest", "offsetStart": 0, "offsetEnd": 6}, "context": "MyTest is the JUnit class that triggers the set of BDD stories that have been selected for assessment. ", "mentionContextAttributes": {"used": {"value": false, "score": 0.0412251353263855}, "created": {"value": false, "score": 0.0033582448959350586}, "shared": {"value": false, "score": 1.7881393432617188e-07}}, "documentContextAttributes": {"used": {"value": true, "score": 0.9994704127311707}, "created": {"value": false, "score": 0.07889759540557861}, "shared": {"value": false, "score": 1.3709068298339844e-06}}}, {"type": "software", "software-type": "software", "software-name": {"rawForm": "MySteps", "normalizedForm": "MySteps", "offsetStart": 0, "offsetEnd": 7}, "context": "MySteps implements the mapping between the interactive behaviors described in the ontology and the assertion that should be made when checking scenarios from task models. ", "mentionContextAttributes": {"used": {"value": false, "score": 0.00015425682067871094}, "created": {"value": false, "score": 0.007243514060974121}, "shared": {"value": false, "score": 1.7881393432617188e-07}}, "documentContextAttributes": {"used": {"value": true, "score": 0.9983619451522827}, "created": {"value": false, "score": 0.007243514060974121}, "shared": {"value": false, "score": 1.6093254089355469e-06}}}, {"type": "software", "software-type": "software", "software-name": {"rawForm": "HAMSTERS", "normalizedForm": "HAMSTERS", "offsetStart": 0, "offsetEnd": 8}, "context": "HAMSTERS includes extensions such as preconditions associated with task executions, data flow across task models, and more detailed interactive tasks.", "mentionContextAttributes": {"used": {"value": false, "score": 3.93986701965332e-05}, "created": {"value": false, "score": 0.014351487159729004}, "shared": {"value": false, "score": 1.7881393432617188e-07}}, "documentContextAttributes": {"used": {"value": true, "score": 0.999870777130127}, "created": {"value": true, "score": 0.9993166327476501}, "shared": {"value": false, "score": 7.569789886474609e-06}}, "references": [{"label": "[25]", "normalizedForm": "[25]", "refKey": 26}]}, {"type": "software", "software-type": "software", "software-name": {"rawForm": "HAMSTERS", "normalizedForm": "HAMSTERS", "offsetStart": 0, "offsetEnd": 8}, "context": "HAMSTERS' models can be edited and simulated in a dedicated environment which also provides a dedicated API for observing, editing, and simulating events, making it possible to connect task models to system models.", "mentionContextAttributes": {"used": {"value": false, "score": 0.0006427168846130371}, "created": {"value": false, "score": 0.0008323788642883301}, "shared": {"value": false, "score": 4.947185516357422e-06}}, "documentContextAttributes": {"used": {"value": true, "score": 0.999870777130127}, "created": {"value": true, "score": 0.9993166327476501}, "shared": {"value": false, "score": 7.569789886474609e-06}}, "references": [{"label": "[25]", "normalizedForm": "[25]", "refKey": 26}]}, {"type": "software", "software-type": "software", "software-name": {"rawForm": "HAMSTERS", "normalizedForm": "HAMSTERS", "offsetStart": 0, "offsetEnd": 8}, "context": "HAMSTERS tool supports innately the extraction of scenarios from task models, by simulating their execution and extracting the possible achievable paths.", "mentionContextAttributes": {"used": {"value": false, "score": 2.294778823852539e-05}, "created": {"value": false, "score": 0.022860050201416016}, "shared": {"value": false, "score": 1.7881393432617188e-07}}, "documentContextAttributes": {"used": {"value": true, "score": 0.999870777130127}, "created": {"value": true, "score": 0.9993166327476501}, "shared": {"value": false, "score": 7.569789886474609e-06}}, "references": [{"label": "[25]", "normalizedForm": "[25]", "refKey": 26}]}, {"type": "software", "software-type": "software", "software-name": {"rawForm": "HAMSTERS", "normalizedForm": "HAMSTERS", "offsetStart": 0, "offsetEnd": 8}, "context": "HAMSTERS also provides detailed means for describing data that is required and manipulated in order to accomplish tasks.", "mentionContextAttributes": {"used": {"value": false, "score": 2.390146255493164e-05}, "created": {"value": false, "score": 0.0004037022590637207}, "shared": {"value": false, "score": 1.7881393432617188e-07}}, "documentContextAttributes": {"used": {"value": true, "score": 0.999870777130127}, "created": {"value": true, "score": 0.9993166327476501}, "shared": {"value": false, "score": 7.569789886474609e-06}}, "references": [{"label": "[25]", "normalizedForm": "[25]", "refKey": 26}]}, {"type": "software", "software-type": "software", "software-name": {"rawForm": "HAMSTERS", "normalizedForm": "HAMSTERS", "offsetStart": 0, "offsetEnd": 8}, "context": "HAMSTERS exports its task models and extracted scenarios using the XML standard, a well-adopted markup language, so recognized by our approach.", "mentionContextAttributes": {"used": {"value": false, "score": 0.00045222043991088867}, "created": {"value": false, "score": 0.017084360122680664}, "shared": {"value": false, "score": 1.7881393432617188e-07}}, "documentContextAttributes": {"used": {"value": true, "score": 0.999870777130127}, "created": {"value": true, "score": 0.9993166327476501}, "shared": {"value": false, "score": 7.569789886474609e-06}}, "references": [{"label": "[25]", "normalizedForm": "[25]", "refKey": 26}]}, {"type": "software", "software-type": "software", "wikidataId": "Q847675", "wikipediaExternalRef": 16226, "lang": "en", "confidence": 0.7847, "software-name": {"rawForm": "JUnit", "normalizedForm": "JUnit", "wikidataId": "Q847675", "wikipediaExternalRef": 16226, "lang": "en", "confidence": 0.7847, "offsetStart": 5, "offsetEnd": 10}, "context": "This JUnit class specifies exactly which BDD story (or which set of BDD stories) will be run.", "mentionContextAttributes": {"used": {"value": false, "score": 0.0013254880905151367}, "created": {"value": false, "score": 0.0001289844512939453}, "shared": {"value": false, "score": 4.172325134277344e-07}}, "documentContextAttributes": {"used": {"value": true, "score": 0.9994704127311707}, "created": {"value": true, "score": 0.9997882843017578}, "shared": {"value": false, "score": 8.344650268554688e-07}}}, {"type": "software", "software-type": "software", "software-name": {"rawForm": "PrepareFiles", "normalizedForm": "PrepareFiles", "offsetStart": 9, "offsetEnd": 21}, "context": "Finally, PrepareFiles is the class in charge of preformatting the scenario source files extracted from task models, as described in Section 5.2.", "mentionContextAttributes": {"used": {"value": false, "score": 0.008434414863586426}, "created": {"value": false, "score": 0.00011795759201049805}, "shared": {"value": false, "score": 1.7881393432617188e-07}}, "documentContextAttributes": {"used": {"value": false, "score": 0.008434414863586426}, "created": {"value": false, "score": 0.0013092756271362305}, "shared": {"value": false, "score": 1.3709068298339844e-06}}}, {"type": "software", "software-type": "software", "software-name": {"rawForm": "HAMSTERS", "normalizedForm": "HAMSTERS", "offsetStart": 13, "offsetEnd": 21}, "context": "By using the HAMSTERS' simulation mode, we can set test data at runtime when performing an input task that points to an object in the model.", "mentionContextAttributes": {"used": {"value": false, "score": 0.13026964664459229}, "created": {"value": false, "score": 0.00018453598022460938}, "shared": {"value": false, "score": 2.980232238769531e-07}}, "documentContextAttributes": {"used": {"value": true, "score": 0.999870777130127}, "created": {"value": true, "score": 0.9993166327476501}, "shared": {"value": false, "score": 7.569789886474609e-06}}, "references": [{"label": "[25]", "normalizedForm": "[25]", "refKey": 26}]}, {"type": "software", "software-type": "software", "wikidataId": "Q847675", "wikipediaExternalRef": 16226, "lang": "en", "confidence": 0.7847, "software-name": {"rawForm": "JUnit", "normalizedForm": "JUnit", "wikidataId": "Q847675", "wikipediaExternalRef": 16226, "lang": "en", "confidence": 0.7847, "offsetStart": 14, "offsetEnd": 19}, "context": "MyTest is the JUnit class that triggers the set of BDD stories that have been selected for assessment.", "mentionContextAttributes": {"used": {"value": false, "score": 0.0412251353263855}, "created": {"value": false, "score": 0.0033582448959350586}, "shared": {"value": false, "score": 1.7881393432617188e-07}}, "documentContextAttributes": {"used": {"value": true, "score": 0.9994704127311707}, "created": {"value": true, "score": 0.9997882843017578}, "shared": {"value": false, "score": 8.344650268554688e-07}}}, {"type": "software", "software-type": "software", "software-name": {"rawForm": "MySteps.", "normalizedForm": "MySteps", "offsetStart": 20, "offsetEnd": 28}, "context": "Finally, the class \"MySteps.java\" ", "mentionContextAttributes": {"used": {"value": true, "score": 0.9983619451522827}, "created": {"value": false, "score": 2.0444393157958984e-05}, "shared": {"value": false, "score": 1.6093254089355469e-06}}, "documentContextAttributes": {"used": {"value": true, "score": 0.9983619451522827}, "created": {"value": false, "score": 0.007243514060974121}, "shared": {"value": false, "score": 1.6093254089355469e-06}}}, {"type": "software", "software-type": "software", "software-name": {"rawForm": "HAMSTERS", "normalizedForm": "HAMSTERS", "offsetStart": 21, "offsetEnd": 29}, "context": "As mentioned before, HAMSTERS tool exports scenarios with only a reference to the task ID and the object ID that compose the flow.", "mentionContextAttributes": {"used": {"value": false, "score": 0.00043469667434692383}, "created": {"value": false, "score": 0.00011771917343139648}, "shared": {"value": false, "score": 2.980232238769531e-07}}, "documentContextAttributes": {"used": {"value": true, "score": 0.999870777130127}, "created": {"value": true, "score": 0.9993166327476501}, "shared": {"value": false, "score": 7.569789886474609e-06}}, "references": [{"label": "[25]", "normalizedForm": "[25]", "refKey": 26}]}, {"type": "software", "software-type": "software", "software-name": {"rawForm": "PrepareFiles.java", "normalizedForm": "PrepareFiles.java", "offsetStart": 22, "offsetEnd": 39}, "context": "As mentioned before, \"PrepareFiles.java\" is in charge of preformatting the extracted scenario files and reading the reference source file of task models, while \"MyXML.java\" is in charge of parsing the scenario files, searching for the elements under testing. ", "mentionContextAttributes": {"used": {"value": false, "score": 0.06407523155212402}, "created": {"value": false, "score": 2.7954578399658203e-05}, "shared": {"value": false, "score": 5.364418029785156e-07}}, "documentContextAttributes": {"used": {"value": false, "score": 0.22865957021713257}, "created": {"value": false, "score": 2.7954578399658203e-05}, "shared": {"value": false, "score": 5.364418029785156e-07}}}, {"type": "software", "software-type": "software", "software-name": {"rawForm": "HAMSTERS", "normalizedForm": "HAMSTERS", "offsetStart": 24, "offsetEnd": 32}, "context": "Tasks representation in HAMSTERS can be of several types as illustrated in Figure 2. ", "mentionContextAttributes": {"used": {"value": false, "score": 0.0007283687591552734}, "created": {"value": false, "score": 3.796815872192383e-05}, "shared": {"value": false, "score": 2.980232238769531e-07}}, "documentContextAttributes": {"used": {"value": true, "score": 0.999870777130127}, "created": {"value": true, "score": 0.9993166327476501}, "shared": {"value": false, "score": 7.569789886474609e-06}}, "references": [{"label": "[25]", "normalizedForm": "[25]", "refKey": 26}]}, {"type": "software", "software-type": "software", "software-name": {"rawForm": "MyTest.java", "normalizedForm": "MyTest.java", "offsetStart": 32, "offsetEnd": 43}, "context": "The flow starts with the class \"MyTest.java\". ", "mentionContextAttributes": {"used": {"value": false, "score": 0.10926669836044312}, "created": {"value": false, "score": 1.3053417205810547e-05}, "shared": {"value": false, "score": 8.940696716308594e-07}}, "documentContextAttributes": {"used": {"value": false, "score": 0.4949023127555847}, "created": {"value": false, "score": 1.3053417205810547e-05}, "shared": {"value": false, "score": 8.940696716308594e-07}}}, {"type": "software", "software-type": "software", "software-name": {"rawForm": "HAMSTERS", "normalizedForm": "HAMSTERS", "offsetStart": 33, "offsetEnd": 41}, "context": "Figure 5 shows elements from the HAMSTERS meta-model (left-side of the figure) and how they relate to the elements from the BDD story meta-model (right-side of the figure).", "mentionContextAttributes": {"used": {"value": true, "score": 0.8223283290863037}, "created": {"value": false, "score": 6.258487701416016e-06}, "shared": {"value": false, "score": 2.980232238769531e-07}}, "documentContextAttributes": {"used": {"value": true, "score": 0.999870777130127}, "created": {"value": true, "score": 0.9993166327476501}, "shared": {"value": false, "score": 7.569789886474609e-06}}, "references": [{"label": "[25]", "normalizedForm": "[25]", "refKey": 26}]}, {"type": "software", "software-type": "software", "software-name": {"rawForm": "MyTest.java", "normalizedForm": "MyTest.java", "offsetStart": 33, "offsetEnd": 44}, "context": "returns the result to the class \"MyTest.java\" ", "mentionContextAttributes": {"used": {"value": false, "score": 0.4949023127555847}, "created": {"value": false, "score": 8.881092071533203e-06}, "shared": {"value": false, "score": 2.980232238769531e-07}}, "documentContextAttributes": {"used": {"value": false, "score": 0.4949023127555847}, "created": {"value": false, "score": 1.3053417205810547e-05}, "shared": {"value": false, "score": 8.940696716308594e-07}}}, {"type": "software", "software-type": "software", "software-name": {"rawForm": "HAMSTERS", "normalizedForm": "HAMSTERS", "offsetStart": 35, "offsetEnd": 43}, "context": "Engineering for Resilient Systems (HAMSTERS) [25] is a notation inspired by other existing ones for task modeling, especially CTT [29].", "mentionContextAttributes": {"used": {"value": false, "score": 0.0004032254219055176}, "created": {"value": false, "score": 0.0002646446228027344}, "shared": {"value": false, "score": 1.7881393432617188e-07}}, "documentContextAttributes": {"used": {"value": true, "score": 0.999870777130127}, "created": {"value": true, "score": 0.9993166327476501}, "shared": {"value": false, "score": 7.569789886474609e-06}}, "references": [{"label": "[25]", "normalizedForm": "[25]", "refKey": 26, "offsetStart": 8018, "offsetEnd": 8022}]}, {"type": "software", "software-type": "software", "software-name": {"rawForm": "HAMSTERS", "normalizedForm": "HAMSTERS", "offsetStart": 35, "offsetEnd": 43}, "context": "We have implemented a solution for HAMSTERS in its current version (v4.0), but we have designed a flexible and open architecture where other notations could benefit from our approach by just implementing a new preformatting Java class in accordance with their own patterns to implement scenarios and models.", "mentionContextAttributes": {"used": {"value": false, "score": 8.32676887512207e-05}, "created": {"value": true, "score": 0.993860125541687}, "shared": {"value": false, "score": 7.569789886474609e-06}}, "documentContextAttributes": {"used": {"value": true, "score": 0.999870777130127}, "created": {"value": true, "score": 0.9993166327476501}, "shared": {"value": false, "score": 7.569789886474609e-06}}, "references": [{"label": "[25]", "normalizedForm": "[25]", "refKey": 26}]}, {"type": "software", "software-type": "software", "software-name": {"rawForm": "MySteps", "normalizedForm": "MySteps", "offsetStart": 36, "offsetEnd": 43}, "context": "This package contains four classes: MySteps, MyTest, MyXML and PrepareFiles. ", "mentionContextAttributes": {"used": {"value": false, "score": 0.0005601644515991211}, "created": {"value": false, "score": 0.0013092756271362305}, "shared": {"value": false, "score": 1.3709068298339844e-06}}, "documentContextAttributes": {"used": {"value": true, "score": 0.9983619451522827}, "created": {"value": false, "score": 0.007243514060974121}, "shared": {"value": false, "score": 1.6093254089355469e-06}}}, {"type": "software", "software-type": "software", "software-name": {"rawForm": "MyTest", "normalizedForm": "MyTest", "offsetStart": 39, "offsetEnd": 45}, "context": "Thus, for running the assessment, the \"MyTest\" class is triggered. ", "mentionContextAttributes": {"used": {"value": false, "score": 0.0893552303314209}, "created": {"value": false, "score": 0.07889759540557861}, "shared": {"value": false, "score": 2.980232238769531e-07}}, "documentContextAttributes": {"used": {"value": true, "score": 0.9994704127311707}, "created": {"value": false, "score": 0.07889759540557861}, "shared": {"value": false, "score": 1.3709068298339844e-06}}}, {"type": "software", "software-type": "software", "software-name": {"rawForm": "MyTest", "normalizedForm": "MyTest", "offsetStart": 45, "offsetEnd": 51}, "context": "This package contains four classes: MySteps, MyTest, MyXML and PrepareFiles. ", "mentionContextAttributes": {"used": {"value": false, "score": 0.0005601644515991211}, "created": {"value": false, "score": 0.0013092756271362305}, "shared": {"value": false, "score": 1.3709068298339844e-06}}, "documentContextAttributes": {"used": {"value": true, "score": 0.9994704127311707}, "created": {"value": false, "score": 0.07889759540557861}, "shared": {"value": false, "score": 1.3709068298339844e-06}}}, {"type": "software", "software-type": "software", "software-name": {"rawForm": "MyTest.", "normalizedForm": "MyTest", "offsetStart": 45, "offsetEnd": 52}, "context": "After getting the scenario files formatted, \"MyTest.java\" ", "mentionContextAttributes": {"used": {"value": true, "score": 0.98649662733078}, "created": {"value": false, "score": 0.0006071329116821289}, "shared": {"value": false, "score": 2.980232238769531e-07}}, "documentContextAttributes": {"used": {"value": true, "score": 0.9994704127311707}, "created": {"value": false, "score": 0.07889759540557861}, "shared": {"value": false, "score": 1.3709068298339844e-06}}}, {"type": "software", "software-type": "software", "software-name": {"rawForm": "HAMSTERS", "normalizedForm": "HAMSTERS", "offsetStart": 46, "offsetEnd": 54}, "context": "As a result, for each scenario extracted from HAMSTERS (necessarily including all optional tasks), we generate an additional similar scenario, but without all the optional tasks.", "mentionContextAttributes": {"used": {"value": true, "score": 0.647323727607727}, "created": {"value": false, "score": 1.7702579498291016e-05}, "shared": {"value": false, "score": 2.980232238769531e-07}}, "documentContextAttributes": {"used": {"value": true, "score": 0.999870777130127}, "created": {"value": true, "score": 0.9993166327476501}, "shared": {"value": false, "score": 7.569789886474609e-06}}, "references": [{"label": "[25]", "normalizedForm": "[25]", "refKey": 26}]}, {"type": "software", "software-type": "software", "software-name": {"rawForm": "MyXML", "normalizedForm": "MyXML", "offsetStart": 53, "offsetEnd": 58}, "context": "This package contains four classes: MySteps, MyTest, MyXML and PrepareFiles. ", "mentionContextAttributes": {"used": {"value": false, "score": 0.0005601644515991211}, "created": {"value": false, "score": 0.0013092756271362305}, "shared": {"value": false, "score": 1.3709068298339844e-06}}, "documentContextAttributes": {"used": {"value": false, "score": 0.06407523155212402}, "created": {"value": false, "score": 0.24193954467773438}, "shared": {"value": false, "score": 1.3709068298339844e-06}}}, {"type": "software", "software-type": "software", "software-name": {"rawForm": "PrepareFiles.java", "normalizedForm": "PrepareFiles.java", "offsetStart": 54, "offsetEnd": 71}, "context": "First of all, this class instantiates an object from \"PrepareFiles.java\" (flow 1) in order to trigger the process of preformatting mentioned before. ", "mentionContextAttributes": {"used": {"value": false, "score": 0.22865957021713257}, "created": {"value": false, "score": 2.7000904083251953e-05}, "shared": {"value": false, "score": 1.7881393432617188e-07}}, "documentContextAttributes": {"used": {"value": false, "score": 0.22865957021713257}, "created": {"value": false, "score": 2.7954578399658203e-05}, "shared": {"value": false, "score": 5.364418029785156e-07}}}, {"type": "software", "software-type": "software", "software-name": {"rawForm": "HAMSTERS", "normalizedForm": "HAMSTERS", "offsetStart": 55, "offsetEnd": 63}, "context": "In this article, we make use of task models modeled by HAMSTERS once the notation and tool fit our two premises stated above.", "mentionContextAttributes": {"used": {"value": true, "score": 0.982318103313446}, "created": {"value": false, "score": 0.041230618953704834}, "shared": {"value": false, "score": 1.7881393432617188e-07}}, "documentContextAttributes": {"used": {"value": true, "score": 0.999870777130127}, "created": {"value": true, "score": 0.9993166327476501}, "shared": {"value": false, "score": 7.569789886474609e-06}}, "references": [{"label": "[25]", "normalizedForm": "[25]", "refKey": 26}]}, {"type": "software", "software-type": "software", "software-name": {"rawForm": "MySteps.java", "normalizedForm": "MySteps.java", "offsetStart": 58, "offsetEnd": 70}, "context": "The result of this parsing is then returned to the class \"MySteps.java\" ", "mentionContextAttributes": {"used": {"value": false, "score": 0.03577083349227905}, "created": {"value": false, "score": 0.00012093782424926758}, "shared": {"value": false, "score": 2.980232238769531e-07}}, "documentContextAttributes": {"used": {"value": false, "score": 0.057920098304748535}, "created": {"value": false, "score": 0.00012093782424926758}, "shared": {"value": false, "score": 2.980232238769531e-07}}}, {"type": "software", "software-type": "software", "software-name": {"rawForm": "HAMSTERS", "normalizedForm": "HAMSTERS", "offsetStart": 60, "offsetEnd": 68}, "context": "Task models have been developed for this study by using the HAMSTERS tool.", "mentionContextAttributes": {"used": {"value": false, "score": 0.0033251047134399414}, "created": {"value": true, "score": 0.7742963433265686}, "shared": {"value": false, "score": 2.980232238769531e-07}}, "documentContextAttributes": {"used": {"value": true, "score": 0.999870777130127}, "created": {"value": true, "score": 0.9993166327476501}, "shared": {"value": false, "score": 7.569789886474609e-06}}, "references": [{"label": "[25]", "normalizedForm": "[25]", "refKey": 26}]}, {"type": "software", "software-type": "software", "software-name": {"rawForm": "HAMSTERS", "normalizedForm": "HAMSTERS", "offsetStart": 63, "offsetEnd": 71}, "context": "This is made due to a limitation in the current version of the HAMSTERS tool that does not allow to extract scenarios without the optional tasks.", "mentionContextAttributes": {"used": {"value": false, "score": 0.0012925267219543457}, "created": {"value": false, "score": 0.00421452522277832}, "shared": {"value": false, "score": 4.172325134277344e-07}}, "documentContextAttributes": {"used": {"value": true, "score": 0.999870777130127}, "created": {"value": true, "score": 0.9993166327476501}, "shared": {"value": false, "score": 7.569789886474609e-06}}, "references": [{"label": "[25]", "normalizedForm": "[25]", "refKey": 26}]}, {"type": "software", "software-type": "software", "software-name": {"rawForm": "PrepareFiles", "normalizedForm": "PrepareFiles", "offsetStart": 63, "offsetEnd": 75}, "context": "This package contains four classes: MySteps, MyTest, MyXML and PrepareFiles. ", "mentionContextAttributes": {"used": {"value": false, "score": 0.0005601644515991211}, "created": {"value": false, "score": 0.0013092756271362305}, "shared": {"value": false, "score": 1.3709068298339844e-06}}, "documentContextAttributes": {"used": {"value": false, "score": 0.008434414863586426}, "created": {"value": false, "score": 0.0013092756271362305}, "shared": {"value": false, "score": 1.3709068298339844e-06}}}, {"type": "software", "software-type": "software", "wikidataId": "Q847675", "wikipediaExternalRef": 16226, "lang": "en", "confidence": 0.7847, "software-name": {"rawForm": "JUnit", "normalizedForm": "JUnit", "wikidataId": "Q847675", "wikipediaExternalRef": 16226, "lang": "en", "confidence": 0.7847, "offsetStart": 77, "offsetEnd": 82}, "context": "To do so, we have implemented an integrated algorithm in Java using JDOM and JUnit for parsing and testing the BDD stories against these artifacts. ", "mentionContextAttributes": {"used": {"value": false, "score": 0.00011676549911499023}, "created": {"value": true, "score": 0.9997882843017578}, "shared": {"value": false, "score": 2.980232238769531e-07}}, "documentContextAttributes": {"used": {"value": true, "score": 0.9994704127311707}, "created": {"value": true, "score": 0.9997882843017578}, "shared": {"value": false, "score": 8.344650268554688e-07}}}, {"type": "software", "software-type": "software", "software-name": {"rawForm": "HAMSTERS", "normalizedForm": "HAMSTERS", "offsetStart": 79, "offsetEnd": 87}, "context": "Those components are related to the particularities of test implementation for HAMSTERS task models and scenarios.", "mentionContextAttributes": {"used": {"value": true, "score": 0.8004186749458313}, "created": {"value": false, "score": 0.005823254585266113}, "shared": {"value": false, "score": 2.980232238769531e-07}}, "documentContextAttributes": {"used": {"value": true, "score": 0.999870777130127}, "created": {"value": true, "score": 0.9993166327476501}, "shared": {"value": false, "score": 7.569789886474609e-06}}, "references": [{"label": "[25]", "normalizedForm": "[25]", "refKey": 26}]}, {"type": "software", "software-type": "software", "software-name": {"rawForm": "MyXML.java", "normalizedForm": "MyXML.java", "offsetStart": 84, "offsetEnd": 94}, "context": "Based on the behavior referenced by the step, this class makes a call to the class \"MyXML.java\" ", "mentionContextAttributes": {"used": {"value": false, "score": 0.011136651039123535}, "created": {"value": false, "score": 4.559755325317383e-05}, "shared": {"value": false, "score": 4.172325134277344e-07}}, "documentContextAttributes": {"used": {"value": false, "score": 0.011136651039123535}, "created": {"value": false, "score": 4.559755325317383e-05}, "shared": {"value": false, "score": 4.172325134277344e-07}}}, {"type": "software", "software-type": "software", "software-name": {"rawForm": "MySteps.java", "normalizedForm": "MySteps.java", "offsetStart": 87, "offsetEnd": 99}, "context": "Each one of the steps in the BDD (User) story under testing makes a call to the class \"MySteps.java\" ", "mentionContextAttributes": {"used": {"value": false, "score": 0.057920098304748535}, "created": {"value": false, "score": 5.370378494262695e-05}, "shared": {"value": false, "score": 1.7881393432617188e-07}}, "documentContextAttributes": {"used": {"value": false, "score": 0.057920098304748535}, "created": {"value": false, "score": 0.00012093782424926758}, "shared": {"value": false, "score": 2.980232238769531e-07}}}, {"type": "software", "software-type": "software", "software-name": {"rawForm": "HAMSTERS", "normalizedForm": "HAMSTERS", "offsetStart": 107, "offsetEnd": 115}, "context": "Such new scenarios are named as \"No Optional\" followed by the original name of the scenario extracted from HAMSTERS.", "mentionContextAttributes": {"used": {"value": false, "score": 0.001400589942932129}, "created": {"value": false, "score": 0.029292285442352295}, "shared": {"value": false, "score": 2.980232238769531e-07}}, "documentContextAttributes": {"used": {"value": true, "score": 0.999870777130127}, "created": {"value": true, "score": 0.9993166327476501}, "shared": {"value": false, "score": 7.569789886474609e-06}}, "references": [{"label": "[25]", "normalizedForm": "[25]", "refKey": 26}]}, {"type": "software", "software-type": "software", "software-name": {"rawForm": "HAMSTERS", "normalizedForm": "HAMSTERS", "offsetStart": 110, "offsetEnd": 118}, "context": "The task modeling and the extraction of scenarios that will be presented hereafter has been made by using the HAMSTERS tool, whilst the implementation of the assessment has been made by using the respective XML source files produced by the HAMSTERS tool for each model.", "mentionContextAttributes": {"used": {"value": true, "score": 0.999870777130127}, "created": {"value": false, "score": 0.00040596723556518555}, "shared": {"value": false, "score": 2.980232238769531e-07}}, "documentContextAttributes": {"used": {"value": true, "score": 0.999870777130127}, "created": {"value": true, "score": 0.9993166327476501}, "shared": {"value": false, "score": 7.569789886474609e-06}}, "references": [{"label": "[25]", "normalizedForm": "[25]", "refKey": 26}]}, {"type": "software", "software-type": "software", "software-name": {"rawForm": "HAMSTERS", "normalizedForm": "HAMSTERS", "offsetStart": 136, "offsetEnd": 144}, "context": "The automated assessment of task models is made by parsing the resultant XML source files of the extracted TM scenarios produced by the HAMSTERS tool.", "mentionContextAttributes": {"used": {"value": true, "score": 0.9899870753288269}, "created": {"value": false, "score": 0.0001354217529296875}, "shared": {"value": false, "score": 1.7881393432617188e-07}}, "documentContextAttributes": {"used": {"value": true, "score": 0.999870777130127}, "created": {"value": true, "score": 0.9993166327476501}, "shared": {"value": false, "score": 7.569789886474609e-06}}, "references": [{"label": "[25]", "normalizedForm": "[25]", "refKey": 26}]}, {"type": "software", "software-type": "software", "software-name": {"rawForm": "MyXML.", "normalizedForm": "MyXML", "offsetStart": 161, "offsetEnd": 167}, "context": "As mentioned before, \"PrepareFiles.java\" is in charge of preformatting the extracted scenario files and reading the reference source file of task models, while \"MyXML.java\" is in charge of parsing the scenario files, searching for the elements under testing. ", "mentionContextAttributes": {"used": {"value": false, "score": 0.06407523155212402}, "created": {"value": false, "score": 2.7954578399658203e-05}, "shared": {"value": false, "score": 5.364418029785156e-07}}, "documentContextAttributes": {"used": {"value": false, "score": 0.06407523155212402}, "created": {"value": false, "score": 0.24193954467773438}, "shared": {"value": false, "score": 1.3709068298339844e-06}}}, {"type": "software", "software-type": "software", "software-name": {"rawForm": "HAMSTERS", "normalizedForm": "HAMSTERS", "offsetStart": 164, "offsetEnd": 172}, "context": "Therefore, we deliver a flexible architecture allowing, in the future, that task models and scenarios modeled by other modeling tools (or even by other versions of HAMSTERS) could also be tested by just implementing new interfaces for this core.", "mentionContextAttributes": {"used": {"value": false, "score": 7.361173629760742e-05}, "created": {"value": true, "score": 0.9993166327476501}, "shared": {"value": false, "score": 4.172325134277344e-07}}, "documentContextAttributes": {"used": {"value": true, "score": 0.999870777130127}, "created": {"value": true, "score": 0.9993166327476501}, "shared": {"value": false, "score": 7.569789886474609e-06}}, "references": [{"label": "[25]", "normalizedForm": "[25]", "refKey": 26}]}, {"type": "software", "software-type": "software", "software-name": {"rawForm": "HAMSTERS", "normalizedForm": "HAMSTERS", "offsetStart": 182, "offsetEnd": 190}, "context": "To obtain such task models, we have studied the current implementation of the existing system, and by applying a manual reverse engineering [6], we redesigned the targeted models in HAMSTERS. ", "mentionContextAttributes": {"used": {"value": true, "score": 0.8186303973197937}, "created": {"value": true, "score": 0.7163385152816772}, "shared": {"value": false, "score": 1.7881393432617188e-07}}, "documentContextAttributes": {"used": {"value": true, "score": 0.999870777130127}, "created": {"value": true, "score": 0.9993166327476501}, "shared": {"value": false, "score": 7.569789886474609e-06}}, "references": [{"label": "[25]", "normalizedForm": "[25]", "refKey": 26}]}, {"type": "software", "software-type": "software", "software-name": {"rawForm": "MBUI", "normalizedForm": "MBUI", "offsetStart": 188, "offsetEnd": 192}, "context": "As far as a common vocabulary is a concern (such as defined in the supporting ontology of our approach), the W3C published a glossary of recurrent terms for presentation components called MBUI (Model-based User Interface) [32] on which our work was based. ", "mentionContextAttributes": {"used": {"value": false, "score": 0.00046581029891967773}, "created": {"value": false, "score": 0.025064527988433838}, "shared": {"value": false, "score": 8.940696716308594e-07}}, "documentContextAttributes": {"used": {"value": false, "score": 0.00046581029891967773}, "created": {"value": false, "score": 0.025064527988433838}, "shared": {"value": false, "score": 8.940696716308594e-07}}}, {"type": "software", "software-type": "software", "software-name": {"rawForm": "HAMSTERS", "normalizedForm": "HAMSTERS", "offsetStart": 193, "offsetEnd": 201}, "context": "Thus, in order to obtain scenarios without the optional tasks, we algorithmically generate new scenarios eliminating all the tasks signalized as optional in the set of scenarios extracted from HAMSTERS.", "mentionContextAttributes": {"used": {"value": true, "score": 0.7035341262817383}, "created": {"value": false, "score": 0.0005670785903930664}, "shared": {"value": false, "score": 2.980232238769531e-07}}, "documentContextAttributes": {"used": {"value": true, "score": 0.999870777130127}, "created": {"value": true, "score": 0.9993166327476501}, "shared": {"value": false, "score": 7.569789886474609e-06}}, "references": [{"label": "[25]", "normalizedForm": "[25]", "refKey": 26}]}, {"type": "software", "software-type": "software", "software-name": {"rawForm": "HAMSTERS", "normalizedForm": "HAMSTERS", "offsetStart": 200, "offsetEnd": 208}, "context": "As the tasks are analyzed only after being extracted from the task models for a given TM scenario, the comparison between elements from the meta-models is made only between the Task element (from the HAMSTERS meta-model) and the Step element (from the BDD story meta-model).", "mentionContextAttributes": {"used": {"value": true, "score": 0.9745911359786987}, "created": {"value": false, "score": 1.7464160919189453e-05}, "shared": {"value": false, "score": 2.980232238769531e-07}}, "documentContextAttributes": {"used": {"value": true, "score": 0.999870777130127}, "created": {"value": true, "score": 0.9993166327476501}, "shared": {"value": false, "score": 7.569789886474609e-06}}, "references": [{"label": "[25]", "normalizedForm": "[25]", "refKey": 26}]}, {"type": "software", "software-type": "software", "software-name": {"rawForm": "HAMSTERS", "normalizedForm": "HAMSTERS", "offsetStart": 240, "offsetEnd": 248}, "context": "The task modeling and the extraction of scenarios that will be presented hereafter has been made by using the HAMSTERS tool, whilst the implementation of the assessment has been made by using the respective XML source files produced by the HAMSTERS tool for each model.", "mentionContextAttributes": {"used": {"value": true, "score": 0.999870777130127}, "created": {"value": false, "score": 0.00040596723556518555}, "shared": {"value": false, "score": 2.980232238769531e-07}}, "documentContextAttributes": {"used": {"value": true, "score": 0.999870777130127}, "created": {"value": true, "score": 0.9993166327476501}, "shared": {"value": false, "score": 7.569789886474609e-06}}, "references": [{"label": "[25]", "normalizedForm": "[25]", "refKey": 26}]}, {"type": "software", "software-type": "software", "software-name": {"rawForm": "HAMSTERS", "normalizedForm": "HAMSTERS", "offsetStart": 253, "offsetEnd": 261}, "context": "As the interactive task \"Select Round Trip\" in the task model (see Figure 12) has been modeled as a parent task of two leaf tasks (\"Set Arrival Date\" and \"Set Arrival Time Frame\"), when extracting scenarios from such a model, due to a limitation of the HAMSTERS tool, only the leaf tasks are kept, so the extracted scenario does never show the interactive task \"Select Round Trip\" which is a non-leaf task. ", "mentionContextAttributes": {"used": {"value": true, "score": 0.9567441344261169}, "created": {"value": false, "score": 4.947185516357422e-06}, "shared": {"value": false, "score": 1.7285346984863281e-06}}, "documentContextAttributes": {"used": {"value": true, "score": 0.999870777130127}, "created": {"value": true, "score": 0.9993166327476501}, "shared": {"value": false, "score": 7.569789886474609e-06}}, "references": [{"label": "[25]", "normalizedForm": "[25]", "refKey": 26}]}, {"type": "software", "software-type": "software", "software-name": {"rawForm": "MyTest", "normalizedForm": "MyTest", "offsetStart": 433, "offsetEnd": 439}, "context": "Considering the presented architecture, to setup and run a battery of tests, we must: i place the set of task model scenario files (\".scen\") that will be assessed in the package \"Task Model Scenarios\", ii place the set of task model files (\".hmst\") that will support the assessment in the package \"Task Models\", iii place the set of BDD story files (\".story\") that will be assessed in the package \"User Stories\", iv indicate in the \"MyTest\" class which BDD story will be assessed, or which folder (\"/stories\") contains all the BDD stories that will be assessed, and finally v run the \"MyTest\" class as a JUnit Test. ", "mentionContextAttributes": {"used": {"value": true, "score": 0.9994704127311707}, "created": {"value": false, "score": 3.6954879760742188e-06}, "shared": {"value": false, "score": 8.344650268554688e-07}}, "documentContextAttributes": {"used": {"value": true, "score": 0.9994704127311707}, "created": {"value": false, "score": 0.07889759540557861}, "shared": {"value": false, "score": 1.3709068298339844e-06}}}, {"type": "software", "software-type": "software", "software-name": {"rawForm": "MyTest", "normalizedForm": "MyTest", "offsetStart": 585, "offsetEnd": 591}, "context": "Considering the presented architecture, to setup and run a battery of tests, we must: i place the set of task model scenario files (\".scen\") that will be assessed in the package \"Task Model Scenarios\", ii place the set of task model files (\".hmst\") that will support the assessment in the package \"Task Models\", iii place the set of BDD story files (\".story\") that will be assessed in the package \"User Stories\", iv indicate in the \"MyTest\" class which BDD story will be assessed, or which folder (\"/stories\") contains all the BDD stories that will be assessed, and finally v run the \"MyTest\" class as a JUnit Test. ", "mentionContextAttributes": {"used": {"value": true, "score": 0.9994704127311707}, "created": {"value": false, "score": 3.6954879760742188e-06}, "shared": {"value": false, "score": 8.344650268554688e-07}}, "documentContextAttributes": {"used": {"value": true, "score": 0.9994704127311707}, "created": {"value": false, "score": 0.07889759540557861}, "shared": {"value": false, "score": 1.3709068298339844e-06}}}, {"type": "software", "software-type": "software", "wikidataId": "Q847675", "wikipediaExternalRef": 16226, "lang": "en", "confidence": 0.7847, "software-name": {"rawForm": "JUnit", "normalizedForm": "JUnit", "wikidataId": "Q847675", "wikipediaExternalRef": 16226, "lang": "en", "confidence": 0.7847, "offsetStart": 604, "offsetEnd": 609}, "context": "Considering the presented architecture, to setup and run a battery of tests, we must: i place the set of task model scenario files (\".scen\") that will be assessed in the package \"Task Model Scenarios\", ii place the set of task model files (\".hmst\") that will support the assessment in the package \"Task Models\", iii place the set of BDD story files (\".story\") that will be assessed in the package \"User Stories\", iv indicate in the \"MyTest\" class which BDD story will be assessed, or which folder (\"/stories\") contains all the BDD stories that will be assessed, and finally v run the \"MyTest\" class as a JUnit Test.", "mentionContextAttributes": {"used": {"value": true, "score": 0.9994704127311707}, "created": {"value": false, "score": 3.6954879760742188e-06}, "shared": {"value": false, "score": 8.344650268554688e-07}}, "documentContextAttributes": {"used": {"value": true, "score": 0.9994704127311707}, "created": {"value": true, "score": 0.9997882843017578}, "shared": {"value": false, "score": 8.344650268554688e-07}}}], "references": [{"refKey": 26, "tei": "<biblStruct xml:id=\"b26\">\n\t<analytic>\n\t\t<title level=\"a\" type=\"main\">Structuring and Composition Mechanisms to Address Scalability Issues in Task Models</title>\n\t\t<author>\n\t\t\t<persName><forename type=\"first\">C\u00e9lia</forename><surname>Martinie</surname></persName>\n\t\t</author>\n\t\t<author>\n\t\t\t<persName><forename type=\"first\">Philippe</forename><surname>Palanque</surname></persName>\n\t\t</author>\n\t\t<author>\n\t\t\t<persName><forename type=\"first\">Marco</forename><surname>Winckler</surname></persName>\n\t\t</author>\n\t\t<idno type=\"DOI\">10.1007/978-3-642-23765-2_40</idno>\n\t</analytic>\n\t<monogr>\n\t\t<title level=\"m\">Human-Computer Interaction \u2013 INTERACT 2011</title>\n\t\t<imprint>\n\t\t\t<publisher>Springer Berlin Heidelberg</publisher>\n\t\t\t<date type=\"published\" when=\"2011\">2011</date>\n\t\t\t<biblScope unit=\"page\" from=\"589\" to=\"609\" />\n\t\t</imprint>\n\t</monogr>\n</biblStruct>\n"}], "runtime": 99754, "id": "131a6d5a12d8f0d5ca452224978070a375bb9a9a", "metadata": {"id": "131a6d5a12d8f0d5ca452224978070a375bb9a9a"}, "original_file_path": "../../datalake/Samuel/SOFTware-Sync/data/xml_not_sofctied/hal-03138755.grobid.tei.xml", "file_name": "hal-03138755.grobid.tei.xml"}