{"application": "software-mentions", "version": "0.8.0", "date": "2024-04-12T16:55+0000", "md5": "5B2C68460BD0571E12D3C35DE912224D", "mentions": [{"type": "software", "software-type": "software", "software-name": {"rawForm": "OSTRICH", "normalizedForm": "OSTRICH", "offsetStart": 0, "offsetEnd": 7}, "context": "OSTRICH supports VM, DM, and V queries on single triple patterns natively. ", "mentionContextAttributes": {"used": {"value": false, "score": 0.0003606081008911133}, "created": {"value": false, "score": 1.5914440155029297e-05}, "shared": {"value": false, "score": 2.980232238769531e-07}}, "documentContextAttributes": {"used": {"value": true, "score": 0.999833345413208}, "created": {"value": true, "score": 0.9999290108680725}, "shared": {"value": false, "score": 2.980232238769531e-07}}}, {"type": "software", "software-type": "software", "software-name": {"rawForm": "OSTRICH", "normalizedForm": "OSTRICH", "offsetStart": 0, "offsetEnd": 7}, "context": "OSTRICH [TSH + 19] combines the advantages of CB and TB approaches in a single delta chain; an initial snapshot stores revision 0, whereas a new revision i is built from a changeset of the form u i-1,i and stored as an aggregated changeset u 0,i , i.e. the changes between the snapshot to i.", "mentionContextAttributes": {"used": {"value": false, "score": 0.0034872889518737793}, "created": {"value": false, "score": 3.993511199951172e-06}, "shared": {"value": false, "score": 2.980232238769531e-07}}, "documentContextAttributes": {"used": {"value": true, "score": 0.999833345413208}, "created": {"value": true, "score": 0.9999290108680725}, "shared": {"value": false, "score": 2.980232238769531e-07}}}, {"type": "software", "software-type": "software", "software-name": {"rawForm": "deltaDiff", "normalizedForm": "deltaDiff", "offsetStart": 8, "offsetEnd": 17}, "context": "delta \u2190 deltaDiff(i, j, p)", "mentionContextAttributes": {"used": {"value": true, "score": 0.9650261402130127}, "created": {"value": false, "score": 1.4901161193847656e-06}, "shared": {"value": false, "score": 2.980232238769531e-07}}, "documentContextAttributes": {"used": {"value": true, "score": 0.997340738773346}, "created": {"value": false, "score": 0.002264261245727539}, "shared": {"value": false, "score": 2.980232238769531e-07}}}, {"type": "software", "software-type": "software", "software-name": {"rawForm": "snapshotDiff", "normalizedForm": "snapshotDiff", "offsetStart": 10, "offsetEnd": 22}, "context": "u si,sj \u2190 snapshotDiff(sid i , sid j , p) return delta 29: end function", "mentionContextAttributes": {"used": {"value": true, "score": 0.9884814023971558}, "created": {"value": false, "score": 1.9669532775878906e-06}, "shared": {"value": false, "score": 4.172325134277344e-07}}, "documentContextAttributes": {"used": {"value": true, "score": 0.9999768137931824}, "created": {"value": false, "score": 8.52346420288086e-06}, "shared": {"value": false, "score": 4.172325134277344e-07}}}, {"type": "software", "software-type": "software", "software-name": {"rawForm": "mergeForward", "normalizedForm": "mergeForward", "offsetStart": 12, "offsetEnd": 24}, "context": "The routine mergeForward runs also a sorted merge, but now triples with opposite change flag present in both changesets are filtered from the final output as they indicate revertion operations.", "mentionContextAttributes": {"used": {"value": false, "score": 0.015608072280883789}, "created": {"value": false, "score": 7.450580596923828e-06}, "shared": {"value": false, "score": 2.980232238769531e-07}}, "documentContextAttributes": {"used": {"value": false, "score": 0.01911526918411255}, "created": {"value": false, "score": 7.450580596923828e-06}, "shared": {"value": false, "score": 2.980232238769531e-07}}}, {"type": "software", "software-type": "software", "software-name": {"rawForm": "OSTRICH", "normalizedForm": "OSTRICH", "offsetStart": 14, "offsetEnd": 21}, "context": "But even when OSTRICH can ingest the entire history (in less than 26 hours), a multi-snapshot strategy still incurs a significant speed-up.", "mentionContextAttributes": {"used": {"value": false, "score": 7.218122482299805e-05}, "created": {"value": false, "score": 0.00014448165893554688}, "shared": {"value": false, "score": 2.980232238769531e-07}}, "documentContextAttributes": {"used": {"value": true, "score": 0.999833345413208}, "created": {"value": true, "score": 0.9999290108680725}, "shared": {"value": false, "score": 2.980232238769531e-07}}}, {"type": "software", "software-type": "software", "software-name": {"rawForm": "OSTRICH", "normalizedForm": "OSTRICH", "offsetStart": 16, "offsetEnd": 23}, "context": "This is akin to OSTRICH's snapshot policy [TSH + 19].", "mentionContextAttributes": {"used": {"value": false, "score": 0.00490117073059082}, "created": {"value": false, "score": 1.913309097290039e-05}, "shared": {"value": false, "score": 1.7881393432617188e-07}}, "documentContextAttributes": {"used": {"value": true, "score": 0.999833345413208}, "created": {"value": true, "score": 0.9999290108680725}, "shared": {"value": false, "score": 2.980232238769531e-07}}}, {"type": "software", "software-type": "software", "software-name": {"rawForm": "snapshotDiff", "normalizedForm": "snapshotDiff", "offsetStart": 17, "offsetEnd": 29}, "context": "If they are not, snapshotDiff implements a set-difference between p's results on S i and S j (lines 4-5). ", "mentionContextAttributes": {"used": {"value": false, "score": 0.13824009895324707}, "created": {"value": false, "score": 8.52346420288086e-06}, "shared": {"value": false, "score": 1.7881393432617188e-07}}, "documentContextAttributes": {"used": {"value": true, "score": 0.9999768137931824}, "created": {"value": false, "score": 8.52346420288086e-06}, "shared": {"value": false, "score": 4.172325134277344e-07}}}, {"type": "software", "software-type": "software", "wikidataId": "Q54871", "wikipediaExternalRef": 2574343, "lang": "en", "confidence": 0.9098, "software-name": {"rawForm": "SPARQL", "normalizedForm": "SPARQL", "wikidataId": "Q54871", "wikipediaExternalRef": 2574343, "lang": "en", "confidence": 0.9098, "offsetStart": 19, "offsetEnd": 25}, "context": "These are standard SPARQL queries run against a single version i, e.g., ?s, type, Country, 5 returns the countries present in version i = 5. \u2022 Delta Materialization (DM).", "mentionContextAttributes": {"used": {"value": true, "score": 0.6119560599327087}, "created": {"value": false, "score": 1.150369644165039e-05}, "shared": {"value": false, "score": 1.7881393432617188e-07}}, "documentContextAttributes": {"used": {"value": true, "score": 0.9995176196098328}, "created": {"value": false, "score": 0.38700777292251587}, "shared": {"value": false, "score": 2.980232238769531e-07}}}, {"type": "software", "software-type": "software", "wikidataId": "Q54871", "wikipediaExternalRef": 2574343, "lang": "en", "confidence": 0.9098, "software-name": {"rawForm": "SPARQL", "normalizedForm": "SPARQL", "wikidataId": "Q54871", "wikipediaExternalRef": 2574343, "lang": "en", "confidence": 0.9098, "offsetStart": 19, "offsetEnd": 25}, "context": "These are standard SPARQL queries that provide results annotated with the versions where those results hold.", "mentionContextAttributes": {"used": {"value": true, "score": 0.543197751045227}, "created": {"value": false, "score": 7.450580596923828e-06}, "shared": {"value": false, "score": 1.7881393432617188e-07}}, "documentContextAttributes": {"used": {"value": true, "score": 0.9995176196098328}, "created": {"value": false, "score": 0.38700777292251587}, "shared": {"value": false, "score": 2.980232238769531e-07}}}, {"type": "software", "software-type": "software", "software-name": {"rawForm": "OSTRICH", "normalizedForm": "OSTRICH", "offsetStart": 19, "offsetEnd": 26}, "context": "In a similar vibe, OSTRICH took one month to ingest the first 18 revisions (out of 58) of BEAR-A. ", "mentionContextAttributes": {"used": {"value": true, "score": 0.999833345413208}, "created": {"value": false, "score": 4.112720489501953e-06}, "shared": {"value": false, "score": 2.980232238769531e-07}}, "documentContextAttributes": {"used": {"value": true, "score": 0.999833345413208}, "created": {"value": true, "score": 0.9999290108680725}, "shared": {"value": false, "score": 2.980232238769531e-07}}}, {"type": "software", "software-type": "software", "software-name": {"rawForm": "mergeBackwards", "normalizedForm": "mergeBackwards", "offsetStart": 19, "offsetEnd": 33}, "context": "First, the routine mergeBackwards merges u si,sj , i.e., the changes between the two delta chains, with u si,i , i.e., the changes within the first delta chain.", "mentionContextAttributes": {"used": {"value": false, "score": 0.1117779016494751}, "created": {"value": false, "score": 3.7550926208496094e-06}, "shared": {"value": false, "score": 2.980232238769531e-07}}, "documentContextAttributes": {"used": {"value": false, "score": 0.1117779016494751}, "created": {"value": false, "score": 5.066394805908203e-06}, "shared": {"value": false, "score": 2.980232238769531e-07}}}, {"type": "software", "software-type": "software", "wikidataId": "Q54871", "wikipediaExternalRef": 2574343, "lang": "en", "confidence": 0.9098, "software-name": {"rawForm": "SPARQL", "normalizedForm": "SPARQL", "wikidataId": "Q54871", "wikipediaExternalRef": 2574343, "lang": "en", "confidence": 0.9098, "offsetStart": 22, "offsetEnd": 28}, "context": "CV, CD, and arbitrary SPARQL queries can be executed by connecting OSTRICH to a query engine.", "mentionContextAttributes": {"used": {"value": false, "score": 0.02506113052368164}, "created": {"value": false, "score": 2.5212764739990234e-05}, "shared": {"value": false, "score": 1.7881393432617188e-07}}, "documentContextAttributes": {"used": {"value": true, "score": 0.9995176196098328}, "created": {"value": false, "score": 0.38700777292251587}, "shared": {"value": false, "score": 2.980232238769531e-07}}}, {"type": "software", "software-type": "software", "software-name": {"rawForm": "mergeForward", "normalizedForm": "mergeForward", "offsetStart": 22, "offsetEnd": 34}, "context": "The final merge step, mergeForward, combines u i,sj with the changes in the second delta chain, i.e., u sj,sj . ", "mentionContextAttributes": {"used": {"value": false, "score": 0.01911526918411255}, "created": {"value": false, "score": 5.185604095458984e-06}, "shared": {"value": false, "score": 2.980232238769531e-07}}, "documentContextAttributes": {"used": {"value": false, "score": 0.01911526918411255}, "created": {"value": false, "score": 7.450580596923828e-06}, "shared": {"value": false, "score": 2.980232238769531e-07}}}, {"type": "software", "software-type": "software", "software-name": {"rawForm": "deltaDiff", "normalizedForm": "deltaDiff", "offsetStart": 23, "offsetEnd": 32}, "context": "The first one, denoted deltaDiff, executes standard DM queries on single triple patterns over a single delta chain as proposed by OS-TRICH [TSH + 19].", "mentionContextAttributes": {"used": {"value": false, "score": 0.0012912154197692871}, "created": {"value": false, "score": 0.002264261245727539}, "shared": {"value": false, "score": 1.7881393432617188e-07}}, "documentContextAttributes": {"used": {"value": true, "score": 0.997340738773346}, "created": {"value": false, "score": 0.002264261245727539}, "shared": {"value": false, "score": 2.980232238769531e-07}}}, {"type": "software", "software-type": "software", "software-name": {"rawForm": "OSTRICH", "normalizedForm": "OSTRICH", "offsetStart": 25, "offsetEnd": 32}, "context": "Except for our baseline (OSTRICH), all our strategies are defined by parameters that we adjust according to the dataset: Periodic. ", "mentionContextAttributes": {"used": {"value": false, "score": 0.05073058605194092}, "created": {"value": false, "score": 0.00010722875595092773}, "shared": {"value": false, "score": 2.980232238769531e-07}}, "documentContextAttributes": {"used": {"value": true, "score": 0.999833345413208}, "created": {"value": true, "score": 0.9999290108680725}, "shared": {"value": false, "score": 2.980232238769531e-07}}}, {"type": "software", "software-type": "software", "software-name": {"rawForm": "snapshotDiff", "normalizedForm": "snapshotDiff", "offsetStart": 27, "offsetEnd": 39}, "context": "The second routine, called snapshotDiff, computes the difference between the results of p on two reference snapshots S i , S j . ", "mentionContextAttributes": {"used": {"value": false, "score": 0.0021463632583618164}, "created": {"value": false, "score": 7.808208465576172e-06}, "shared": {"value": false, "score": 1.7881393432617188e-07}}, "documentContextAttributes": {"used": {"value": true, "score": 0.9999768137931824}, "created": {"value": false, "score": 8.52346420288086e-06}, "shared": {"value": false, "score": 4.172325134277344e-07}}}, {"type": "software", "software-type": "software", "software-name": {"rawForm": "OSTRICH", "normalizedForm": "OSTRICH", "offsetStart": 29, "offsetEnd": 36}, "context": "In this paper, we build upon OSTRICH and propose a solution to this problem.", "mentionContextAttributes": {"used": {"value": false, "score": 7.933378219604492e-05}, "created": {"value": true, "score": 0.9999290108680725}, "shared": {"value": false, "score": 2.980232238769531e-07}}, "documentContextAttributes": {"used": {"value": true, "score": 0.999833345413208}, "created": {"value": true, "score": 0.9999290108680725}, "shared": {"value": false, "score": 2.980232238769531e-07}}}, {"type": "software", "software-type": "software", "software-name": {"rawForm": "OSTRICH", "normalizedForm": "OSTRICH", "offsetStart": 29, "offsetEnd": 36}, "context": "Our implementation relies on OSTRICH, which can efficiently compute G i and run queries on top of it.", "mentionContextAttributes": {"used": {"value": false, "score": 0.0021129250526428223}, "created": {"value": true, "score": 0.9939419627189636}, "shared": {"value": false, "score": 1.7881393432617188e-07}}, "documentContextAttributes": {"used": {"value": true, "score": 0.999833345413208}, "created": {"value": true, "score": 0.9999290108680725}, "shared": {"value": false, "score": 2.980232238769531e-07}}}, {"type": "software", "software-type": "software", "wikidataId": "Q54871", "wikipediaExternalRef": 2574343, "lang": "en", "confidence": 0.9098, "software-name": {"rawForm": "SPARQL", "normalizedForm": "SPARQL", "wikidataId": "Q54871", "wikipediaExternalRef": 2574343, "lang": "en", "confidence": 0.9098, "offsetStart": 29, "offsetEnd": 41}, "context": "RDF graphs are queried using SPARQL [SH13], whose building blocks are triple patterns, i.e., triples that allow variables (prefixed with a '?') in any position, e.g., ?x, cityIn, USA matches all American cities in G.", "mentionContextAttributes": {"used": {"value": true, "score": 0.9995176196098328}, "created": {"value": false, "score": 1.138448715209961e-05}, "shared": {"value": false, "score": 2.980232238769531e-07}}, "documentContextAttributes": {"used": {"value": true, "score": 0.9995176196098328}, "created": {"value": false, "score": 0.38700777292251587}, "shared": {"value": false, "score": 2.980232238769531e-07}}}, {"type": "software", "software-type": "software", "software-name": {"rawForm": "OSTRICH", "normalizedForm": "OSTRICH", "offsetStart": 31, "offsetEnd": 38}, "context": "On these grounds, the original OSTRICH paper [TSH + 19] omitted BEAR-B instant and included only the first 10 versions of BEAR-A. ", "mentionContextAttributes": {"used": {"value": true, "score": 0.9945359230041504}, "created": {"value": false, "score": 7.331371307373047e-06}, "shared": {"value": false, "score": 2.980232238769531e-07}}, "documentContextAttributes": {"used": {"value": true, "score": 0.999833345413208}, "created": {"value": true, "score": 0.9999290108680725}, "shared": {"value": false, "score": 2.980232238769531e-07}}}, {"type": "software", "software-type": "software", "software-name": {"rawForm": "OSTRICH", "normalizedForm": "OSTRICH", "offsetStart": 33, "offsetEnd": 40}, "context": "As shown in [PGH21], [TSH + 19], OSTRICH is the only solution that can handle histories for large RDF graphs, such as DBpedia. ", "mentionContextAttributes": {"used": {"value": false, "score": 6.264448165893555e-05}, "created": {"value": false, "score": 8.761882781982422e-06}, "shared": {"value": false, "score": 1.7881393432617188e-07}}, "documentContextAttributes": {"used": {"value": true, "score": 0.999833345413208}, "created": {"value": true, "score": 0.9999290108680725}, "shared": {"value": false, "score": 2.980232238769531e-07}}}, {"type": "software", "software-type": "software", "software-name": {"rawForm": "snapshotDiff", "normalizedForm": "snapshotDiff", "offsetStart": 33, "offsetEnd": 45}, "context": "Otherwise, we invoke the routine snapshotDiff on the reference snapshots (line 17) to compute the results' difference between the delta chains.", "mentionContextAttributes": {"used": {"value": true, "score": 0.9999768137931824}, "created": {"value": false, "score": 6.854534149169922e-06}, "shared": {"value": false, "score": 1.7881393432617188e-07}}, "documentContextAttributes": {"used": {"value": true, "score": 0.9999768137931824}, "created": {"value": false, "score": 8.52346420288086e-06}, "shared": {"value": false, "score": 4.172325134277344e-07}}}, {"type": "software", "software-type": "software", "software-name": {"rawForm": "Linux", "normalizedForm": "Linux", "offsetStart": 34, "offsetEnd": 39}, "context": "All our experiments were run on a Linux server with a 16-core CPU (AMD EPYC 7281), 256 GB of RAM, and 8TB hard disk drive. ", "mentionContextAttributes": {"used": {"value": true, "score": 0.9998149871826172}, "created": {"value": false, "score": 0.07563334703445435}, "shared": {"value": false, "score": 4.589557647705078e-06}}, "documentContextAttributes": {"used": {"value": true, "score": 0.9998149871826172}, "created": {"value": false, "score": 0.07563334703445435}, "shared": {"value": false, "score": 4.589557647705078e-06}}}, {"type": "software", "software-type": "software", "software-name": {"rawForm": "mergeBackwards", "normalizedForm": "mergeBackwards", "offsetStart": 34, "offsetEnd": 48}, "context": "Unlike a classical merge routine, mergeBackwards inverts the flags of the changes present in u si,i but not in u si,sj . ", "mentionContextAttributes": {"used": {"value": false, "score": 6.693601608276367e-05}, "created": {"value": false, "score": 5.066394805908203e-06}, "shared": {"value": false, "score": 2.980232238769531e-07}}, "documentContextAttributes": {"used": {"value": false, "score": 0.1117779016494751}, "created": {"value": false, "score": 5.066394805908203e-06}, "shared": {"value": false, "score": 2.980232238769531e-07}}}, {"type": "software", "software-type": "software", "software-name": {"rawForm": "OSTRICH", "normalizedForm": "OSTRICH", "offsetStart": 38, "offsetEnd": 45}, "context": "We implemented our approach on top of OSTRICH [TSH + 19], a state-of-the-art engine for archiving large RDF graphs.", "mentionContextAttributes": {"used": {"value": false, "score": 0.00020265579223632812}, "created": {"value": true, "score": 0.9995934367179871}, "shared": {"value": false, "score": 1.7881393432617188e-07}}, "documentContextAttributes": {"used": {"value": true, "score": 0.999833345413208}, "created": {"value": true, "score": 0.9999290108680725}, "shared": {"value": false, "score": 2.980232238769531e-07}}}, {"type": "software", "software-type": "software", "software-name": {"rawForm": "OSTRICH", "normalizedForm": "OSTRICH", "offsetStart": 40, "offsetEnd": 47}, "context": "We remind the reader that the baseline (OSTRICH) cannot ingest BEAR-A and BEAR-B instant in a reasonable amount of time.", "mentionContextAttributes": {"used": {"value": false, "score": 0.0682525634765625}, "created": {"value": false, "score": 2.9146671295166016e-05}, "shared": {"value": false, "score": 2.980232238769531e-07}}, "documentContextAttributes": {"used": {"value": true, "score": 0.999833345413208}, "created": {"value": true, "score": 0.9999290108680725}, "shared": {"value": false, "score": 2.980232238769531e-07}}}, {"type": "software", "software-type": "software", "software-name": {"rawForm": "OSTRICH", "normalizedForm": "OSTRICH", "offsetStart": 48, "offsetEnd": 55}, "context": "Due to the very long history of BEAR-B instant, OSTRICH could only ingest one third of the archive's history (7063 out 21046 revisions) after one month of execution. ", "mentionContextAttributes": {"used": {"value": true, "score": 0.9993896484375}, "created": {"value": false, "score": 1.4603137969970703e-05}, "shared": {"value": false, "score": 2.980232238769531e-07}}, "documentContextAttributes": {"used": {"value": true, "score": 0.999833345413208}, "created": {"value": true, "score": 0.9999290108680725}, "shared": {"value": false, "score": 2.980232238769531e-07}}}, {"type": "software", "software-type": "software", "software-name": {"rawForm": "OSTRICH", "normalizedForm": "OSTRICH", "offsetStart": 53, "offsetEnd": 60}, "context": "That said, scalability still remains a challenge for OSTRICH because aggregated changesets grow monotonically.", "mentionContextAttributes": {"used": {"value": false, "score": 0.0003097057342529297}, "created": {"value": false, "score": 9.08970832824707e-05}, "shared": {"value": false, "score": 1.7881393432617188e-07}}, "documentContextAttributes": {"used": {"value": true, "score": 0.999833345413208}, "created": {"value": true, "score": 0.9999290108680725}, "shared": {"value": false, "score": 2.980232238769531e-07}}}, {"type": "software", "software-type": "software", "software-name": {"rawForm": "OSTRICH", "normalizedForm": "OSTRICH", "offsetStart": 67, "offsetEnd": 74}, "context": "CV, CD, and arbitrary SPARQL queries can be executed by connecting OSTRICH to a query engine. ", "mentionContextAttributes": {"used": {"value": false, "score": 0.02506113052368164}, "created": {"value": false, "score": 2.5212764739990234e-05}, "shared": {"value": false, "score": 1.7881393432617188e-07}}, "documentContextAttributes": {"used": {"value": true, "score": 0.999833345413208}, "created": {"value": true, "score": 0.9999290108680725}, "shared": {"value": false, "score": 2.980232238769531e-07}}}, {"type": "software", "software-type": "software", "software-name": {"rawForm": "deltaDiff", "normalizedForm": "deltaDiff", "offsetStart": 72, "offsetEnd": 81}, "context": "We can therefore treat this case efficiently as a standard DM query via deltaDiff (line 7).", "mentionContextAttributes": {"used": {"value": true, "score": 0.997340738773346}, "created": {"value": false, "score": 4.357099533081055e-05}, "shared": {"value": false, "score": 2.980232238769531e-07}}, "documentContextAttributes": {"used": {"value": true, "score": 0.997340738773346}, "created": {"value": false, "score": 0.002264261245727539}, "shared": {"value": false, "score": 2.980232238769531e-07}}}, {"type": "software", "software-type": "software", "wikidataId": "Q54871", "wikipediaExternalRef": 2574343, "lang": "en", "confidence": 0.9098, "software-name": {"rawForm": "SPARQL", "normalizedForm": "SPARQL", "wikidataId": "Q54871", "wikipediaExternalRef": 2574343, "lang": "en", "confidence": 0.9098, "offsetStart": 73, "offsetEnd": 79}, "context": "We also plan to study the impact of our techniques on the performance of SPARQL query execution and consider improvements within the landscape of alternative RDF representations and indexing approaches [SLPH22].", "mentionContextAttributes": {"used": {"value": false, "score": 0.0009284019470214844}, "created": {"value": false, "score": 0.38700777292251587}, "shared": {"value": false, "score": 2.980232238769531e-07}}, "documentContextAttributes": {"used": {"value": true, "score": 0.9995176196098328}, "created": {"value": false, "score": 0.38700777292251587}, "shared": {"value": false, "score": 2.980232238769531e-07}}}, {"type": "software", "software-type": "software", "wikidataId": "Q54871", "wikipediaExternalRef": 2574343, "lang": "en", "confidence": 0.9098, "software-name": {"rawForm": "SPARQL", "normalizedForm": "SPARQL", "wikidataId": "Q54871", "wikipediaExternalRef": 2574343, "lang": "en", "confidence": 0.9098, "offsetStart": 76, "offsetEnd": 82}, "context": "We omit BEAR-C from our experiments because its query load consists of full SPARQL queries and diverse constructs, which are not supported by our implementation, nor by any other RDF archiving approaches.", "mentionContextAttributes": {"used": {"value": false, "score": 0.021062791347503662}, "created": {"value": false, "score": 0.0330316424369812}, "shared": {"value": false, "score": 1.1920928955078125e-07}}, "documentContextAttributes": {"used": {"value": true, "score": 0.9995176196098328}, "created": {"value": false, "score": 0.38700777292251587}, "shared": {"value": false, "score": 2.980232238769531e-07}}}, {"type": "software", "software-type": "software", "software-name": {"rawForm": "deltaDiff", "normalizedForm": "deltaDiff", "offsetStart": 89, "offsetEnd": 98}, "context": "If so, the problem boils down to a single delta chain DM query that can be answered with deltaDiff (line 15).", "mentionContextAttributes": {"used": {"value": false, "score": 0.007678568363189697}, "created": {"value": false, "score": 1.1324882507324219e-05}, "shared": {"value": false, "score": 2.384185791015625e-07}}, "documentContextAttributes": {"used": {"value": true, "score": 0.997340738773346}, "created": {"value": false, "score": 0.002264261245727539}, "shared": {"value": false, "score": 2.980232238769531e-07}}}, {"type": "software", "software-type": "software", "software-name": {"rawForm": "OSTRICH", "normalizedForm": "OSTRICH", "offsetStart": 91, "offsetEnd": 98}, "context": "For subsequent revisions, we take as input a standard changeset u k-1,k (|A| = k), and use OSTRICH to construct an aggregated changeset of the form u s,k , where revision s = snapshot(k) is the latest snapshot in the history.", "mentionContextAttributes": {"used": {"value": true, "score": 0.778537392616272}, "created": {"value": false, "score": 1.609325408935547e-05}, "shared": {"value": false, "score": 2.384185791015625e-07}}, "documentContextAttributes": {"used": {"value": true, "score": 0.999833345413208}, "created": {"value": true, "score": 0.9999290108680725}, "shared": {"value": false, "score": 2.980232238769531e-07}}}, {"type": "software", "software-type": "software", "software-name": {"rawForm": "OSTRICH", "normalizedForm": "OSTRICH", "offsetStart": 93, "offsetEnd": 100}, "context": "This routine is designed as a regular sorted merge because triples are already sorted in the OSTRICH indexes.", "mentionContextAttributes": {"used": {"value": false, "score": 0.0035057663917541504}, "created": {"value": false, "score": 0.007569491863250732}, "shared": {"value": false, "score": 2.384185791015625e-07}}, "documentContextAttributes": {"used": {"value": true, "score": 0.999833345413208}, "created": {"value": true, "score": 0.9999290108680725}, "shared": {"value": false, "score": 2.980232238769531e-07}}}, {"type": "software", "software-type": "software", "software-name": {"rawForm": "OSTRICH", "normalizedForm": "OSTRICH", "offsetStart": 93, "offsetEnd": 100}, "context": "This relies on the capability to execute V queries on individual delta chains implemented in OSTRICH [TSH + 19] via the function singleQueryV.", "mentionContextAttributes": {"used": {"value": false, "score": 0.04343527555465698}, "created": {"value": false, "score": 0.0003122091293334961}, "shared": {"value": false, "score": 1.1920928955078125e-07}}, "documentContextAttributes": {"used": {"value": true, "score": 0.999833345413208}, "created": {"value": true, "score": 0.9999290108680725}, "shared": {"value": false, "score": 2.980232238769531e-07}}}, {"type": "software", "software-type": "software", "software-name": {"rawForm": "OSTRICH", "normalizedForm": "OSTRICH", "offsetStart": 94, "offsetEnd": 101}, "context": "We omit the reference systems included with the BEAR benchmark since they are outperformed by OSTRICH [TSH + 19].", "mentionContextAttributes": {"used": {"value": true, "score": 0.9265926480293274}, "created": {"value": false, "score": 7.510185241699219e-06}, "shared": {"value": false, "score": 1.1920928955078125e-07}}, "documentContextAttributes": {"used": {"value": true, "score": 0.999833345413208}, "created": {"value": true, "score": 0.9999290108680725}, "shared": {"value": false, "score": 2.980232238769531e-07}}}, {"type": "software", "software-type": "software", "wikidataId": "Q54871", "wikipediaExternalRef": 2574343, "lang": "en", "confidence": 0.9098, "software-name": {"rawForm": "SPARQL", "normalizedForm": "SPARQL", "wikidataId": "Q54871", "wikipediaExternalRef": 2574343, "lang": "en", "confidence": 0.9098, "offsetStart": 240, "offsetEnd": 246}, "context": "Besides the change stores, there is an index with addition and deletion counts for all possible triple patterns, e.g., ?s, ?p, ?o or ?s, cityIn, ?o , which can be used to efficiently compute cardinality estimations -particularly useful for SPARQL engines.", "mentionContextAttributes": {"used": {"value": false, "score": 0.0014712810516357422}, "created": {"value": false, "score": 0.0001621246337890625}, "shared": {"value": false, "score": 2.384185791015625e-07}}, "documentContextAttributes": {"used": {"value": true, "score": 0.9995176196098328}, "created": {"value": false, "score": 0.38700777292251587}, "shared": {"value": false, "score": 2.980232238769531e-07}}}], "references": [], "runtime": 93018, "id": "eea78ba196d2f5f6d9e1c8136492159ae5954943", "metadata": {"id": "eea78ba196d2f5f6d9e1c8136492159ae5954943"}, "original_file_path": "../../datalake/Samuel/SOFTware-Sync/data/xml_not_sofctied/hal-04388912.grobid.tei.xml", "file_name": "hal-04388912.grobid.tei.xml"}