{"application": "software-mentions", "version": "0.8.0", "date": "2024-04-12T17:07+0000", "md5": "32FB96826BD9F06A28BF5E5C7FB04B3B", "mentions": [{"type": "software", "software-type": "software", "software-name": {"rawForm": "SPBv", "normalizedForm": "SPBv", "offsetStart": 0, "offsetEnd": 4}, "context": "SPBv [9] is a benchmark for RDF archives that consists of a data generator based on the Semantic Publishing Benchmark (SPB) [16] from the Linked Data Benchmark Council (LDBC) [7].", "mentionContextAttributes": {"used": {"value": false, "score": 0.054908573627471924}, "created": {"value": false, "score": 1.329183578491211e-05}, "shared": {"value": false, "score": 1.7881393432617188e-07}}, "documentContextAttributes": {"used": {"value": true, "score": 0.9460881352424622}, "created": {"value": false, "score": 0.0003107786178588867}, "shared": {"value": false, "score": 2.980232238769531e-07}}, "references": [{"label": "[9]", "normalizedForm": "[9]", "refKey": 9, "offsetStart": 5903, "offsetEnd": 5906}]}, {"type": "software", "software-type": "software", "software-name": {"rawForm": "EvoGen", "normalizedForm": "EvoGen", "offsetStart": 0, "offsetEnd": 6}, "context": "EvoGen [15] Synthetic -/+ -+ + BEAR [1] Real-world + + --SPBv [9] Synthetic -/+ -+ +", "mentionContextAttributes": {"used": {"value": true, "score": 0.9460881352424622}, "created": {"value": false, "score": 3.2782554626464844e-06}, "shared": {"value": false, "score": 2.980232238769531e-07}}, "documentContextAttributes": {"used": {"value": true, "score": 0.9460881352424622}, "created": {"value": false, "score": 0.0003107786178588867}, "shared": {"value": false, "score": 2.980232238769531e-07}}, "references": [{"label": "[15]", "normalizedForm": "[15]", "refKey": 15, "offsetStart": 9688, "offsetEnd": 9692}]}, {"type": "software", "software-type": "software", "software-name": {"rawForm": "EvoGen", "normalizedForm": "EvoGen", "offsetStart": 0, "offsetEnd": 11}, "context": "EvoGen [15] is a benchmark based on the LUBM [8] data generator extended to support evolving RDF scenarios. ", "mentionContextAttributes": {"used": {"value": false, "score": 0.000952303409576416}, "created": {"value": false, "score": 0.0001621246337890625}, "shared": {"value": false, "score": 1.7881393432617188e-07}}, "documentContextAttributes": {"used": {"value": true, "score": 0.9460881352424622}, "created": {"value": false, "score": 0.0003107786178588867}, "shared": {"value": false, "score": 2.980232238769531e-07}}, "references": [{"label": "[9]", "normalizedForm": "[9]", "refKey": 9}]}, {"type": "software", "software-type": "software", "software-name": {"rawForm": "EvoGen", "normalizedForm": "EvoGen", "offsetStart": 5, "offsetEnd": 16}, "context": "Both EvoGen [15] and SPBv [9] provide SPARQL queries of varied nature, but only focus on the generation of one restrictive type of datasets, which have not been evaluated realism, e.g., via the coherence metric [6]. ", "mentionContextAttributes": {"used": {"value": false, "score": 0.0001747608184814453}, "created": {"value": false, "score": 4.708766937255859e-06}, "shared": {"value": false, "score": 1.7881393432617188e-07}}, "documentContextAttributes": {"used": {"value": true, "score": 0.9460881352424622}, "created": {"value": false, "score": 0.0003107786178588867}, "shared": {"value": false, "score": 2.980232238769531e-07}}, "references": [{"label": "[9]", "normalizedForm": "[9]", "refKey": 9, "offsetStart": 10210, "offsetEnd": 10213}]}, {"type": "software", "software-type": "software", "software-name": {"rawForm": "SPBv", "normalizedForm": "SPBv", "offsetStart": 21, "offsetEnd": 29}, "context": "Both EvoGen [15] and SPBv [9] provide SPARQL queries of varied nature, but only focus on the generation of one restrictive type of datasets, which have not been evaluated realism, e.g., via the coherence metric [6]. ", "mentionContextAttributes": {"used": {"value": false, "score": 0.0001747608184814453}, "created": {"value": false, "score": 4.708766937255859e-06}, "shared": {"value": false, "score": 1.7881393432617188e-07}}, "documentContextAttributes": {"used": {"value": true, "score": 0.9460881352424622}, "created": {"value": false, "score": 0.0003107786178588867}, "shared": {"value": false, "score": 2.980232238769531e-07}}, "references": [{"label": "[9]", "normalizedForm": "[9]", "refKey": 9}]}, {"type": "software", "software-type": "software", "software-name": {"rawForm": "SPBv", "normalizedForm": "SPBv", "offsetStart": 57, "offsetEnd": 61}, "context": "EvoGen [15] Synthetic -/+ -+ + BEAR [1] Real-world + + --SPBv [9] Synthetic -/+ -+ +", "mentionContextAttributes": {"used": {"value": true, "score": 0.9460881352424622}, "created": {"value": false, "score": 3.2782554626464844e-06}, "shared": {"value": false, "score": 2.980232238769531e-07}}, "documentContextAttributes": {"used": {"value": true, "score": 0.9460881352424622}, "created": {"value": false, "score": 0.0003107786178588867}, "shared": {"value": false, "score": 2.980232238769531e-07}}, "references": [{"label": "[9]", "normalizedForm": "[9]", "refKey": 9, "offsetStart": 9743, "offsetEnd": 9746}]}, {"type": "software", "software-type": "software", "software-name": {"rawForm": "EvoGen", "normalizedForm": "EvoGen", "offsetStart": 142, "offsetEnd": 148}, "context": "Due to being a relatively new area in RDF data management, we only account for three benchmarks tailored for RDF archiving in the literature: EvoGen [15], BEAR [1], and SPBv [9].", "mentionContextAttributes": {"used": {"value": false, "score": 0.06338620185852051}, "created": {"value": false, "score": 0.0003107786178588867}, "shared": {"value": false, "score": 1.7881393432617188e-07}}, "documentContextAttributes": {"used": {"value": true, "score": 0.9460881352424622}, "created": {"value": false, "score": 0.0003107786178588867}, "shared": {"value": false, "score": 2.980232238769531e-07}}, "references": [{"label": "[15]", "normalizedForm": "[15]", "refKey": 15, "offsetStart": 4994, "offsetEnd": 4998}, {"label": "[1]", "normalizedForm": "[1]", "refKey": 1, "offsetStart": 5005, "offsetEnd": 5008}]}, {"type": "software", "software-type": "software", "software-name": {"rawForm": "SPBv", "normalizedForm": "SPBv", "offsetStart": 169, "offsetEnd": 173}, "context": "Due to being a relatively new area in RDF data management, we only account for three benchmarks tailored for RDF archiving in the literature: EvoGen [15], BEAR [1], and SPBv [9].", "mentionContextAttributes": {"used": {"value": false, "score": 0.0633859634399414}, "created": {"value": false, "score": 0.0003107786178588867}, "shared": {"value": false, "score": 1.7881393432617188e-07}}, "documentContextAttributes": {"used": {"value": true, "score": 0.9460881352424622}, "created": {"value": false, "score": 0.0003107786178588867}, "shared": {"value": false, "score": 2.980232238769531e-07}}, "references": [{"label": "[9]", "normalizedForm": "[9]", "refKey": 9, "offsetStart": 5019, "offsetEnd": 5022}]}], "references": [{"refKey": 9, "tei": "<biblStruct xml:id=\"b9\">\n\t<analytic>\n\t\t<title level=\"a\" type=\"main\">Framing Big Data in the Council of Europe and the EU Data Protection Law Systems: Adding \u2018Should\u2019 to \u2018Must\u2019 via Soft Law To Address More Than Only Individual Harms</title>\n\t\t<author>\n\t\t\t<persName><forename type=\"first\">Vagelis</forename><surname>Papakonstantinou</surname></persName>\n\t\t</author>\n\t\t<author>\n\t\t\t<persName><forename type=\"first\">G</forename><surname>Flouris</surname></persName>\n\t\t</author>\n\t\t<author>\n\t\t\t<persName><forename type=\"first\">I</forename><surname>Fundulaki</surname></persName>\n\t\t</author>\n\t\t<author>\n\t\t\t<persName><forename type=\"first\">K</forename><surname>Stefanidis</surname></persName>\n\t\t</author>\n\t\t<author>\n\t\t\t<persName><forename type=\"first\">Y</forename><surname>Roussakis</surname></persName>\n\t\t</author>\n\t\t<idno type=\"DOI\">10.2139/ssrn.3883191</idno>\n\t</analytic>\n\t<monogr>\n\t\t<title level=\"j\">SSRN Electronic Journal</title>\n\t\t<title level=\"j\" type=\"abbrev\">SSRN Journal</title>\n\t\t<idno type=\"ISSNe\">1556-5068</idno>\n\t\t<imprint>\n\t\t\t<date type=\"published\" when=\"2021\">1932. 2017</date>\n\t\t\t<publisher>Elsevier BV</publisher>\n\t\t</imprint>\n\t</monogr>\n</biblStruct>\n"}, {"refKey": 15, "tei": "<biblStruct xml:id=\"b15\">\n\t<analytic>\n\t\t<title level=\"a\" type=\"main\">RDF Resource Search and Exploration with LinkZoo</title>\n\t\t<author>\n\t\t\t<persName><forename type=\"first\">Marios</forename><surname>Meimaris</surname></persName>\n\t\t</author>\n\t\t<author>\n\t\t\t<persName><forename type=\"first\">George</forename><surname>Alexiou</surname></persName>\n\t\t</author>\n\t\t<author>\n\t\t\t<persName><forename type=\"first\">Katerina</forename><surname>Gkirtzou</surname></persName>\n\t\t</author>\n\t\t<author>\n\t\t\t<persName><forename type=\"first\">George</forename><surname>Papastefanatos</surname></persName>\n\t\t</author>\n\t\t<author>\n\t\t\t<persName><forename type=\"first\">Theodore</forename><surname>Dalamagas</surname></persName>\n\t\t</author>\n\t\t<idno type=\"DOI\">10.5220/0005499602320239</idno>\n\t</analytic>\n\t<monogr>\n\t\t<title level=\"m\">Proceedings of 4th International Conference on Data Management Technologies and Applications</title>\n\t\t<meeting>4th International Conference on Data Management Technologies and Applications</meeting>\n\t\t<imprint>\n\t\t\t<publisher>SCITEPRESS - Science and and Technology Publications</publisher>\n\t\t\t<date type=\"published\" when=\"2015\">2016</date>\n\t\t\t<biblScope unit=\"page\">35</biblScope>\n\t\t</imprint>\n\t</monogr>\n</biblStruct>\n"}, {"refKey": 1, "tei": "<biblStruct xml:id=\"b1\">\n\t<analytic>\n\t\t<title level=\"a\" type=\"main\">Evaluating Query and Storage Strategies for RDF Archives</title>\n\t\t<author>\n\t\t\t<persName><forename type=\"first\">Javier</forename><forename type=\"middle\">D</forename><surname>Fern\u00e1ndez</surname></persName>\n\t\t</author>\n\t\t<author>\n\t\t\t<persName><forename type=\"first\">J\u00fcrgen</forename><surname>Umbrich</surname></persName>\n\t\t</author>\n\t\t<author>\n\t\t\t<persName><forename type=\"first\">Axel</forename><surname>Polleres</surname></persName>\n\t\t</author>\n\t\t<author>\n\t\t\t<persName><forename type=\"first\">Magnus</forename><surname>Knuth</surname></persName>\n\t\t</author>\n\t\t<idno type=\"DOI\">10.1145/2993318.2993333</idno>\n\t</analytic>\n\t<monogr>\n\t\t<title level=\"m\">Proceedings of the 12th International Conference on Semantic Systems</title>\n\t\t<meeting>the 12th International Conference on Semantic Systems</meeting>\n\t\t<imprint>\n\t\t\t<publisher>ACM</publisher>\n\t\t\t<date type=\"published\" when=\"2016-09-12\">2019</date>\n\t\t\t<biblScope unit=\"volume\">10</biblScope>\n\t\t\t<biblScope unit=\"page\">291</biblScope>\n\t\t</imprint>\n\t</monogr>\n</biblStruct>\n"}], "runtime": 4657, "id": "26008d1f1806edecded11f1d870ca86f818b5de1", "metadata": {"id": "26008d1f1806edecded11f1d870ca86f818b5de1"}, "original_file_path": "../../datalake/Samuel/SOFTware-Sync/data/xml_not_sofctied/hal-04389014.grobid.tei.xml", "file_name": "hal-04389014.grobid.tei.xml"}