{"application": "software-mentions", "version": "0.8.0", "date": "2024-04-12T17:09+0000", "md5": "15B9A2C0BD2E3DCC05DF8C0DE90077C5", "mentions": [{"type": "software", "software-type": "software", "software-name": {"rawForm": "pdfalto", "normalizedForm": "pdfalto", "offsetStart": 16, "offsetEnd": 23}, "context": "More precisely, pdfalto is a tool for parsing PDF files and producing an XML representation of the PDF content in the ALTO 5 standard format, with information about page geometry, individual text tokens and lines, font styles, etc.", "mentionContextAttributes": {"used": {"value": false, "score": 3.0338764190673828e-05}, "created": {"value": false, "score": 0.058105409145355225}, "shared": {"value": false, "score": 3.039836883544922e-06}}, "documentContextAttributes": {"used": {"value": true, "score": 0.8742351531982422}, "created": {"value": false, "score": 0.058105409145355225}, "shared": {"value": false, "score": 3.039836883544922e-06}}}, {"type": "software", "software-type": "software", "wikidataId": "Q494817", "wikipediaExternalRef": 1520204, "lang": "en", "confidence": 0.8979, "software-name": {"rawForm": "Google Scholar", "normalizedForm": "Google Scholar", "wikidataId": "Q494817", "wikipediaExternalRef": 1520204, "lang": "en", "confidence": 0.8979, "offsetStart": 40, "offsetEnd": 55}, "context": "Second, academic search engines such as Google Scholar1 or BASE Search2 , which index PDF articles found in preprint repositories and on the Web at large could derive information about where a document was published (e.g., that it is published at an ACM or IEEE venue) based on its document class.", "mentionContextAttributes": {"used": {"value": true, "score": 0.6892661452293396}, "created": {"value": false, "score": 0.00015544891357421875}, "shared": {"value": false, "score": 4.231929779052734e-06}}, "documentContextAttributes": {"used": {"value": true, "score": 0.6892661452293396}, "created": {"value": false, "score": 0.00015544891357421875}, "shared": {"value": false, "score": 4.231929779052734e-06}}}, {"type": "software", "software-type": "software", "software-name": {"rawForm": "scikit", "normalizedForm": "scikit", "offsetStart": 48, "offsetEnd": 54}, "context": "We used the random forest implementation of the scikit-learn [17] Python library.", "mentionContextAttributes": {"used": {"value": true, "score": 0.9999836087226868}, "created": {"value": false, "score": 7.68899917602539e-06}, "shared": {"value": false, "score": 1.7881393432617188e-07}}, "documentContextAttributes": {"used": {"value": true, "score": 0.9999836087226868}, "created": {"value": false, "score": 7.68899917602539e-06}, "shared": {"value": false, "score": 1.7881393432617188e-07}}, "references": [{"label": "[17]", "normalizedForm": "[17]", "refKey": 17, "offsetStart": 30780, "offsetEnd": 30784}]}, {"type": "software", "software-type": "software", "software-name": {"rawForm": "BASE Search", "normalizedForm": "BASE Search", "offsetStart": 59, "offsetEnd": 71}, "context": "Second, academic search engines such as Google Scholar1 or BASE Search2 , which index PDF articles found in preprint repositories and on the Web at large could derive information about where a document was published (e.g., that it is published at an ACM or IEEE venue) based on its document class.", "mentionContextAttributes": {"used": {"value": true, "score": 0.6892661452293396}, "created": {"value": false, "score": 0.00015544891357421875}, "shared": {"value": false, "score": 4.231929779052734e-06}}, "documentContextAttributes": {"used": {"value": true, "score": 0.6892661452293396}, "created": {"value": false, "score": 0.00015544891357421875}, "shared": {"value": false, "score": 4.231929779052734e-06}}}, {"type": "software", "software-type": "implicit", "software-name": {"rawForm": "library", "normalizedForm": "library", "offsetStart": 73, "offsetEnd": 80}, "context": "We used the random forest implementation of the scikit-learn [17] Python library.", "mentionContextAttributes": {"used": {"value": true, "score": 0.9999836087226868}, "created": {"value": false, "score": 7.68899917602539e-06}, "shared": {"value": false, "score": 1.7881393432617188e-07}}, "documentContextAttributes": {"used": {"value": true, "score": 0.9999836087226868}, "created": {"value": false, "score": 7.68899917602539e-06}, "shared": {"value": false, "score": 1.7881393432617188e-07}}}, {"type": "software", "software-type": "software", "software-name": {"rawForm": "GROBID", "normalizedForm": "GROBID", "offsetStart": 75, "offsetEnd": 86}, "context": "First, systems for information extraction over scholarly articles (such as GROBID [14] for metadata extraction or TheoremKB [15] for extraction of mathematical statements) could benefit of knowing the document class to train better models: it is easier to know how to extract section headings, author's institutions or statements of theorems when the document class if known and all these elements are formatted similarly from one article to the next. ", "mentionContextAttributes": {"used": {"value": false, "score": 0.012836575508117676}, "created": {"value": false, "score": 4.9173831939697266e-05}, "shared": {"value": false, "score": 7.748603820800781e-07}}, "documentContextAttributes": {"used": {"value": false, "score": 0.012836575508117676}, "created": {"value": false, "score": 4.9173831939697266e-05}, "shared": {"value": false, "score": 7.748603820800781e-07}}}, {"type": "software", "software-type": "software", "software-name": {"rawForm": "pdfalto 4", "normalizedForm": "pdfalto 4", "offsetStart": 116, "offsetEnd": 125}, "context": "In order to construct our set of features, we generate an XML representation of each paper, thanks to a tool called pdfalto 4 , which automatically reconstructs a structured line-based representation of a PDF document. ", "mentionContextAttributes": {"used": {"value": false, "score": 0.005685627460479736}, "created": {"value": true, "score": 0.9972752332687378}, "shared": {"value": false, "score": 1.2516975402832031e-06}}, "documentContextAttributes": {"used": {"value": false, "score": 0.005685627460479736}, "created": {"value": true, "score": 0.9972752332687378}, "shared": {"value": false, "score": 1.2516975402832031e-06}}}, {"type": "software", "software-type": "software", "software-name": {"rawForm": "Word", "normalizedForm": "Word", "offsetStart": 160, "offsetEnd": 164}, "publisher": {"rawForm": "Microsoft", "normalizedForm": "Microsoft", "offsetStart": 150, "offsetEnd": 159}, "context": "Indeed, for some of them, the L A T E X source is missing, for example in the case where the paper was written using word processing software such as Microsoft Word, making it impossible to infer any document class. ", "mentionContextAttributes": {"used": {"value": false, "score": 0.3649296164512634}, "created": {"value": false, "score": 0.00015115737915039062}, "shared": {"value": false, "score": 4.172325134277344e-07}}, "documentContextAttributes": {"used": {"value": false, "score": 0.3649296164512634}, "created": {"value": false, "score": 0.00015115737915039062}, "shared": {"value": false, "score": 4.172325134277344e-07}}}, {"type": "software", "software-type": "software", "software-name": {"rawForm": "pdfalto", "normalizedForm": "pdfalto", "offsetStart": 254, "offsetEnd": 261}, "context": "For others, document class extraction was ambiguous or impossible (e.g., some authors use Plain T E X instead of L A T E X or redefine the \\documentclass macro), or the extraction of ALTO or image representations was not possible (because of failures of pdfalto or of the bitmap rendering); for more on arXiv extraction issues, see [5, Section 6.2].", "mentionContextAttributes": {"used": {"value": true, "score": 0.8742351531982422}, "created": {"value": false, "score": 2.2649765014648438e-06}, "shared": {"value": false, "score": 4.76837158203125e-07}}, "documentContextAttributes": {"used": {"value": true, "score": 0.8742351531982422}, "created": {"value": false, "score": 0.058105409145355225}, "shared": {"value": false, "score": 3.039836883544922e-06}}}], "references": [{"refKey": 17, "tei": "<biblStruct xml:id=\"b17\">\n\t<analytic>\n\t\t<title level=\"a\" type=\"main\">Scikit-learn: Machine Learning in Python</title>\n\t\t<author>\n\t\t\t<persName><forename type=\"first\">F</forename><surname>Pedregosa</surname></persName>\n\t\t</author>\n\t\t<author>\n\t\t\t<persName><forename type=\"first\">G</forename><surname>Varoquaux</surname></persName>\n\t\t</author>\n\t\t<author>\n\t\t\t<persName><forename type=\"first\">A</forename><surname>Gramfort</surname></persName>\n\t\t</author>\n\t\t<author>\n\t\t\t<persName><forename type=\"first\">V</forename><surname>Michel</surname></persName>\n\t\t</author>\n\t\t<author>\n\t\t\t<persName><forename type=\"first\">B</forename><surname>Thirion</surname></persName>\n\t\t</author>\n\t\t<author>\n\t\t\t<persName><forename type=\"first\">O</forename><surname>Grisel</surname></persName>\n\t\t</author>\n\t\t<author>\n\t\t\t<persName><forename type=\"first\">M</forename><surname>Blondel</surname></persName>\n\t\t</author>\n\t\t<author>\n\t\t\t<persName><forename type=\"first\">P</forename><surname>Prettenhofer</surname></persName>\n\t\t</author>\n\t\t<author>\n\t\t\t<persName><forename type=\"first\">R</forename><surname>Weiss</surname></persName>\n\t\t</author>\n\t\t<author>\n\t\t\t<persName><forename type=\"first\">V</forename><surname>Dubourg</surname></persName>\n\t\t</author>\n\t\t<author>\n\t\t\t<persName><forename type=\"first\">J</forename><surname>Vanderplas</surname></persName>\n\t\t</author>\n\t\t<author>\n\t\t\t<persName><forename type=\"first\">A</forename><surname>Passos</surname></persName>\n\t\t</author>\n\t\t<author>\n\t\t\t<persName><forename type=\"first\">D</forename><surname>Cournapeau</surname></persName>\n\t\t</author>\n\t\t<author>\n\t\t\t<persName><forename type=\"first\">M</forename><surname>Brucher</surname></persName>\n\t\t</author>\n\t\t<author>\n\t\t\t<persName><forename type=\"first\">M</forename><surname>Perrot</surname></persName>\n\t\t</author>\n\t\t<author>\n\t\t\t<persName><forename type=\"first\">E</forename><surname>Duchesnay</surname></persName>\n\t\t</author>\n\t</analytic>\n\t<monogr>\n\t\t<title level=\"j\">Journal of Machine Learning Research</title>\n\t\t<imprint>\n\t\t\t<biblScope unit=\"volume\">12</biblScope>\n\t\t\t<biblScope unit=\"page\">2830</biblScope>\n\t\t\t<date>2011. 2011</date>\n\t\t</imprint>\n\t</monogr>\n</biblStruct>\n"}], "runtime": 132391, "id": "f24ca958d1b40a5e3fac3ab47c2ef46d0c7375c4", "metadata": {"id": "f24ca958d1b40a5e3fac3ab47c2ef46d0c7375c4"}, "original_file_path": "../../datalake/Samuel/SOFTware-Sync/data/xml_not_sofctied/hal-04138880.grobid.tei.xml", "file_name": "hal-04138880.grobid.tei.xml"}