{"application": "software-mentions", "version": "0.8.0", "date": "2024-04-12T16:12+0000", "md5": "8358EC7304111647B6FB4307D95E8AE7", "mentions": [{"type": "software", "software-type": "software", "software-name": {"rawForm": "ElectraForTokenClassification", "normalizedForm": "ElectraForTokenClassification", "offsetStart": 0, "offsetEnd": 29}, "context": "ElectraForTokenClassification relies on a novel pre-training method called \"discriminative pre-training,\" where a generator and a discriminator are trained to enhance the quality of the learned representations. ", "mentionContextAttributes": {"used": {"value": false, "score": 5.728006362915039e-05}, "created": {"value": false, "score": 0.0006187558174133301}, "shared": {"value": false, "score": 2.980232238769531e-07}}, "documentContextAttributes": {"used": {"value": false, "score": 5.728006362915039e-05}, "created": {"value": false, "score": 0.0006187558174133301}, "shared": {"value": false, "score": 2.980232238769531e-07}}}, {"type": "software", "software-type": "software", "software-name": {"rawForm": "Py-Torch", "normalizedForm": "Py-Torch", "offsetStart": 7, "offsetEnd": 15}, "version": {"rawForm": "1.7.0", "normalizedForm": "1.7.0", "offsetStart": 16, "offsetEnd": 21}, "context": "and on Py-Torch 1.7.0. ", "mentionContextAttributes": {"used": {"value": true, "score": 0.9998185634613037}, "created": {"value": false, "score": 1.7583370208740234e-05}, "shared": {"value": false, "score": 6.556510925292969e-07}}, "documentContextAttributes": {"used": {"value": true, "score": 0.9998185634613037}, "created": {"value": false, "score": 1.7583370208740234e-05}, "shared": {"value": false, "score": 6.556510925292969e-07}}}, {"type": "software", "software-type": "software", "software-name": {"rawForm": "HuggingFace 6", "normalizedForm": "HuggingFace 6", "offsetStart": 32, "offsetEnd": 45}, "version": {"rawForm": "4.30.", "normalizedForm": "4.30", "offsetStart": 54, "offsetEnd": 59}, "context": "The implementation was based on HuggingFace 6 version 4.30. ", "mentionContextAttributes": {"used": {"value": true, "score": 0.9986255764961243}, "created": {"value": false, "score": 7.194280624389648e-05}, "shared": {"value": false, "score": 4.172325134277344e-07}}, "documentContextAttributes": {"used": {"value": true, "score": 0.9986255764961243}, "created": {"value": false, "score": 7.194280624389648e-05}, "shared": {"value": false, "score": 4.172325134277344e-07}}}, {"type": "software", "software-type": "software", "software-name": {"rawForm": "spaCy  library", "normalizedForm": "spaCy library", "offsetStart": 37, "offsetEnd": 51}, "context": "The PoS tags were obtained using the spaCy8 library. ", "mentionContextAttributes": {"used": {"value": true, "score": 0.9999919533729553}, "created": {"value": false, "score": 4.231929779052734e-06}, "shared": {"value": false, "score": 2.980232238769531e-07}}, "documentContextAttributes": {"used": {"value": true, "score": 0.9999919533729553}, "created": {"value": false, "score": 4.231929779052734e-06}, "shared": {"value": false, "score": 2.980232238769531e-07}}}, {"type": "software", "software-type": "software", "wikidataId": "Q47509047", "wikipediaExternalRef": 54022970, "lang": "en", "confidence": 0.7826, "software-name": {"rawForm": "PyTorch", "normalizedForm": "PyTorch", "wikidataId": "Q47509047", "wikipediaExternalRef": 54022970, "lang": "en", "confidence": 0.7826, "offsetStart": 44, "offsetEnd": 51}, "context": "All models used Adam optimizer with default PyTorch parameters.", "mentionContextAttributes": {"used": {"value": true, "score": 0.9954574108123779}, "created": {"value": false, "score": 1.9669532775878906e-06}, "shared": {"value": false, "score": 2.980232238769531e-07}}, "documentContextAttributes": {"used": {"value": true, "score": 0.9954574108123779}, "created": {"value": false, "score": 1.9669532775878906e-06}, "shared": {"value": false, "score": 2.980232238769531e-07}}}, {"type": "software", "software-type": "software", "software-name": {"rawForm": "Argotario", "normalizedForm": "Argotario", "offsetStart": 112, "offsetEnd": 121}, "context": "The results obtained using their T5-large model yielded F1 scores of 41% for Propaganda, 62% for Logic, 59% for Argotario, 26% for Covid-19, and 17% for Climate, respectively.", "mentionContextAttributes": {"used": {"value": true, "score": 0.9999846816062927}, "created": {"value": false, "score": 1.4960765838623047e-05}, "shared": {"value": false, "score": 1.7881393432617188e-07}}, "documentContextAttributes": {"used": {"value": true, "score": 0.9999846816062927}, "created": {"value": false, "score": 0.4954637885093689}, "shared": {"value": false, "score": 0.004216611385345459}}, "references": [{"label": "(Habernal et al., 2017)", "normalizedForm": "Habernal et al., 2017", "refKey": 10}]}, {"type": "software", "software-type": "software", "software-name": {"rawForm": "Argotario", "normalizedForm": "Argotario", "offsetStart": 122, "offsetEnd": 131}, "context": "For instance, Habernal et al. (2017) aimed to improve fallacy detection by creating a publicly available software called \"Argotario\". ", "mentionContextAttributes": {"used": {"value": false, "score": 0.00016951560974121094}, "created": {"value": false, "score": 0.4954637885093689}, "shared": {"value": false, "score": 0.004216611385345459}}, "documentContextAttributes": {"used": {"value": true, "score": 0.9999846816062927}, "created": {"value": false, "score": 0.4954637885093689}, "shared": {"value": false, "score": 0.004216611385345459}}, "references": [{"label": "(Habernal et al., 2017)", "normalizedForm": "Habernal et al., 2017", "refKey": 10}]}, {"type": "software", "software-type": "software", "software-name": {"rawForm": "Argotario", "normalizedForm": "Argotario", "offsetStart": 149, "offsetEnd": 158}, "context": "This methodology involved leveraging multiple fallacy-based datasets, including Propaganda (Da San Martino et al., 2019b), Logic (Jin et al., 2022), Argotario (Habernal et al., 2017), Covid-19 (Musi et al., 2022), and Climate (Jin et al., 2022).", "mentionContextAttributes": {"used": {"value": true, "score": 0.922663688659668}, "created": {"value": false, "score": 0.0003948807716369629}, "shared": {"value": false, "score": 7.748603820800781e-07}}, "documentContextAttributes": {"used": {"value": true, "score": 0.9999846816062927}, "created": {"value": false, "score": 0.4954637885093689}, "shared": {"value": false, "score": 0.004216611385345459}}, "references": [{"label": "(Habernal et al., 2017)", "normalizedForm": "Habernal et al., 2017", "refKey": 10, "offsetStart": 9012, "offsetEnd": 9035}]}], "references": [{"refKey": 10, "tei": "<biblStruct xml:id=\"b10\">\n\t<analytic>\n\t\t<title level=\"a\" type=\"main\">Argotario: Computational Argumentation Meets Serious Games</title>\n\t\t<author>\n\t\t\t<persName><forename type=\"first\">Ivan</forename><surname>Habernal</surname></persName>\n\t\t</author>\n\t\t<author>\n\t\t\t<persName><forename type=\"first\">Raffael</forename><surname>Hannemann</surname></persName>\n\t\t</author>\n\t\t<author>\n\t\t\t<persName><forename type=\"first\">Christian</forename><surname>Pollak</surname></persName>\n\t\t</author>\n\t\t<author>\n\t\t\t<persName><forename type=\"first\">Christopher</forename><surname>Klamm</surname></persName>\n\t\t</author>\n\t\t<author>\n\t\t\t<persName><forename type=\"first\">Patrick</forename><surname>Pauli</surname></persName>\n\t\t</author>\n\t\t<author>\n\t\t\t<persName><forename type=\"first\">Iryna</forename><surname>Gurevych</surname></persName>\n\t\t</author>\n\t\t<idno type=\"DOI\">10.18653/v1/d17-2002</idno>\n\t</analytic>\n\t<monogr>\n\t\t<title level=\"m\">Proceedings of the 2017 Conference on Empirical Methods in Natural Language Processing: System Demonstrations</title>\n\t\t<meeting>the 2017 Conference on Empirical Methods in Natural Language Processing: System Demonstrations</meeting>\n\t\t<imprint>\n\t\t\t<publisher>Association for Computational Linguistics</publisher>\n\t\t\t<date type=\"published\" when=\"2017\">2017</date>\n\t\t\t<biblScope unit=\"page\">12</biblScope>\n\t\t</imprint>\n\t</monogr>\n</biblStruct>\n"}], "runtime": 53797, "id": "72b93af878a57d4bd772579f7fb33d0a3d3da4d9", "metadata": {"id": "72b93af878a57d4bd772579f7fb33d0a3d3da4d9"}, "original_file_path": "../../datalake/Samuel/SOFTware-Sync/data/xml_files/hal-04260221.grobid.tei.xml", "file_name": "hal-04260221.grobid.tei.xml"}