{"application": "software-mentions", "version": "0.8.0", "date": "2024-04-12T16:12+0000", "md5": "5365658AC8AD6E8FC787C3B0EA481649", "mentions": [{"type": "software", "software-type": "software", "software-name": {"rawForm": "Soundtrack Your Brand", "normalizedForm": "Soundtrack Your Brand", "offsetStart": 38, "offsetEnd": 60}, "context": "The explicit labels are obtained from Soundtrack Your Brand4 . ", "mentionContextAttributes": {"used": {"value": true, "score": 0.9883622527122498}, "created": {"value": false, "score": 0.0010318756103515625}, "shared": {"value": false, "score": 2.384185791015625e-07}}, "documentContextAttributes": {"used": {"value": true, "score": 0.9883622527122498}, "created": {"value": false, "score": 0.0010318756103515625}, "shared": {"value": false, "score": 2.384185791015625e-07}}}, {"type": "software", "software-type": "software", "wikidataId": "Q9589", "wikipediaExternalRef": 186266, "lang": "en", "confidence": 0.7358, "software-name": {"rawForm": "iTunes", "normalizedForm": "iTunes", "wikidataId": "Q9589", "wikipediaExternalRef": 186266, "lang": "en", "confidence": 0.7358, "offsetStart": 39, "offsetEnd": 45}, "context": "Since 2015, digital providers -such as iTunes, Spotify, Amazon Music and Deezer -also follow PAL guidelines and tag such tracks as \"explicit\". ", "mentionContextAttributes": {"used": {"value": false, "score": 0.0011270642280578613}, "created": {"value": false, "score": 0.00020104646682739258}, "shared": {"value": false, "score": 0.019910573959350586}}, "documentContextAttributes": {"used": {"value": false, "score": 0.0011270642280578613}, "created": {"value": false, "score": 0.00020104646682739258}, "shared": {"value": false, "score": 0.019910573959350586}}}, {"type": "software", "software-type": "software", "wikidataId": "Q689141", "wikipediaExternalRef": 20148343, "lang": "en", "confidence": 0.7609, "software-name": {"rawForm": "Spotify", "normalizedForm": "Spotify", "wikidataId": "Q689141", "wikipediaExternalRef": 20148343, "lang": "en", "confidence": 0.7609, "offsetStart": 47, "offsetEnd": 54}, "context": "Since 2015, digital providers -such as iTunes, Spotify, Amazon Music and Deezer -also follow PAL guidelines and tag such tracks as \"explicit\". ", "mentionContextAttributes": {"used": {"value": false, "score": 0.0011270642280578613}, "created": {"value": false, "score": 0.00020104646682739258}, "shared": {"value": false, "score": 0.019910573959350586}}, "documentContextAttributes": {"used": {"value": false, "score": 0.0011270642280578613}, "created": {"value": false, "score": 0.00020104646682739258}, "shared": {"value": false, "score": 0.019910573959350586}}}, {"type": "software", "software-type": "software", "software-name": {"rawForm": "Word2", "normalizedForm": "Word2", "offsetStart": 76, "offsetEnd": 81}, "context": "As is the default with TDS, corpus-specific word vectors were trained using Word2Vec (Mikolov et al., 2013) with dimensionality 128. ", "mentionContextAttributes": {"used": {"value": true, "score": 0.9999902248382568}, "created": {"value": false, "score": 4.5299530029296875e-06}, "shared": {"value": false, "score": 1.1920928955078125e-07}}, "documentContextAttributes": {"used": {"value": true, "score": 0.9999902248382568}, "created": {"value": false, "score": 4.5299530029296875e-06}, "shared": {"value": false, "score": 1.1920928955078125e-07}}, "references": [{"label": "(Mikolov et al., 2013)", "normalizedForm": "Mikolov et al., 2013", "refKey": 11, "offsetStart": 13362, "offsetEnd": 13384}]}, {"type": "software", "software-type": "software", "software-name": {"rawForm": "GloVe", "normalizedForm": "GloVe", "offsetStart": 92, "offsetEnd": 97}, "context": "This was not the case as TDS performed almost identically, when using generic word vectors (GloVe, 200d): 80.4% P, 78.7% R, 79.5% F 1 .", "mentionContextAttributes": {"used": {"value": true, "score": 0.9999719858169556}, "created": {"value": false, "score": 1.1086463928222656e-05}, "shared": {"value": false, "score": 2.384185791015625e-07}}, "documentContextAttributes": {"used": {"value": true, "score": 0.9999719858169556}, "created": {"value": false, "score": 1.1086463928222656e-05}, "shared": {"value": false, "score": 2.384185791015625e-07}}}], "references": [{"refKey": 11, "tei": "<biblStruct xml:id=\"b11\">\n\t<monogr>\n\t\t<author>\n\t\t\t<persName><forename type=\"first\">Tomas</forename><surname>Mikolov</surname></persName>\n\t\t</author>\n\t\t<author>\n\t\t\t<persName><forename type=\"first\">Kai</forename><surname>Chen</surname></persName>\n\t\t</author>\n\t\t<author>\n\t\t\t<persName><forename type=\"first\">Greg</forename><surname>Corrado</surname></persName>\n\t\t</author>\n\t\t<author>\n\t\t\t<persName><forename type=\"first\">Jeffrey</forename><surname>Dean</surname></persName>\n\t\t</author>\n\t\t<idno>arXiv:1301.3781</idno>\n\t\t<title level=\"m\">Efficient estimation of word representations in vector space</title>\n\t\t<imprint>\n\t\t\t<date>2013</date>\n\t\t</imprint>\n\t</monogr>\n</biblStruct>\n"}], "runtime": 62600, "id": "57c75353fd5004b6b44cfa2c6cd994196aa52572", "metadata": {"id": "57c75353fd5004b6b44cfa2c6cd994196aa52572"}, "original_file_path": "../../datalake/Samuel/SOFTware-Sync/data/xml_files/hal-02281137.grobid.tei.xml", "file_name": "hal-02281137.grobid.tei.xml"}