{"application": "software-mentions", "version": "0.8.0", "date": "2024-04-12T17:27+0000", "md5": "A703AA2CB2B10F60778576BE1904A3D6", "mentions": [{"type": "software", "software-type": "software", "software-name": {"rawForm": "SPARQL", "normalizedForm": "SPARQL", "offsetStart": 11, "offsetEnd": 17}, "context": "An example SPARQL query retrieving daily average temperatures in the french region 'Nouvelle Acquitaine' during 2021 is presented in listing 1.", "mentionContextAttributes": {"used": {"value": false, "score": 0.003916144371032715}, "created": {"value": false, "score": 5.781650543212891e-06}, "shared": {"value": false, "score": 1.7881393432617188e-07}}, "documentContextAttributes": {"used": {"value": true, "score": 0.9946760535240173}, "created": {"value": true, "score": 0.9997297525405884}, "shared": {"value": true, "score": 0.8986682891845703}}}, {"type": "software", "software-type": "software", "software-name": {"rawForm": "SPARQL", "normalizedForm": "SPARQL", "offsetStart": 18, "offsetEnd": 24}, "context": "A benchmark of 20 SPARQL queries serving as examples to illustrate how WeKG-MF can be queried is available 10 .", "mentionContextAttributes": {"used": {"value": false, "score": 0.0007696151733398438}, "created": {"value": false, "score": 4.965066909790039e-05}, "shared": {"value": false, "score": 1.7881393432617188e-07}}, "documentContextAttributes": {"used": {"value": true, "score": 0.9946760535240173}, "created": {"value": true, "score": 0.9997297525405884}, "shared": {"value": true, "score": 0.8986682891845703}}}, {"type": "software", "software-type": "software", "software-name": {"rawForm": "Web", "normalizedForm": "Web", "offsetStart": 30, "offsetEnd": 33}, "context": "In the current version of our Web application, we defined and implemented 14 different agro-meteorological in SPARQL. ", "mentionContextAttributes": {"used": {"value": false, "score": 6.669759750366211e-05}, "created": {"value": true, "score": 0.9997297525405884}, "shared": {"value": false, "score": 2.980232238769531e-07}}, "documentContextAttributes": {"used": {"value": false, "score": 6.669759750366211e-05}, "created": {"value": true, "score": 0.9997297525405884}, "shared": {"value": false, "score": 8.940696716308594e-07}}}, {"type": "software", "software-type": "software", "software-name": {"rawForm": "Web", "normalizedForm": "Web", "offsetStart": 41, "offsetEnd": 44}, "context": "In our previous work [2], we developed a Web application which demonstrates an interactive visualization to explore atomic observations and slices included in the WeKG-MF graph at different levels of temporal and spatial details.", "mentionContextAttributes": {"used": {"value": false, "score": 4.4405460357666016e-05}, "created": {"value": true, "score": 0.9996539354324341}, "shared": {"value": false, "score": 8.940696716308594e-07}}, "documentContextAttributes": {"used": {"value": false, "score": 6.669759750366211e-05}, "created": {"value": true, "score": 0.9997297525405884}, "shared": {"value": false, "score": 8.940696716308594e-07}}}, {"type": "software", "software-type": "software", "software-name": {"rawForm": "SPARQL", "normalizedForm": "SPARQL", "offsetStart": 41, "offsetEnd": 47}, "context": "As an example, Listing 2 illustrates the SPARQL query to calculate \ud835\udc3a\ud835\udc37\ud835\udc37, \ud835\udc3a\ud835\udc46\ud835\udc47 \ud835\udc4e\ud835\udc63\ud835\udc54 and total rainfall recorded in French weather stations (in the Northern hemisphere, lat\u22650) during 2021. ", "mentionContextAttributes": {"used": {"value": true, "score": 0.6152028441429138}, "created": {"value": false, "score": 4.589557647705078e-06}, "shared": {"value": false, "score": 1.7881393432617188e-07}}, "documentContextAttributes": {"used": {"value": true, "score": 0.9946760535240173}, "created": {"value": true, "score": 0.9997297525405884}, "shared": {"value": true, "score": 0.8986682891845703}}}, {"type": "software", "software-type": "software", "software-name": {"rawForm": "SPARQL", "normalizedForm": "SPARQL", "offsetStart": 44, "offsetEnd": 50}, "context": "We implemented these calculation methods in SPARQL and stored query results as part of the WeKG-MF graph.", "mentionContextAttributes": {"used": {"value": true, "score": 0.8271310925483704}, "created": {"value": true, "score": 0.9928451180458069}, "shared": {"value": false, "score": 1.7881393432617188e-07}}, "documentContextAttributes": {"used": {"value": true, "score": 0.9946760535240173}, "created": {"value": true, "score": 0.9997297525405884}, "shared": {"value": true, "score": 0.8986682891845703}}}, {"type": "software", "software-type": "software", "software-name": {"rawForm": "SPARQL", "normalizedForm": "SPARQL", "offsetStart": 58, "offsetEnd": 64}, "context": "We adopted a strategy which consists in combining several SPARQL CONSTRUCT queries, whose results sets are integrated into the spatio-temporal slice of daily maximum, minimum and mean air temperatures as well as daily total precipitation.", "mentionContextAttributes": {"used": {"value": false, "score": 0.00034165382385253906}, "created": {"value": true, "score": 0.9279196262359619}, "shared": {"value": false, "score": 1.7881393432617188e-07}}, "documentContextAttributes": {"used": {"value": true, "score": 0.9946760535240173}, "created": {"value": true, "score": 0.9997297525405884}, "shared": {"value": true, "score": 0.8986682891845703}}}, {"type": "software", "software-type": "software", "software-name": {"rawForm": "SPARQL", "normalizedForm": "SPARQL", "offsetStart": 61, "offsetEnd": 67}, "context": "https://github.com/NadiaYA2019/DemoKGViz-1/blob/main/WeKG-MF-SPARQL-Queries.ipynb", "mentionContextAttributes": {"used": {"value": false, "score": 0.00012069940567016602}, "created": {"value": false, "score": 2.0205974578857422e-05}, "shared": {"value": true, "score": 0.8986682891845703}}, "documentContextAttributes": {"used": {"value": true, "score": 0.9946760535240173}, "created": {"value": true, "score": 0.9997297525405884}, "shared": {"value": true, "score": 0.8986682891845703}}}, {"type": "software", "software-type": "software", "software-name": {"rawForm": "SPARQL", "normalizedForm": "SPARQL", "offsetStart": 71, "offsetEnd": 77}, "context": "In this paper, we present our work to formalize and implement a set of SPARQL queries to compute agro-meteorological parameters based on WeKG-MF, and to deploy a LOD platform allowing users to navigate, consume, visualize and produce linked datasets of agrometerological parameters calculated on-the-fly on WeKG-MF.", "mentionContextAttributes": {"used": {"value": false, "score": 0.00014066696166992188}, "created": {"value": true, "score": 0.9949100613594055}, "shared": {"value": false, "score": 2.9206275939941406e-06}}, "documentContextAttributes": {"used": {"value": true, "score": 0.9946760535240173}, "created": {"value": true, "score": 0.9997297525405884}, "shared": {"value": true, "score": 0.8986682891845703}}}, {"type": "software", "software-type": "software", "software-name": {"rawForm": "SPARQL", "normalizedForm": "SPARQL", "offsetStart": 82, "offsetEnd": 88}, "context": "It is compliant with linked open data best practices [1] and accessible through a SPARQL endpoint 1 .", "mentionContextAttributes": {"used": {"value": false, "score": 0.0028049349784851074}, "created": {"value": false, "score": 3.844499588012695e-05}, "shared": {"value": false, "score": 0.0006555914878845215}}, "documentContextAttributes": {"used": {"value": true, "score": 0.9946760535240173}, "created": {"value": true, "score": 0.9997297525405884}, "shared": {"value": true, "score": 0.8986682891845703}}}, {"type": "software", "software-type": "software", "software-name": {"rawForm": "SPARQL", "normalizedForm": "SPARQL", "offsetStart": 110, "offsetEnd": 116}, "context": "In the current version of our Web application, we defined and implemented 14 different agro-meteorological in SPARQL. ", "mentionContextAttributes": {"used": {"value": false, "score": 6.669759750366211e-05}, "created": {"value": true, "score": 0.9997297525405884}, "shared": {"value": false, "score": 2.980232238769531e-07}}, "documentContextAttributes": {"used": {"value": true, "score": 0.9946760535240173}, "created": {"value": true, "score": 0.9997297525405884}, "shared": {"value": true, "score": 0.8986682891845703}}}, {"type": "software", "software-type": "software", "software-name": {"rawForm": "SPARQL", "normalizedForm": "SPARQL", "offsetStart": 114, "offsetEnd": 120}, "context": "Section 3, shows how WeKG-MF enables the calculation of relevant agro-meteorological parameters based on a set of SPARQL queries.", "mentionContextAttributes": {"used": {"value": false, "score": 0.0038691163063049316}, "created": {"value": false, "score": 6.0498714447021484e-05}, "shared": {"value": false, "score": 1.7881393432617188e-07}}, "documentContextAttributes": {"used": {"value": true, "score": 0.9946760535240173}, "created": {"value": true, "score": 0.9997297525405884}, "shared": {"value": true, "score": 0.8986682891845703}}}, {"type": "software", "software-type": "software", "software-name": {"rawForm": "SPARQL", "normalizedForm": "SPARQL", "offsetStart": 140, "offsetEnd": 146}, "context": "This allowed us to find a balance between calculating on-the-fly agro-meteorological parameters and pre-calculating and storing significant SPARQL queries results in order to manage the workload of the WeKG-MF SPARQL endpoint.", "mentionContextAttributes": {"used": {"value": true, "score": 0.9946760535240173}, "created": {"value": false, "score": 0.002028822898864746}, "shared": {"value": false, "score": 1.7881393432617188e-07}}, "documentContextAttributes": {"used": {"value": true, "score": 0.9946760535240173}, "created": {"value": true, "score": 0.9997297525405884}, "shared": {"value": true, "score": 0.8986682891845703}}}, {"type": "software", "software-type": "software", "software-name": {"rawForm": "SPARQL", "normalizedForm": "SPARQL", "offsetStart": 210, "offsetEnd": 216}, "context": "This allowed us to find a balance between calculating on-the-fly agro-meteorological parameters and pre-calculating and storing significant SPARQL queries results in order to manage the workload of the WeKG-MF SPARQL endpoint.", "mentionContextAttributes": {"used": {"value": true, "score": 0.9946760535240173}, "created": {"value": false, "score": 0.002028822898864746}, "shared": {"value": false, "score": 1.7881393432617188e-07}}, "documentContextAttributes": {"used": {"value": true, "score": 0.9946760535240173}, "created": {"value": true, "score": 0.9997297525405884}, "shared": {"value": true, "score": 0.8986682891845703}}}, {"type": "software", "software-type": "software", "software-name": {"rawForm": "SPARQL", "normalizedForm": "SPARQL", "offsetStart": 248, "offsetEnd": 254}, "context": "In this paper, we presented (1) WeKG-MF, an RDF KG generated from the meteorological data observations available on M\u00e9t\u00e9o-France's portal, based on a reusable, formal model exploiting and extending a network of well-known ontologies; (2) a base of SPARQL queries to compute a set of aggregators and agro-meteorological parameter and provide users with synthesized views of the huge number of measurements included in WeKG-MF.", "mentionContextAttributes": {"used": {"value": false, "score": 0.010253071784973145}, "created": {"value": true, "score": 0.8995158672332764}, "shared": {"value": false, "score": 4.112720489501953e-06}}, "documentContextAttributes": {"used": {"value": true, "score": 0.9946760535240173}, "created": {"value": true, "score": 0.9997297525405884}, "shared": {"value": true, "score": 0.8986682891845703}}}, {"type": "software", "software-type": "software", "software-name": {"rawForm": "-SD", "normalizedForm": "-SD", "offsetStart": 455, "offsetEnd": 461}, "mentionContextAttributes": {"used": {"value": false, "score": 0.3287375569343567}, "created": {"value": false, "score": 0.003972530364990234}, "shared": {"value": false, "score": 2.205371856689453e-06}}, "documentContextAttributes": {"used": {"value": false, "score": 0.3287375569343567}, "created": {"value": false, "score": 0.003972530364990234}, "shared": {"value": false, "score": 2.205371856689453e-06}}}], "references": [], "runtime": 54504, "id": "b5e856543688db615129b1fadb9d0ffa8ba3ed5a", "metadata": {"id": "b5e856543688db615129b1fadb9d0ffa8ba3ed5a"}, "original_file_path": "../../datalake/Samuel/SOFTware-Sync/data/xml_not_sofctied/hal-04230234.grobid.tei.xml", "file_name": "hal-04230234.grobid.tei.xml"}