{"application": "software-mentions", "version": "0.8.0", "date": "2024-04-12T16:06+0000", "md5": "684861541387AF5EB32C10A9BF9E5F24", "mentions": [{"type": "software", "software-type": "software", "software-name": {"rawForm": "Souffl\u00e9", "normalizedForm": "Souffl\u00e9", "offsetStart": 0, "offsetEnd": 7}, "context": "Souffl\u00e9 natively supports this optimization.", "mentionContextAttributes": {"used": {"value": false, "score": 0.00027441978454589844}, "created": {"value": false, "score": 0.00041538476943969727}, "shared": {"value": false, "score": 8.940696716308594e-07}}, "documentContextAttributes": {"used": {"value": true, "score": 0.9839977622032166}, "created": {"value": true, "score": 0.9998593330383301}, "shared": {"value": false, "score": 8.940696716308594e-07}}, "references": [{"label": "[11]", "normalizedForm": "[11]", "refKey": 11}]}, {"type": "software", "software-type": "software", "software-name": {"rawForm": "Souffl\u00e9", "normalizedForm": "Souffl\u00e9", "offsetStart": 0, "offsetEnd": 7}, "context": "Souffl\u00e9 [11,20] has been introduced to provide efficient synthesis of Datalog specifications to executable C++ programs, competing with state-of-the-art handcrafted code for program analysis.", "mentionContextAttributes": {"used": {"value": false, "score": 6.312131881713867e-05}, "created": {"value": true, "score": 0.7851628065109253}, "shared": {"value": false, "score": 4.172325134277344e-07}}, "documentContextAttributes": {"used": {"value": true, "score": 0.9839977622032166}, "created": {"value": true, "score": 0.9998593330383301}, "shared": {"value": false, "score": 8.940696716308594e-07}}, "references": [{"label": "20]", "normalizedForm": "20]", "refKey": 20, "offsetStart": 22899, "offsetEnd": 22902}, {"label": "[11,", "normalizedForm": "[11", "refKey": 11, "offsetStart": 22895, "offsetEnd": 22899}]}, {"type": "software", "software-type": "software", "software-name": {"rawForm": "Souffl\u00e9", "normalizedForm": "Souffl\u00e9", "offsetStart": 0, "offsetEnd": 7}, "context": "Souffl\u00e9-prov performs between 1 and 2 orders of magnitude faster than Mohri [17] -an algorithm designed for single-source provenance on \ud835\udc58closed semirings.", "mentionContextAttributes": {"used": {"value": false, "score": 4.881620407104492e-05}, "created": {"value": false, "score": 4.094839096069336e-05}, "shared": {"value": false, "score": 1.7881393432617188e-07}}, "documentContextAttributes": {"used": {"value": true, "score": 0.9839977622032166}, "created": {"value": true, "score": 0.9998593330383301}, "shared": {"value": false, "score": 8.940696716308594e-07}}, "references": [{"label": "[11]", "normalizedForm": "[11]", "refKey": 11}]}, {"type": "software", "software-type": "implicit", "software-name": {"rawForm": "code", "normalizedForm": "code", "offsetStart": 4, "offsetEnd": 8}, "context": "Our code was inserted in two different stages of Souffl\u00e9: a new translation strategy from the parsed program to the RAM program, a priority queue, replacing the code in charge of adding at run-time the tuples to the relations. ", "mentionContextAttributes": {"used": {"value": false, "score": 0.05888551473617554}, "created": {"value": false, "score": 0.0430523157119751}, "shared": {"value": false, "score": 2.980232238769531e-07}}, "documentContextAttributes": {"used": {"value": false, "score": 0.05888551473617554}, "created": {"value": false, "score": 0.0430523157119751}, "shared": {"value": false, "score": 2.980232238769531e-07}}}, {"type": "software", "software-type": "software", "software-name": {"rawForm": "Souffl\u00e9", "normalizedForm": "Souffl\u00e9", "offsetStart": 17, "offsetEnd": 24}, "context": "The internals of Souffl\u00e9, targeting the inflationary computation of the fixed-point operator lack support for updating tuples.", "mentionContextAttributes": {"used": {"value": false, "score": 0.0016514062881469727}, "created": {"value": false, "score": 4.583597183227539e-05}, "shared": {"value": false, "score": 1.7881393432617188e-07}}, "documentContextAttributes": {"used": {"value": true, "score": 0.9839977622032166}, "created": {"value": true, "score": 0.9998593330383301}, "shared": {"value": false, "score": 8.940696716308594e-07}}, "references": [{"label": "[11]", "normalizedForm": "[11]", "refKey": 11}]}, {"type": "software", "software-type": "software", "software-name": {"rawForm": "Souffl\u00e9", "normalizedForm": "Souffl\u00e9", "offsetStart": 22, "offsetEnd": 29}, "context": "The inner workings of Souffl\u00e9 were of interest to our work; the algorithm implementations are similar to the evaluation strategy followed by the Best-First method we introduced here. ", "mentionContextAttributes": {"used": {"value": true, "score": 0.7485822439193726}, "created": {"value": true, "score": 0.7819849848747253}, "shared": {"value": false, "score": 2.980232238769531e-07}}, "documentContextAttributes": {"used": {"value": true, "score": 0.9839977622032166}, "created": {"value": true, "score": 0.9998593330383301}, "shared": {"value": false, "score": 8.940696716308594e-07}}, "references": [{"label": "[11]", "normalizedForm": "[11]", "refKey": 11}]}, {"type": "software", "software-type": "software", "software-name": {"rawForm": "Souffl\u00e9", "normalizedForm": "Souffl\u00e9", "offsetStart": 34, "offsetEnd": 41}, "context": "After parsing, the first stage of Souffl\u00e9 specializes the semi-na\u00efve evaluation strategy applied to \ud835\udc5e, yielding a relational algebra machine program (RAM). ", "mentionContextAttributes": {"used": {"value": true, "score": 0.9797502160072327}, "created": {"value": false, "score": 0.028104066848754883}, "shared": {"value": false, "score": 1.7881393432617188e-07}}, "documentContextAttributes": {"used": {"value": true, "score": 0.9839977622032166}, "created": {"value": true, "score": 0.9998593330383301}, "shared": {"value": false, "score": 8.940696716308594e-07}}, "references": [{"label": "[11]", "normalizedForm": "[11]", "refKey": 11}]}, {"type": "software", "software-type": "software", "software-name": {"rawForm": "Souffl\u00e9", "normalizedForm": "Souffl\u00e9", "offsetStart": 39, "offsetEnd": 46}, "context": "We implement our strategy by extending Souffl\u00e9 [11], a state-ofthe-art Datalog interpreter.", "mentionContextAttributes": {"used": {"value": false, "score": 0.00035774707794189453}, "created": {"value": true, "score": 0.9545344114303589}, "shared": {"value": false, "score": 1.7881393432617188e-07}}, "documentContextAttributes": {"used": {"value": true, "score": 0.9839977622032166}, "created": {"value": true, "score": 0.9998593330383301}, "shared": {"value": false, "score": 8.940696716308594e-07}}, "references": [{"label": "[11]", "normalizedForm": "[11]", "refKey": 11, "offsetStart": 4515, "offsetEnd": 4519}]}, {"type": "software", "software-type": "software", "software-name": {"rawForm": "Souffl\u00e9", "normalizedForm": "Souffl\u00e9", "offsetStart": 39, "offsetEnd": 46}, "context": "Algorithm 4 presents the corresponding Souffl\u00e9 RAM program resulting from applying the semi-na\u00efve evaluation strategy and Algorithm 5 our modification to the RAM program to provide provenance annotation via the Best-First strategy and use the priority queue pq for provenance computation.", "mentionContextAttributes": {"used": {"value": false, "score": 0.020470380783081055}, "created": {"value": false, "score": 0.00012564659118652344}, "shared": {"value": false, "score": 1.7881393432617188e-07}}, "documentContextAttributes": {"used": {"value": true, "score": 0.9839977622032166}, "created": {"value": true, "score": 0.9998593330383301}, "shared": {"value": false, "score": 8.940696716308594e-07}}, "references": [{"label": "[11]", "normalizedForm": "[11]", "refKey": 11}]}, {"type": "software", "software-type": "software", "software-name": {"rawForm": "Souffl\u00e9", "normalizedForm": "Souffl\u00e9", "offsetStart": 49, "offsetEnd": 56}, "context": "Our code was inserted in two different stages of Souffl\u00e9: a new translation strategy from the parsed program to the RAM program, a priority queue, replacing the code in charge of adding at run-time the tuples to the relations. ", "mentionContextAttributes": {"used": {"value": false, "score": 0.05888551473617554}, "created": {"value": false, "score": 0.0430523157119751}, "shared": {"value": false, "score": 2.980232238769531e-07}}, "documentContextAttributes": {"used": {"value": true, "score": 0.9839977622032166}, "created": {"value": true, "score": 0.9998593330383301}, "shared": {"value": false, "score": 8.940696716308594e-07}}, "references": [{"label": "[11]", "normalizedForm": "[11]", "refKey": 11}]}, {"type": "software", "software-type": "software", "software-name": {"rawForm": "Souffl\u00e9", "normalizedForm": "Souffl\u00e9", "offsetStart": 51, "offsetEnd": 58}, "context": "We present a brief overview of the architecture of Souffl\u00e9 and discuss how we extended it.", "mentionContextAttributes": {"used": {"value": false, "score": 0.0038878917694091797}, "created": {"value": true, "score": 0.9998593330383301}, "shared": {"value": false, "score": 4.172325134277344e-07}}, "documentContextAttributes": {"used": {"value": true, "score": 0.9839977622032166}, "created": {"value": true, "score": 0.9998593330383301}, "shared": {"value": false, "score": 8.940696716308594e-07}}, "references": [{"label": "[11]", "normalizedForm": "[11]", "refKey": 11}]}, {"type": "software", "software-type": "software", "software-name": {"rawForm": "Souffl\u00e9", "normalizedForm": "Souffl\u00e9", "offsetStart": 52, "offsetEnd": 59}, "context": "Importantly, modifying directly at the RAM level of Souffl\u00e9 allows us to benefit of all implemented optimizations. ", "mentionContextAttributes": {"used": {"value": false, "score": 0.0002703666687011719}, "created": {"value": false, "score": 0.019486069679260254}, "shared": {"value": false, "score": 2.980232238769531e-07}}, "documentContextAttributes": {"used": {"value": true, "score": 0.9839977622032166}, "created": {"value": true, "score": 0.9998593330383301}, "shared": {"value": false, "score": 8.940696716308594e-07}}, "references": [{"label": "[11]", "normalizedForm": "[11]", "refKey": 11}]}, {"type": "software", "software-type": "software", "software-name": {"rawForm": "Souffl\u00e9", "normalizedForm": "Souffl\u00e9", "offsetStart": 66, "offsetEnd": 73}, "context": "Unsurprisingly, BFS and Dijkstra perform respectively better than Souffl\u00e9 and Souffl\u00e9-prov in the single-source context.", "mentionContextAttributes": {"used": {"value": false, "score": 0.004108846187591553}, "created": {"value": false, "score": 5.662441253662109e-06}, "shared": {"value": false, "score": 2.980232238769531e-07}}, "documentContextAttributes": {"used": {"value": true, "score": 0.9839977622032166}, "created": {"value": true, "score": 0.9998593330383301}, "shared": {"value": false, "score": 8.940696716308594e-07}}, "references": [{"label": "[11]", "normalizedForm": "[11]", "refKey": 11}]}, {"type": "software", "software-type": "software", "software-name": {"rawForm": "Souffl\u00e9", "normalizedForm": "Souffl\u00e9", "offsetStart": 67, "offsetEnd": 74}, "context": "We showed its feasibility by providing an implementation on top of Souffl\u00e9 and tested it on several graph databases and matching patterns.", "mentionContextAttributes": {"used": {"value": true, "score": 0.9839977622032166}, "created": {"value": false, "score": 0.38799309730529785}, "shared": {"value": false, "score": 1.7881393432617188e-07}}, "documentContextAttributes": {"used": {"value": true, "score": 0.9839977622032166}, "created": {"value": true, "score": 0.9998593330383301}, "shared": {"value": false, "score": 8.940696716308594e-07}}, "references": [{"label": "[11]", "normalizedForm": "[11]", "refKey": 11}]}, {"type": "software", "software-type": "software", "software-name": {"rawForm": "Souffl\u00e9", "normalizedForm": "Souffl\u00e9", "offsetStart": 68, "offsetEnd": 75}, "context": "We then dive into the practical aspects of its implementation using Souffl\u00e9, and present in Section 5 experimental results witnessing the efficiency of our approach for practical scenarios.", "mentionContextAttributes": {"used": {"value": false, "score": 0.048976361751556396}, "created": {"value": true, "score": 0.977780282497406}, "shared": {"value": false, "score": 1.7881393432617188e-07}}, "documentContextAttributes": {"used": {"value": true, "score": 0.9839977622032166}, "created": {"value": true, "score": 0.9998593330383301}, "shared": {"value": false, "score": 8.940696716308594e-07}}, "references": [{"label": "[11]", "normalizedForm": "[11]", "refKey": 11}]}, {"type": "software", "software-type": "software", "software-name": {"rawForm": "Souffl\u00e9", "normalizedForm": "Souffl\u00e9", "offsetStart": 73, "offsetEnd": 80}, "context": "For the all-pairs problem, depending on the dataset, (see, e.g., Yeast), Souffl\u00e9-Prov is significantly faster than the previous best known algorithm, NodeElimination.", "mentionContextAttributes": {"used": {"value": false, "score": 0.00028693675994873047}, "created": {"value": false, "score": 0.00010961294174194336}, "shared": {"value": false, "score": 1.7881393432617188e-07}}, "documentContextAttributes": {"used": {"value": true, "score": 0.9839977622032166}, "created": {"value": true, "score": 0.9998593330383301}, "shared": {"value": false, "score": 8.940696716308594e-07}}, "references": [{"label": "[11]", "normalizedForm": "[11]", "refKey": 11}]}, {"type": "software", "software-type": "software", "software-name": {"rawForm": "Souffl\u00e9", "normalizedForm": "Souffl\u00e9", "offsetStart": 78, "offsetEnd": 85}, "context": "Unsurprisingly, BFS and Dijkstra perform respectively better than Souffl\u00e9 and Souffl\u00e9-prov in the single-source context.", "mentionContextAttributes": {"used": {"value": false, "score": 0.004108846187591553}, "created": {"value": false, "score": 5.662441253662109e-06}, "shared": {"value": false, "score": 2.980232238769531e-07}}, "documentContextAttributes": {"used": {"value": true, "score": 0.9839977622032166}, "created": {"value": true, "score": 0.9998593330383301}, "shared": {"value": false, "score": 8.940696716308594e-07}}, "references": [{"label": "[11]", "normalizedForm": "[11]", "refKey": 11}]}, {"type": "software", "software-type": "software", "software-name": {"rawForm": "Souffl\u00e9", "normalizedForm": "Souffl\u00e9", "offsetStart": 83, "offsetEnd": 90}, "context": "We provide in Figure 2 a comparison between the Best-First method introduced here (Souffl\u00e9-prov), the plain Souffl\u00e9 without provenance computation, and a previous provenance computation algorithm from [19] computing all-pairs shortest-distances over graph databases (the NodeElimination algorithm, with a choice of node to eliminate based on its id or its degree), in the tropical semiring.", "mentionContextAttributes": {"used": {"value": true, "score": 0.6594566702842712}, "created": {"value": false, "score": 4.082918167114258e-05}, "shared": {"value": false, "score": 4.172325134277344e-07}}, "documentContextAttributes": {"used": {"value": true, "score": 0.9839977622032166}, "created": {"value": true, "score": 0.9998593330383301}, "shared": {"value": false, "score": 8.940696716308594e-07}}, "references": [{"label": "[11]", "normalizedForm": "[11]", "refKey": 11}]}, {"type": "software", "software-type": "software", "software-name": {"rawForm": "Souffl\u00e9", "normalizedForm": "Souffl\u00e9", "offsetStart": 87, "offsetEnd": 94}, "context": "We conjecture we could mitigate the overhead induced by provenance computations within Souffl\u00e9-prov by adding primitives in their data structures.", "mentionContextAttributes": {"used": {"value": false, "score": 0.030785441398620605}, "created": {"value": true, "score": 0.8180528879165649}, "shared": {"value": false, "score": 1.7881393432617188e-07}}, "documentContextAttributes": {"used": {"value": true, "score": 0.9839977622032166}, "created": {"value": true, "score": 0.9998593330383301}, "shared": {"value": false, "score": 8.940696716308594e-07}}, "references": [{"label": "[11]", "normalizedForm": "[11]", "refKey": 11}]}, {"type": "software", "software-type": "software", "software-name": {"rawForm": "Souffl\u00e9", "normalizedForm": "Souffl\u00e9", "offsetStart": 90, "offsetEnd": 97}, "context": "Theoretical results and practical optimizations lead to an efficient implementation using Souffl\u00e9, a state-of-the-art Datalog interpreter. ", "mentionContextAttributes": {"used": {"value": false, "score": 0.0001017451286315918}, "created": {"value": false, "score": 0.005939304828643799}, "shared": {"value": false, "score": 1.7881393432617188e-07}}, "documentContextAttributes": {"used": {"value": true, "score": 0.9839977622032166}, "created": {"value": true, "score": 0.9998593330383301}, "shared": {"value": false, "score": 8.940696716308594e-07}}, "references": [{"label": "[11]", "normalizedForm": "[11]", "refKey": 11}]}, {"type": "software", "software-type": "software", "software-name": {"rawForm": "Souffl\u00e9prov", "normalizedForm": "Souffl\u00e9prov", "offsetStart": 90, "offsetEnd": 101}, "context": "For smaller output DB sizes, this measure is less relevant, as the fixed costs of running Souffl\u00e9prov dominate the overall running time. ", "mentionContextAttributes": {"used": {"value": false, "score": 0.00023293495178222656}, "created": {"value": false, "score": 0.0001347064971923828}, "shared": {"value": false, "score": 2.980232238769531e-07}}, "documentContextAttributes": {"used": {"value": false, "score": 0.00023293495178222656}, "created": {"value": false, "score": 0.0001347064971923828}, "shared": {"value": false, "score": 2.980232238769531e-07}}}, {"type": "software", "software-type": "software", "software-name": {"rawForm": "Souffl\u00e9", "normalizedForm": "Souffl\u00e9", "offsetStart": 108, "offsetEnd": 115}, "context": "We provide in Figure 2 a comparison between the Best-First method introduced here (Souffl\u00e9-prov), the plain Souffl\u00e9 without provenance computation, and a previous provenance computation algorithm from [19] computing all-pairs shortest-distances over graph databases (the NodeElimination algorithm, with a choice of node to eliminate based on its id or its degree), in the tropical semiring.", "mentionContextAttributes": {"used": {"value": true, "score": 0.6594566702842712}, "created": {"value": false, "score": 4.082918167114258e-05}, "shared": {"value": false, "score": 4.172325134277344e-07}}, "documentContextAttributes": {"used": {"value": true, "score": 0.9839977622032166}, "created": {"value": true, "score": 0.9998593330383301}, "shared": {"value": false, "score": 8.940696716308594e-07}}, "references": [{"label": "[11]", "normalizedForm": "[11]", "refKey": 11}]}, {"type": "software", "software-type": "software", "software-name": {"rawForm": "Souffl\u00e9", "normalizedForm": "Souffl\u00e9", "offsetStart": 148, "offsetEnd": 155}, "context": "What remains to be established is to what extent these data structures [11] could be extended to handle updates, without reducing the efficiency of Souffl\u00e9's current set of operators.", "mentionContextAttributes": {"used": {"value": false, "score": 0.031740784645080566}, "created": {"value": false, "score": 0.0009630322456359863}, "shared": {"value": false, "score": 1.7881393432617188e-07}}, "documentContextAttributes": {"used": {"value": true, "score": 0.9839977622032166}, "created": {"value": true, "score": 0.9998593330383301}, "shared": {"value": false, "score": 8.940696716308594e-07}}, "references": [{"label": "[11]", "normalizedForm": "[11]", "refKey": 11}]}, {"type": "software", "software-type": "software", "software-name": {"rawForm": "Souffl\u00e9", "normalizedForm": "Souffl\u00e9", "offsetStart": 182, "offsetEnd": 189}, "context": "We showcase the result of our translation strategy in Algorithms 4 and 5 for a Datalog query computing the transitive closure of a graph; this program is given in Algorithm 3 in its Souffl\u00e9 syntax. ", "mentionContextAttributes": {"used": {"value": false, "score": 0.004900574684143066}, "created": {"value": true, "score": 0.8810162544250488}, "shared": {"value": false, "score": 2.980232238769531e-07}}, "documentContextAttributes": {"used": {"value": true, "score": 0.9839977622032166}, "created": {"value": true, "score": 0.9998593330383301}, "shared": {"value": false, "score": 8.940696716308594e-07}}, "references": [{"label": "[11]", "normalizedForm": "[11]", "refKey": 11}]}], "references": [{"refKey": 11, "tei": "<biblStruct xml:id=\"b11\">\n\t<analytic>\n\t\t<title level=\"a\" type=\"main\">Souffl\u00e9: On Synthesis of Program Analyzers</title>\n\t\t<author>\n\t\t\t<persName><forename type=\"first\">Herbert</forename><surname>Jordan</surname></persName>\n\t\t</author>\n\t\t<author>\n\t\t\t<persName><forename type=\"first\">Bernhard</forename><surname>Scholz</surname></persName>\n\t\t</author>\n\t\t<author>\n\t\t\t<persName><forename type=\"first\">Pavle</forename><surname>Suboti\u0107</surname></persName>\n\t\t</author>\n\t\t<idno type=\"DOI\">10.1007/978-3-319-41540-6_23</idno>\n\t</analytic>\n\t<monogr>\n\t\t<title level=\"m\">Computer Aided Verification</title>\n\t\t<imprint>\n\t\t\t<publisher>Springer International Publishing</publisher>\n\t\t\t<date type=\"published\" when=\"2016\">2016</date>\n\t\t\t<biblScope unit=\"page\" from=\"422\" to=\"430\" />\n\t\t</imprint>\n\t</monogr>\n</biblStruct>\n"}, {"refKey": 20, "tei": "<biblStruct xml:id=\"b20\">\n\t<analytic>\n\t\t<title level=\"a\" type=\"main\">On fast large-scale program analysis in Datalog</title>\n\t\t<author>\n\t\t\t<persName><forename type=\"first\">Bernhard</forename><surname>Scholz</surname></persName>\n\t\t</author>\n\t\t<author>\n\t\t\t<persName><forename type=\"first\">Herbert</forename><surname>Jordan</surname></persName>\n\t\t</author>\n\t\t<author>\n\t\t\t<persName><forename type=\"first\">Pavle</forename><surname>Suboti\u0107</surname></persName>\n\t\t</author>\n\t\t<author>\n\t\t\t<persName><forename type=\"first\">Till</forename><surname>Westmann</surname></persName>\n\t\t</author>\n\t\t<idno type=\"DOI\">10.1145/2892208.2892226</idno>\n\t</analytic>\n\t<monogr>\n\t\t<title level=\"m\">Proceedings of the 25th International Conference on Compiler Construction</title>\n\t\t<meeting>the 25th International Conference on Compiler Construction</meeting>\n\t\t<imprint>\n\t\t\t<publisher>ACM</publisher>\n\t\t\t<date type=\"published\" when=\"2016-03-17\">2016</date>\n\t\t\t<biblScope unit=\"page\">206</biblScope>\n\t\t</imprint>\n\t</monogr>\n</biblStruct>\n"}], "runtime": 66018, "id": "e6dfbadfd5038433f4679464ab04ae0cba9e9324", "metadata": {"id": "e6dfbadfd5038433f4679464ab04ae0cba9e9324"}, "original_file_path": "../../datalake/Samuel/SOFTware-Sync/data/xml_files/hal-03664928.grobid.tei.xml", "file_name": "hal-03664928.grobid.tei.xml"}