{"application": "software-mentions", "version": "0.8.0", "date": "2024-04-15T07:28+0000", "md5": "F7D40834D0641B81CC400E8718E52CC0", "mentions": [{"type": "software", "software-type": "software", "software-name": {"rawForm": "Jena", "normalizedForm": "Jena", "offsetStart": 0, "offsetEnd": 4}, "context": "Jena version same as in Section 2. step to 0.75 is right in the middle between this and being classified as identical (which corresponds to similarity equal to 1). ", "mentionContextAttributes": {"used": {"value": false, "score": 0.20434081554412842}, "created": {"value": false, "score": 1.4483928680419922e-05}, "shared": {"value": false, "score": 2.980232238769531e-07}}, "documentContextAttributes": {"used": {"value": true, "score": 0.9999893307685852}, "created": {"value": false, "score": 3.629922866821289e-05}, "shared": {"value": false, "score": 1.4901161193847656e-06}}}, {"type": "software", "software-type": "software", "software-name": {"rawForm": "Jena", "normalizedForm": "Jena", "offsetStart": 0, "offsetEnd": 4}, "context": "Jena version same as in Section 2.", "mentionContextAttributes": {"used": {"value": true, "score": 0.7487462162971497}, "created": {"value": false, "score": 3.629922866821289e-05}, "shared": {"value": false, "score": 1.4901161193847656e-06}}, "documentContextAttributes": {"used": {"value": true, "score": 0.9999893307685852}, "created": {"value": false, "score": 3.629922866821289e-05}, "shared": {"value": false, "score": 1.4901161193847656e-06}}}, {"type": "software", "software-type": "software", "wikidataId": "Q54871", "wikipediaExternalRef": 2574343, "lang": "en", "confidence": 0.9098, "software-name": {"rawForm": "SPARQL", "normalizedForm": "SPARQL", "wikidataId": "Q54871", "wikipediaExternalRef": 2574343, "lang": "en", "confidence": 0.9098, "offsetStart": 0, "offsetEnd": 6}, "version": {"rawForm": "1.1", "normalizedForm": "1.1"}, "context": "SPARQL filter constraints R are built-in conditions which can have unary predicates, (in)equalities between variables, and Boolean combinations thereof.", "mentionContextAttributes": {"used": {"value": false, "score": 0.0004519820213317871}, "created": {"value": false, "score": 2.8789043426513672e-05}, "shared": {"value": false, "score": 1.7881393432617188e-07}}, "documentContextAttributes": {"used": {"value": true, "score": 0.9997820854187012}, "created": {"value": false, "score": 0.08819764852523804}, "shared": {"value": true, "score": 0.996074914932251}}}, {"type": "software", "software-type": "software", "wikidataId": "Q54871", "wikipediaExternalRef": 2574343, "lang": "en", "confidence": 0.9098, "software-name": {"rawForm": "SPARQL", "normalizedForm": "SPARQL", "wikidataId": "Q54871", "wikipediaExternalRef": 2574343, "lang": "en", "confidence": 0.9098, "offsetStart": 2, "offsetEnd": 8}, "version": {"rawForm": "1.1", "normalizedForm": "1.1"}, "context": "A SPARQL query Q can be seen as a tuple of the form (query-type, pattern P, solution-modifier).", "mentionContextAttributes": {"used": {"value": false, "score": 0.0002894401550292969}, "created": {"value": false, "score": 8.040666580200195e-05}, "shared": {"value": false, "score": 2.980232238769531e-07}}, "documentContextAttributes": {"used": {"value": true, "score": 0.9997820854187012}, "created": {"value": false, "score": 0.08819764852523804}, "shared": {"value": true, "score": 0.996074914932251}}}, {"type": "software", "software-type": "software", "wikidataId": "Q54871", "wikipediaExternalRef": 2574343, "lang": "en", "confidence": 0.9098, "software-name": {"rawForm": "SPARQL", "normalizedForm": "SPARQL", "wikidataId": "Q54871", "wikipediaExternalRef": 2574343, "lang": "en", "confidence": 0.9098, "offsetStart": 2, "offsetEnd": 8}, "version": {"rawForm": "1.1", "normalizedForm": "1.1"}, "context": "A SPARQL pattern P is an expression generated from the following grammar:", "mentionContextAttributes": {"used": {"value": false, "score": 0.0023703575134277344}, "created": {"value": false, "score": 0.0004920363426208496}, "shared": {"value": false, "score": 1.1324882507324219e-06}}, "documentContextAttributes": {"used": {"value": true, "score": 0.9997820854187012}, "created": {"value": false, "score": 0.08819764852523804}, "shared": {"value": true, "score": 0.996074914932251}}}, {"type": "software", "software-type": "software", "wikidataId": "Q54871", "wikipediaExternalRef": 2574343, "lang": "en", "confidence": 0.9098, "software-name": {"rawForm": "SPARQL", "normalizedForm": "SPARQL", "wikidataId": "Q54871", "wikipediaExternalRef": 2574343, "lang": "en", "confidence": 0.9098, "offsetStart": 3, "offsetEnd": 9}, "version": {"rawForm": "1.1", "normalizedForm": "1.1"}, "context": "In SPARQL, the And operator is denoted by a dot (and is sometimes implicit in alternative, even more succinct syntax).", "mentionContextAttributes": {"used": {"value": false, "score": 0.0048653483390808105}, "created": {"value": false, "score": 6.99162483215332e-05}, "shared": {"value": false, "score": 6.556510925292969e-07}}, "documentContextAttributes": {"used": {"value": true, "score": 0.9997820854187012}, "created": {"value": false, "score": 0.08819764852523804}, "shared": {"value": true, "score": 0.996074914932251}}}, {"type": "software", "software-type": "software", "wikidataId": "Q54871", "wikipediaExternalRef": 2574343, "lang": "en", "confidence": 0.9098, "software-name": {"rawForm": "SPARQL", "normalizedForm": "SPARQL", "wikidataId": "Q54871", "wikipediaExternalRef": 2574343, "lang": "en", "confidence": 0.9098, "offsetStart": 3, "offsetEnd": 9}, "version": {"rawForm": "1.1", "normalizedForm": "1.1"}, "context": "In SPARQL, the And operator is denoted by a dot (and is sometimes implicit in alternative, even more succinct syntax).", "mentionContextAttributes": {"used": {"value": false, "score": 0.0048653483390808105}, "created": {"value": false, "score": 6.99162483215332e-05}, "shared": {"value": false, "score": 6.556510925292969e-07}}, "documentContextAttributes": {"used": {"value": true, "score": 0.9997820854187012}, "created": {"value": false, "score": 0.08819764852523804}, "shared": {"value": true, "score": 0.996074914932251}}}, {"type": "software", "software-type": "software", "wikidataId": "Q54871", "wikipediaExternalRef": 2574343, "lang": "en", "confidence": 0.9098, "software-name": {"rawForm": "SPARQL", "normalizedForm": "SPARQL", "wikidataId": "Q54871", "wikipediaExternalRef": 2574343, "lang": "en", "confidence": 0.9098, "offsetStart": 14, "offsetEnd": 20}, "version": {"rawForm": "1.1", "normalizedForm": "1.1"}, "context": "while the raw SPARQL endpoint is at https://query.wikidata.org/sparql", "mentionContextAttributes": {"used": {"value": false, "score": 0.008029639720916748}, "created": {"value": false, "score": 7.331371307373047e-06}, "shared": {"value": true, "score": 0.996074914932251}}, "documentContextAttributes": {"used": {"value": true, "score": 0.9997820854187012}, "created": {"value": false, "score": 0.08819764852523804}, "shared": {"value": true, "score": 0.996074914932251}}}, {"type": "software", "software-type": "software", "wikidataId": "Q54871", "wikipediaExternalRef": 2574343, "lang": "en", "confidence": 0.9098, "software-name": {"rawForm": "SPARQL", "normalizedForm": "SPARQL", "wikidataId": "Q54871", "wikipediaExternalRef": 2574343, "lang": "en", "confidence": 0.9098, "offsetStart": 16, "offsetEnd": 22}, "version": {"rawForm": "1.1", "normalizedForm": "1.1"}, "context": "We refer to the SPARQL 1.1 recommendation [15] and the literature [25] for the precise syntax of filter constraints and the semantics of SPARQL queries.", "mentionContextAttributes": {"used": {"value": true, "score": 0.9078896045684814}, "created": {"value": false, "score": 7.802248001098633e-05}, "shared": {"value": false, "score": 1.7881393432617188e-07}}, "documentContextAttributes": {"used": {"value": true, "score": 0.9997820854187012}, "created": {"value": false, "score": 0.08819764852523804}, "shared": {"value": true, "score": 0.996074914932251}}}, {"type": "software", "software-type": "software", "wikidataId": "Q54871", "wikipediaExternalRef": 2574343, "lang": "en", "confidence": 0.9098, "software-name": {"rawForm": "SPARQL", "normalizedForm": "SPARQL", "wikidataId": "Q54871", "wikipediaExternalRef": 2574343, "lang": "en", "confidence": 0.9098, "offsetStart": 16, "offsetEnd": 22}, "version": {"rawForm": "1.1", "normalizedForm": "1.1"}, "context": "We refer to the SPARQL 1.1 recommendation [16] and the literature [26] for the precise syntax of filter constraints and the semantics of SPARQL queries.", "mentionContextAttributes": {"used": {"value": true, "score": 0.9043132066726685}, "created": {"value": false, "score": 9.006261825561523e-05}, "shared": {"value": false, "score": 1.7881393432617188e-07}}, "documentContextAttributes": {"used": {"value": true, "score": 0.9997820854187012}, "created": {"value": false, "score": 0.08819764852523804}, "shared": {"value": true, "score": 0.996074914932251}}}, {"type": "software", "software-type": "software", "wikidataId": "Q54871", "wikipediaExternalRef": 2574343, "lang": "en", "confidence": 0.9098, "software-name": {"rawForm": "SPARQL", "normalizedForm": "SPARQL", "wikidataId": "Q54871", "wikipediaExternalRef": 2574343, "lang": "en", "confidence": 0.9098, "offsetStart": 18, "offsetEnd": 24}, "version": {"rawForm": "1.1", "normalizedForm": "1.1"}, "context": "In the context of SPARQL, we define them as follows.", "mentionContextAttributes": {"used": {"value": false, "score": 0.0019541382789611816}, "created": {"value": false, "score": 0.006777822971343994}, "shared": {"value": false, "score": 2.980232238769531e-07}}, "documentContextAttributes": {"used": {"value": true, "score": 0.9997820854187012}, "created": {"value": false, "score": 0.08819764852523804}, "shared": {"value": true, "score": 0.996074914932251}}}, {"type": "software", "software-type": "software", "wikidataId": "Q54871", "wikipediaExternalRef": 2574343, "lang": "en", "confidence": 0.9098, "software-name": {"rawForm": "SPARQL", "normalizedForm": "SPARQL", "wikidataId": "Q54871", "wikipediaExternalRef": 2574343, "lang": "en", "confidence": 0.9098, "offsetStart": 27, "offsetEnd": 33}, "version": {"rawForm": "1.1", "normalizedForm": "1.1"}, "context": "Recall the definition of a SPARQL query Q in Section 3 as a triple (query-type, pattern P, solution-modifier).", "mentionContextAttributes": {"used": {"value": false, "score": 0.0026244521141052246}, "created": {"value": false, "score": 1.7702579498291016e-05}, "shared": {"value": false, "score": 1.7881393432617188e-07}}, "documentContextAttributes": {"used": {"value": true, "score": 0.9997820854187012}, "created": {"value": false, "score": 0.08819764852523804}, "shared": {"value": true, "score": 0.996074914932251}}}, {"type": "software", "software-type": "software", "wikidataId": "Q54871", "wikipediaExternalRef": 2574343, "lang": "en", "confidence": 0.9098, "software-name": {"rawForm": "SPARQL", "normalizedForm": "SPARQL", "wikidataId": "Q54871", "wikipediaExternalRef": 2574343, "lang": "en", "confidence": 0.9098, "offsetStart": 29, "offsetEnd": 35}, "version": {"rawForm": "1.1", "normalizedForm": "1.1"}, "context": "Several empirical studies of SPARQL query logs have been conducted in the literature investigating statistical features, such as such as occurrences of triple patterns and types of queries [3,15,23,29] along with recent studies on more complex features of the queries, such as structural features and complexity of the queries [10,27].", "mentionContextAttributes": {"used": {"value": false, "score": 0.2783138155937195}, "created": {"value": false, "score": 1.4483928680419922e-05}, "shared": {"value": false, "score": 4.172325134277344e-07}}, "documentContextAttributes": {"used": {"value": true, "score": 0.9997820854187012}, "created": {"value": false, "score": 0.08819764852523804}, "shared": {"value": true, "score": 0.996074914932251}}}, {"type": "software", "software-type": "software", "wikidataId": "Q54871", "wikipediaExternalRef": 2574343, "lang": "en", "confidence": 0.9098, "software-name": {"rawForm": "SPARQL", "normalizedForm": "SPARQL", "wikidataId": "Q54871", "wikipediaExternalRef": 2574343, "lang": "en", "confidence": 0.9098, "offsetStart": 29, "offsetEnd": 35}, "version": {"rawForm": "1.1", "normalizedForm": "1.1"}, "context": "Several empirical studies of SPARQL query logs have been conducted in the literature investigating statistical features, such as such as occurrences of triple patterns and types of queries [2,14,22,28] along with recent studies on more complex features of the queries, such as structural features and complexity of the queries [9,26].", "mentionContextAttributes": {"used": {"value": false, "score": 0.24253088235855103}, "created": {"value": false, "score": 1.1980533599853516e-05}, "shared": {"value": false, "score": 4.172325134277344e-07}}, "documentContextAttributes": {"used": {"value": true, "score": 0.9997820854187012}, "created": {"value": false, "score": 0.08819764852523804}, "shared": {"value": true, "score": 0.996074914932251}}}, {"type": "software", "software-type": "software", "wikidataId": "Q54871", "wikipediaExternalRef": 2574343, "lang": "en", "confidence": 0.9098, "software-name": {"rawForm": "SPARQL", "normalizedForm": "SPARQL", "wikidataId": "Q54871", "wikipediaExternalRef": 2574343, "lang": "en", "confidence": 0.9098, "offsetStart": 30, "offsetEnd": 36}, "version": {"rawForm": "1.1", "normalizedForm": "1.1"}, "context": "A conjunctive query (CQ) is a SPARQL pattern that only uses the triple patterns and the operator And.", "mentionContextAttributes": {"used": {"value": false, "score": 0.0004977583885192871}, "created": {"value": false, "score": 2.0325183868408203e-05}, "shared": {"value": false, "score": 1.7881393432617188e-07}}, "documentContextAttributes": {"used": {"value": true, "score": 0.9997820854187012}, "created": {"value": false, "score": 0.08819764852523804}, "shared": {"value": true, "score": 0.996074914932251}}}, {"type": "software", "software-type": "software", "wikidataId": "Q54871", "wikipediaExternalRef": 2574343, "lang": "en", "confidence": 0.9098, "software-name": {"rawForm": "SPARQL", "normalizedForm": "SPARQL", "wikidataId": "Q54871", "wikipediaExternalRef": 2574343, "lang": "en", "confidence": 0.9098, "offsetStart": 30, "offsetEnd": 36}, "version": {"rawForm": "1.1", "normalizedForm": "1.1"}, "context": "The canonical hypergraph of a SPARQL pattern P is defined as E = {X | there is a triple pattern t in P such that X is the set of blank nodes and variables appearing t } and V is the union of the nodes in the edges in E.", "mentionContextAttributes": {"used": {"value": false, "score": 0.10152822732925415}, "created": {"value": false, "score": 3.165006637573242e-05}, "shared": {"value": false, "score": 8.940696716308594e-07}}, "documentContextAttributes": {"used": {"value": true, "score": 0.9997820854187012}, "created": {"value": false, "score": 0.08819764852523804}, "shared": {"value": true, "score": 0.996074914932251}}}, {"type": "software", "software-type": "software", "wikidataId": "Q54871", "wikipediaExternalRef": 2574343, "lang": "en", "confidence": 0.9098, "software-name": {"rawForm": "SPARQL", "normalizedForm": "SPARQL", "wikidataId": "Q54871", "wikipediaExternalRef": 2574343, "lang": "en", "confidence": 0.9098, "offsetStart": 32, "offsetEnd": 38}, "version": {"rawForm": "1.1", "normalizedForm": "1.1"}, "context": "Since graphs are node pairs and SPARQL queries have triple patterns, we need to be careful with the use of variables in the predicate position.", "mentionContextAttributes": {"used": {"value": false, "score": 0.02974414825439453}, "created": {"value": false, "score": 3.0338764190673828e-05}, "shared": {"value": false, "score": 2.980232238769531e-07}}, "documentContextAttributes": {"used": {"value": true, "score": 0.9997820854187012}, "created": {"value": false, "score": 0.08819764852523804}, "shared": {"value": true, "score": 0.996074914932251}}}, {"type": "software", "software-type": "software", "wikidataId": "Q54871", "wikipediaExternalRef": 2574343, "lang": "en", "confidence": 0.9098, "software-name": {"rawForm": "SPARQL", "normalizedForm": "SPARQL", "wikidataId": "Q54871", "wikipediaExternalRef": 2574343, "lang": "en", "confidence": 0.9098, "offsetStart": 46, "offsetEnd": 52}, "version": {"rawForm": "1.1", "normalizedForm": "1.1"}, "context": "Malyshev et al. first introduced the Wikidata SPARQL service WDQS and analyzed basic characteristics of Wikidata queries related to their usage in this service spanning from SPARQL feature prevalence and correlation to annotations and language distributions.", "mentionContextAttributes": {"used": {"value": false, "score": 0.060220956802368164}, "created": {"value": false, "score": 0.010410070419311523}, "shared": {"value": false, "score": 4.172325134277344e-07}}, "documentContextAttributes": {"used": {"value": true, "score": 0.9997820854187012}, "created": {"value": false, "score": 0.08819764852523804}, "shared": {"value": true, "score": 0.996074914932251}}}, {"type": "software", "software-type": "software", "wikidataId": "Q54871", "wikipediaExternalRef": 2574343, "lang": "en", "confidence": 0.9098, "software-name": {"rawForm": "SPARQL", "normalizedForm": "SPARQL", "wikidataId": "Q54871", "wikipediaExternalRef": 2574343, "lang": "en", "confidence": 0.9098, "offsetStart": 46, "offsetEnd": 52}, "version": {"rawForm": "1.1", "normalizedForm": "1.1"}, "context": "Malyshev et al. first introduced the Wikidata SPARQL service WDQS and analyzed basic characteristics of Wikidata queries related to their usage in this service spanning from SPARQL feature prevalence and correlation to annotations and language distributions.", "mentionContextAttributes": {"used": {"value": false, "score": 0.060220956802368164}, "created": {"value": false, "score": 0.010410070419311523}, "shared": {"value": false, "score": 4.172325134277344e-07}}, "documentContextAttributes": {"used": {"value": true, "score": 0.9997820854187012}, "created": {"value": false, "score": 0.08819764852523804}, "shared": {"value": true, "score": 0.996074914932251}}}, {"type": "software", "software-type": "software", "wikidataId": "Q54871", "wikipediaExternalRef": 2574343, "lang": "en", "confidence": 0.9098, "software-name": {"rawForm": "SPARQL", "normalizedForm": "SPARQL", "wikidataId": "Q54871", "wikipediaExternalRef": 2574343, "lang": "en", "confidence": 0.9098, "offsetStart": 54, "offsetEnd": 60}, "version": {"rawForm": "1.1", "normalizedForm": "1.1"}, "context": "A conjunctive two-way regular path query (C2RPQ) is a SPARQL pattern that only uses triple patterns, the operator And, and property paths.", "mentionContextAttributes": {"used": {"value": false, "score": 0.0001773834228515625}, "created": {"value": false, "score": 6.276369094848633e-05}, "shared": {"value": false, "score": 2.980232238769531e-07}}, "documentContextAttributes": {"used": {"value": true, "score": 0.9997820854187012}, "created": {"value": false, "score": 0.08819764852523804}, "shared": {"value": true, "score": 0.996074914932251}}}, {"type": "software", "software-type": "software", "software-name": {"rawForm": "RoboticOK", "normalizedForm": "RoboticOK", "offsetStart": 56, "offsetEnd": 65}, "context": "About the distributions of sizes, we found out that the RoboticOK queries are less skewed in terms of sizes than the OrganicOK queries and this also applies to OrganicTO and RoboticTO queries, that are also inherently more complex in terms of sizes than the RoboticOK plus OrganicOK queries.", "mentionContextAttributes": {"used": {"value": true, "score": 0.9990981817245483}, "created": {"value": false, "score": 1.817941665649414e-05}, "shared": {"value": false, "score": 4.172325134277344e-07}}, "documentContextAttributes": {"used": {"value": true, "score": 0.9999944567680359}, "created": {"value": false, "score": 0.009429752826690674}, "shared": {"value": false, "score": 4.172325134277344e-07}}}, {"type": "software", "software-type": "software", "software-name": {"rawForm": "RoboticOK", "normalizedForm": "RoboticOK", "offsetStart": 59, "offsetEnd": 68}, "context": "6 Sometimes we use OK, (resp., TO) to refer to OrganicOK \u222a RoboticOK (resp., OrganicTO \u222a RoboticTO) for brevity.", "mentionContextAttributes": {"used": {"value": false, "score": 0.16728633642196655}, "created": {"value": false, "score": 7.927417755126953e-06}, "shared": {"value": false, "score": 4.172325134277344e-07}}, "documentContextAttributes": {"used": {"value": true, "score": 0.9999944567680359}, "created": {"value": false, "score": 0.009429752826690674}, "shared": {"value": false, "score": 4.172325134277344e-07}}}, {"type": "software", "software-type": "software", "software-name": {"rawForm": "RoboticOK", "normalizedForm": "RoboticOK", "offsetStart": 63, "offsetEnd": 72}, "context": "To further understand this phenomenon, we focused on the valid RoboticOK and OrganicOK and computed the most popular 20 queries containing a property path with Kleene-star.", "mentionContextAttributes": {"used": {"value": true, "score": 0.9999944567680359}, "created": {"value": false, "score": 0.00017714500427246094}, "shared": {"value": false, "score": 1.7881393432617188e-07}}, "documentContextAttributes": {"used": {"value": true, "score": 0.9999944567680359}, "created": {"value": false, "score": 0.009429752826690674}, "shared": {"value": false, "score": 4.172325134277344e-07}}}, {"type": "software", "software-type": "software", "wikidataId": "Q54871", "wikipediaExternalRef": 2574343, "lang": "en", "confidence": 0.9098, "software-name": {"rawForm": "SPARQL", "normalizedForm": "SPARQL", "wikidataId": "Q54871", "wikipediaExternalRef": 2574343, "lang": "en", "confidence": 0.9098, "offsetStart": 69, "offsetEnd": 75}, "version": {"rawForm": "1.1", "normalizedForm": "1.1"}, "context": ".} be an infinite set of variables, disjoint from I, B, and L. As in SPARQL, we always prefix variables by a question mark.", "mentionContextAttributes": {"used": {"value": false, "score": 0.0010466575622558594}, "created": {"value": false, "score": 4.1425228118896484e-05}, "shared": {"value": false, "score": 2.980232238769531e-07}}, "documentContextAttributes": {"used": {"value": true, "score": 0.9997820854187012}, "created": {"value": false, "score": 0.08819764852523804}, "shared": {"value": true, "score": 0.996074914932251}}}, {"type": "software", "software-type": "software", "wikidataId": "Q54871", "wikipediaExternalRef": 2574343, "lang": "en", "confidence": 0.9098, "software-name": {"rawForm": "SPARQL", "normalizedForm": "SPARQL", "wikidataId": "Q54871", "wikipediaExternalRef": 2574343, "lang": "en", "confidence": 0.9098, "offsetStart": 69, "offsetEnd": 75}, "version": {"rawForm": "1.1", "normalizedForm": "1.1"}, "context": ".} be an infinite set of variables, disjoint from I, B, and L. As in SPARQL, we always prefix variables by a question mark.", "mentionContextAttributes": {"used": {"value": false, "score": 0.0010466575622558594}, "created": {"value": false, "score": 4.1425228118896484e-05}, "shared": {"value": false, "score": 2.980232238769531e-07}}, "documentContextAttributes": {"used": {"value": true, "score": 0.9997820854187012}, "created": {"value": false, "score": 0.08819764852523804}, "shared": {"value": true, "score": 0.996074914932251}}}, {"type": "software", "software-type": "software", "wikidataId": "Q54871", "wikipediaExternalRef": 2574343, "lang": "en", "confidence": 0.9098, "software-name": {"rawForm": "SPARQL", "normalizedForm": "SPARQL", "wikidataId": "Q54871", "wikipediaExternalRef": 2574343, "lang": "en", "confidence": 0.9098, "offsetStart": 72, "offsetEnd": 78}, "version": {"rawForm": "1.1", "normalizedForm": "1.1"}, "context": "We illustrate by example how parts of our definition correspond to real SPARQL queries.", "mentionContextAttributes": {"used": {"value": true, "score": 0.8585950136184692}, "created": {"value": false, "score": 6.026029586791992e-05}, "shared": {"value": false, "score": 1.7881393432617188e-07}}, "documentContextAttributes": {"used": {"value": true, "score": 0.9997820854187012}, "created": {"value": false, "score": 0.08819764852523804}, "shared": {"value": true, "score": 0.996074914932251}}}, {"type": "software", "software-type": "software", "wikidataId": "Q54871", "wikipediaExternalRef": 2574343, "lang": "en", "confidence": 0.9098, "software-name": {"rawForm": "SPARQL", "normalizedForm": "SPARQL", "wikidataId": "Q54871", "wikipediaExternalRef": 2574343, "lang": "en", "confidence": 0.9098, "offsetStart": 72, "offsetEnd": 78}, "version": {"rawForm": "1.1", "normalizedForm": "1.1"}, "context": "We illustrate by example how parts of our definition correspond to real SPARQL queries.", "mentionContextAttributes": {"used": {"value": true, "score": 0.8585950136184692}, "created": {"value": false, "score": 6.026029586791992e-05}, "shared": {"value": false, "score": 1.7881393432617188e-07}}, "documentContextAttributes": {"used": {"value": true, "score": 0.9997820854187012}, "created": {"value": false, "score": 0.08819764852523804}, "shared": {"value": true, "score": 0.996074914932251}}}, {"type": "software", "software-type": "software", "wikidataId": "Q54871", "wikipediaExternalRef": 2574343, "lang": "en", "confidence": 0.9098, "software-name": {"rawForm": "SPARQL", "normalizedForm": "SPARQL", "wikidataId": "Q54871", "wikipediaExternalRef": 2574343, "lang": "en", "confidence": 0.9098, "offsetStart": 73, "offsetEnd": 79}, "version": {"rawForm": "1", "normalizedForm": "1", "offsetStart": 80, "offsetEnd": 81}, "context": "Similarly to [9] we use the test for projection in Section 18.2.1 in the SPARQL 1.1 recommendation [15]. ", "mentionContextAttributes": {"used": {"value": true, "score": 0.9997820854187012}, "created": {"value": false, "score": 1.8477439880371094e-06}, "shared": {"value": false, "score": 1.7881393432617188e-07}}, "documentContextAttributes": {"used": {"value": true, "score": 0.9997820854187012}, "created": {"value": false, "score": 0.08819764852523804}, "shared": {"value": true, "score": 0.996074914932251}}}, {"type": "software", "software-type": "software", "wikidataId": "Q54871", "wikipediaExternalRef": 2574343, "lang": "en", "confidence": 0.9098, "software-name": {"rawForm": "SPARQL", "normalizedForm": "SPARQL", "wikidataId": "Q54871", "wikipediaExternalRef": 2574343, "lang": "en", "confidence": 0.9098, "offsetStart": 73, "offsetEnd": 79}, "version": {"rawForm": "1.1", "normalizedForm": "1.1"}, "context": "Here, t is a triple pattern, pp is a property path pattern, Q is again a SPARQL query, and R is a so-called SPARQL filter constraint.", "mentionContextAttributes": {"used": {"value": false, "score": 0.13543307781219482}, "created": {"value": false, "score": 4.225969314575195e-05}, "shared": {"value": false, "score": 1.7881393432617188e-07}}, "documentContextAttributes": {"used": {"value": true, "score": 0.9997820854187012}, "created": {"value": false, "score": 0.08819764852523804}, "shared": {"value": true, "score": 0.996074914932251}}}, {"type": "software", "software-type": "software", "wikidataId": "Q54871", "wikipediaExternalRef": 2574343, "lang": "en", "confidence": 0.9098, "software-name": {"rawForm": "SPARQL", "normalizedForm": "SPARQL", "wikidataId": "Q54871", "wikipediaExternalRef": 2574343, "lang": "en", "confidence": 0.9098, "offsetStart": 74, "offsetEnd": 80}, "version": {"rawForm": "1.1", "normalizedForm": "1.1"}, "context": "By I, B, and L we denote the sets of IRIs, blank nodes, and literals from SPARQL, respectively.", "mentionContextAttributes": {"used": {"value": true, "score": 0.9518691301345825}, "created": {"value": false, "score": 2.2590160369873047e-05}, "shared": {"value": false, "score": 5.364418029785156e-07}}, "documentContextAttributes": {"used": {"value": true, "score": 0.9997820854187012}, "created": {"value": false, "score": 0.08819764852523804}, "shared": {"value": true, "score": 0.996074914932251}}}, {"type": "software", "software-type": "software", "wikidataId": "Q54871", "wikipediaExternalRef": 2574343, "lang": "en", "confidence": 0.9098, "software-name": {"rawForm": "SPARQL", "normalizedForm": "SPARQL", "wikidataId": "Q54871", "wikipediaExternalRef": 2574343, "lang": "en", "confidence": 0.9098, "offsetStart": 74, "offsetEnd": 80}, "version": {"rawForm": "1.1", "normalizedForm": "1.1"}, "context": "By I, B, and L we denote the sets of IRIs, blank nodes, and literals from SPARQL, respectively.", "mentionContextAttributes": {"used": {"value": true, "score": 0.9518691301345825}, "created": {"value": false, "score": 2.2590160369873047e-05}, "shared": {"value": false, "score": 5.364418029785156e-07}}, "documentContextAttributes": {"used": {"value": true, "score": 0.9997820854187012}, "created": {"value": false, "score": 0.08819764852523804}, "shared": {"value": true, "score": 0.996074914932251}}}, {"type": "software", "software-type": "software", "software-name": {"rawForm": "RoboticOK", "normalizedForm": "RoboticOK", "offsetStart": 75, "offsetEnd": 84}, "context": "As a side remark, the highest number of triples that we observed is in the RoboticOK Valid logs and is equal to 67, which was found in 68 queries (in 34 queries in the RoboticOK Valid logs, respectively).", "mentionContextAttributes": {"used": {"value": true, "score": 0.9999811053276062}, "created": {"value": false, "score": 2.0682811737060547e-05}, "shared": {"value": false, "score": 1.7881393432617188e-07}}, "documentContextAttributes": {"used": {"value": true, "score": 0.9999944567680359}, "created": {"value": false, "score": 0.009429752826690674}, "shared": {"value": false, "score": 4.172325134277344e-07}}}, {"type": "software", "software-type": "software", "software-name": {"rawForm": "RoboticOK", "normalizedForm": "RoboticOK", "offsetStart": 75, "offsetEnd": 84}, "context": "As a side remark, the highest number of triples that we observed is in the RoboticOK Valid logs and is equal to 67, which was found in 68 queries (in 34 queries in the RoboticOK Valid logs, respectively).", "mentionContextAttributes": {"used": {"value": true, "score": 0.9999811053276062}, "created": {"value": false, "score": 2.0682811737060547e-05}, "shared": {"value": false, "score": 1.7881393432617188e-07}}, "documentContextAttributes": {"used": {"value": true, "score": 0.9999944567680359}, "created": {"value": false, "score": 0.009429752826690674}, "shared": {"value": false, "score": 4.172325134277344e-07}}}, {"type": "software", "software-type": "software", "wikidataId": "Q54871", "wikipediaExternalRef": 2574343, "lang": "en", "confidence": 0.9098, "software-name": {"rawForm": "SPARQL", "normalizedForm": "SPARQL", "wikidataId": "Q54871", "wikipediaExternalRef": 2574343, "lang": "en", "confidence": 0.9098, "offsetStart": 84, "offsetEnd": 90}, "version": {"rawForm": "1.1", "normalizedForm": "1.1"}, "context": "These logs are anonymized and represent queries that were submitted to the Wikidata SPARQL endpoint from June 12th until September 3rd in 2017.", "mentionContextAttributes": {"used": {"value": true, "score": 0.9888103604316711}, "created": {"value": false, "score": 8.147954940795898e-05}, "shared": {"value": false, "score": 3.039836883544922e-06}}, "documentContextAttributes": {"used": {"value": true, "score": 0.9997820854187012}, "created": {"value": false, "score": 0.08819764852523804}, "shared": {"value": true, "score": 0.996074914932251}}}, {"type": "software", "software-type": "software", "wikidataId": "Q54871", "wikipediaExternalRef": 2574343, "lang": "en", "confidence": 0.9098, "software-name": {"rawForm": "SPARQL", "normalizedForm": "SPARQL", "wikidataId": "Q54871", "wikipediaExternalRef": 2574343, "lang": "en", "confidence": 0.9098, "offsetStart": 89, "offsetEnd": 95}, "version": {"rawForm": "1.1", "normalizedForm": "1.1"}, "context": "In Wikidata, they are particularly important since they emulate ontological reasoning in SPARQL and also express complex label-constrained reachability queries.", "mentionContextAttributes": {"used": {"value": false, "score": 9.328126907348633e-05}, "created": {"value": false, "score": 2.7835369110107422e-05}, "shared": {"value": false, "score": 1.7881393432617188e-07}}, "documentContextAttributes": {"used": {"value": true, "score": 0.9997820854187012}, "created": {"value": false, "score": 0.08819764852523804}, "shared": {"value": true, "score": 0.996074914932251}}}, {"type": "software", "software-type": "software", "software-name": {"rawForm": "RoboticTO", "normalizedForm": "RoboticTO", "offsetStart": 89, "offsetEnd": 98}, "context": "6 Sometimes we use OK, (resp., TO) to refer to OrganicOK \u222a RoboticOK (resp., OrganicTO \u222a RoboticTO) for brevity.", "mentionContextAttributes": {"used": {"value": false, "score": 0.16728633642196655}, "created": {"value": false, "score": 7.927417755126953e-06}, "shared": {"value": false, "score": 4.172325134277344e-07}}, "documentContextAttributes": {"used": {"value": true, "score": 0.9999009370803833}, "created": {"value": false, "score": 8.255243301391602e-05}, "shared": {"value": false, "score": 4.172325134277344e-07}}}, {"type": "software", "software-type": "software", "software-name": {"rawForm": "RoboticTO", "normalizedForm": "RoboticTO", "offsetStart": 95, "offsetEnd": 104}, "context": "The fraction of OrganicTO queries to Organic queries is 2.12% (3.35%), whereas the fraction of RoboticTO to Robotic queries is 0.02% (0.01%).", "mentionContextAttributes": {"used": {"value": true, "score": 0.6326581835746765}, "created": {"value": false, "score": 8.255243301391602e-05}, "shared": {"value": false, "score": 4.172325134277344e-07}}, "documentContextAttributes": {"used": {"value": true, "score": 0.9999009370803833}, "created": {"value": false, "score": 8.255243301391602e-05}, "shared": {"value": false, "score": 4.172325134277344e-07}}}, {"type": "software", "software-type": "software", "software-name": {"rawForm": "APTED", "normalizedForm": "APTED", "offsetStart": 96, "offsetEnd": 101}, "context": "As for the implementation of the TED algorithm, we opted for an available implementation of the APTED algorithm [23,24], because the implementation was easy to embed into our software, offered the option to use different weights for nodes, and yielded good performance results in our tests.", "mentionContextAttributes": {"used": {"value": true, "score": 0.9124431610107422}, "created": {"value": false, "score": 0.026096642017364502}, "shared": {"value": false, "score": 2.980232238769531e-07}}, "documentContextAttributes": {"used": {"value": true, "score": 0.9124431610107422}, "created": {"value": false, "score": 0.026096642017364502}, "shared": {"value": false, "score": 2.980232238769531e-07}}}, {"type": "software", "software-type": "software", "wikidataId": "Q54871", "wikipediaExternalRef": 2574343, "lang": "en", "confidence": 0.9098, "software-name": {"rawForm": "SPARQL", "normalizedForm": "SPARQL", "wikidataId": "Q54871", "wikipediaExternalRef": 2574343, "lang": "en", "confidence": 0.9098, "offsetStart": 96, "offsetEnd": 102}, "version": {"rawForm": "1.1", "normalizedForm": "1.1", "offsetStart": 103, "offsetEnd": 106}, "context": "We note that property paths (pp) and subqueries (Q) in the above grammar are new features since SPARQL 1.1. ", "mentionContextAttributes": {"used": {"value": false, "score": 0.0003587007522583008}, "created": {"value": false, "score": 0.00048023462295532227}, "shared": {"value": false, "score": 2.980232238769531e-07}}, "documentContextAttributes": {"used": {"value": true, "score": 0.9997820854187012}, "created": {"value": false, "score": 0.08819764852523804}, "shared": {"value": true, "score": 0.996074914932251}}}, {"type": "software", "software-type": "software", "wikidataId": "Q54871", "wikipediaExternalRef": 2574343, "lang": "en", "confidence": 0.9098, "software-name": {"rawForm": "SPARQL", "normalizedForm": "SPARQL", "wikidataId": "Q54871", "wikipediaExternalRef": 2574343, "lang": "en", "confidence": 0.9098, "offsetStart": 96, "offsetEnd": 102}, "version": {"rawForm": "1.1", "normalizedForm": "1.1"}, "context": "We note that property paths (pp) and subqueries (Q) in the above grammar are new features since SPARQL 1.1.", "mentionContextAttributes": {"used": {"value": false, "score": 0.0003587007522583008}, "created": {"value": false, "score": 0.00048023462295532227}, "shared": {"value": false, "score": 2.980232238769531e-07}}, "documentContextAttributes": {"used": {"value": true, "score": 0.9997820854187012}, "created": {"value": false, "score": 0.08819764852523804}, "shared": {"value": true, "score": 0.996074914932251}}}, {"type": "software", "software-type": "software", "software-name": {"rawForm": "RoboticOK", "normalizedForm": "RoboticOK", "offsetStart": 96, "offsetEnd": 105}, "context": "Table 3 reports the numbers of constants and variables by intervals in the Unique OrganicOK and RoboticOK logs.", "mentionContextAttributes": {"used": {"value": true, "score": 0.97883141040802}, "created": {"value": false, "score": 2.676248550415039e-05}, "shared": {"value": false, "score": 1.7881393432617188e-07}}, "documentContextAttributes": {"used": {"value": true, "score": 0.9999944567680359}, "created": {"value": false, "score": 0.009429752826690674}, "shared": {"value": false, "score": 4.172325134277344e-07}}}, {"type": "software", "software-type": "software", "software-name": {"rawForm": "Jena", "normalizedForm": "Jena", "offsetStart": 98, "offsetEnd": 102}, "context": "We extracted 14 356 out of the available 412 queries, which were the ones that could be parsed by Jena.", "mentionContextAttributes": {"used": {"value": true, "score": 0.9999892115592957}, "created": {"value": false, "score": 8.761882781982422e-06}, "shared": {"value": false, "score": 2.980232238769531e-07}}, "documentContextAttributes": {"used": {"value": true, "score": 0.9999893307685852}, "created": {"value": false, "score": 3.629922866821289e-05}, "shared": {"value": false, "score": 1.4901161193847656e-06}}}, {"type": "software", "software-type": "software", "software-name": {"rawForm": "Jena", "normalizedForm": "Jena", "offsetStart": 98, "offsetEnd": 102}, "context": "We extracted 15 356 out of the available 412 queries, which were the ones that could be parsed by Jena.", "mentionContextAttributes": {"used": {"value": true, "score": 0.9999893307685852}, "created": {"value": false, "score": 8.52346420288086e-06}, "shared": {"value": false, "score": 2.980232238769531e-07}}, "documentContextAttributes": {"used": {"value": true, "score": 0.9999893307685852}, "created": {"value": false, "score": 3.629922866821289e-05}, "shared": {"value": false, "score": 1.4901161193847656e-06}}}, {"type": "software", "software-type": "software", "wikidataId": "Q54871", "wikipediaExternalRef": 2574343, "lang": "en", "confidence": 0.9098, "software-name": {"rawForm": "SPARQL", "normalizedForm": "SPARQL", "wikidataId": "Q54871", "wikipediaExternalRef": 2574343, "lang": "en", "confidence": 0.9098, "offsetStart": 108, "offsetEnd": 114}, "version": {"rawForm": "1.1", "normalizedForm": "1.1"}, "context": "Here, t is a triple pattern, pp is a property path pattern, Q is again a SPARQL query, and R is a so-called SPARQL filter constraint.", "mentionContextAttributes": {"used": {"value": false, "score": 0.13543307781219482}, "created": {"value": false, "score": 4.225969314575195e-05}, "shared": {"value": false, "score": 1.7881393432617188e-07}}, "documentContextAttributes": {"used": {"value": true, "score": 0.9997820854187012}, "created": {"value": false, "score": 0.08819764852523804}, "shared": {"value": true, "score": 0.996074914932251}}}, {"type": "software", "software-type": "software", "wikidataId": "Q54871", "wikipediaExternalRef": 2574343, "lang": "en", "confidence": 0.9098, "software-name": {"rawForm": "SPARQL", "normalizedForm": "SPARQL", "wikidataId": "Q54871", "wikipediaExternalRef": 2574343, "lang": "en", "confidence": 0.9098, "offsetStart": 111, "offsetEnd": 117}, "version": {"rawForm": "1.1", "normalizedForm": "1.1"}, "context": "For this reason, Bielefeldt et al. [7] ignore the labeling service entirely in their co-occurrence analysis of SPARQL features.", "mentionContextAttributes": {"used": {"value": true, "score": 0.6241728663444519}, "created": {"value": false, "score": 5.185604095458984e-06}, "shared": {"value": false, "score": 2.980232238769531e-07}}, "documentContextAttributes": {"used": {"value": true, "score": 0.9997820854187012}, "created": {"value": false, "score": 0.08819764852523804}, "shared": {"value": true, "score": 0.996074914932251}}}, {"type": "software", "software-type": "software", "software-name": {"rawForm": "RoboticOK", "normalizedForm": "RoboticOK", "offsetStart": 117, "offsetEnd": 126}, "context": "Entirely new observations were made across the distinction in terms of Valid and Unique logs, further segmented into RoboticOK and OrganicOK, the addition of timeout logs never analysed before, which led us to add interesting dimensions to the analysis.", "mentionContextAttributes": {"used": {"value": true, "score": 0.9996902942657471}, "created": {"value": false, "score": 0.009429752826690674}, "shared": {"value": false, "score": 1.7881393432617188e-07}}, "documentContextAttributes": {"used": {"value": true, "score": 0.9999944567680359}, "created": {"value": false, "score": 0.009429752826690674}, "shared": {"value": false, "score": 4.172325134277344e-07}}}, {"type": "software", "software-type": "software", "wikidataId": "Q11354", "wikipediaExternalRef": 2581, "lang": "en", "confidence": 0.8046, "software-name": {"rawForm": "Apache", "normalizedForm": "Apache", "wikidataId": "Q11354", "wikipediaExternalRef": 2581, "lang": "en", "confidence": 0.8046, "offsetStart": 136, "offsetEnd": 142}, "context": "Table 1 describes, for each of the log types, its number of queries (Total #Q), number of valid queries, i.e., queries that parse using Apache Jena 3.7.0 ", "mentionContextAttributes": {"used": {"value": false, "score": 0.4381982684135437}, "created": {"value": false, "score": 2.0325183868408203e-05}, "shared": {"value": false, "score": 1.7881393432617188e-07}}, "documentContextAttributes": {"used": {"value": false, "score": 0.4381982684135437}, "created": {"value": false, "score": 2.0325183868408203e-05}, "shared": {"value": false, "score": 1.7881393432617188e-07}}}, {"type": "software", "software-type": "software", "wikidataId": "Q54871", "wikipediaExternalRef": 2574343, "lang": "en", "confidence": 0.9098, "software-name": {"rawForm": "SPARQL", "normalizedForm": "SPARQL", "wikidataId": "Q54871", "wikipediaExternalRef": 2574343, "lang": "en", "confidence": 0.9098, "offsetStart": 137, "offsetEnd": 143}, "version": {"rawForm": "1.1", "normalizedForm": "1.1"}, "context": "We refer to the SPARQL 1.1 recommendation [15] and the literature [25] for the precise syntax of filter constraints and the semantics of SPARQL queries.", "mentionContextAttributes": {"used": {"value": true, "score": 0.9078896045684814}, "created": {"value": false, "score": 7.802248001098633e-05}, "shared": {"value": false, "score": 1.7881393432617188e-07}}, "documentContextAttributes": {"used": {"value": true, "score": 0.9997820854187012}, "created": {"value": false, "score": 0.08819764852523804}, "shared": {"value": true, "score": 0.996074914932251}}}, {"type": "software", "software-type": "software", "wikidataId": "Q54871", "wikipediaExternalRef": 2574343, "lang": "en", "confidence": 0.9098, "software-name": {"rawForm": "SPARQL", "normalizedForm": "SPARQL", "wikidataId": "Q54871", "wikipediaExternalRef": 2574343, "lang": "en", "confidence": 0.9098, "offsetStart": 137, "offsetEnd": 143}, "version": {"rawForm": "1.1", "normalizedForm": "1.1"}, "context": "We refer to the SPARQL 1.1 recommendation [16] and the literature [26] for the precise syntax of filter constraints and the semantics of SPARQL queries.", "mentionContextAttributes": {"used": {"value": true, "score": 0.9043132066726685}, "created": {"value": false, "score": 9.006261825561523e-05}, "shared": {"value": false, "score": 1.7881393432617188e-07}}, "documentContextAttributes": {"used": {"value": true, "score": 0.9997820854187012}, "created": {"value": false, "score": 0.08819764852523804}, "shared": {"value": true, "score": 0.996074914932251}}}, {"type": "software", "software-type": "software", "wikidataId": "Q54871", "wikipediaExternalRef": 2574343, "lang": "en", "confidence": 0.9098, "software-name": {"rawForm": "SPARQL", "normalizedForm": "SPARQL", "wikidataId": "Q54871", "wikipediaExternalRef": 2574343, "lang": "en", "confidence": 0.9098, "offsetStart": 138, "offsetEnd": 144}, "version": {"rawForm": "1.1", "normalizedForm": "1.1"}, "context": "They allow to express navigational patterns on the graph instances by leveraging regular expressions, also known as Property Paths in the SPARQL 1.1 specification [15].", "mentionContextAttributes": {"used": {"value": false, "score": 5.549192428588867e-05}, "created": {"value": false, "score": 5.78761100769043e-05}, "shared": {"value": false, "score": 1.7881393432617188e-07}}, "documentContextAttributes": {"used": {"value": true, "score": 0.9997820854187012}, "created": {"value": false, "score": 0.08819764852523804}, "shared": {"value": true, "score": 0.996074914932251}}}, {"type": "software", "software-type": "software", "wikidataId": "Q54871", "wikipediaExternalRef": 2574343, "lang": "en", "confidence": 0.9098, "software-name": {"rawForm": "SPARQL", "normalizedForm": "SPARQL", "wikidataId": "Q54871", "wikipediaExternalRef": 2574343, "lang": "en", "confidence": 0.9098, "offsetStart": 142, "offsetEnd": 148}, "version": {"rawForm": "1.1", "normalizedForm": "1.1"}, "context": "A preliminary analysis of the Wikidata query logs bootstrapped with a recent paper by Malyshev et al. [20], who first introduced the Wikidata SPARQL service WDQS 2 and pinpointed its technical characteristics and current usage.", "mentionContextAttributes": {"used": {"value": true, "score": 0.9832059741020203}, "created": {"value": false, "score": 0.00018668174743652344}, "shared": {"value": false, "score": 4.172325134277344e-07}}, "documentContextAttributes": {"used": {"value": true, "score": 0.9997820854187012}, "created": {"value": false, "score": 0.08819764852523804}, "shared": {"value": true, "score": 0.996074914932251}}}, {"type": "software", "software-type": "software", "software-name": {"rawForm": "Jena", "normalizedForm": "Jena", "offsetStart": 143, "offsetEnd": 147}, "context": "Table 1 describes, for each of the log types, its number of queries (Total #Q), number of valid queries, i.e., queries that parse using Apache Jena 3.7.0", "mentionContextAttributes": {"used": {"value": false, "score": 0.4381982684135437}, "created": {"value": false, "score": 2.0325183868408203e-05}, "shared": {"value": false, "score": 1.7881393432617188e-07}}, "documentContextAttributes": {"used": {"value": true, "score": 0.9999893307685852}, "created": {"value": false, "score": 3.629922866821289e-05}, "shared": {"value": false, "score": 1.4901161193847656e-06}}}, {"type": "software", "software-type": "software", "wikidataId": "Q54871", "wikipediaExternalRef": 2574343, "lang": "en", "confidence": 0.9098, "software-name": {"rawForm": "SPARQL", "normalizedForm": "SPARQL", "wikidataId": "Q54871", "wikipediaExternalRef": 2574343, "lang": "en", "confidence": 0.9098, "offsetStart": 148, "offsetEnd": 154}, "version": {"rawForm": "1.1", "normalizedForm": "1.1"}, "context": "Contrarily to Wikidata data dumps, which are readily available and allow a flurry of analyses, the activity of both humans and bots on the Wikidata SPARQL endpoints can only be investigated since recently, thanks to the release of large anonymized query logs. 1 These query logs represent a rich swath of information about the robotic and organic query traffic on Wikidata and deserve our attention for further investigation, in particular to understand the structure of complex queries.", "mentionContextAttributes": {"used": {"value": false, "score": 0.0032708048820495605}, "created": {"value": false, "score": 0.08819764852523804}, "shared": {"value": false, "score": 5.692243576049805e-05}}, "documentContextAttributes": {"used": {"value": true, "score": 0.9997820854187012}, "created": {"value": false, "score": 0.08819764852523804}, "shared": {"value": true, "score": 0.996074914932251}}}, {"type": "software", "software-type": "software", "wikidataId": "Q54871", "wikipediaExternalRef": 2574343, "lang": "en", "confidence": 0.9098, "software-name": {"rawForm": "SPARQL", "normalizedForm": "SPARQL", "wikidataId": "Q54871", "wikipediaExternalRef": 2574343, "lang": "en", "confidence": 0.9098, "offsetStart": 153, "offsetEnd": 159}, "version": {"rawForm": "1.1", "normalizedForm": "1.1"}, "context": "Accompanying the publication by Malyshev et al.[20], the Knowledge-Based Systems Group at TU Dresden released anonymised logs of several hundred million SPARQL queries from the Wikidata SPARQL endpoint[6].", "mentionContextAttributes": {"used": {"value": true, "score": 0.9626114964485168}, "created": {"value": false, "score": 2.2113323211669922e-05}, "shared": {"value": false, "score": 6.556510925292969e-07}}, "documentContextAttributes": {"used": {"value": true, "score": 0.9997820854187012}, "created": {"value": false, "score": 0.08819764852523804}, "shared": {"value": true, "score": 0.996074914932251}}}, {"type": "software", "software-type": "software", "software-name": {"rawForm": "RoboticTO", "normalizedForm": "RoboticTO", "offsetStart": 154, "offsetEnd": 163}, "context": "The timeout queries for instance show a relatively higher complexity in terms of number of triples than the OK ones, and this observation also applies to RoboticTO queries, that are thus quite different from RoboticOK queries. ", "mentionContextAttributes": {"used": {"value": false, "score": 0.03774362802505493}, "created": {"value": false, "score": 2.9385089874267578e-05}, "shared": {"value": false, "score": 2.980232238769531e-07}}, "documentContextAttributes": {"used": {"value": true, "score": 0.9999009370803833}, "created": {"value": false, "score": 8.255243301391602e-05}, "shared": {"value": false, "score": 4.172325134277344e-07}}}, {"type": "software", "software-type": "software", "software-name": {"rawForm": "RoboticTO", "normalizedForm": "RoboticTO", "offsetStart": 154, "offsetEnd": 163}, "context": "The timeout queries for instance show a relatively higher complexity in terms of number of triples than the OK ones, and this observation also applies to RoboticTO queries, that are thus quite different from RoboticOK queries. ", "mentionContextAttributes": {"used": {"value": false, "score": 0.03774362802505493}, "created": {"value": false, "score": 2.9385089874267578e-05}, "shared": {"value": false, "score": 2.980232238769531e-07}}, "documentContextAttributes": {"used": {"value": true, "score": 0.9999009370803833}, "created": {"value": false, "score": 8.255243301391602e-05}, "shared": {"value": false, "score": 4.172325134277344e-07}}}, {"type": "software", "software-type": "software", "software-name": {"rawForm": "RoboticOK", "normalizedForm": "RoboticOK", "offsetStart": 168, "offsetEnd": 177}, "context": "As a side remark, the highest number of triples that we observed is in the RoboticOK Valid logs and is equal to 67, which was found in 68 queries (in 34 queries in the RoboticOK Valid logs, respectively).", "mentionContextAttributes": {"used": {"value": true, "score": 0.9999811053276062}, "created": {"value": false, "score": 2.0682811737060547e-05}, "shared": {"value": false, "score": 1.7881393432617188e-07}}, "documentContextAttributes": {"used": {"value": true, "score": 0.9999944567680359}, "created": {"value": false, "score": 0.009429752826690674}, "shared": {"value": false, "score": 4.172325134277344e-07}}}, {"type": "software", "software-type": "software", "software-name": {"rawForm": "RoboticOK", "normalizedForm": "RoboticOK", "offsetStart": 168, "offsetEnd": 177}, "context": "As a side remark, the highest number of triples that we observed is in the RoboticOK Valid logs and is equal to 67, which was found in 68 queries (in 34 queries in the RoboticOK Valid logs, respectively).", "mentionContextAttributes": {"used": {"value": true, "score": 0.9999811053276062}, "created": {"value": false, "score": 2.0682811737060547e-05}, "shared": {"value": false, "score": 1.7881393432617188e-07}}, "documentContextAttributes": {"used": {"value": true, "score": 0.9999944567680359}, "created": {"value": false, "score": 0.009429752826690674}, "shared": {"value": false, "score": 4.172325134277344e-07}}}, {"type": "software", "software-type": "software", "wikidataId": "Q54871", "wikipediaExternalRef": 2574343, "lang": "en", "confidence": 0.9098, "software-name": {"rawForm": "SPARQL", "normalizedForm": "SPARQL", "wikidataId": "Q54871", "wikipediaExternalRef": 2574343, "lang": "en", "confidence": 0.9098, "offsetStart": 174, "offsetEnd": 180}, "version": {"rawForm": "1.1", "normalizedForm": "1.1"}, "context": "Malyshev et al. first introduced the Wikidata SPARQL service WDQS and analyzed basic characteristics of Wikidata queries related to their usage in this service spanning from SPARQL feature prevalence and correlation to annotations and language distributions. ", "mentionContextAttributes": {"used": {"value": false, "score": 0.060220956802368164}, "created": {"value": false, "score": 0.010410070419311523}, "shared": {"value": false, "score": 4.172325134277344e-07}}, "documentContextAttributes": {"used": {"value": true, "score": 0.9997820854187012}, "created": {"value": false, "score": 0.08819764852523804}, "shared": {"value": true, "score": 0.996074914932251}}}, {"type": "software", "software-type": "software", "wikidataId": "Q54871", "wikipediaExternalRef": 2574343, "lang": "en", "confidence": 0.9098, "software-name": {"rawForm": "SPARQL", "normalizedForm": "SPARQL", "wikidataId": "Q54871", "wikipediaExternalRef": 2574343, "lang": "en", "confidence": 0.9098, "offsetStart": 174, "offsetEnd": 180}, "version": {"rawForm": "1.1", "normalizedForm": "1.1"}, "context": "Malyshev et al. first introduced the Wikidata SPARQL service WDQS and analyzed basic characteristics of Wikidata queries related to their usage in this service spanning from SPARQL feature prevalence and correlation to annotations and language distributions.", "mentionContextAttributes": {"used": {"value": false, "score": 0.060220956802368164}, "created": {"value": false, "score": 0.010410070419311523}, "shared": {"value": false, "score": 4.172325134277344e-07}}, "documentContextAttributes": {"used": {"value": true, "score": 0.9997820854187012}, "created": {"value": false, "score": 0.08819764852523804}, "shared": {"value": true, "score": 0.996074914932251}}}, {"type": "software", "software-type": "software", "software-name": {"rawForm": "RoboticTO", "normalizedForm": "RoboticTO", "offsetStart": 174, "offsetEnd": 183}, "context": "About the distributions of sizes, we found out that the RoboticOK queries are less skewed in terms of sizes than the OrganicOK queries and this also applies to OrganicTO and RoboticTO queries, that are also inherently more complex in terms of sizes than the RoboticOK plus OrganicOK queries.", "mentionContextAttributes": {"used": {"value": true, "score": 0.9990981817245483}, "created": {"value": false, "score": 1.817941665649414e-05}, "shared": {"value": false, "score": 4.172325134277344e-07}}, "documentContextAttributes": {"used": {"value": true, "score": 0.9999009370803833}, "created": {"value": false, "score": 8.255243301391602e-05}, "shared": {"value": false, "score": 4.172325134277344e-07}}}, {"type": "software", "software-type": "software", "software-name": {"rawForm": "RoboticOK", "normalizedForm": "RoboticOK", "offsetStart": 177, "offsetEnd": 186}, "context": "We have partitioned these log files in four disjoint sets: queries for which the HTTP request was successful 5 , further partitioned in organic (OrganicOK) and robotic queries (RoboticOK); and timeout queries, further partitioned in organic (OrganicTO) and robotic queries (RoboticTO).", "mentionContextAttributes": {"used": {"value": true, "score": 0.9999008774757385}, "created": {"value": false, "score": 3.2782554626464844e-06}, "shared": {"value": false, "score": 2.980232238769531e-07}}, "documentContextAttributes": {"used": {"value": true, "score": 0.9999944567680359}, "created": {"value": false, "score": 0.009429752826690674}, "shared": {"value": false, "score": 4.172325134277344e-07}}}, {"type": "software", "software-type": "software", "wikidataId": "Q54871", "wikipediaExternalRef": 2574343, "lang": "en", "confidence": 0.9098, "software-name": {"rawForm": "SPARQL", "normalizedForm": "SPARQL", "wikidataId": "Q54871", "wikipediaExternalRef": 2574343, "lang": "en", "confidence": 0.9098, "offsetStart": 186, "offsetEnd": 192}, "version": {"rawForm": "1.1", "normalizedForm": "1.1"}, "context": "Accompanying the publication by Malyshev et al.[20], the Knowledge-Based Systems Group at TU Dresden released anonymised logs of several hundred million SPARQL queries from the Wikidata SPARQL endpoint[6].", "mentionContextAttributes": {"used": {"value": true, "score": 0.9626114964485168}, "created": {"value": false, "score": 2.2113323211669922e-05}, "shared": {"value": false, "score": 6.556510925292969e-07}}, "documentContextAttributes": {"used": {"value": true, "score": 0.9997820854187012}, "created": {"value": false, "score": 0.08819764852523804}, "shared": {"value": true, "score": 0.996074914932251}}}, {"type": "software", "software-type": "software", "software-name": {"rawForm": "RoboticOK", "normalizedForm": "RoboticOK", "offsetStart": 208, "offsetEnd": 217}, "context": "The timeout queries for instance show a relatively higher complexity in terms of number of triples than the OK ones, and this observation also applies to RoboticTO queries, that are thus quite different from RoboticOK queries. ", "mentionContextAttributes": {"used": {"value": false, "score": 0.03774362802505493}, "created": {"value": false, "score": 2.9385089874267578e-05}, "shared": {"value": false, "score": 2.980232238769531e-07}}, "documentContextAttributes": {"used": {"value": true, "score": 0.9999944567680359}, "created": {"value": false, "score": 0.009429752826690674}, "shared": {"value": false, "score": 4.172325134277344e-07}}}, {"type": "software", "software-type": "software", "software-name": {"rawForm": "RoboticOK", "normalizedForm": "RoboticOK", "offsetStart": 208, "offsetEnd": 217}, "context": "The timeout queries for instance show a relatively higher complexity in terms of number of triples than the OK ones, and this observation also applies to RoboticTO queries, that are thus quite different from RoboticOK queries. ", "mentionContextAttributes": {"used": {"value": false, "score": 0.03774368762969971}, "created": {"value": false, "score": 2.9325485229492188e-05}, "shared": {"value": false, "score": 2.384185791015625e-07}}, "documentContextAttributes": {"used": {"value": true, "score": 0.9999944567680359}, "created": {"value": false, "score": 0.009429752826690674}, "shared": {"value": false, "score": 4.172325134277344e-07}}}, {"type": "software", "software-type": "software", "software-name": {"rawForm": "RoboticOK", "normalizedForm": "RoboticOK", "offsetStart": 258, "offsetEnd": 267}, "context": "About the distributions of sizes, we found out that the RoboticOK queries are less skewed in terms of sizes than the OrganicOK queries and this also applies to OrganicTO and RoboticTO queries, that are also inherently more complex in terms of sizes than the RoboticOK plus OrganicOK queries.", "mentionContextAttributes": {"used": {"value": true, "score": 0.9990981817245483}, "created": {"value": false, "score": 1.811981201171875e-05}, "shared": {"value": false, "score": 3.5762786865234375e-07}}, "documentContextAttributes": {"used": {"value": true, "score": 0.9999944567680359}, "created": {"value": false, "score": 0.009429752826690674}, "shared": {"value": false, "score": 4.172325134277344e-07}}}, {"type": "software", "software-type": "software", "software-name": {"rawForm": "RoboticTO", "normalizedForm": "RoboticTO", "offsetStart": 274, "offsetEnd": 283}, "context": "We have partitioned these log files in four disjoint sets: queries for which the HTTP request was successful 5 , further partitioned in organic (OrganicOK) and robotic queries (RoboticOK); and timeout queries, further partitioned in organic (OrganicTO) and robotic queries (RoboticTO).", "mentionContextAttributes": {"used": {"value": true, "score": 0.9999009370803833}, "created": {"value": false, "score": 3.2186508178710938e-06}, "shared": {"value": false, "score": 2.384185791015625e-07}}, "documentContextAttributes": {"used": {"value": true, "score": 0.9999009370803833}, "created": {"value": false, "score": 8.255243301391602e-05}, "shared": {"value": false, "score": 4.172325134277344e-07}}}], "references": [], "runtime": 83553, "id": "4f38205c67a152db5592da46d6fe931764ebba29", "metadata": {"id": "4f38205c67a152db5592da46d6fe931764ebba29"}, "original_file_path": "../../datalake/Samuel/SOFTware-Sync/data/xml_not_sofctied/hal-02096714.grobid.tei.xml", "file_name": "hal-02096714.grobid.tei.xml"}