{"application": "software-mentions", "version": "0.8.0", "date": "2024-04-12T15:39+0000", "md5": "20D40218A57371BA39AD3B39D676E9E1", "mentions": [{"type": "software", "software-type": "software", "wikidataId": "Q192490", "wikipediaExternalRef": 23824, "lang": "en", "confidence": 0.9154, "software-name": {"rawForm": "PostgreSQL", "normalizedForm": "PostgreSQL", "wikidataId": "Q192490", "wikipediaExternalRef": 23824, "lang": "en", "confidence": 0.9154, "offsetStart": 31, "offsetEnd": 41}, "version": {"rawForm": "12.7", "normalizedForm": "12.7", "offsetStart": 43, "offsetEnd": 47}, "context": "Accordingly, we decided to use PostgreSQL v12.7 due to its maturity and its wide adoption.", "mentionContextAttributes": {"used": {"value": true, "score": 0.9987897872924805}, "created": {"value": false, "score": 0.00021719932556152344}, "shared": {"value": false, "score": 5.364418029785156e-07}}, "documentContextAttributes": {"used": {"value": true, "score": 0.9999916553497314}, "created": {"value": false, "score": 0.14002829790115356}, "shared": {"value": false, "score": 8.344650268554688e-07}}}, {"type": "software", "software-type": "software", "wikidataId": "Q192490", "wikipediaExternalRef": 23824, "lang": "en", "confidence": 0.9154, "software-name": {"rawForm": "PostgreSQL", "normalizedForm": "PostgreSQL", "wikidataId": "Q192490", "wikipediaExternalRef": 23824, "lang": "en", "confidence": 0.9154, "offsetStart": 34, "offsetEnd": 48}, "version": {"rawForm": "12.7", "normalizedForm": "12.7"}, "context": "Looking within the source code of PostgreSQL [2] uncovered a default selectivity of 0.11 in an example case we considered: the optimizer estimated 800.000 rows in the table, combined this with the default selectivity factor, and concluded that approximately 80.000 rows were going to be selected when the true value was closer to 50 (1.600\u00d7 ", "mentionContextAttributes": {"used": {"value": true, "score": 0.9999361634254456}, "created": {"value": false, "score": 2.205371856689453e-06}, "shared": {"value": false, "score": 6.556510925292969e-07}}, "documentContextAttributes": {"used": {"value": true, "score": 0.9999916553497314}, "created": {"value": false, "score": 0.14002829790115356}, "shared": {"value": false, "score": 8.344650268554688e-07}}}, {"type": "software", "software-type": "software", "wikidataId": "Q192490", "wikipediaExternalRef": 23824, "lang": "en", "confidence": 0.9154, "software-name": {"rawForm": "PostgreSQL", "normalizedForm": "PostgreSQL", "wikidataId": "Q192490", "wikipediaExternalRef": 23824, "lang": "en", "confidence": 0.9154, "offsetStart": 37, "offsetEnd": 47}, "version": {"rawForm": "12.7", "normalizedForm": "12.7"}, "context": "However, when we implemented that in PostgreSQL, we noticed that running the queries using the CSR index tables yields slower execution time which was surprising at first (as scanning only the useful part of the edges relation should be faster than scanning the whole relation). ", "mentionContextAttributes": {"used": {"value": false, "score": 0.002143263816833496}, "created": {"value": false, "score": 0.07115143537521362}, "shared": {"value": false, "score": 2.980232238769531e-07}}, "documentContextAttributes": {"used": {"value": true, "score": 0.9999916553497314}, "created": {"value": false, "score": 0.14002829790115356}, "shared": {"value": false, "score": 8.344650268554688e-07}}}, {"type": "software", "software-type": "software", "wikidataId": "Q192490", "wikipediaExternalRef": 23824, "lang": "en", "confidence": 0.9154, "software-name": {"rawForm": "PostgreSQL", "normalizedForm": "PostgreSQL", "wikidataId": "Q192490", "wikipediaExternalRef": 23824, "lang": "en", "confidence": 0.9154, "offsetStart": 42, "offsetEnd": 52}, "version": {"rawForm": "12.7", "normalizedForm": "12.7"}, "context": "When we investigated the query plans that PostgreSQL optimizer produced on the COS layout, we noticed the following:", "mentionContextAttributes": {"used": {"value": true, "score": 0.9999645352363586}, "created": {"value": false, "score": 1.055002212524414e-05}, "shared": {"value": false, "score": 1.7881393432617188e-07}}, "documentContextAttributes": {"used": {"value": true, "score": 0.9999916553497314}, "created": {"value": false, "score": 0.14002829790115356}, "shared": {"value": false, "score": 8.344650268554688e-07}}}, {"type": "software", "software-type": "software", "wikidataId": "Q192490", "wikipediaExternalRef": 23824, "lang": "en", "confidence": 0.9154, "software-name": {"rawForm": "PostgreSQL", "normalizedForm": "PostgreSQL", "wikidataId": "Q192490", "wikipediaExternalRef": 23824, "lang": "en", "confidence": 0.9154, "offsetStart": 49, "offsetEnd": 59}, "version": {"rawForm": "12.7", "normalizedForm": "12.7"}, "context": "Therefore, we had to investigate further why the PostgreSQL estimator significantly overestimates the number of rows resulting from the range query. ", "mentionContextAttributes": {"used": {"value": true, "score": 0.9999479651451111}, "created": {"value": false, "score": 0.0005189776420593262}, "shared": {"value": false, "score": 1.7881393432617188e-07}}, "documentContextAttributes": {"used": {"value": true, "score": 0.9999916553497314}, "created": {"value": false, "score": 0.14002829790115356}, "shared": {"value": false, "score": 8.344650268554688e-07}}}, {"type": "software", "software-type": "software", "wikidataId": "Q192490", "wikipediaExternalRef": 23824, "lang": "en", "confidence": 0.9154, "software-name": {"rawForm": "PostgreSQL", "normalizedForm": "PostgreSQL", "wikidataId": "Q192490", "wikipediaExternalRef": 23824, "lang": "en", "confidence": 0.9154, "offsetStart": 50, "offsetEnd": 60}, "version": {"rawForm": "12.7", "normalizedForm": "12.7"}, "context": "\u2022 It turned out that the cardinality estimator of PostgreSQL significantly overestimates the number of rows in the destination relation that satisfies the range filter to get the set of nodes in the range [offset, offset+length]. ", "mentionContextAttributes": {"used": {"value": true, "score": 0.9953199028968811}, "created": {"value": false, "score": 3.516674041748047e-06}, "shared": {"value": false, "score": 2.980232238769531e-07}}, "documentContextAttributes": {"used": {"value": true, "score": 0.9999916553497314}, "created": {"value": false, "score": 0.14002829790115356}, "shared": {"value": false, "score": 8.344650268554688e-07}}}, {"type": "software", "software-type": "software", "wikidataId": "Q192490", "wikipediaExternalRef": 23824, "lang": "en", "confidence": 0.9154, "software-name": {"rawForm": "PostgreSQL", "normalizedForm": "PostgreSQL", "wikidataId": "Q192490", "wikipediaExternalRef": 23824, "lang": "en", "confidence": 0.9154, "offsetStart": 54, "offsetEnd": 64}, "version": {"rawForm": "12.7", "normalizedForm": "12.7"}, "context": "A and B are constants written in the query), then the PostgreSQL cardinality estimator uses its materialised statistics available about the column R.c in the system catalogue, such as the histogram of R.c, the set of most common values of R.c, and their frequencies, in order to estimate the number of tuples that satisfy the range predicate [3].", "mentionContextAttributes": {"used": {"value": true, "score": 0.9978605508804321}, "created": {"value": false, "score": 4.589557647705078e-06}, "shared": {"value": false, "score": 7.748603820800781e-07}}, "documentContextAttributes": {"used": {"value": true, "score": 0.9999916553497314}, "created": {"value": false, "score": 0.14002829790115356}, "shared": {"value": false, "score": 8.344650268554688e-07}}}, {"type": "software", "software-type": "software", "wikidataId": "Q192490", "wikipediaExternalRef": 23824, "lang": "en", "confidence": 0.9154, "software-name": {"rawForm": "PostgreSQL", "normalizedForm": "PostgreSQL", "wikidataId": "Q192490", "wikipediaExternalRef": 23824, "lang": "en", "confidence": 0.9154, "offsetStart": 58, "offsetEnd": 68}, "version": {"rawForm": "12.7", "normalizedForm": "12.7"}, "context": "Figure 4 shows the runtime of running SNB-M IC queries on PostgreSQL with and without using COS. ", "mentionContextAttributes": {"used": {"value": true, "score": 0.9947589635848999}, "created": {"value": false, "score": 5.662441253662109e-06}, "shared": {"value": false, "score": 1.7881393432617188e-07}}, "documentContextAttributes": {"used": {"value": true, "score": 0.9999916553497314}, "created": {"value": false, "score": 0.14002829790115356}, "shared": {"value": false, "score": 8.344650268554688e-07}}}, {"type": "software", "software-type": "software", "wikidataId": "Q192490", "wikipediaExternalRef": 23824, "lang": "en", "confidence": 0.9154, "software-name": {"rawForm": "PostgreSQL", "normalizedForm": "PostgreSQL", "wikidataId": "Q192490", "wikipediaExternalRef": 23824, "lang": "en", "confidence": 0.9154, "offsetStart": 72, "offsetEnd": 82}, "version": {"rawForm": "12.7", "normalizedForm": "12.7"}, "context": "In order to know why the optimizer takes this decision, we investigated PostgreSQL cardinality estimators, which predict the number of output rows that each operator produces. ", "mentionContextAttributes": {"used": {"value": true, "score": 0.9999802112579346}, "created": {"value": false, "score": 3.0040740966796875e-05}, "shared": {"value": false, "score": 1.1920928955078125e-07}}, "documentContextAttributes": {"used": {"value": true, "score": 0.9999916553497314}, "created": {"value": false, "score": 0.14002829790115356}, "shared": {"value": false, "score": 8.344650268554688e-07}}}, {"type": "software", "software-type": "software", "wikidataId": "Q192490", "wikipediaExternalRef": 23824, "lang": "en", "confidence": 0.9154, "software-name": {"rawForm": "PostgreSQL", "normalizedForm": "PostgreSQL", "wikidataId": "Q192490", "wikipediaExternalRef": 23824, "lang": "en", "confidence": 0.9154, "offsetStart": 84, "offsetEnd": 94}, "version": {"rawForm": "12.7", "normalizedForm": "12.7"}, "context": "To explain why the speedup was smaller, we analyzed the execution plans produced by PostgreSQL for each one of the queries. ", "mentionContextAttributes": {"used": {"value": true, "score": 0.9999916553497314}, "created": {"value": false, "score": 6.198883056640625e-06}, "shared": {"value": false, "score": 1.1920928955078125e-07}}, "documentContextAttributes": {"used": {"value": true, "score": 0.9999916553497314}, "created": {"value": false, "score": 0.14002829790115356}, "shared": {"value": false, "score": 8.344650268554688e-07}}}, {"type": "software", "software-type": "software", "wikidataId": "Q192490", "wikipediaExternalRef": 23824, "lang": "en", "confidence": 0.9154, "software-name": {"rawForm": "PostgreSQL", "normalizedForm": "PostgreSQL", "wikidataId": "Q192490", "wikipediaExternalRef": 23824, "lang": "en", "confidence": 0.9154, "offsetStart": 109, "offsetEnd": 119}, "version": {"rawForm": "12.7", "normalizedForm": "12.7"}, "context": "In order to solve the problem discussed, we had to choose a good replacement for the default selectivity the PostgreSQL estimator uses in order to fit our case. ", "mentionContextAttributes": {"used": {"value": true, "score": 0.9873400330543518}, "created": {"value": false, "score": 0.0004916191101074219}, "shared": {"value": false, "score": 1.1920928955078125e-07}}, "documentContextAttributes": {"used": {"value": true, "score": 0.9999916553497314}, "created": {"value": false, "score": 0.14002829790115356}, "shared": {"value": false, "score": 8.344650268554688e-07}}}, {"type": "software", "software-type": "software", "wikidataId": "Q192490", "wikipediaExternalRef": 23824, "lang": "en", "confidence": 0.9154, "software-name": {"rawForm": "PostgreSQL", "normalizedForm": "PostgreSQL", "wikidataId": "Q192490", "wikipediaExternalRef": 23824, "lang": "en", "confidence": 0.9154, "offsetStart": 137, "offsetEnd": 147}, "version": {"rawForm": "12.7", "normalizedForm": "12.7"}, "context": "In this section, we explain an important challenge we had when running the set of graph-relational queries using the CSR index on top of PostgreSQL. ", "mentionContextAttributes": {"used": {"value": true, "score": 0.9999003410339355}, "created": {"value": false, "score": 0.14002829790115356}, "shared": {"value": false, "score": 1.1920928955078125e-07}}, "documentContextAttributes": {"used": {"value": true, "score": 0.9999916553497314}, "created": {"value": false, "score": 0.14002829790115356}, "shared": {"value": false, "score": 8.344650268554688e-07}}}, {"type": "software", "software-type": "software", "wikidataId": "Q192490", "wikipediaExternalRef": 23824, "lang": "en", "confidence": 0.9154, "software-name": {"rawForm": "PostgreSQL", "normalizedForm": "PostgreSQL", "wikidataId": "Q192490", "wikipediaExternalRef": 23824, "lang": "en", "confidence": 0.9154, "offsetStart": 138, "offsetEnd": 148}, "version": {"rawForm": "12.7", "normalizedForm": "12.7"}, "context": "From that argument, we can recalculate the appropriate default selectivity for a given graph and replace the default selectivity value in PostgreSQL. ", "mentionContextAttributes": {"used": {"value": true, "score": 0.5264581441879272}, "created": {"value": false, "score": 4.0650367736816406e-05}, "shared": {"value": false, "score": 2.384185791015625e-07}}, "documentContextAttributes": {"used": {"value": true, "score": 0.9999916553497314}, "created": {"value": false, "score": 0.14002829790115356}, "shared": {"value": false, "score": 8.344650268554688e-07}}}, {"type": "software", "software-type": "software", "wikidataId": "Q192490", "wikipediaExternalRef": 23824, "lang": "en", "confidence": 0.9154, "software-name": {"rawForm": "PostgreSQL", "normalizedForm": "PostgreSQL", "wikidataId": "Q192490", "wikipediaExternalRef": 23824, "lang": "en", "confidence": 0.9154, "offsetStart": 181, "offsetEnd": 191}, "version": {"rawForm": "12.7", "normalizedForm": "12.7"}, "context": "For instance, consider the property graph in Figure 1 and the following query asking for the name and age of every person known by a person named Bob: The query then is sent to the PostgreSQL optimizer as any relational query, thus allowing it to be optimized and executed in the standard way.", "mentionContextAttributes": {"used": {"value": false, "score": 0.3169025182723999}, "created": {"value": false, "score": 4.363059997558594e-05}, "shared": {"value": false, "score": 8.344650268554688e-07}}, "documentContextAttributes": {"used": {"value": true, "score": 0.9999916553497314}, "created": {"value": false, "score": 0.14002829790115356}, "shared": {"value": false, "score": 8.344650268554688e-07}}}], "references": [], "runtime": 67875, "id": "ae068dde0cb3875e92a135280cc17582006c6a19", "metadata": {"id": "ae068dde0cb3875e92a135280cc17582006c6a19"}, "original_file_path": "../../datalake/Samuel/SOFTware-Sync/data/xml_files/hal-03791272.grobid.tei.xml", "file_name": "hal-03791272.grobid.tei.xml"}