{"application": "software-mentions", "version": "0.8.0", "date": "2024-04-12T17:05+0000", "md5": "DDBE73E61DE468127BFDC1B9575711BC", "mentions": [{"type": "software", "software-type": "software", "wikidataId": "Q60749222", "wikipediaExternalRef": 58815586, "lang": "en", "confidence": 0.2934, "software-name": {"rawForm": "StatCheck", "normalizedForm": "StatCheck", "wikidataId": "Q60749222", "wikipediaExternalRef": 58815586, "lang": "en", "confidence": 0.2934, "offsetStart": 0, "offsetEnd": 9}, "context": "StatCheck builds upon the open-source code base of [CMT18,DCMT19], which it generalizes into a first generic fact-checking pipeline based on multidimensional statistics. ", "mentionContextAttributes": {"used": {"value": false, "score": 7.039308547973633e-05}, "created": {"value": false, "score": 0.0011619925498962402}, "shared": {"value": false, "score": 8.940696716308594e-07}}, "documentContextAttributes": {"used": {"value": true, "score": 0.8974149823188782}, "created": {"value": true, "score": 0.9998924136161804}, "shared": {"value": false, "score": 1.6689300537109375e-06}}}, {"type": "software", "software-type": "software", "wikidataId": "Q60749222", "wikipediaExternalRef": 58815586, "lang": "en", "confidence": 0.2934, "software-name": {"rawForm": "StatCheck", "normalizedForm": "StatCheck", "wikidataId": "Q60749222", "wikipediaExternalRef": 58815586, "lang": "en", "confidence": 0.2934, "offsetStart": 13, "offsetEnd": 22}, "context": "We developed StatCheck in a collaboration between computer science researchers and journalists at Radio France, the French national radio, with a daily audience recently estimated at 15.8M users2 . ", "mentionContextAttributes": {"used": {"value": false, "score": 6.955862045288086e-05}, "created": {"value": true, "score": 0.9981094002723694}, "shared": {"value": false, "score": 1.6093254089355469e-06}}, "documentContextAttributes": {"used": {"value": true, "score": 0.8974149823188782}, "created": {"value": true, "score": 0.9998924136161804}, "shared": {"value": false, "score": 1.6689300537109375e-06}}}, {"type": "software", "software-type": "software", "wikidataId": "Q60749222", "wikipediaExternalRef": 58815586, "lang": "en", "confidence": 0.2934, "software-name": {"rawForm": "StatCheck", "normalizedForm": "StatCheck", "wikidataId": "Q60749222", "wikipediaExternalRef": 58815586, "lang": "en", "confidence": 0.2934, "offsetStart": 26, "offsetEnd": 35}, "context": "We propose to demonstrate StatCheck, a fact-checking system specialized in the French media. ", "mentionContextAttributes": {"used": {"value": false, "score": 0.0002143383026123047}, "created": {"value": true, "score": 0.9998924136161804}, "shared": {"value": false, "score": 1.7881393432617188e-07}}, "documentContextAttributes": {"used": {"value": true, "score": 0.8974149823188782}, "created": {"value": true, "score": 0.9998924136161804}, "shared": {"value": false, "score": 1.6689300537109375e-06}}}, {"type": "software", "software-type": "software", "software-name": {"rawForm": "Redis", "normalizedForm": "Redis", "offsetStart": 43, "offsetEnd": 48}, "context": "For fast access, \ud835\udc3c \ud835\udc47 \ud835\udc3f is stored in the Redis in-memory key-value store.", "mentionContextAttributes": {"used": {"value": false, "score": 0.12000977993011475}, "created": {"value": false, "score": 2.3305416107177734e-05}, "shared": {"value": false, "score": 2.8014183044433594e-06}}, "documentContextAttributes": {"used": {"value": true, "score": 0.7730790376663208}, "created": {"value": false, "score": 2.3305416107177734e-05}, "shared": {"value": false, "score": 2.8014183044433594e-06}}}, {"type": "software", "software-type": "software", "wikidataId": "Q135622", "wikipediaExternalRef": 3235536, "lang": "en", "confidence": 0.7895, "software-name": {"rawForm": "Google Translate", "normalizedForm": "Google Translate", "wikidataId": "Q135622", "wikipediaExternalRef": 3235536, "lang": "en", "confidence": 0.7895, "offsetStart": 50, "offsetEnd": 66}, "context": "For the non-French speaking audience, we will use Google Translate for social media messages, and prepare examples where French and English statistic terms are sufficiently close, e.g., industrie, etc.", "mentionContextAttributes": {"used": {"value": false, "score": 0.45104461908340454}, "created": {"value": false, "score": 0.0002497434616088867}, "shared": {"value": false, "score": 1.2218952178955078e-05}}, "documentContextAttributes": {"used": {"value": false, "score": 0.45104461908340454}, "created": {"value": false, "score": 0.0002497434616088867}, "shared": {"value": false, "score": 1.2218952178955078e-05}}}, {"type": "software", "software-type": "software", "software-name": {"rawForm": "StatClaim", "normalizedForm": "StatClaim", "offsetStart": 62, "offsetEnd": 71}, "context": "We refer to the two methods as OriginalStatClaim [DCMT19] and StatClaim. ", "mentionContextAttributes": {"used": {"value": false, "score": 0.01316380500793457}, "created": {"value": false, "score": 0.001024007797241211}, "shared": {"value": false, "score": 1.7881393432617188e-07}}, "documentContextAttributes": {"used": {"value": false, "score": 0.01316380500793457}, "created": {"value": false, "score": 0.001024007797241211}, "shared": {"value": false, "score": 1.7881393432617188e-07}}}, {"type": "software", "software-type": "software", "wikidataId": "Q60749222", "wikipediaExternalRef": 58815586, "lang": "en", "confidence": 0.2934, "software-name": {"rawForm": "StatCheck", "normalizedForm": "StatCheck", "wikidataId": "Q60749222", "wikipediaExternalRef": 58815586, "lang": "en", "confidence": 0.2934, "offsetStart": 82, "offsetEnd": 91}, "context": "Different from [CWC + 20, HNM + 20, JTY + 19, KSPT20, CSR + 15, NCB19, YMW + 18], StatCheck also includes a claim detection step, which saves journalists' time by focusing their attention on the claims worth checking; our claim detection module significantly outperforms the only one we know of for French [DCMT19]. ", "mentionContextAttributes": {"used": {"value": false, "score": 0.0007183551788330078}, "created": {"value": false, "score": 5.543231964111328e-06}, "shared": {"value": false, "score": 4.172325134277344e-07}}, "documentContextAttributes": {"used": {"value": true, "score": 0.8974149823188782}, "created": {"value": true, "score": 0.9998924136161804}, "shared": {"value": false, "score": 1.6689300537109375e-06}}}, {"type": "software", "software-type": "software", "wikidataId": "Q60749222", "wikipediaExternalRef": 58815586, "lang": "en", "confidence": 0.2934, "software-name": {"rawForm": "StatCheck", "normalizedForm": "StatCheck", "wikidataId": "Q60749222", "wikipediaExternalRef": 58815586, "lang": "en", "confidence": 0.2934, "offsetStart": 82, "offsetEnd": 91}, "context": "Outline Below, we present the actual organization of statistic databases, and the StatCheck architecture, in Section 2. ", "mentionContextAttributes": {"used": {"value": false, "score": 0.10603415966033936}, "created": {"value": true, "score": 0.9986993074417114}, "shared": {"value": false, "score": 1.7881393432617188e-07}}, "documentContextAttributes": {"used": {"value": true, "score": 0.8974149823188782}, "created": {"value": true, "score": 0.9998924136161804}, "shared": {"value": false, "score": 1.6689300537109375e-06}}}, {"type": "software", "software-type": "software", "software-name": {"rawForm": "Redis", "normalizedForm": "Redis", "offsetStart": 86, "offsetEnd": 91}, "context": "For each \ud835\udc61 \ud835\udc56 \u2208 \ud835\udc47 \ud835\udc51\ud835\udc50 , we insert in the term-dataset index \ud835\udc3c \ud835\udc47 , also stored in Redis: a (\ud835\udc61 \ud835\udc56 , \ud835\udc51, \ud835\udc59) entry; and, for every \ud835\udc61 \ud835\udc57 \ud835\udc56 similar to \ud835\udc61 \ud835\udc56 , an entry (\ud835\udc61 \ud835\udc57 \ud835\udc56 , \ud835\udc51, \ud835\udc59, \ud835\udc51\ud835\udc56\ud835\udc60\ud835\udc61, \ud835\udc61 \ud835\udc56 ), where \ud835\udc51\ud835\udc56\ud835\udc60\ud835\udc61 is the distance between \ud835\udc61 \ud835\udc56 and \ud835\udc61 \ud835\udc57 \ud835\udc56 . ", "mentionContextAttributes": {"used": {"value": true, "score": 0.7730790376663208}, "created": {"value": false, "score": 2.5033950805664062e-06}, "shared": {"value": false, "score": 1.1920928955078125e-06}}, "documentContextAttributes": {"used": {"value": true, "score": 0.7730790376663208}, "created": {"value": false, "score": 2.3305416107177734e-05}, "shared": {"value": false, "score": 2.8014183044433594e-06}}}, {"type": "software", "software-type": "software", "software-name": {"rawForm": "HeidelTime", "normalizedForm": "HeidelTime", "offsetStart": 112, "offsetEnd": 122}, "context": "The statistical entities and units are retrieved using exact string matching, while the date is extracted using HeidelTime [SG10], a time expression parser. ", "mentionContextAttributes": {"used": {"value": true, "score": 0.999968409538269}, "created": {"value": false, "score": 5.7220458984375e-06}, "shared": {"value": false, "score": 1.1920928955078125e-07}}, "documentContextAttributes": {"used": {"value": true, "score": 0.999968409538269}, "created": {"value": false, "score": 5.7220458984375e-06}, "shared": {"value": false, "score": 1.1920928955078125e-07}}}, {"type": "software", "software-type": "software", "wikidataId": "Q60749222", "wikipediaExternalRef": 58815586, "lang": "en", "confidence": 0.2934, "software-name": {"rawForm": "StatCheck", "normalizedForm": "StatCheck", "wikidataId": "Q60749222", "wikipediaExternalRef": 58815586, "lang": "en", "confidence": 0.2934, "offsetStart": 127, "offsetEnd": 136}, "context": "The fact-checking journalist authors prefer to interpret the relationship between the known statistics and the statistic claim StatCheck identifies and include these interpretations in various news segments they author.", "mentionContextAttributes": {"used": {"value": false, "score": 0.24286264181137085}, "created": {"value": false, "score": 1.7642974853515625e-05}, "shared": {"value": false, "score": 3.5762786865234375e-07}}, "documentContextAttributes": {"used": {"value": true, "score": 0.8974149823188782}, "created": {"value": true, "score": 0.9998924136161804}, "shared": {"value": false, "score": 1.6689300537109375e-06}}}, {"type": "software", "software-type": "software", "wikidataId": "Q60749222", "wikipediaExternalRef": 58815586, "lang": "en", "confidence": 0.2934, "software-name": {"rawForm": "StatCheck", "normalizedForm": "StatCheck", "wikidataId": "Q60749222", "wikipediaExternalRef": 58815586, "lang": "en", "confidence": 0.2934, "offsetStart": 449, "offsetEnd": 458}, "context": "Demonstration attendees will be able to: (\ud835\udc56) Ask queries in the statistic search interface, and inspect the results, at the level of cell, line, or column, together with their metadata from the original statistic site (INSEE or Eurostat); (\ud835\udc56\ud835\udc56) Visualize the analysis of incoming social media messages (as they arrive in real-time), in order to see the statistical mentions and claims deemed potentially checkworthy, identified in these messages; StatCheck also proposes candidate queries for the statistic search interface, as shown in Figure 3. ", "mentionContextAttributes": {"used": {"value": true, "score": 0.8974149823188782}, "created": {"value": false, "score": 2.7298927307128906e-05}, "shared": {"value": false, "score": 1.6689300537109375e-06}}, "documentContextAttributes": {"used": {"value": true, "score": 0.8974149823188782}, "created": {"value": true, "score": 0.9998924136161804}, "shared": {"value": false, "score": 1.6689300537109375e-06}}}], "references": [], "runtime": 74177, "id": "3922f5b5f784a9b3977c2248516647ac5c44da58", "metadata": {"id": "3922f5b5f784a9b3977c2248516647ac5c44da58"}, "original_file_path": "../../datalake/Samuel/SOFTware-Sync/data/xml_not_sofctied/hal-03767992.grobid.tei.xml", "file_name": "hal-03767992.grobid.tei.xml"}