{"application": "software-mentions", "version": "0.8.0", "date": "2024-04-12T16:17+0000", "md5": "55B08860F48A03A7F1E63B212B2BE7C5", "mentions": [{"type": "software", "software-type": "software", "software-name": {"rawForm": "TrustCom", "normalizedForm": "TrustCom", "offsetStart": 0, "offsetEnd": 8}, "context": "TrustCom/BigDataSE 2019, pp. ", "mentionContextAttributes": {"used": {"value": false, "score": 0.3627462387084961}, "created": {"value": false, "score": 0.00010889768600463867}, "shared": {"value": false, "score": 3.129243850708008e-05}}, "documentContextAttributes": {"used": {"value": false, "score": 0.3627462387084961}, "created": {"value": false, "score": 0.00010889768600463867}, "shared": {"value": false, "score": 3.129243850708008e-05}}}, {"type": "software", "software-type": "software", "software-name": {"rawForm": "TrustCom", "normalizedForm": "TrustCom", "offsetStart": 0, "offsetEnd": 8}, "context": "TrustCom/BigDataSE 2019, pp.", "mentionContextAttributes": {"used": {"value": false, "score": 0.3627462387084961}, "created": {"value": false, "score": 0.00010889768600463867}, "shared": {"value": false, "score": 3.129243850708008e-05}}, "documentContextAttributes": {"used": {"value": false, "score": 0.3627462387084961}, "created": {"value": false, "score": 0.00010889768600463867}, "shared": {"value": false, "score": 3.129243850708008e-05}}}, {"type": "software", "software-type": "software", "wikidataId": "Q51627", "wikipediaExternalRef": 30948822, "lang": "en", "confidence": 0.78, "software-name": {"rawForm": "FreedomBox", "normalizedForm": "FreedomBox", "wikidataId": "Q51627", "wikipediaExternalRef": 30948822, "lang": "en", "confidence": 0.78, "offsetStart": 8, "offsetEnd": 18}, "context": "Called \"FreedomBox\"28 this system uses personal servers like plug-computer (a low-cost mini-PC such as RaspberryPI) and free software to help individuals elude State control and keep social exchanges private.", "mentionContextAttributes": {"used": {"value": false, "score": 6.753206253051758e-05}, "created": {"value": false, "score": 0.07761889696121216}, "shared": {"value": false, "score": 0.00018143653869628906}}, "documentContextAttributes": {"used": {"value": false, "score": 6.753206253051758e-05}, "created": {"value": false, "score": 0.07761889696121216}, "shared": {"value": false, "score": 0.00018143653869628906}}}, {"type": "software", "software-type": "software", "software-name": {"rawForm": "BigDataSE", "normalizedForm": "BigDataSE", "offsetStart": 9, "offsetEnd": 18}, "context": "TrustCom/BigDataSE 2019, pp. ", "mentionContextAttributes": {"used": {"value": false, "score": 0.3627462387084961}, "created": {"value": false, "score": 0.00010889768600463867}, "shared": {"value": false, "score": 3.129243850708008e-05}}, "documentContextAttributes": {"used": {"value": false, "score": 0.3627462387084961}, "created": {"value": false, "score": 0.00010889768600463867}, "shared": {"value": false, "score": 3.129243850708008e-05}}}, {"type": "software", "software-type": "software", "software-name": {"rawForm": "BigDataSE", "normalizedForm": "BigDataSE", "offsetStart": 9, "offsetEnd": 18}, "context": "TrustCom/BigDataSE 2019, pp.", "mentionContextAttributes": {"used": {"value": false, "score": 0.3627462387084961}, "created": {"value": false, "score": 0.00010889768600463867}, "shared": {"value": false, "score": 3.129243850708008e-05}}, "documentContextAttributes": {"used": {"value": false, "score": 0.3627462387084961}, "created": {"value": false, "score": 0.00010889768600463867}, "shared": {"value": false, "score": 3.129243850708008e-05}}}, {"type": "software", "software-type": "software", "software-name": {"rawForm": "MyDex.org", "normalizedForm": "MyDex.org", "offsetStart": 42, "offsetEnd": 51}, "context": "With centralised approaches (for example, MyDex.org or MyData.org), ", "mentionContextAttributes": {"used": {"value": false, "score": 0.0001251697540283203}, "created": {"value": false, "score": 0.00010520219802856445}, "shared": {"value": false, "score": 0.00025784969329833984}}, "documentContextAttributes": {"used": {"value": false, "score": 0.0001251697540283203}, "created": {"value": false, "score": 0.00010520219802856445}, "shared": {"value": false, "score": 0.00025784969329833984}}}, {"type": "software", "software-type": "software", "software-name": {"rawForm": "MyData.org", "normalizedForm": "MyData.org", "offsetStart": 55, "offsetEnd": 65}, "context": "With centralised approaches (for example, MyDex.org or MyData.org), ", "mentionContextAttributes": {"used": {"value": false, "score": 0.0001251697540283203}, "created": {"value": false, "score": 0.00010520219802856445}, "shared": {"value": false, "score": 0.00025784969329833984}}, "documentContextAttributes": {"used": {"value": false, "score": 0.0001251697540283203}, "created": {"value": false, "score": 0.00010520219802856445}, "shared": {"value": false, "score": 0.00025784969329833984}}}, {"type": "software", "software-type": "software", "wikidataId": "Q245", "wikipediaExternalRef": 31692117, "lang": "en", "confidence": 0.4543, "software-name": {"rawForm": "RaspberryPI", "normalizedForm": "RaspberryPI", "wikidataId": "Q245", "wikipediaExternalRef": 31692117, "lang": "en", "confidence": 0.4543, "offsetStart": 103, "offsetEnd": 114}, "context": "Called \"FreedomBox\"28 this system uses personal servers like plug-computer (a low-cost mini-PC such as RaspberryPI) and free software to help individuals elude State control and keep social exchanges private.", "mentionContextAttributes": {"used": {"value": false, "score": 6.753206253051758e-05}, "created": {"value": false, "score": 0.07761865854263306}, "shared": {"value": false, "score": 0.00018143653869628906}}, "documentContextAttributes": {"used": {"value": false, "score": 6.753206253051758e-05}, "created": {"value": false, "score": 0.07761865854263306}, "shared": {"value": false, "score": 0.00018143653869628906}}}], "references": [], "runtime": 97524, "id": "3c4be26b31059a6b3d737b192089737d04f5007b", "metadata": {"id": "3c4be26b31059a6b3d737b192089737d04f5007b"}, "original_file_path": "../../datalake/Samuel/SOFTware-Sync/data/xml_files/hal-03140409.grobid.tei.xml", "file_name": "hal-03140409.grobid.tei.xml"}