{"application": "software-mentions", "version": "0.8.0", "date": "2024-04-12T16:57+0000", "md5": "D882A915193E9F37574AE7BB430E547F", "mentions": [{"type": "software", "software-type": "software", "software-name": {"rawForm": "TimeSide", "normalizedForm": "TimeSide", "offsetStart": 0, "offsetEnd": 8}, "context": "TimeSide is an open, scalable, audio processing framework implemented in Python that enables low-and high-level audio analysis, visualization, transcoding, streaming, and labeling. ", "mentionContextAttributes": {"used": {"value": false, "score": 5.513429641723633e-05}, "created": {"value": true, "score": 0.5719978213310242}, "shared": {"value": false, "score": 1.2099742889404297e-05}}, "documentContextAttributes": {"used": {"value": true, "score": 0.9573439955711365}, "created": {"value": true, "score": 0.9561785459518433}, "shared": {"value": false, "score": 2.7418136596679688e-05}}}, {"type": "software", "software-type": "software", "software-name": {"rawForm": "MusicLynx", "normalizedForm": "MusicLynx", "offsetStart": 0, "offsetEnd": 13}, "context": "MusicLynx [1] is a music web application that supports the exploration of a graph of artist based on their similarities. ", "mentionContextAttributes": {"used": {"value": false, "score": 7.325410842895508e-05}, "created": {"value": false, "score": 0.030382931232452393}, "shared": {"value": false, "score": 7.450580596923828e-06}}, "documentContextAttributes": {"used": {"value": false, "score": 7.325410842895508e-05}, "created": {"value": false, "score": 0.030382931232452393}, "shared": {"value": false, "score": 7.450580596923828e-06}}}, {"type": "software", "software-type": "software", "software-name": {"rawForm": "MusicianMap", "normalizedForm": "MusicianMap", "offsetStart": 0, "offsetEnd": 16}, "context": "MusicianMap [30] is an interactive web-based tool that enables the visualization of relationships between artists, including band membership, musical collaborations, and similarity of musical genre. ", "mentionContextAttributes": {"used": {"value": false, "score": 4.0471553802490234e-05}, "created": {"value": false, "score": 0.058252811431884766}, "shared": {"value": false, "score": 0.0001266002655029297}}, "documentContextAttributes": {"used": {"value": false, "score": 0.0003446340560913086}, "created": {"value": true, "score": 0.9632965326309204}, "shared": {"value": false, "score": 0.0001266002655029297}}}, {"type": "software", "software-type": "software", "software-name": {"rawForm": "MusicianMap", "normalizedForm": "MusicianMap", "offsetStart": 3, "offsetEnd": 14}, "context": "As MusicianMap represents artist collaboration over time, we consider this tool the closets with respect to the approach presented in this paper.", "mentionContextAttributes": {"used": {"value": false, "score": 0.0003446340560913086}, "created": {"value": true, "score": 0.9632965326309204}, "shared": {"value": false, "score": 4.172325134277344e-07}}, "documentContextAttributes": {"used": {"value": false, "score": 0.0003446340560913086}, "created": {"value": true, "score": 0.9632965326309204}, "shared": {"value": false, "score": 0.0001266002655029297}}}, {"type": "software", "software-type": "software", "software-name": {"rawForm": "WASABI", "normalizedForm": "WASABI", "offsetStart": 4, "offsetEnd": 10}, "context": "The WASABI dataset contains data on commercial music recordings from 1922 to 2022, but it does not provide explicit information about collaborations between artists and how they intersect over time.", "mentionContextAttributes": {"used": {"value": false, "score": 0.0038135647773742676}, "created": {"value": false, "score": 4.827976226806641e-06}, "shared": {"value": false, "score": 5.364418029785156e-07}}, "documentContextAttributes": {"used": {"value": true, "score": 0.9999889731407166}, "created": {"value": true, "score": 0.9879867434501648}, "shared": {"value": false, "score": 0.00011724233627319336}}}, {"type": "software", "software-type": "software", "software-name": {"rawForm": "WASABI", "normalizedForm": "WASABI", "offsetStart": 4, "offsetEnd": 10}, "context": "The WASABI server sends some metadata, the YouTube ID and the list of the needed processors in order to compute and store the result data of each track.", "mentionContextAttributes": {"used": {"value": false, "score": 0.05937415361404419}, "created": {"value": false, "score": 5.4895877838134766e-05}, "shared": {"value": false, "score": 7.748603820800781e-07}}, "documentContextAttributes": {"used": {"value": true, "score": 0.9999889731407166}, "created": {"value": true, "score": 0.9879867434501648}, "shared": {"value": false, "score": 0.00011724233627319336}}}, {"type": "software", "software-type": "software", "software-name": {"rawForm": "Aubio", "normalizedForm": "Aubio", "offsetStart": 6, "offsetEnd": 11}, "context": "VAMP, Aubio, Essentia, Numpy/Scipy). ", "mentionContextAttributes": {"used": {"value": true, "score": 0.920240581035614}, "created": {"value": false, "score": 5.424022674560547e-06}, "shared": {"value": false, "score": 4.172325134277344e-07}}, "documentContextAttributes": {"used": {"value": true, "score": 0.920240581035614}, "created": {"value": false, "score": 5.424022674560547e-06}, "shared": {"value": false, "score": 4.172325134277344e-07}}}, {"type": "software", "software-type": "software", "software-name": {"rawForm": "MIR", "normalizedForm": "MIR", "offsetStart": 23, "offsetEnd": 26}, "context": "Initially designed for MIR and computational musicology usecases [14], it supports reproducible and extensible processing on large datasets of any audio or video format through state-of-the-art audio libraries (i.e.", "mentionContextAttributes": {"used": {"value": false, "score": 4.094839096069336e-05}, "created": {"value": false, "score": 0.1812732219696045}, "shared": {"value": false, "score": 7.748603820800781e-07}}, "documentContextAttributes": {"used": {"value": true, "score": 0.9996687173843384}, "created": {"value": true, "score": 0.9998676776885986}, "shared": {"value": false, "score": 4.0531158447265625e-06}}}, {"type": "software", "software-type": "software", "software-name": {"rawForm": "Numpy", "normalizedForm": "Numpy", "offsetStart": 23, "offsetEnd": 28}, "context": "VAMP, Aubio, Essentia, Numpy/Scipy). ", "mentionContextAttributes": {"used": {"value": true, "score": 0.920240581035614}, "created": {"value": false, "score": 5.424022674560547e-06}, "shared": {"value": false, "score": 4.172325134277344e-07}}, "documentContextAttributes": {"used": {"value": true, "score": 0.920240581035614}, "created": {"value": false, "score": 5.424022674560547e-06}, "shared": {"value": false, "score": 4.172325134277344e-07}}}, {"type": "software", "software-type": "software", "software-name": {"rawForm": "WASABI", "normalizedForm": "WASABI", "offsetStart": 24, "offsetEnd": 30}, "context": "Section 3 describes the WASABI dataset and the data model of our visualization tool.", "mentionContextAttributes": {"used": {"value": false, "score": 0.05800795555114746}, "created": {"value": true, "score": 0.8606045842170715}, "shared": {"value": false, "score": 1.7881393432617188e-07}}, "documentContextAttributes": {"used": {"value": true, "score": 0.9999889731407166}, "created": {"value": true, "score": 0.9879867434501648}, "shared": {"value": false, "score": 0.00011724233627319336}}}, {"type": "software", "software-type": "software", "software-name": {"rawForm": "Scipy", "normalizedForm": "Scipy", "offsetStart": 29, "offsetEnd": 34}, "context": "VAMP, Aubio, Essentia, Numpy/Scipy). ", "mentionContextAttributes": {"used": {"value": true, "score": 0.920240581035614}, "created": {"value": false, "score": 5.424022674560547e-06}, "shared": {"value": false, "score": 4.172325134277344e-07}}, "documentContextAttributes": {"used": {"value": true, "score": 0.920240581035614}, "created": {"value": false, "score": 5.424022674560547e-06}, "shared": {"value": false, "score": 4.172325134277344e-07}}}, {"type": "software", "software-type": "software", "software-name": {"rawForm": "WASABI", "normalizedForm": "WASABI", "offsetStart": 29, "offsetEnd": 35}, "context": "As a result, the user of the WASABI main interface can explore the audio related data for a particular song from a contextmenu embedded in each dark red circle that represents a song. ", "mentionContextAttributes": {"used": {"value": false, "score": 0.0015205740928649902}, "created": {"value": false, "score": 6.157159805297852e-05}, "shared": {"value": false, "score": 1.6093254089355469e-06}}, "documentContextAttributes": {"used": {"value": true, "score": 0.9999889731407166}, "created": {"value": true, "score": 0.9879867434501648}, "shared": {"value": false, "score": 0.00011724233627319336}}}, {"type": "software", "software-type": "software", "software-name": {"rawForm": "WASABI", "normalizedForm": "WASABI", "offsetStart": 34, "offsetEnd": 40}, "context": "To support the exploration of the WASABI songs, we have created or extended some parts of the framework such as a secured and documented REST API with JSON Web Token access capabilities, a Provider module to handle automatic extraction of YouTube and Deezer tracks or 30-second extracts, a JavaScript SDK4 for the development of client applications, and a new web front-end prototype 5 .", "mentionContextAttributes": {"used": {"value": false, "score": 0.00017952919006347656}, "created": {"value": true, "score": 0.9879867434501648}, "shared": {"value": false, "score": 0.00011724233627319336}}, "documentContextAttributes": {"used": {"value": true, "score": 0.9999889731407166}, "created": {"value": true, "score": 0.9879867434501648}, "shared": {"value": false, "score": 0.00011724233627319336}}}, {"type": "software", "software-type": "software", "software-name": {"rawForm": "WebAudio", "normalizedForm": "WebAudio", "offsetStart": 36, "offsetEnd": 44}, "context": "For that, an audio player using the WebAudio API has been specially developed to interact bidirectionally with the audio thumbnails. ", "mentionContextAttributes": {"used": {"value": false, "score": 5.8710575103759766e-05}, "created": {"value": false, "score": 0.23655879497528076}, "shared": {"value": false, "score": 1.1742115020751953e-05}}, "documentContextAttributes": {"used": {"value": false, "score": 5.8710575103759766e-05}, "created": {"value": false, "score": 0.23655879497528076}, "shared": {"value": false, "score": 1.1742115020751953e-05}}}, {"type": "software", "software-type": "software", "software-name": {"rawForm": "WASABI", "normalizedForm": "WASABI", "offsetStart": 40, "offsetEnd": 46}, "context": "A recent addition in this domain is the WASABI dataset 1 , which consists of more than 2 million commercial songs and holds a rich set of cultural metadata, about songs, albums and artists, which were retrieved from multiple sources on the web that it draws on by reusing their identifiers, or references via links.", "mentionContextAttributes": {"used": {"value": false, "score": 0.007554411888122559}, "created": {"value": false, "score": 0.00027763843536376953}, "shared": {"value": false, "score": 2.9265880584716797e-05}}, "documentContextAttributes": {"used": {"value": true, "score": 0.9999889731407166}, "created": {"value": true, "score": 0.9879867434501648}, "shared": {"value": false, "score": 0.00011724233627319336}}}, {"type": "software", "software-type": "software", "software-name": {"rawForm": "interface", "normalizedForm": "interface", "offsetStart": 41, "offsetEnd": 50}, "context": "As a result, the user of the WASABI main interface can explore the audio related data for a particular song from a contextmenu embedded in each dark red circle that represents a song. ", "mentionContextAttributes": {"used": {"value": false, "score": 0.0015205740928649902}, "created": {"value": false, "score": 6.157159805297852e-05}, "shared": {"value": false, "score": 1.6093254089355469e-06}}, "documentContextAttributes": {"used": {"value": true, "score": 0.9392094612121582}, "created": {"value": false, "score": 0.003088533878326416}, "shared": {"value": false, "score": 8.219480514526367e-05}}}, {"type": "software", "software-type": "software", "software-name": {"rawForm": "MusicianMap", "normalizedForm": "MusicianMap", "offsetStart": 43, "offsetEnd": 54}, "context": "Nonetheless, our approach differs from the MusicianMap and other previous works by the fact that we support the exploration of artist discography based on different production types (composition, production, and performance) and through an auditory dimension, which allows the user to listen to what they see on the visualization.", "mentionContextAttributes": {"used": {"value": false, "score": 8.851289749145508e-05}, "created": {"value": true, "score": 0.551845133304596}, "shared": {"value": false, "score": 5.900859832763672e-06}}, "documentContextAttributes": {"used": {"value": false, "score": 0.0003446340560913086}, "created": {"value": true, "score": 0.9632965326309204}, "shared": {"value": false, "score": 0.0001266002655029297}}}, {"type": "software", "software-type": "software", "software-name": {"rawForm": "TimeSide", "normalizedForm": "TimeSide", "offsetStart": 47, "offsetEnd": 55}, "context": "We have also linked our visualization with the TimeSide tool to support MIR analysis of the songs. ", "mentionContextAttributes": {"used": {"value": true, "score": 0.9573439955711365}, "created": {"value": true, "score": 0.9561785459518433}, "shared": {"value": false, "score": 1.7881393432617188e-07}}, "documentContextAttributes": {"used": {"value": true, "score": 0.9573439955711365}, "created": {"value": true, "score": 0.9561785459518433}, "shared": {"value": false, "score": 2.7418136596679688e-05}}}, {"type": "software", "software-type": "software", "software-name": {"rawForm": "WASABI", "normalizedForm": "WASABI", "offsetStart": 49, "offsetEnd": 55}, "context": "As a case of study, we explore the data from the WASABI RDF knowledge graph (KG) [8], which gathers metadata describing over two million commercial songs (200K albums and 77K artists -mainly from pop/rock culture).", "mentionContextAttributes": {"used": {"value": false, "score": 0.16442328691482544}, "created": {"value": false, "score": 0.0014137029647827148}, "shared": {"value": false, "score": 2.980232238769531e-07}}, "documentContextAttributes": {"used": {"value": true, "score": 0.9999889731407166}, "created": {"value": true, "score": 0.9879867434501648}, "shared": {"value": false, "score": 0.00011724233627319336}}}, {"type": "software", "software-type": "software", "software-name": {"rawForm": "WASABI", "normalizedForm": "WASABI", "offsetStart": 49, "offsetEnd": 55}, "context": "Although the use case study of this paper is the WASABI dataset, the visualization technique has been implemented in a way that it can be supplied with data describing the discography and collaboration of any artist regardless of the source.", "mentionContextAttributes": {"used": {"value": false, "score": 0.0007081031799316406}, "created": {"value": false, "score": 0.00913703441619873}, "shared": {"value": false, "score": 4.172325134277344e-07}}, "documentContextAttributes": {"used": {"value": true, "score": 0.9999889731407166}, "created": {"value": true, "score": 0.9879867434501648}, "shared": {"value": false, "score": 0.00011724233627319336}}}, {"type": "software", "software-type": "software", "software-name": {"rawForm": "WASABI", "normalizedForm": "WASABI", "offsetStart": 50, "offsetEnd": 56}, "context": "A difficulty in associating audio albums with the WASABI dataset concerns first of all the notion of discography.", "mentionContextAttributes": {"used": {"value": false, "score": 0.09871768951416016}, "created": {"value": false, "score": 1.8417835235595703e-05}, "shared": {"value": false, "score": 2.980232238769531e-07}}, "documentContextAttributes": {"used": {"value": true, "score": 0.9999889731407166}, "created": {"value": true, "score": 0.9879867434501648}, "shared": {"value": false, "score": 0.00011724233627319336}}}, {"type": "software", "software-type": "software", "software-name": {"rawForm": "TimeSide", "normalizedForm": "TimeSide", "offsetStart": 52, "offsetEnd": 60}, "context": "However, the domain expert would prefer to have the TimeSide interface embedded in the visualization tool, instead of being redirected to a different window. ", "mentionContextAttributes": {"used": {"value": false, "score": 0.22581547498703003}, "created": {"value": false, "score": 0.00021123886108398438}, "shared": {"value": false, "score": 8.940696716308594e-07}}, "documentContextAttributes": {"used": {"value": true, "score": 0.9573439955711365}, "created": {"value": true, "score": 0.9561785459518433}, "shared": {"value": false, "score": 2.7418136596679688e-05}}}, {"type": "software", "software-type": "software", "software-name": {"rawForm": "MIR", "normalizedForm": "MIR", "offsetStart": 59, "offsetEnd": 62}, "context": "Hereafter, we describe how we combine graphics, audio, and MIR analyses into a multimodal visualization for artist discography and collaboration exploration.", "mentionContextAttributes": {"used": {"value": false, "score": 6.55055046081543e-05}, "created": {"value": true, "score": 0.9998676776885986}, "shared": {"value": false, "score": 5.364418029785156e-07}}, "documentContextAttributes": {"used": {"value": true, "score": 0.9996687173843384}, "created": {"value": true, "score": 0.9998676776885986}, "shared": {"value": false, "score": 4.0531158447265625e-06}}}, {"type": "software", "software-type": "software", "software-name": {"rawForm": "interface", "normalizedForm": "interface", "offsetStart": 61, "offsetEnd": 70}, "context": "However, the domain expert would prefer to have the TimeSide interface embedded in the visualization tool, instead of being redirected to a different window.", "mentionContextAttributes": {"used": {"value": false, "score": 0.22581547498703003}, "created": {"value": false, "score": 0.00021123886108398438}, "shared": {"value": false, "score": 8.940696716308594e-07}}, "documentContextAttributes": {"used": {"value": true, "score": 0.9392094612121582}, "created": {"value": false, "score": 0.003088533878326416}, "shared": {"value": false, "score": 8.219480514526367e-05}}}, {"type": "software", "software-type": "software", "software-name": {"rawForm": "WASABI", "normalizedForm": "WASABI", "offsetStart": 68, "offsetEnd": 74}, "context": "In the future work, as we have access to 1.7M of song lyrics in the WASABI dataset 8 , we intend to use an hybrid technique based on song lyrics and audio content [12] to extract meaningful pieces of audio.", "mentionContextAttributes": {"used": {"value": false, "score": 0.00048273801803588867}, "created": {"value": true, "score": 0.902029812335968}, "shared": {"value": false, "score": 4.172325134277344e-07}}, "documentContextAttributes": {"used": {"value": true, "score": 0.9999889731407166}, "created": {"value": true, "score": 0.9879867434501648}, "shared": {"value": false, "score": 0.00011724233627319336}}}, {"type": "software", "software-type": "software", "software-name": {"rawForm": "MIR", "normalizedForm": "MIR", "offsetStart": 72, "offsetEnd": 75}, "context": "We have also linked our visualization with the TimeSide tool to support MIR analysis of the songs.", "mentionContextAttributes": {"used": {"value": true, "score": 0.9573439955711365}, "created": {"value": true, "score": 0.9561785459518433}, "shared": {"value": false, "score": 1.7881393432617188e-07}}, "documentContextAttributes": {"used": {"value": true, "score": 0.9996687173843384}, "created": {"value": true, "score": 0.9998676776885986}, "shared": {"value": false, "score": 4.0531158447265625e-06}}}, {"type": "software", "software-type": "software", "software-name": {"rawForm": "WASABI", "normalizedForm": "WASABI", "offsetStart": 72, "offsetEnd": 78}, "context": "Our visualization technique has been applied to data retrieved from the WASABI dataset, accessible through a REST API2 and a public SPARQL endpoint 3 .", "mentionContextAttributes": {"used": {"value": true, "score": 0.9987759590148926}, "created": {"value": false, "score": 0.46935343742370605}, "shared": {"value": false, "score": 5.364418029785156e-07}}, "documentContextAttributes": {"used": {"value": true, "score": 0.9999889731407166}, "created": {"value": true, "score": 0.9879867434501648}, "shared": {"value": false, "score": 0.00011724233627319336}}}, {"type": "software", "software-type": "software", "software-name": {"rawForm": "Wasabi Explorer", "normalizedForm": "Wasabi Explorer", "offsetStart": 75, "offsetEnd": 90}, "context": "As we can see in Figure 4a, the user can choose the option \"Display in the Wasabi Explorer\", which will redirect them to the artist's page in the WASABI Explorer 7 .", "mentionContextAttributes": {"used": {"value": false, "score": 0.0019297599792480469}, "created": {"value": false, "score": 0.000425875186920166}, "shared": {"value": false, "score": 0.0001590251922607422}}, "documentContextAttributes": {"used": {"value": false, "score": 0.09217816591262817}, "created": {"value": false, "score": 0.000425875186920166}, "shared": {"value": false, "score": 0.0001590251922607422}}}, {"type": "software", "software-type": "software", "software-name": {"rawForm": "WASABI", "normalizedForm": "WASABI", "offsetStart": 77, "offsetEnd": 83}, "context": "Through the exploration of these folders/files, for each album, we query the WASABI dataset via its REST API, and retrieve the WASABI id of the artist, albums, and songs.", "mentionContextAttributes": {"used": {"value": true, "score": 0.5437895655632019}, "created": {"value": false, "score": 0.002969682216644287}, "shared": {"value": false, "score": 5.364418029785156e-07}}, "documentContextAttributes": {"used": {"value": true, "score": 0.9999889731407166}, "created": {"value": true, "score": 0.9879867434501648}, "shared": {"value": false, "score": 0.00011724233627319336}}}, {"type": "software", "software-type": "software", "software-name": {"rawForm": "TimeSide", "normalizedForm": "TimeSide", "offsetStart": 84, "offsetEnd": 92}, "context": "Finally, the fourth approach refers to the integration of external services such as TimeSide which allows to deepen the exploration of songs through MIR analysis.", "mentionContextAttributes": {"used": {"value": false, "score": 0.00011879205703735352}, "created": {"value": false, "score": 0.010278165340423584}, "shared": {"value": false, "score": 2.980232238769531e-07}}, "documentContextAttributes": {"used": {"value": true, "score": 0.9573439955711365}, "created": {"value": true, "score": 0.9561785459518433}, "shared": {"value": false, "score": 2.7418136596679688e-05}}}, {"type": "software", "software-type": "software", "software-name": {"rawForm": "WASABI Explorer", "normalizedForm": "WASABI Explorer", "offsetStart": 85, "offsetEnd": 100}, "version": {"rawForm": "7", "normalizedForm": "7"}, "context": "Furthermore, each artist, album, and song are linked to their respective page in the WASABI Explorer, and each song can be further explored on TimeSide through a simple selection on the visualization.", "mentionContextAttributes": {"used": {"value": false, "score": 0.30570024251937866}, "created": {"value": false, "score": 0.0006517767906188965}, "shared": {"value": false, "score": 8.404254913330078e-06}}, "documentContextAttributes": {"used": {"value": false, "score": 0.30570024251937866}, "created": {"value": false, "score": 0.023881733417510986}, "shared": {"value": false, "score": 0.0001590251922607422}}}, {"type": "software", "software-type": "software", "software-name": {"rawForm": "MIR", "normalizedForm": "MIR", "offsetStart": 86, "offsetEnd": 89}, "context": "It also contains metadata extracted from the NLP analysis of song lyrics and from the MIR (Music Information Retrieval) analysis of song audio content, done during the project.", "mentionContextAttributes": {"used": {"value": true, "score": 0.9016635417938232}, "created": {"value": false, "score": 5.251169204711914e-05}, "shared": {"value": false, "score": 2.980232238769531e-07}}, "documentContextAttributes": {"used": {"value": true, "score": 0.9996687173843384}, "created": {"value": true, "score": 0.9998676776885986}, "shared": {"value": false, "score": 4.0531158447265625e-06}}}, {"type": "software", "software-type": "software", "software-name": {"rawForm": "MIR", "normalizedForm": "MIR", "offsetStart": 89, "offsetEnd": 92}, "context": "\u2022 a direct link with external services that support further exploration of songs through MIR analysis.", "mentionContextAttributes": {"used": {"value": false, "score": 9.447336196899414e-05}, "created": {"value": false, "score": 0.00029850006103515625}, "shared": {"value": false, "score": 4.172325134277344e-07}}, "documentContextAttributes": {"used": {"value": true, "score": 0.9996687173843384}, "created": {"value": true, "score": 0.9998676776885986}, "shared": {"value": false, "score": 4.0531158447265625e-06}}}, {"type": "software", "software-type": "software", "software-name": {"rawForm": "MIR", "normalizedForm": "MIR", "offsetStart": 90, "offsetEnd": 93}, "context": "The domain expert was happy with the possibility of directly exploring the results of the MIR analysis on the audio signal of a particular song.", "mentionContextAttributes": {"used": {"value": true, "score": 0.9996687173843384}, "created": {"value": false, "score": 0.009900569915771484}, "shared": {"value": false, "score": 1.7881393432617188e-07}}, "documentContextAttributes": {"used": {"value": true, "score": 0.9996687173843384}, "created": {"value": true, "score": 0.9998676776885986}, "shared": {"value": false, "score": 4.0531158447265625e-06}}}, {"type": "software", "software-type": "software", "software-name": {"rawForm": "WASABI", "normalizedForm": "WASABI", "offsetStart": 95, "offsetEnd": 101}, "context": "Listing 1: SPARQL query used to retrieve an artist discography and collaboration data from the WASABI KG.", "mentionContextAttributes": {"used": {"value": true, "score": 0.9999889731407166}, "created": {"value": false, "score": 8.404254913330078e-06}, "shared": {"value": false, "score": 1.7881393432617188e-07}}, "documentContextAttributes": {"used": {"value": true, "score": 0.9999889731407166}, "created": {"value": true, "score": 0.9879867434501648}, "shared": {"value": false, "score": 0.00011724233627319336}}}, {"type": "software", "software-type": "software", "software-name": {"rawForm": "MIR", "normalizedForm": "MIR", "offsetStart": 98, "offsetEnd": 101}, "context": "Section 4 describes our approach to a multimodal visualization that combines graphics, audio, and MIR analysis to support music artist data exploration.", "mentionContextAttributes": {"used": {"value": false, "score": 4.500150680541992e-05}, "created": {"value": true, "score": 0.9998142719268799}, "shared": {"value": false, "score": 4.172325134277344e-07}}, "documentContextAttributes": {"used": {"value": true, "score": 0.9996687173843384}, "created": {"value": true, "score": 0.9998676776885986}, "shared": {"value": false, "score": 4.0531158447265625e-06}}}, {"type": "software", "software-type": "software", "software-name": {"rawForm": "WASABI", "normalizedForm": "WASABI", "offsetStart": 103, "offsetEnd": 109}, "context": "The query presented in the Listing 1 is used to obtain the discography of a particular artist from the WASABI KG.", "mentionContextAttributes": {"used": {"value": true, "score": 0.9991248846054077}, "created": {"value": false, "score": 2.4378299713134766e-05}, "shared": {"value": false, "score": 2.980232238769531e-07}}, "documentContextAttributes": {"used": {"value": true, "score": 0.9999889731407166}, "created": {"value": true, "score": 0.9879867434501648}, "shared": {"value": false, "score": 0.00011724233627319336}}}, {"type": "software", "software-type": "software", "software-name": {"rawForm": "MIR", "normalizedForm": "MIR", "offsetStart": 109, "offsetEnd": 112}, "context": "This data is linked to metadata extracted from NLP (Natural Language Processing) analysis of song lyrics and MIR (Music Information Retrieval) analysis of song audio content.", "mentionContextAttributes": {"used": {"value": true, "score": 0.9995231032371521}, "created": {"value": false, "score": 3.987550735473633e-05}, "shared": {"value": false, "score": 2.980232238769531e-07}}, "documentContextAttributes": {"used": {"value": true, "score": 0.9996687173843384}, "created": {"value": true, "score": 0.9998676776885986}, "shared": {"value": false, "score": 4.0531158447265625e-06}}}, {"type": "software", "software-type": "software", "software-name": {"rawForm": "interface", "normalizedForm": "interface", "offsetStart": 112, "offsetEnd": 121}, "context": "In the same way, for the purpose of data check and to provide more information about the items to the user, our interface also directs the user to the source of data by rightclicking on the element of interest (i.e., the artist name, an album, or a song).", "mentionContextAttributes": {"used": {"value": false, "score": 0.00011330842971801758}, "created": {"value": false, "score": 0.003088533878326416}, "shared": {"value": false, "score": 8.219480514526367e-05}}, "documentContextAttributes": {"used": {"value": true, "score": 0.9392094612121582}, "created": {"value": false, "score": 0.003088533878326416}, "shared": {"value": false, "score": 8.219480514526367e-05}}}, {"type": "software", "software-type": "software", "software-name": {"rawForm": "WASABI", "normalizedForm": "WASABI", "offsetStart": 127, "offsetEnd": 133}, "context": "Through the exploration of these folders/files, for each album, we query the WASABI dataset via its REST API, and retrieve the WASABI id of the artist, albums, and songs.", "mentionContextAttributes": {"used": {"value": true, "score": 0.5437895655632019}, "created": {"value": false, "score": 0.002969682216644287}, "shared": {"value": false, "score": 5.364418029785156e-07}}, "documentContextAttributes": {"used": {"value": true, "score": 0.9999889731407166}, "created": {"value": true, "score": 0.9879867434501648}, "shared": {"value": false, "score": 0.00011724233627319336}}}, {"type": "software", "software-type": "software", "software-name": {"rawForm": "WASABI", "normalizedForm": "WASABI", "offsetStart": 128, "offsetEnd": 134}, "context": "The domain expert appreciated the link between the visualization tool and the external services; in particular, the link to the WASABI Explorer as it provides detailed information about the album, the song, or the artist to deepen the analysis.", "mentionContextAttributes": {"used": {"value": true, "score": 0.9874781370162964}, "created": {"value": false, "score": 0.0002688169479370117}, "shared": {"value": false, "score": 5.364418029785156e-07}}, "documentContextAttributes": {"used": {"value": true, "score": 0.9999889731407166}, "created": {"value": true, "score": 0.9879867434501648}, "shared": {"value": false, "score": 0.00011724233627319336}}}, {"type": "software", "software-type": "software", "software-name": {"rawForm": "interface", "normalizedForm": "interface", "offsetStart": 128, "offsetEnd": 137}, "context": "The timbre descriptors curves are then displayed in an augmented multi-track audio player which provides a dynamic and zoomable interface to facilitate time based fine analyzing and labeling (Figure 5).", "mentionContextAttributes": {"used": {"value": true, "score": 0.9392094612121582}, "created": {"value": false, "score": 2.473592758178711e-05}, "shared": {"value": false, "score": 2.980232238769531e-07}}, "documentContextAttributes": {"used": {"value": true, "score": 0.9392094612121582}, "created": {"value": false, "score": 0.003088533878326416}, "shared": {"value": false, "score": 8.219480514526367e-05}}}, {"type": "software", "software-type": "software", "software-name": {"rawForm": "WASABI", "normalizedForm": "WASABI", "offsetStart": 132, "offsetEnd": 138}, "context": "For example, from the multiple versions of David Bowie's album \"The Rise and Fall of Ziggy Stardust and the Spiders from Mars\", the WASABI KG only describes the original version released in the UK in 1972, which included 11 songs.", "mentionContextAttributes": {"used": {"value": false, "score": 0.2193860411643982}, "created": {"value": false, "score": 8.529424667358398e-05}, "shared": {"value": false, "score": 8.940696716308594e-07}}, "documentContextAttributes": {"used": {"value": true, "score": 0.9999889731407166}, "created": {"value": true, "score": 0.9879867434501648}, "shared": {"value": false, "score": 0.00011724233627319336}}}, {"type": "software", "software-type": "software", "software-name": {"rawForm": "WASABI", "normalizedForm": "WASABI", "offsetStart": 132, "offsetEnd": 138}, "context": "In order to access to the timbre descriptors of each track described in 2.3, we support the analysis of audio signal by linking the WASABI dataset songs to a remote TimeSide audio processing service.", "mentionContextAttributes": {"used": {"value": true, "score": 0.6955978274345398}, "created": {"value": false, "score": 0.0008109211921691895}, "shared": {"value": false, "score": 2.980232238769531e-07}}, "documentContextAttributes": {"used": {"value": true, "score": 0.9999889731407166}, "created": {"value": true, "score": 0.9879867434501648}, "shared": {"value": false, "score": 0.00011724233627319336}}}, {"type": "software", "software-type": "software", "software-name": {"rawForm": "WASABI Explorer", "normalizedForm": "WASABI Explorer", "offsetStart": 138, "offsetEnd": 153}, "version": {"rawForm": "7", "normalizedForm": "7"}, "context": "The domain expert also proposed to include multiple ways of accessing those external services, such as through a button that opens up the WASABI Explorer or TimeSide without a particular song associated (which could be chosen directly in the respective interfaces).", "mentionContextAttributes": {"used": {"value": false, "score": 0.0003994107246398926}, "created": {"value": false, "score": 0.023881733417510986}, "shared": {"value": false, "score": 2.7477741241455078e-05}}, "documentContextAttributes": {"used": {"value": false, "score": 0.30570024251937866}, "created": {"value": false, "score": 0.023881733417510986}, "shared": {"value": false, "score": 0.0001590251922607422}}}, {"type": "software", "software-type": "software", "software-name": {"rawForm": "TimeSide", "normalizedForm": "TimeSide", "offsetStart": 143, "offsetEnd": 151}, "context": "Furthermore, each artist, album, and song are linked to their respective page in the WASABI Explorer, and each song can be further explored on TimeSide through a simple selection on the visualization.", "mentionContextAttributes": {"used": {"value": false, "score": 0.30570024251937866}, "created": {"value": false, "score": 0.0006517767906188965}, "shared": {"value": false, "score": 8.404254913330078e-06}}, "documentContextAttributes": {"used": {"value": true, "score": 0.9573439955711365}, "created": {"value": true, "score": 0.9561785459518433}, "shared": {"value": false, "score": 2.7418136596679688e-05}}}, {"type": "software", "software-type": "software", "software-name": {"rawForm": "WASABI Explorer", "normalizedForm": "WASABI Explorer", "offsetStart": 146, "offsetEnd": 161}, "version": {"rawForm": "7", "normalizedForm": "7", "offsetStart": 162, "offsetEnd": 163}, "context": "As we can see in Figure 4a, the user can choose the option \"Display in the Wasabi Explorer\", which will redirect them to the artist's page in the WASABI Explorer 7 .", "mentionContextAttributes": {"used": {"value": false, "score": 0.0019297599792480469}, "created": {"value": false, "score": 0.000425875186920166}, "shared": {"value": false, "score": 0.0001590251922607422}}, "documentContextAttributes": {"used": {"value": false, "score": 0.30570024251937866}, "created": {"value": false, "score": 0.023881733417510986}, "shared": {"value": false, "score": 0.0001590251922607422}}}, {"type": "software", "software-type": "software", "software-name": {"rawForm": "MIR", "normalizedForm": "MIR", "offsetStart": 149, "offsetEnd": 152}, "context": "Finally, the fourth approach refers to the integration of external services such as TimeSide which allows to deepen the exploration of songs through MIR analysis.", "mentionContextAttributes": {"used": {"value": false, "score": 0.00011879205703735352}, "created": {"value": false, "score": 0.010278165340423584}, "shared": {"value": false, "score": 2.980232238769531e-07}}, "documentContextAttributes": {"used": {"value": true, "score": 0.9996687173843384}, "created": {"value": true, "score": 0.9998676776885986}, "shared": {"value": false, "score": 4.0531158447265625e-06}}}, {"type": "software", "software-type": "software", "software-name": {"rawForm": "TimeSide", "normalizedForm": "TimeSide", "offsetStart": 157, "offsetEnd": 165}, "context": "The domain expert also proposed to include multiple ways of accessing those external services, such as through a button that opens up the WASABI Explorer or TimeSide without a particular song associated (which could be chosen directly in the respective interfaces).", "mentionContextAttributes": {"used": {"value": false, "score": 0.0003994107246398926}, "created": {"value": false, "score": 0.023881614208221436}, "shared": {"value": false, "score": 2.7418136596679688e-05}}, "documentContextAttributes": {"used": {"value": true, "score": 0.9573439955711365}, "created": {"value": true, "score": 0.9561785459518433}, "shared": {"value": false, "score": 2.7418136596679688e-05}}}, {"type": "software", "software-type": "software", "software-name": {"rawForm": "TimeSide", "normalizedForm": "TimeSide", "offsetStart": 165, "offsetEnd": 173}, "context": "In order to access to the timbre descriptors of each track described in 2.3, we support the analysis of audio signal by linking the WASABI dataset songs to a remote TimeSide audio processing service.", "mentionContextAttributes": {"used": {"value": true, "score": 0.6955978274345398}, "created": {"value": false, "score": 0.0008109211921691895}, "shared": {"value": false, "score": 2.384185791015625e-07}}, "documentContextAttributes": {"used": {"value": true, "score": 0.9573439955711365}, "created": {"value": true, "score": 0.9561785459518433}, "shared": {"value": false, "score": 2.7418136596679688e-05}}}, {"type": "software", "software-type": "software", "software-name": {"rawForm": "interface", "normalizedForm": "interface", "offsetStart": 236, "offsetEnd": 245}, "context": "In general, tool-tips displaying more information about an item was praised, but the domain expert would rather like to have more information (such as the history of the artist/group, the name of albums, etc.) displayed directly on the interface, reducing the mouse movements necessary to display more information about an item (e.g., a song).", "mentionContextAttributes": {"used": {"value": false, "score": 0.09673303365707397}, "created": {"value": false, "score": 0.00038808584213256836}, "shared": {"value": false, "score": 2.6226043701171875e-06}}, "documentContextAttributes": {"used": {"value": true, "score": 0.9392094612121582}, "created": {"value": false, "score": 0.003088533878326416}, "shared": {"value": false, "score": 8.219480514526367e-05}}}, {"type": "software", "software-type": "software", "software-name": {"rawForm": "MIR", "normalizedForm": "MIR", "offsetStart": 323, "offsetEnd": 326}, "context": "The audio dimension has been incorporated, allowing, at the macro level, to perceive in an audible way the musical evolution of an artist over time or the influences of the different collaborators on the musical style of each one, while at the micro level it is possible to explore the audio signal of a song by performing MIR analysis (on demand) of the sound and by adding very precise annotations.", "mentionContextAttributes": {"used": {"value": false, "score": 0.0004584789276123047}, "created": {"value": false, "score": 0.3023386001586914}, "shared": {"value": false, "score": 4.0531158447265625e-06}}, "documentContextAttributes": {"used": {"value": true, "score": 0.9996687173843384}, "created": {"value": true, "score": 0.9998676776885986}, "shared": {"value": false, "score": 4.0531158447265625e-06}}}, {"type": "software", "software-type": "software", "software-name": {"rawForm": "Wasabi Explorer", "normalizedForm": "Wasabi Explorer", "offsetStart": 414, "offsetEnd": 429}, "context": "These scenarios demonstrate the different aspects of the tool (described in Section 4), namely: (i) exploring the discography of a particular artist (Queen), (ii) using audio to explore the artist discography, (iii) exploring the collaborations of a particular artist, (iv) investigating the collaboration between two artists in a certain period of time, and (v) further exploring songs through external services (Wasabi Explorer and TimeSide). ", "mentionContextAttributes": {"used": {"value": false, "score": 0.09217816591262817}, "created": {"value": false, "score": 0.0003600120544433594}, "shared": {"value": false, "score": 9.5367431640625e-07}}, "documentContextAttributes": {"used": {"value": false, "score": 0.09217816591262817}, "created": {"value": false, "score": 0.000425875186920166}, "shared": {"value": false, "score": 0.0001590251922607422}}}, {"type": "software", "software-type": "software", "software-name": {"rawForm": "TimeSide", "normalizedForm": "TimeSide", "offsetStart": 434, "offsetEnd": 442}, "context": "These scenarios demonstrate the different aspects of the tool (described in Section 4), namely: (i) exploring the discography of a particular artist (Queen), (ii) using audio to explore the artist discography, (iii) exploring the collaborations of a particular artist, (iv) investigating the collaboration between two artists in a certain period of time, and (v) further exploring songs through external services (Wasabi Explorer and TimeSide). ", "mentionContextAttributes": {"used": {"value": false, "score": 0.09217816591262817}, "created": {"value": false, "score": 0.0003600120544433594}, "shared": {"value": false, "score": 9.5367431640625e-07}}, "documentContextAttributes": {"used": {"value": true, "score": 0.9573439955711365}, "created": {"value": true, "score": 0.9561785459518433}, "shared": {"value": false, "score": 2.7418136596679688e-05}}}], "references": [], "runtime": 80859, "id": "69a378a711d66974dcabef9ad138c80e85893051", "metadata": {"id": "69a378a711d66974dcabef9ad138c80e85893051"}, "original_file_path": "../../datalake/Samuel/SOFTware-Sync/data/xml_not_sofctied/hal-03748134.grobid.tei.xml", "file_name": "hal-03748134.grobid.tei.xml"}