{"application": "software-mentions", "version": "0.8.0", "date": "2024-04-12T17:03+0000", "md5": "9861A120600AA44228C00081F6B6A1E8", "mentions": [{"type": "software", "software-type": "software", "wikidataId": "Q209330", "wikipediaExternalRef": 31591547, "lang": "en", "confidence": 0.4715, "software-name": {"rawForm": "Instagram", "normalizedForm": "Instagram", "wikidataId": "Q209330", "wikipediaExternalRef": 31591547, "lang": "en", "confidence": 0.4715, "offsetStart": 0, "offsetEnd": 9}, "context": "Instagram dataset includes a total amount of 6,710 messages, which we randomly collected from Instagram focusing on students' profiles (6,510 negative and 200 positive instances) identified through the monitoring system described in (Menini et al., 2019).", "mentionContextAttributes": {"used": {"value": true, "score": 0.9994422197341919}, "created": {"value": false, "score": 1.5795230865478516e-05}, "shared": {"value": false, "score": 6.556510925292969e-07}}, "documentContextAttributes": {"used": {"value": true, "score": 0.9994422793388367}, "created": {"value": true, "score": 0.9449611902236938}, "shared": {"value": true, "score": 0.7388846278190613}}}, {"type": "software", "software-type": "software", "wikidataId": "Q209330", "wikipediaExternalRef": 31591547, "lang": "en", "confidence": 0.4715, "software-name": {"rawForm": "Instagram", "normalizedForm": "Instagram", "wikidataId": "Q209330", "wikipediaExternalRef": 31591547, "lang": "en", "confidence": 0.4715, "offsetStart": 4, "offsetEnd": 13}, "context": "For Instagram and WhatsApp, since no standard test set is available, we split the whole dataset using 60% of it for training, while the remaining 40% is split in half and used for validation and testing. ", "mentionContextAttributes": {"used": {"value": true, "score": 0.9972652196884155}, "created": {"value": false, "score": 2.1159648895263672e-05}, "shared": {"value": false, "score": 5.364418029785156e-07}}, "documentContextAttributes": {"used": {"value": true, "score": 0.9994422793388367}, "created": {"value": true, "score": 0.9449611902236938}, "shared": {"value": true, "score": 0.7388846278190613}}}, {"type": "software", "software-type": "software", "wikidataId": "Q209330", "wikipediaExternalRef": 31591547, "lang": "en", "confidence": 0.4715, "software-name": {"rawForm": "Instagram", "normalizedForm": "Instagram", "wikidataId": "Q209330", "wikipediaExternalRef": 31591547, "lang": "en", "confidence": 0.4715, "offsetStart": 4, "offsetEnd": 13}, "context": "For Instagram, Facebook and Whatsapp, the best performing configuration is identical.", "mentionContextAttributes": {"used": {"value": false, "score": 0.03872549533843994}, "created": {"value": false, "score": 1.8894672393798828e-05}, "shared": {"value": false, "score": 7.748603820800781e-07}}, "documentContextAttributes": {"used": {"value": true, "score": 0.9994422793388367}, "created": {"value": true, "score": 0.9449611902236938}, "shared": {"value": true, "score": 0.7388846278190613}}}, {"type": "software", "software-type": "software", "wikidataId": "Q209330", "wikipediaExternalRef": 31591547, "lang": "en", "confidence": 0.4715, "software-name": {"rawForm": "Instagram", "normalizedForm": "Instagram", "wikidataId": "Q209330", "wikipediaExternalRef": 31591547, "lang": "en", "confidence": 0.4715, "offsetStart": 9, "offsetEnd": 18}, "context": "Since no Instagram datasets in Italian were available, and we wanted to include this platform to our study, we manually annotated them as \"hateful post\" (as in Example 4) or \"not\".", "mentionContextAttributes": {"used": {"value": true, "score": 0.9915329217910767}, "created": {"value": false, "score": 0.00045865774154663086}, "shared": {"value": false, "score": 8.940696716308594e-07}}, "documentContextAttributes": {"used": {"value": true, "score": 0.9994422793388367}, "created": {"value": true, "score": 0.9449611902236938}, "shared": {"value": true, "score": 0.7388846278190613}}}, {"type": "software", "software-type": "software", "wikidataId": "Q209330", "wikipediaExternalRef": 31591547, "lang": "en", "confidence": 0.4715, "software-name": {"rawForm": "Instagram", "normalizedForm": "Instagram", "wikidataId": "Q209330", "wikipediaExternalRef": 31591547, "lang": "en", "confidence": 0.4715, "offsetStart": 19, "offsetEnd": 28}, "context": "Facebook, Twitter, Instagram and What-sApp.", "mentionContextAttributes": {"used": {"value": false, "score": 0.004641532897949219}, "created": {"value": false, "score": 4.392862319946289e-05}, "shared": {"value": true, "score": 0.7388846278190613}}, "documentContextAttributes": {"used": {"value": true, "score": 0.9994422793388367}, "created": {"value": true, "score": 0.9449611902236938}, "shared": {"value": true, "score": 0.7388846278190613}}}, {"type": "software", "software-type": "software", "wikidataId": "Q209330", "wikipediaExternalRef": 31591547, "lang": "en", "confidence": 0.4715, "software-name": {"rawForm": "Instagram", "normalizedForm": "Instagram", "wikidataId": "Q209330", "wikipediaExternalRef": 31591547, "lang": "en", "confidence": 0.4715, "offsetStart": 19, "offsetEnd": 28}, "context": "Facebook, Twitter, Instagram and Whatsapp.", "mentionContextAttributes": {"used": {"value": false, "score": 0.007838308811187744}, "created": {"value": false, "score": 9.721517562866211e-05}, "shared": {"value": true, "score": 0.6987590789794922}}, "documentContextAttributes": {"used": {"value": true, "score": 0.9994422793388367}, "created": {"value": true, "score": 0.9449611902236938}, "shared": {"value": true, "score": 0.7388846278190613}}}, {"type": "software", "software-type": "software", "wikidataId": "Q209330", "wikipediaExternalRef": 31591547, "lang": "en", "confidence": 0.4715, "software-name": {"rawForm": "Instagram", "normalizedForm": "Instagram", "wikidataId": "Q209330", "wikipediaExternalRef": 31591547, "lang": "en", "confidence": 0.4715, "offsetStart": 30, "offsetEnd": 39}, "context": "We therefore annotate our own Instagram data for the task, while we take advantage of a recently developed dataset for cyberbullying detection to test our system on WhastApp.", "mentionContextAttributes": {"used": {"value": false, "score": 0.4916658401489258}, "created": {"value": true, "score": 0.9449611902236938}, "shared": {"value": false, "score": 2.980232238769531e-07}}, "documentContextAttributes": {"used": {"value": true, "score": 0.9994422793388367}, "created": {"value": true, "score": 0.9449611902236938}, "shared": {"value": true, "score": 0.7388846278190613}}}, {"type": "software", "software-type": "software", "software-name": {"rawForm": "sklearn", "normalizedForm": "sklearn", "offsetStart": 67, "offsetEnd": 74}, "context": "For this purpose, we use the train test split function provided by sklearn (Pedregosa et al., 2011), using 42 as seed for the random number generator. ", "mentionContextAttributes": {"used": {"value": true, "score": 0.9994900822639465}, "created": {"value": false, "score": 1.0311603546142578e-05}, "shared": {"value": false, "score": 1.7881393432617188e-07}}, "documentContextAttributes": {"used": {"value": true, "score": 0.9994900822639465}, "created": {"value": false, "score": 1.0311603546142578e-05}, "shared": {"value": false, "score": 1.7881393432617188e-07}}}, {"type": "software", "software-type": "software", "wikidataId": "Q209330", "wikipediaExternalRef": 31591547, "lang": "en", "confidence": 0.4715, "software-name": {"rawForm": "Instagram", "normalizedForm": "Instagram", "wikidataId": "Q209330", "wikipediaExternalRef": 31591547, "lang": "en", "confidence": 0.4715, "offsetStart": 94, "offsetEnd": 103}, "context": "Instagram dataset includes a total amount of 6,710 messages, which we randomly collected from Instagram focusing on students' profiles (6,510 negative and 200 positive instances) identified through the monitoring system described in (Menini et al., 2019). ", "mentionContextAttributes": {"used": {"value": true, "score": 0.9994422793388367}, "created": {"value": false, "score": 1.5735626220703125e-05}, "shared": {"value": false, "score": 5.960464477539062e-07}}, "documentContextAttributes": {"used": {"value": true, "score": 0.9994422793388367}, "created": {"value": true, "score": 0.9449611902236938}, "shared": {"value": true, "score": 0.7388846278190613}}}, {"type": "software", "software-type": "software", "software-name": {"rawForm": "Google ngrams", "normalizedForm": "Google ngrams", "offsetStart": 111, "offsetEnd": 124}, "context": "Since the aforementioned tool only supports English, it has been adapted to Italian by using language-specific Google ngrams.5", "mentionContextAttributes": {"used": {"value": false, "score": 0.0001608133316040039}, "created": {"value": false, "score": 0.003003835678100586}, "shared": {"value": false, "score": 4.76837158203125e-07}}, "documentContextAttributes": {"used": {"value": false, "score": 0.0001608133316040039}, "created": {"value": false, "score": 0.003003835678100586}, "shared": {"value": false, "score": 4.76837158203125e-07}}}, {"type": "software", "software-type": "software", "wikidataId": "Q209330", "wikipediaExternalRef": 31591547, "lang": "en", "confidence": 0.4715, "software-name": {"rawForm": "Instagram", "normalizedForm": "Instagram", "wikidataId": "Q209330", "wikipediaExternalRef": 31591547, "lang": "en", "confidence": 0.4715, "offsetStart": 216, "offsetEnd": 225}, "context": "The task summary presented in (Bosco et al., 2018) listed some remarks on the elements affecting the system robustness that led us extend the cross-platform experiments to new platforms, including also What-sApp and Instagram data.", "mentionContextAttributes": {"used": {"value": true, "score": 0.9756126403808594}, "created": {"value": false, "score": 0.10412681102752686}, "shared": {"value": false, "score": 1.1920928955078125e-06}}, "documentContextAttributes": {"used": {"value": true, "score": 0.9994422793388367}, "created": {"value": true, "score": 0.9449611902236938}, "shared": {"value": true, "score": 0.7388846278190613}}}], "references": [], "runtime": 65809, "id": "264603dddc69eda1a2ff4c7dc2ee0b4bdec84e10", "metadata": {"id": "264603dddc69eda1a2ff4c7dc2ee0b4bdec84e10"}, "original_file_path": "../../datalake/Samuel/SOFTware-Sync/data/xml_not_sofctied/hal-02381152.grobid.tei.xml", "file_name": "hal-02381152.grobid.tei.xml"}