{"application": "software-mentions", "version": "0.8.0", "date": "2024-04-12T16:10+0000", "md5": "420AB5CD33DFB05DB5BE640EA33D2B0D", "mentions": [{"type": "software", "software-type": "software", "software-name": {"rawForm": "soundtrap", "normalizedForm": "soundtrap", "offsetStart": 0, "offsetEnd": 9}, "context": "soundtrap.com ", "mentionContextAttributes": {"used": {"value": false, "score": 0.0003802180290222168}, "created": {"value": false, "score": 0.00018143653869628906}, "shared": {"value": false, "score": 0.00045436620712280273}}, "documentContextAttributes": {"used": {"value": false, "score": 0.0003802180290222168}, "created": {"value": false, "score": 0.00018143653869628906}, "shared": {"value": false, "score": 0.00045436620712280273}}}, {"type": "software", "software-type": "software", "software-name": {"rawForm": "WebAudio Modules", "normalizedForm": "WebAudio Modules", "offsetStart": 0, "offsetEnd": 16}, "version": {"rawForm": "2.0", "normalizedForm": "2.0", "offsetStart": 17, "offsetEnd": 20}, "context": "WebAudio Modules 2.0 (aka WAM) is a standard for developing interoperable host and plugins. ", "mentionContextAttributes": {"used": {"value": false, "score": 3.0100345611572266e-05}, "created": {"value": false, "score": 0.03643667697906494}, "shared": {"value": false, "score": 8.761882781982422e-06}}, "documentContextAttributes": {"used": {"value": false, "score": 3.0100345611572266e-05}, "created": {"value": false, "score": 0.03643667697906494}, "shared": {"value": false, "score": 8.761882781982422e-06}}}, {"type": "software", "software-type": "software", "software-name": {"rawForm": "ampedstudio", "normalizedForm": "ampedstudio", "offsetStart": 3, "offsetEnd": 14}, "url": {"rawForm": "com", "normalizedForm": "com", "offsetStart": 15, "offsetEnd": 18}, "context": "or ampedstudio.com ", "mentionContextAttributes": {"used": {"value": false, "score": 0.0001285076141357422}, "created": {"value": false, "score": 5.0008296966552734e-05}, "shared": {"value": false, "score": 1.7285346984863281e-06}}, "documentContextAttributes": {"used": {"value": false, "score": 0.0001285076141357422}, "created": {"value": false, "score": 5.0008296966552734e-05}, "shared": {"value": false, "score": 1.7285346984863281e-06}}}, {"type": "software", "software-type": "software", "software-name": {"rawForm": "WebComponent", "normalizedForm": "WebComponent", "offsetStart": 17, "offsetEnd": 29}, "context": "Each plugin is a WebComponent. ", "mentionContextAttributes": {"used": {"value": false, "score": 0.0013797879219055176}, "created": {"value": false, "score": 0.00044983625411987305}, "shared": {"value": false, "score": 8.64267349243164e-06}}, "documentContextAttributes": {"used": {"value": false, "score": 0.0013797879219055176}, "created": {"value": false, "score": 0.00044983625411987305}, "shared": {"value": false, "score": 8.64267349243164e-06}}}, {"type": "software", "software-type": "software", "software-name": {"rawForm": "Web", "normalizedForm": "Web", "offsetStart": 48, "offsetEnd": 51}, "context": "In 2015 Jari Kleimola and Oliver Larkin created Web Audio Modules (WAM) [3], a standard for creating reusable and interoperable plugins implemented as WebComponents, the core of which was written in C/C++. ", "mentionContextAttributes": {"used": {"value": false, "score": 0.00010877847671508789}, "created": {"value": false, "score": 0.46791213750839233}, "shared": {"value": false, "score": 6.324052810668945e-05}}, "documentContextAttributes": {"used": {"value": false, "score": 0.00013399124145507812}, "created": {"value": true, "score": 0.9994651079177856}, "shared": {"value": false, "score": 6.324052810668945e-05}}}, {"type": "software", "software-type": "software", "software-name": {"rawForm": "WebAudio", "normalizedForm": "WebAudio", "offsetStart": 48, "offsetEnd": 56}, "context": "By using a real guitar, we propose to show that WebAudio plugins for guitarists are a reality and could be included in full-scale DAWs with a quality comparable to what we find in the native application world.", "mentionContextAttributes": {"used": {"value": false, "score": 0.0010280609130859375}, "created": {"value": true, "score": 0.9500567317008972}, "shared": {"value": false, "score": 1.245737075805664e-05}}, "documentContextAttributes": {"used": {"value": false, "score": 0.005955755710601807}, "created": {"value": true, "score": 0.9500567317008972}, "shared": {"value": false, "score": 2.008676528930664e-05}}}, {"type": "software", "software-type": "software", "software-name": {"rawForm": "Web Audio Modules", "normalizedForm": "Web Audio Modules", "offsetStart": 48, "offsetEnd": 65}, "version": {"rawForm": "2.0", "normalizedForm": "2.0", "offsetStart": 66, "offsetEnd": 69}, "context": "Since then, this standard has evolved in a new \"Web Audio Modules 2.0\" (WAM2) version [1], taking into account feedback from developers of the first version and the evolution of web Ssandards (with WebAssembly, WebComponents, WebMidi etc.). ", "mentionContextAttributes": {"used": {"value": false, "score": 0.00027179718017578125}, "created": {"value": false, "score": 0.004694938659667969}, "shared": {"value": false, "score": 2.2113323211669922e-05}}, "documentContextAttributes": {"used": {"value": false, "score": 0.00027179718017578125}, "created": {"value": false, "score": 0.004694938659667969}, "shared": {"value": false, "score": 2.2113323211669922e-05}}}, {"type": "software", "software-type": "software", "software-name": {"rawForm": "AudioWorklet", "normalizedForm": "AudioWorklet", "offsetStart": 50, "offsetEnd": 62}, "context": "Furthermore, as a large amount of our plugins are AudioWorklet / WebAssembly based, showing how the WAM standard could perform while automating a large amount of parameters without leaving the audio thread (with a host also written as an AudioWorklet) was something we wanted to experiment with.", "mentionContextAttributes": {"used": {"value": false, "score": 0.013100266456604004}, "created": {"value": false, "score": 0.11828368902206421}, "shared": {"value": false, "score": 9.834766387939453e-06}}, "documentContextAttributes": {"used": {"value": false, "score": 0.013100266456604004}, "created": {"value": false, "score": 0.11828368902206421}, "shared": {"value": false, "score": 9.834766387939453e-06}}}, {"type": "software", "software-type": "software", "wikidataId": "Q20155677", "wikipediaExternalRef": 47013794, "lang": "en", "confidence": 0.9161, "software-name": {"rawForm": "WebAssembly", "normalizedForm": "WebAssembly", "wikidataId": "Q20155677", "wikipediaExternalRef": 47013794, "lang": "en", "confidence": 0.9161, "offsetStart": 65, "offsetEnd": 76}, "context": "Furthermore, as a large amount of our plugins are AudioWorklet / WebAssembly based, showing how the WAM standard could perform while automating a large amount of parameters without leaving the audio thread (with a host also written as an AudioWorklet) was something we wanted to experiment with.", "mentionContextAttributes": {"used": {"value": false, "score": 0.013100266456604004}, "created": {"value": false, "score": 0.11828368902206421}, "shared": {"value": false, "score": 9.834766387939453e-06}}, "documentContextAttributes": {"used": {"value": false, "score": 0.013100266456604004}, "created": {"value": false, "score": 0.11828368902206421}, "shared": {"value": false, "score": 2.205371856689453e-05}}}, {"type": "software", "software-type": "software", "software-name": {"rawForm": "WebAudio", "normalizedForm": "WebAudio", "offsetStart": 78, "offsetEnd": 86}, "context": "Several people tried to develop guitar effects and amplifier simulations with WebAudio. ", "mentionContextAttributes": {"used": {"value": false, "score": 0.005955755710601807}, "created": {"value": false, "score": 0.017644643783569336}, "shared": {"value": false, "score": 4.172325134277344e-07}}, "documentContextAttributes": {"used": {"value": false, "score": 0.005955755710601807}, "created": {"value": true, "score": 0.9500567317008972}, "shared": {"value": false, "score": 2.008676528930664e-05}}}, {"type": "software", "software-type": "software", "software-name": {"rawForm": "Angular", "normalizedForm": "Angular", "offsetStart": 79, "offsetEnd": 86}, "context": "JS-Rocks3 proposed in 2018 a set of guitar pedal effects and amplifiers (using Angular for the GUI). ", "mentionContextAttributes": {"used": {"value": false, "score": 6.955862045288086e-05}, "created": {"value": false, "score": 0.07476270198822021}, "shared": {"value": false, "score": 5.364418029785156e-07}}, "documentContextAttributes": {"used": {"value": false, "score": 6.955862045288086e-05}, "created": {"value": false, "score": 0.07476270198822021}, "shared": {"value": false, "score": 5.364418029785156e-07}}}, {"type": "software", "software-type": "software", "software-name": {"rawForm": "Web", "normalizedForm": "Web", "offsetStart": 85, "offsetEnd": 88}, "context": "Our proposed demonstration is a good test bench to assess the current limitations of Web Audio in terms of latency (driver, audio buffer size, sample rate frequency, etc.), audio effect sound quality, etc.", "mentionContextAttributes": {"used": {"value": false, "score": 0.00013399124145507812}, "created": {"value": true, "score": 0.9994651079177856}, "shared": {"value": false, "score": 5.364418029785156e-07}}, "documentContextAttributes": {"used": {"value": false, "score": 0.00013399124145507812}, "created": {"value": true, "score": 0.9994651079177856}, "shared": {"value": false, "score": 6.324052810668945e-05}}}, {"type": "software", "software-type": "software", "software-name": {"rawForm": "WebAudio", "normalizedForm": "WebAudio", "offsetStart": 90, "offsetEnd": 98}, "context": "In 2018 a pedalboard project used interoperable plugins [2] and has been presented at the WebAudio Conference in Berlin.", "mentionContextAttributes": {"used": {"value": false, "score": 0.0002740621566772461}, "created": {"value": false, "score": 0.01459956169128418}, "shared": {"value": false, "score": 1.6093254089355469e-06}}, "documentContextAttributes": {"used": {"value": false, "score": 0.005955755710601807}, "created": {"value": true, "score": 0.9500567317008972}, "shared": {"value": false, "score": 2.008676528930664e-05}}}, {"type": "software", "software-type": "software", "software-name": {"rawForm": "library", "normalizedForm": "library", "offsetStart": 125, "offsetEnd": 132}, "context": "Each plugin can be controlled using any MIDI control device (knobs, sliders, switches are all made with the webaudiocontrols library 7 that proposes a set of web components with midi learn features).", "mentionContextAttributes": {"used": {"value": false, "score": 0.06949615478515625}, "created": {"value": false, "score": 0.0003122091293334961}, "shared": {"value": false, "score": 3.2782554626464844e-06}}, "documentContextAttributes": {"used": {"value": false, "score": 0.06949615478515625}, "created": {"value": false, "score": 0.0003122091293334961}, "shared": {"value": false, "score": 3.2782554626464844e-06}}}, {"type": "software", "software-type": "software", "software-name": {"rawForm": "WebComponents", "normalizedForm": "WebComponents", "offsetStart": 151, "offsetEnd": 164}, "context": "In 2015 Jari Kleimola and Oliver Larkin created Web Audio Modules (WAM) [3], a standard for creating reusable and interoperable plugins implemented as WebComponents, the core of which was written in C/C++. ", "mentionContextAttributes": {"used": {"value": false, "score": 0.00010877847671508789}, "created": {"value": false, "score": 0.46791213750839233}, "shared": {"value": false, "score": 6.324052810668945e-05}}, "documentContextAttributes": {"used": {"value": false, "score": 0.00027185678482055664}, "created": {"value": false, "score": 0.46791213750839233}, "shared": {"value": false, "score": 6.324052810668945e-05}}}, {"type": "software", "software-type": "software", "software-name": {"rawForm": "WebAudio", "normalizedForm": "WebAudio", "offsetStart": 162, "offsetEnd": 170}, "context": "Other projects have been recently presented at different JavaScript developer conferences 4 , but most of them use \"rather\" simple effects coded using high level WebAudio nodes, and do support more complex approaches involving Web Assembly, Domain Specific Languages (DSL) or ports of VST/C++ cross compiled code, like our version does, that open the doors to sample accuracy audio processing. ", "mentionContextAttributes": {"used": {"value": false, "score": 0.00011450052261352539}, "created": {"value": true, "score": 0.9492906928062439}, "shared": {"value": false, "score": 2.008676528930664e-05}}, "documentContextAttributes": {"used": {"value": false, "score": 0.005955755710601807}, "created": {"value": true, "score": 0.9500567317008972}, "shared": {"value": false, "score": 2.008676528930664e-05}}}, {"type": "software", "software-type": "software", "wikidataId": "Q20155677", "wikipediaExternalRef": 47013794, "lang": "en", "confidence": 0.9161, "software-name": {"rawForm": "WebAssembly", "normalizedForm": "WebAssembly", "wikidataId": "Q20155677", "wikipediaExternalRef": 47013794, "lang": "en", "confidence": 0.9161, "offsetStart": 198, "offsetEnd": 209}, "context": "Since then, this standard has evolved in a new \"Web Audio Modules 2.0\" (WAM2) version [1], taking into account feedback from developers of the first version and the evolution of web Ssandards (with WebAssembly, WebComponents, WebMidi etc.). ", "mentionContextAttributes": {"used": {"value": false, "score": 0.00027185678482055664}, "created": {"value": false, "score": 0.004694938659667969}, "shared": {"value": false, "score": 2.205371856689453e-05}}, "documentContextAttributes": {"used": {"value": false, "score": 0.013100266456604004}, "created": {"value": false, "score": 0.11828368902206421}, "shared": {"value": false, "score": 2.205371856689453e-05}}}, {"type": "software", "software-type": "software", "software-name": {"rawForm": "WebComponents", "normalizedForm": "WebComponents", "offsetStart": 211, "offsetEnd": 224}, "context": "Since then, this standard has evolved in a new \"Web Audio Modules 2.0\" (WAM2) version [1], taking into account feedback from developers of the first version and the evolution of web Ssandards (with WebAssembly, WebComponents, WebMidi etc.). ", "mentionContextAttributes": {"used": {"value": false, "score": 0.00027185678482055664}, "created": {"value": false, "score": 0.004694938659667969}, "shared": {"value": false, "score": 2.205371856689453e-05}}, "documentContextAttributes": {"used": {"value": false, "score": 0.00027185678482055664}, "created": {"value": false, "score": 0.46791213750839233}, "shared": {"value": false, "score": 6.324052810668945e-05}}}, {"type": "software", "software-type": "software", "software-name": {"rawForm": "WebMidi", "normalizedForm": "WebMidi", "offsetStart": 226, "offsetEnd": 233}, "context": "Since then, this standard has evolved in a new \"Web Audio Modules 2.0\" (WAM2) version [1], taking into account feedback from developers of the first version and the evolution of web Ssandards (with WebAssembly, WebComponents, WebMidi etc.). ", "mentionContextAttributes": {"used": {"value": false, "score": 0.00027185678482055664}, "created": {"value": false, "score": 0.004694938659667969}, "shared": {"value": false, "score": 2.205371856689453e-05}}, "documentContextAttributes": {"used": {"value": false, "score": 0.00027185678482055664}, "created": {"value": false, "score": 0.004694938659667969}, "shared": {"value": false, "score": 2.205371856689453e-05}}}, {"type": "software", "software-type": "software", "software-name": {"rawForm": "Web Assembly", "normalizedForm": "Web Assembly", "offsetStart": 227, "offsetEnd": 239}, "context": "Other projects have been recently presented at different JavaScript developer conferences 4 , but most of them use \"rather\" simple effects coded using high level WebAudio nodes, and do support more complex approaches involving Web Assembly, Domain Specific Languages (DSL) or ports of VST/C++ cross compiled code, like our version does, that open the doors to sample accuracy audio processing. ", "mentionContextAttributes": {"used": {"value": false, "score": 0.00011444091796875}, "created": {"value": true, "score": 0.9492907524108887}, "shared": {"value": false, "score": 2.002716064453125e-05}}, "documentContextAttributes": {"used": {"value": false, "score": 0.00011444091796875}, "created": {"value": true, "score": 0.9492907524108887}, "shared": {"value": false, "score": 2.002716064453125e-05}}}, {"type": "software", "software-type": "software", "software-name": {"rawForm": "AudioWorklet", "normalizedForm": "AudioWorklet", "offsetStart": 238, "offsetEnd": 250}, "context": "Furthermore, as a large amount of our plugins are AudioWorklet / WebAssembly based, showing how the WAM standard could perform while automating a large amount of parameters without leaving the audio thread (with a host also written as an AudioWorklet) was something we wanted to experiment with.", "mentionContextAttributes": {"used": {"value": false, "score": 0.013100087642669678}, "created": {"value": false, "score": 0.11828356981277466}, "shared": {"value": false, "score": 9.775161743164062e-06}}, "documentContextAttributes": {"used": {"value": false, "score": 0.013100266456604004}, "created": {"value": false, "score": 0.11828368902206421}, "shared": {"value": false, "score": 9.834766387939453e-06}}}], "references": [], "runtime": 46351, "id": "b1c1506e7ca85cc29e11c55a2bdce3ef7471bb49", "metadata": {"id": "b1c1506e7ca85cc29e11c55a2bdce3ef7471bb49"}, "original_file_path": "../../datalake/Samuel/SOFTware-Sync/data/xml_files/hal-03812948.grobid.tei.xml", "file_name": "hal-03812948.grobid.tei.xml"}