{"application": "software-mentions", "version": "0.8.0", "date": "2024-04-12T15:54+0000", "md5": "C9ABCF1268EE59123A305DDE5B0D9310", "mentions": [{"type": "software", "software-type": "software", "software-name": {"rawForm": "Plugin", "normalizedForm": "Plugin", "offsetStart": 0, "offsetEnd": 6}, "context": "Plugin chains are handled using a special WAM plugin that acts also as a \"mini host\".", "mentionContextAttributes": {"used": {"value": false, "score": 0.3798075318336487}, "created": {"value": false, "score": 9.864568710327148e-05}, "shared": {"value": false, "score": 6.556510925292969e-07}}, "documentContextAttributes": {"used": {"value": false, "score": 0.3798075318336487}, "created": {"value": false, "score": 9.864568710327148e-05}, "shared": {"value": false, "score": 1.233816146850586e-05}}}, {"type": "software", "software-type": "software", "software-name": {"rawForm": "BandLab", "normalizedForm": "BandLab", "offsetStart": 0, "offsetEnd": 7}, "context": "BandLab is supposed to have a core written in C++, and relies also on Au-dioWorklet, with possibly a specific mobile version. ", "mentionContextAttributes": {"used": {"value": false, "score": 0.0005608797073364258}, "created": {"value": false, "score": 0.01443493366241455}, "shared": {"value": false, "score": 1.4901161193847656e-06}}, "documentContextAttributes": {"used": {"value": false, "score": 0.0005608797073364258}, "created": {"value": false, "score": 0.01443493366241455}, "shared": {"value": false, "score": 1.4901161193847656e-06}}}, {"type": "software", "software-type": "software", "software-name": {"rawForm": "Gridsound", "normalizedForm": "Gridsound", "offsetStart": 0, "offsetEnd": 9}, "context": "Gridsound is an open source DAW, that has been developed since 2015 2 . ", "mentionContextAttributes": {"used": {"value": false, "score": 0.00028073787689208984}, "created": {"value": false, "score": 0.04147076606750488}, "shared": {"value": false, "score": 0.0018724799156188965}}, "documentContextAttributes": {"used": {"value": false, "score": 0.00028073787689208984}, "created": {"value": false, "score": 0.04147076606750488}, "shared": {"value": false, "score": 0.0018724799156188965}}}, {"type": "software", "software-type": "software", "software-name": {"rawForm": "Soundtrap", "normalizedForm": "Soundtrap", "offsetStart": 0, "offsetEnd": 9}, "context": "Soundtrap authors explained that they rather use lookup tables with entries for the most common OS/soundcard pairs, calibrated by hand, and hard coded in the code [10].", "mentionContextAttributes": {"used": {"value": false, "score": 0.03496521711349487}, "created": {"value": false, "score": 1.2576580047607422e-05}, "shared": {"value": false, "score": 1.7881393432617188e-07}}, "documentContextAttributes": {"used": {"value": false, "score": 0.12959825992584229}, "created": {"value": false, "score": 0.00034677982330322266}, "shared": {"value": false, "score": 0.00803995132446289}}}, {"type": "software", "software-type": "software", "software-name": {"rawForm": "WAM Studio", "normalizedForm": "WAM Studio", "offsetStart": 0, "offsetEnd": 10}, "context": "WAM Studio was developed as an open-source technology demonstrator with the aim of showcasing the potential of the web platform, made possible by these APIs. ", "mentionContextAttributes": {"used": {"value": false, "score": 0.00044029951095581055}, "created": {"value": true, "score": 0.5163049101829529}, "shared": {"value": false, "score": 0.005479872226715088}}, "documentContextAttributes": {"used": {"value": false, "score": 0.00044029951095581055}, "created": {"value": true, "score": 0.9988308548927307}, "shared": {"value": false, "score": 0.005479872226715088}}}, {"type": "software", "software-type": "software", "software-name": {"rawForm": "Audiotools", "normalizedForm": "Audiotools", "offsetStart": 0, "offsetEnd": 10}, "context": "Audiotools runs also in AudioWorklet node(s) with a flash port of the audio engine, effects, instruments... Recently, a new DAW named Arpeggi.io ", "mentionContextAttributes": {"used": {"value": false, "score": 0.00010472536087036133}, "created": {"value": false, "score": 0.00043827295303344727}, "shared": {"value": false, "score": 1.7285346984863281e-06}}, "documentContextAttributes": {"used": {"value": false, "score": 0.0003775954246520996}, "created": {"value": false, "score": 0.0006638169288635254}, "shared": {"value": false, "score": 0.00803995132446289}}}, {"type": "software", "software-type": "software", "software-name": {"rawForm": "Wam-Studio", "normalizedForm": "Wam-Studio", "offsetStart": 0, "offsetEnd": 10}, "context": "Wam-Studio is an online tool for creating audio projects that you can imagine as multi-track music. ", "mentionContextAttributes": {"used": {"value": false, "score": 9.101629257202148e-05}, "created": {"value": false, "score": 0.18670785427093506}, "shared": {"value": false, "score": 5.9664249420166016e-05}}, "documentContextAttributes": {"used": {"value": false, "score": 9.101629257202148e-05}, "created": {"value": true, "score": 0.9998266696929932}, "shared": {"value": false, "score": 5.9664249420166016e-05}}}, {"type": "software", "software-type": "software", "software-name": {"rawForm": "WAM-Studio", "normalizedForm": "WAM-Studio", "offsetStart": 0, "offsetEnd": 10}, "context": "WAM-Studio is a WAM host application, and its tracks are implemented as sub-classes of WamProcessor. ", "mentionContextAttributes": {"used": {"value": false, "score": 0.0014241933822631836}, "created": {"value": false, "score": 0.026873886585235596}, "shared": {"value": false, "score": 8.940696716308594e-07}}, "documentContextAttributes": {"used": {"value": false, "score": 0.0014241933822631836}, "created": {"value": false, "score": 0.43756115436553955}, "shared": {"value": false, "score": 0.00017905235290527344}}}, {"type": "software", "software-type": "software", "software-name": {"rawForm": "Audiotools", "normalizedForm": "Audiotools", "offsetStart": 0, "offsetEnd": 10}, "context": "Audiotools is more a \"virtual studio\" than a pure DAW and finds its market mainly in the education domain.", "mentionContextAttributes": {"used": {"value": false, "score": 0.00013756752014160156}, "created": {"value": false, "score": 0.0006638169288635254}, "shared": {"value": false, "score": 6.735324859619141e-06}}, "documentContextAttributes": {"used": {"value": false, "score": 0.0003775954246520996}, "created": {"value": false, "score": 0.0006638169288635254}, "shared": {"value": false, "score": 0.00803995132446289}}}, {"type": "software", "software-type": "software", "software-name": {"rawForm": "Au-dioWorklets", "normalizedForm": "Au-dioWorklets", "offsetStart": 0, "offsetEnd": 14}, "context": "Au-dioWorklets/Web Assembly). ", "mentionContextAttributes": {"used": {"value": false, "score": 0.00109177827835083}, "created": {"value": false, "score": 0.00012153387069702148}, "shared": {"value": false, "score": 2.3663043975830078e-05}}, "documentContextAttributes": {"used": {"value": false, "score": 0.00109177827835083}, "created": {"value": false, "score": 0.00012153387069702148}, "shared": {"value": false, "score": 2.3663043975830078e-05}}}, {"type": "software", "software-type": "software", "software-name": {"rawForm": "WAM-Studio", "normalizedForm": "WAM-Studio", "offsetStart": 3, "offsetEnd": 13}, "context": "In WAM-Studio, latency compensation is a work in progress: for the moment we do it manually by entering a value measured by an external utility software 7 we developed, that uses the calibration process we just described (emit a sound, record, compare input and output).", "mentionContextAttributes": {"used": {"value": false, "score": 0.00026237964630126953}, "created": {"value": false, "score": 0.43756115436553955}, "shared": {"value": false, "score": 2.980232238769531e-07}}, "documentContextAttributes": {"used": {"value": false, "score": 0.0014241933822631836}, "created": {"value": false, "score": 0.43756115436553955}, "shared": {"value": false, "score": 0.00017905235290527344}}}, {"type": "software", "software-type": "software", "software-name": {"rawForm": "AmpedStudio", "normalizedForm": "AmpedStudio", "offsetStart": 4, "offsetEnd": 15}, "context": "The AmpedStudio DAW proposes a similar approach for calibration in its setting menu.", "mentionContextAttributes": {"used": {"value": false, "score": 4.404783248901367e-05}, "created": {"value": false, "score": 0.011385321617126465}, "shared": {"value": false, "score": 1.7881393432617188e-07}}, "documentContextAttributes": {"used": {"value": false, "score": 0.12959825992584229}, "created": {"value": false, "score": 0.011385321617126465}, "shared": {"value": false, "score": 0.06244051456451416}}}, {"type": "software", "software-type": "software", "software-name": {"rawForm": "WebAudio API", "normalizedForm": "WebAudio API", "offsetStart": 4, "offsetEnd": 16}, "context": "The WebAudio API exposes two properties of the AudioContext that could have been useful.", "mentionContextAttributes": {"used": {"value": false, "score": 0.02759629487991333}, "created": {"value": false, "score": 0.00048595666885375977}, "shared": {"value": false, "score": 6.556510925292969e-07}}, "documentContextAttributes": {"used": {"value": false, "score": 0.46143341064453125}, "created": {"value": false, "score": 0.02708667516708374}, "shared": {"value": false, "score": 0.00803995132446289}}}, {"type": "software", "software-type": "software", "software-name": {"rawForm": "Web Audio API", "normalizedForm": "Web Audio API", "offsetStart": 4, "offsetEnd": 17}, "context": "The Web Audio API is no exception and also uses this pattern: a render thread called the \"audio thread\" is solely responsible for rendering the audio graph and delivering the samples to the operating system so they can be played by the hardware. ", "mentionContextAttributes": {"used": {"value": false, "score": 0.005714476108551025}, "created": {"value": false, "score": 0.00034809112548828125}, "shared": {"value": false, "score": 1.8775463104248047e-05}}, "documentContextAttributes": {"used": {"value": true, "score": 0.994666576385498}, "created": {"value": true, "score": 0.7711390256881714}, "shared": {"value": false, "score": 0.0013958215713500977}}}, {"type": "software", "software-type": "software", "software-name": {"rawForm": "Web Audio API", "normalizedForm": "Web Audio API", "offsetStart": 4, "offsetEnd": 17}, "context": "The Web Audio API provides the AudioBufferSourceNode that is a container for an audio buffer. ", "mentionContextAttributes": {"used": {"value": false, "score": 0.00041157007217407227}, "created": {"value": false, "score": 0.00028336048126220703}, "shared": {"value": false, "score": 0.0013958215713500977}}, "documentContextAttributes": {"used": {"value": true, "score": 0.994666576385498}, "created": {"value": true, "score": 0.7711390256881714}, "shared": {"value": false, "score": 0.0013958215713500977}}}, {"type": "software", "software-type": "software", "software-name": {"rawForm": "Web Audio Modules API", "normalizedForm": "Web Audio Modules API", "offsetStart": 4, "offsetEnd": 25}, "context": "The Web Audio Modules API allows for sending events to the DAW when changes occur in the plugin configuration (addition or removal) and the menu provided in the DAW for selecting automatable parameters is automatically updated. ", "mentionContextAttributes": {"used": {"value": false, "score": 0.0007050037384033203}, "created": {"value": false, "score": 0.0004177689552307129}, "shared": {"value": false, "score": 8.404254913330078e-06}}, "documentContextAttributes": {"used": {"value": false, "score": 0.0007050037384033203}, "created": {"value": false, "score": 0.0004177689552307129}, "shared": {"value": false, "score": 8.404254913330078e-06}}}, {"type": "software", "software-type": "software", "software-name": {"rawForm": "AmpedStudio", "normalizedForm": "AmpedStudio", "offsetStart": 8, "offsetEnd": 19}, "context": "So far, AmpedStudio is the only DAW that supports an open plugin standard: Web Audio Modules. Figure 1 illustrates the similarities and differences between these commercial online DAWs.", "mentionContextAttributes": {"used": {"value": false, "score": 0.00048238039016723633}, "created": {"value": false, "score": 7.12275505065918e-05}, "shared": {"value": false, "score": 3.522634506225586e-05}}, "documentContextAttributes": {"used": {"value": false, "score": 0.12959825992584229}, "created": {"value": false, "score": 0.011385321617126465}, "shared": {"value": false, "score": 0.06244051456451416}}}, {"type": "software", "software-type": "software", "software-name": {"rawForm": "WebAudio API", "normalizedForm": "WebAudio API", "offsetStart": 9, "offsetEnd": 21}, "context": "With the WebAudio API, AudioWorklets are comprised of two components, reflecting the multi-threaded nature of the environment: the AudioWorkletNode and the AudioWorkletProcessor. ", "mentionContextAttributes": {"used": {"value": false, "score": 0.030530154705047607}, "created": {"value": false, "score": 0.0011130571365356445}, "shared": {"value": false, "score": 4.351139068603516e-06}}, "documentContextAttributes": {"used": {"value": false, "score": 0.46143341064453125}, "created": {"value": false, "score": 0.02708667516708374}, "shared": {"value": false, "score": 0.00803995132446289}}}, {"type": "software", "software-type": "software", "software-name": {"rawForm": "WAM-Studio", "normalizedForm": "WAM-Studio", "offsetStart": 13, "offsetEnd": 23}, "context": "As of today, WAM-Studio is an open source example of a DAW using advanced features such as external plugin support, high performance DAW/plugins communications, audio track playing, recording and editing. ", "mentionContextAttributes": {"used": {"value": false, "score": 3.74913215637207e-05}, "created": {"value": false, "score": 0.006535887718200684}, "shared": {"value": false, "score": 0.00017905235290527344}}, "documentContextAttributes": {"used": {"value": false, "score": 0.0014241933822631836}, "created": {"value": false, "score": 0.43756115436553955}, "shared": {"value": false, "score": 0.00017905235290527344}}}, {"type": "software", "software-type": "software", "wikidataId": "Q20155677", "wikipediaExternalRef": 47013794, "lang": "en", "confidence": 0.3079, "software-name": {"rawForm": "Web Assembly", "normalizedForm": "Web Assembly", "wikidataId": "Q20155677", "wikipediaExternalRef": 47013794, "lang": "en", "confidence": 0.3079, "offsetStart": 15, "offsetEnd": 27}, "context": "Au-dioWorklets/Web Assembly). ", "mentionContextAttributes": {"used": {"value": false, "score": 0.00109177827835083}, "created": {"value": false, "score": 0.00012153387069702148}, "shared": {"value": false, "score": 2.3663043975830078e-05}}, "documentContextAttributes": {"used": {"value": false, "score": 0.1890663504600525}, "created": {"value": true, "score": 0.9988308548927307}, "shared": {"value": false, "score": 0.003042280673980713}}}, {"type": "software", "software-type": "software", "software-name": {"rawForm": "W3C", "normalizedForm": "W3C", "offsetStart": 16, "offsetEnd": 19}, "context": "Since 2018, the W3C Web Audio API has been a \"candidate recommendation\" (a frozen standard). ", "mentionContextAttributes": {"used": {"value": false, "score": 0.00030028820037841797}, "created": {"value": false, "score": 0.007743120193481445}, "shared": {"value": false, "score": 1.1265277862548828e-05}}, "documentContextAttributes": {"used": {"value": false, "score": 0.00030028820037841797}, "created": {"value": false, "score": 0.007743120193481445}, "shared": {"value": false, "score": 1.1265277862548828e-05}}}, {"type": "software", "software-type": "software", "software-name": {"rawForm": "WebAudio API", "normalizedForm": "WebAudio API", "offsetStart": 16, "offsetEnd": 28}, "context": "At the time the WebAudio API has been designed, AudioWorklets did not exist and some use cases could not be taken into account. ", "mentionContextAttributes": {"used": {"value": false, "score": 0.46143341064453125}, "created": {"value": false, "score": 0.02708667516708374}, "shared": {"value": false, "score": 7.68899917602539e-06}}, "documentContextAttributes": {"used": {"value": false, "score": 0.46143341064453125}, "created": {"value": false, "score": 0.02708667516708374}, "shared": {"value": false, "score": 0.00803995132446289}}}, {"type": "software", "software-type": "software", "software-name": {"rawForm": "Web Audio API", "normalizedForm": "Web Audio API", "offsetStart": 17, "offsetEnd": 30}, "context": "The nodes in the Web Audio API can be assembled into an \"audio graph,\" which developers can use to create more complex audio effects or instruments. ", "mentionContextAttributes": {"used": {"value": false, "score": 0.0011121034622192383}, "created": {"value": false, "score": 0.003402113914489746}, "shared": {"value": false, "score": 4.589557647705078e-06}}, "documentContextAttributes": {"used": {"value": true, "score": 0.994666576385498}, "created": {"value": true, "score": 0.7711390256881714}, "shared": {"value": false, "score": 0.0013958215713500977}}}, {"type": "software", "software-type": "software", "software-name": {"rawForm": "Web Audio Modules", "normalizedForm": "Web Audio Modules", "offsetStart": 17, "offsetEnd": 34}, "version": {"rawForm": "2.0", "normalizedForm": "2.0"}, "context": "It also uses the Web Audio Modules proposal that has been designed to facilitate the development of inter-operable audio plugins (effects, virtual instruments, virtual piano keyboards as controllers etc.) and host applications. ", "mentionContextAttributes": {"used": {"value": false, "score": 0.0008131861686706543}, "created": {"value": false, "score": 0.4331839084625244}, "shared": {"value": false, "score": 3.36766242980957e-05}}, "documentContextAttributes": {"used": {"value": false, "score": 0.08719867467880249}, "created": {"value": true, "score": 0.6950874328613281}, "shared": {"value": false, "score": 0.11864346265792847}}}, {"type": "software", "software-type": "software", "software-name": {"rawForm": "Web Audio API", "normalizedForm": "Web Audio API", "offsetStart": 19, "offsetEnd": 32}, "context": "Then, we can use a Web Audio API MediaStreamSourceNode in the audio graph, passing the MediaStream to its constructor.", "mentionContextAttributes": {"used": {"value": true, "score": 0.993618905544281}, "created": {"value": false, "score": 0.0002048015594482422}, "shared": {"value": false, "score": 6.872415542602539e-05}}, "documentContextAttributes": {"used": {"value": true, "score": 0.994666576385498}, "created": {"value": true, "score": 0.7711390256881714}, "shared": {"value": false, "score": 0.0013958215713500977}}}, {"type": "software", "software-type": "software", "software-name": {"rawForm": "WAM Studio", "normalizedForm": "WAM Studio", "offsetStart": 20, "offsetEnd": 30}, "context": "This paper presents WAM Studio, an open source, online Digital Audio Workstation (DAW) that takes advantages of several W3C Web APIs, such as Web Audio, Web Assembly, Web Components, Web Midi, Media Devices etc. ", "mentionContextAttributes": {"used": {"value": false, "score": 7.253885269165039e-05}, "created": {"value": true, "score": 0.9988308548927307}, "shared": {"value": false, "score": 0.003042280673980713}}, "documentContextAttributes": {"used": {"value": false, "score": 0.00044029951095581055}, "created": {"value": true, "score": 0.9988308548927307}, "shared": {"value": false, "score": 0.005479872226715088}}}, {"type": "software", "software-type": "software", "software-name": {"rawForm": "WamProcessor", "normalizedForm": "WamProcessor", "offsetStart": 21, "offsetEnd": 33}, "context": "If a plugin is not a WamProcessor, then the DAW code that \"talks\" with it remains unchanged and the underlying implementation will be suboptimal and will involve crossing the thread barrier. ", "mentionContextAttributes": {"used": {"value": false, "score": 0.0006809830665588379}, "created": {"value": false, "score": 0.00013113021850585938}, "shared": {"value": false, "score": 7.748603820800781e-07}}, "documentContextAttributes": {"used": {"value": false, "score": 0.08719867467880249}, "created": {"value": true, "score": 0.9599563479423523}, "shared": {"value": false, "score": 1.233816146850586e-05}}}, {"type": "software", "software-type": "software", "software-name": {"rawForm": "AudioWorklets", "normalizedForm": "AudioWorklets", "offsetStart": 23, "offsetEnd": 36}, "context": "With the WebAudio API, AudioWorklets are comprised of two components, reflecting the multi-threaded nature of the environment: the AudioWorkletNode and the AudioWorkletProcessor. ", "mentionContextAttributes": {"used": {"value": false, "score": 0.030530154705047607}, "created": {"value": false, "score": 0.0011130571365356445}, "shared": {"value": false, "score": 4.351139068603516e-06}}, "documentContextAttributes": {"used": {"value": false, "score": 0.46143341064453125}, "created": {"value": false, "score": 0.02708667516708374}, "shared": {"value": false, "score": 7.68899917602539e-06}}}, {"type": "software", "software-type": "software", "software-name": {"rawForm": "Audio API", "normalizedForm": "Audio API", "offsetStart": 24, "offsetEnd": 33}, "context": "Since 2018, the W3C Web Audio API has been a \"candidate recommendation\" (a frozen standard). ", "mentionContextAttributes": {"used": {"value": false, "score": 0.00030028820037841797}, "created": {"value": false, "score": 0.007743120193481445}, "shared": {"value": false, "score": 1.1265277862548828e-05}}, "documentContextAttributes": {"used": {"value": false, "score": 0.00030028820037841797}, "created": {"value": false, "score": 0.007743120193481445}, "shared": {"value": false, "score": 1.1265277862548828e-05}}}, {"type": "software", "software-type": "software", "software-name": {"rawForm": "AudioWorklet", "normalizedForm": "AudioWorklet", "offsetStart": 24, "offsetEnd": 36}, "context": "Audiotools runs also in AudioWorklet node(s) with a flash port of the audio engine, effects, instruments... Recently, a new DAW named Arpeggi.io ", "mentionContextAttributes": {"used": {"value": false, "score": 0.00010472536087036133}, "created": {"value": false, "score": 0.00043827295303344727}, "shared": {"value": false, "score": 1.7285346984863281e-06}}, "documentContextAttributes": {"used": {"value": false, "score": 0.2584177255630493}, "created": {"value": true, "score": 0.6950874328613281}, "shared": {"value": false, "score": 4.827976226806641e-06}}}, {"type": "software", "software-type": "software", "software-name": {"rawForm": "getState", "normalizedForm": "getState", "offsetStart": 26, "offsetEnd": 34}, "context": "All WAM plugins implement getState/setState methods to serialize/deserialize their state. ", "mentionContextAttributes": {"used": {"value": false, "score": 0.0009621977806091309}, "created": {"value": false, "score": 0.0004392266273498535}, "shared": {"value": false, "score": 4.172325134277344e-07}}, "documentContextAttributes": {"used": {"value": false, "score": 0.0009621977806091309}, "created": {"value": false, "score": 0.0004392266273498535}, "shared": {"value": false, "score": 4.172325134277344e-07}}}, {"type": "software", "software-type": "software", "software-name": {"rawForm": "Web Audio API", "normalizedForm": "Web Audio API", "offsetStart": 26, "offsetEnd": 39}, "context": "These are cases where the Web Audio API nodes are too low-level, hence the need for a higher-level unit to represent the equivalent of a native audio plugin [1]. ", "mentionContextAttributes": {"used": {"value": false, "score": 0.0012643933296203613}, "created": {"value": false, "score": 3.141164779663086e-05}, "shared": {"value": false, "score": 4.172325134277344e-07}}, "documentContextAttributes": {"used": {"value": true, "score": 0.994666576385498}, "created": {"value": true, "score": 0.7711390256881714}, "shared": {"value": false, "score": 0.0013958215713500977}}}, {"type": "software", "software-type": "software", "software-name": {"rawForm": "Web Audio Modules", "normalizedForm": "Web Audio Modules", "offsetStart": 28, "offsetEnd": 45}, "version": {"rawForm": "2.0", "normalizedForm": "2.0", "offsetStart": 13, "offsetEnd": 16}, "context": "Finally, the 2.0 version of Web Audio Modules has been released in 2021. ", "mentionContextAttributes": {"used": {"value": false, "score": 0.00014138221740722656}, "created": {"value": false, "score": 0.03138077259063721}, "shared": {"value": false, "score": 0.009471774101257324}}, "documentContextAttributes": {"used": {"value": false, "score": 0.08719867467880249}, "created": {"value": true, "score": 0.6950874328613281}, "shared": {"value": false, "score": 0.11864346265792847}}}, {"type": "software", "software-type": "software", "software-name": {"rawForm": "AudioBufferSourceNode", "normalizedForm": "AudioBufferSourceNode", "offsetStart": 31, "offsetEnd": 52}, "context": "The Web Audio API provides the AudioBufferSourceNode that is a container for an audio buffer. ", "mentionContextAttributes": {"used": {"value": false, "score": 0.00041157007217407227}, "created": {"value": false, "score": 0.00028336048126220703}, "shared": {"value": false, "score": 0.0013958215713500977}}, "documentContextAttributes": {"used": {"value": false, "score": 0.0006957054138183594}, "created": {"value": true, "score": 0.9987408518791199}, "shared": {"value": false, "score": 0.0013958215713500977}}}, {"type": "software", "software-type": "software", "software-name": {"rawForm": "WamProcessor", "normalizedForm": "WamProcessor", "offsetStart": 33, "offsetEnd": 45}, "context": "In other words : if a track is a WamProcessor and if plugins are also WamProcessors, their DSP code runs in the audio thread and highly optimized communication can be achieved: Shared Array Buffers can be used for DAW/Plugin communication.", "mentionContextAttributes": {"used": {"value": false, "score": 0.0011097192764282227}, "created": {"value": false, "score": 5.185604095458984e-06}, "shared": {"value": false, "score": 1.233816146850586e-05}}, "documentContextAttributes": {"used": {"value": false, "score": 0.08719867467880249}, "created": {"value": true, "score": 0.9599563479423523}, "shared": {"value": false, "score": 1.233816146850586e-05}}}, {"type": "software", "software-type": "software", "software-name": {"rawForm": "webgl", "normalizedForm": "webgl", "offsetStart": 34, "offsetEnd": 39}, "context": "This library uses gpu accelerated webgl rendering, and provides many features for handling multiple layers over a single HTML5 canvas. ", "mentionContextAttributes": {"used": {"value": false, "score": 0.00045865774154663086}, "created": {"value": false, "score": 0.00021910667419433594}, "shared": {"value": false, "score": 3.2782554626464844e-06}}, "documentContextAttributes": {"used": {"value": false, "score": 0.00045865774154663086}, "created": {"value": false, "score": 0.00021910667419433594}, "shared": {"value": false, "score": 3.2782554626464844e-06}}}, {"type": "software", "software-type": "software", "software-name": {"rawForm": "AudioWorklet", "normalizedForm": "AudioWorklet", "offsetStart": 34, "offsetEnd": 46}, "context": "The recent addition (2018) of the AudioWorklet node provided a solution for implementing custom low-level audio processing running in the audio thread [6].", "mentionContextAttributes": {"used": {"value": false, "score": 0.0001220703125}, "created": {"value": false, "score": 0.01440727710723877}, "shared": {"value": false, "score": 5.364418029785156e-07}}, "documentContextAttributes": {"used": {"value": false, "score": 0.2584177255630493}, "created": {"value": true, "score": 0.6950874328613281}, "shared": {"value": false, "score": 4.827976226806641e-06}}}, {"type": "software", "software-type": "software", "software-name": {"rawForm": "AudioWorklet", "normalizedForm": "AudioWorklet", "offsetStart": 34, "offsetEnd": 46}, "context": "Indeed, if the DAW is built using AudioWorklet nodes for processing audio, then some parts of the code run in the high priority / audio thread. ", "mentionContextAttributes": {"used": {"value": false, "score": 0.2584177255630493}, "created": {"value": false, "score": 0.00013184547424316406}, "shared": {"value": false, "score": 4.172325134277344e-07}}, "documentContextAttributes": {"used": {"value": false, "score": 0.2584177255630493}, "created": {"value": true, "score": 0.6950874328613281}, "shared": {"value": false, "score": 4.827976226806641e-06}}}, {"type": "software", "software-type": "software", "software-name": {"rawForm": "WebAudio API", "normalizedForm": "WebAudio API", "offsetStart": 35, "offsetEnd": 47}, "context": "The first online DAWs based on the WebAudio API appeared in 2015-2018 and are still available today: Audiotools [9], Bandlab, Amped-Studio, Soundtrap [10], Soundation. ", "mentionContextAttributes": {"used": {"value": false, "score": 0.0003775954246520996}, "created": {"value": false, "score": 0.00034677982330322266}, "shared": {"value": false, "score": 0.00803995132446289}}, "documentContextAttributes": {"used": {"value": false, "score": 0.46143341064453125}, "created": {"value": false, "score": 0.02708667516708374}, "shared": {"value": false, "score": 0.00803995132446289}}}, {"type": "software", "software-type": "software", "software-name": {"rawForm": "WebAudio API", "normalizedForm": "WebAudio API", "offsetStart": 39, "offsetEnd": 51}, "context": "one of the first online DAWs using the WebAudio API. ", "mentionContextAttributes": {"used": {"value": false, "score": 0.008921504020690918}, "created": {"value": false, "score": 0.002313971519470215}, "shared": {"value": false, "score": 0.003218531608581543}}, "documentContextAttributes": {"used": {"value": false, "score": 0.46143341064453125}, "created": {"value": false, "score": 0.02708667516708374}, "shared": {"value": false, "score": 0.00803995132446289}}}, {"type": "software", "software-type": "software", "software-name": {"rawForm": "Web Audio API", "normalizedForm": "Web Audio API", "offsetStart": 39, "offsetEnd": 52}, "context": "The first DAWs that used HTML5 and the Web Audio API for audio processing did not emerge until the period between 2015 and 2016. ", "mentionContextAttributes": {"used": {"value": false, "score": 0.05635881423950195}, "created": {"value": false, "score": 7.814168930053711e-05}, "shared": {"value": false, "score": 2.682209014892578e-06}}, "documentContextAttributes": {"used": {"value": true, "score": 0.994666576385498}, "created": {"value": true, "score": 0.7711390256881714}, "shared": {"value": false, "score": 0.0013958215713500977}}}, {"type": "software", "software-type": "software", "software-name": {"rawForm": "WamNode", "normalizedForm": "WamNode", "offsetStart": 40, "offsetEnd": 47}, "context": "The WAM framework extends them into the WamNode and the WamProcessor classes, which serve as the main thread and audio thread of WAM powered software, respectively. ", "mentionContextAttributes": {"used": {"value": false, "score": 0.002245664596557617}, "created": {"value": false, "score": 0.0005644559860229492}, "shared": {"value": false, "score": 7.748603820800781e-07}}, "documentContextAttributes": {"used": {"value": false, "score": 0.002245664596557617}, "created": {"value": false, "score": 0.0005644559860229492}, "shared": {"value": false, "score": 1.7285346984863281e-06}}}, {"type": "software", "software-type": "software", "software-name": {"rawForm": "AudioWorklet", "normalizedForm": "AudioWorklet", "offsetStart": 40, "offsetEnd": 52}, "context": "We designed each audio track core as an AudioWorklet processor, more precisely, as an instance of a subclass of the WamProcessor class provided by the Web Audio Modules SDK, that inherits from the AudioWorkletProcessor class.", "mentionContextAttributes": {"used": {"value": false, "score": 0.08719867467880249}, "created": {"value": true, "score": 0.6950874328613281}, "shared": {"value": false, "score": 5.364418029785156e-07}}, "documentContextAttributes": {"used": {"value": false, "score": 0.2584177255630493}, "created": {"value": true, "score": 0.6950874328613281}, "shared": {"value": false, "score": 4.827976226806641e-06}}}, {"type": "software", "software-type": "software", "software-name": {"rawForm": "Wam-Studio", "normalizedForm": "Wam-Studio", "offsetStart": 41, "offsetEnd": 51}, "context": "This is the main reason why we developed Wam-Studio: as a demonstrator of these techniques.", "mentionContextAttributes": {"used": {"value": false, "score": 5.716085433959961e-05}, "created": {"value": true, "score": 0.9998266696929932}, "shared": {"value": false, "score": 2.980232238769531e-07}}, "documentContextAttributes": {"used": {"value": false, "score": 9.101629257202148e-05}, "created": {"value": true, "score": 0.9998266696929932}, "shared": {"value": false, "score": 5.9664249420166016e-05}}}, {"type": "software", "software-type": "software", "software-name": {"rawForm": "AudioWorklets", "normalizedForm": "AudioWorklets", "offsetStart": 42, "offsetEnd": 55}, "context": "None of these open source initiatives use AudioWorklets and low-level processing, nor take care about optimizing DAW/plugin communication, preserving audio thread isolation, nor use external plugins. ", "mentionContextAttributes": {"used": {"value": false, "score": 0.00010067224502563477}, "created": {"value": false, "score": 0.0005028843879699707}, "shared": {"value": false, "score": 7.092952728271484e-06}}, "documentContextAttributes": {"used": {"value": false, "score": 0.46143341064453125}, "created": {"value": false, "score": 0.02708667516708374}, "shared": {"value": false, "score": 7.68899917602539e-06}}}, {"type": "software", "software-type": "software", "software-name": {"rawForm": "OfflineAudioContext", "normalizedForm": "OfflineAudioContext", "offsetStart": 45, "offsetEnd": 64}, "context": "In contrast with a standard AudioContext, an OfflineAudioContext doesn't render the audio to the device hardware; instead, it generates it, as fast as it can, and outputs the result to an AudioBuffer", "mentionContextAttributes": {"used": {"value": false, "score": 0.0001232624053955078}, "created": {"value": false, "score": 9.185075759887695e-05}, "shared": {"value": false, "score": 4.470348358154297e-06}}, "documentContextAttributes": {"used": {"value": false, "score": 0.00041371583938598633}, "created": {"value": false, "score": 9.185075759887695e-05}, "shared": {"value": false, "score": 0.0003294944763183594}}}, {"type": "software", "software-type": "software", "software-name": {"rawForm": "AudioWorklets", "normalizedForm": "AudioWorklets", "offsetStart": 48, "offsetEnd": 61}, "context": "At the time the WebAudio API has been designed, AudioWorklets did not exist and some use cases could not be taken into account. ", "mentionContextAttributes": {"used": {"value": false, "score": 0.46143341064453125}, "created": {"value": false, "score": 0.02708667516708374}, "shared": {"value": false, "score": 7.68899917602539e-06}}, "documentContextAttributes": {"used": {"value": false, "score": 0.46143341064453125}, "created": {"value": false, "score": 0.02708667516708374}, "shared": {"value": false, "score": 7.68899917602539e-06}}}, {"type": "software", "software-type": "software", "software-name": {"rawForm": "Web Audio API", "normalizedForm": "Web Audio API", "offsetStart": 49, "offsetEnd": 62}, "context": "This is how we expose a live audio stream to the Web Audio API.", "mentionContextAttributes": {"used": {"value": false, "score": 0.008266448974609375}, "created": {"value": true, "score": 0.7711390256881714}, "shared": {"value": false, "score": 0.001156628131866455}}, "documentContextAttributes": {"used": {"value": true, "score": 0.994666576385498}, "created": {"value": true, "score": 0.7711390256881714}, "shared": {"value": false, "score": 0.0013958215713500977}}}, {"type": "software", "software-type": "software", "software-name": {"rawForm": "AmpedStudio", "normalizedForm": "AmpedStudio", "offsetStart": 50, "offsetEnd": 61}, "context": "It is obvious that some support external plugins: AmpedStudio supports the WAM standard -developers from the company contributed to the proposal-and the web site has a shop for \"enabling\" premium plugins. ", "mentionContextAttributes": {"used": {"value": false, "score": 0.0002067089080810547}, "created": {"value": false, "score": 0.0013058185577392578}, "shared": {"value": false, "score": 0.04396712779998779}}, "documentContextAttributes": {"used": {"value": false, "score": 0.12959825992584229}, "created": {"value": false, "score": 0.011385321617126465}, "shared": {"value": false, "score": 0.06244051456451416}}}, {"type": "software", "software-type": "software", "software-name": {"rawForm": "Google Docs", "normalizedForm": "Google Docs", "offsetStart": 51, "offsetEnd": 62}, "context": "The mode of collaboration varies (synchronous like Google Docs or asynchronous through sharing links), as well as the communication tools provided (chat, video conferencing), but all these DAWs have the classic features: audio and MIDI recording, track editing, mixing, support for effects and virtual instruments, etc. ", "mentionContextAttributes": {"used": {"value": false, "score": 0.0003154277801513672}, "created": {"value": false, "score": 0.0003317594528198242}, "shared": {"value": false, "score": 7.450580596923828e-06}}, "documentContextAttributes": {"used": {"value": false, "score": 0.0003154277801513672}, "created": {"value": false, "score": 0.0003317594528198242}, "shared": {"value": false, "score": 7.450580596923828e-06}}}, {"type": "software", "software-type": "software", "software-name": {"rawForm": "Web Audio API", "normalizedForm": "Web Audio API", "offsetStart": 52, "offsetEnd": 65}, "context": "As a demonstrator, it shows the capabilities of the Web Audio API, and how the Web Audio Modules framework can be used to ease the development of complex web based audio applications with support for external plugins.", "mentionContextAttributes": {"used": {"value": false, "score": 0.00019025802612304688}, "created": {"value": false, "score": 0.2046811580657959}, "shared": {"value": false, "score": 0.00036275386810302734}}, "documentContextAttributes": {"used": {"value": true, "score": 0.994666576385498}, "created": {"value": true, "score": 0.7711390256881714}, "shared": {"value": false, "score": 0.0013958215713500977}}}, {"type": "software", "software-type": "software", "software-name": {"rawForm": "Web Audio Modules", "normalizedForm": "Web Audio Modules", "offsetStart": 53, "offsetEnd": 70}, "version": {"rawForm": "2.0", "normalizedForm": "2.0"}, "context": "Nevertheless, an inter-operable plugin format called Web Audio Modules (WAM), currently undergoing active development exists and is backed by at least one commercially available online DAW.", "mentionContextAttributes": {"used": {"value": false, "score": 6.347894668579102e-05}, "created": {"value": false, "score": 0.010645389556884766}, "shared": {"value": false, "score": 0.11864346265792847}}, "documentContextAttributes": {"used": {"value": false, "score": 0.08719867467880249}, "created": {"value": true, "score": 0.6950874328613281}, "shared": {"value": false, "score": 0.11864346265792847}}}, {"type": "software", "software-type": "software", "software-name": {"rawForm": "Web Audio Modules", "normalizedForm": "Web Audio Modules", "offsetStart": 55, "offsetEnd": 72}, "version": {"rawForm": "2.0", "normalizedForm": "2.0"}, "context": "In 2015, Jari Kleimola and Olivier Larkin proposed the Web Audio Modules (WAM) [8], a standard for Web Audio plugins and DAWs.", "mentionContextAttributes": {"used": {"value": false, "score": 5.167722702026367e-05}, "created": {"value": true, "score": 0.5773829817771912}, "shared": {"value": false, "score": 8.761882781982422e-06}}, "documentContextAttributes": {"used": {"value": false, "score": 0.08719867467880249}, "created": {"value": true, "score": 0.6950874328613281}, "shared": {"value": false, "score": 0.11864346265792847}}}, {"type": "software", "software-type": "software", "software-name": {"rawForm": "WamProcessor", "normalizedForm": "WamProcessor", "offsetStart": 56, "offsetEnd": 68}, "context": "The WAM framework extends them into the WamNode and the WamProcessor classes, which serve as the main thread and audio thread of WAM powered software, respectively. ", "mentionContextAttributes": {"used": {"value": false, "score": 0.002245664596557617}, "created": {"value": false, "score": 0.0005644559860229492}, "shared": {"value": false, "score": 7.748603820800781e-07}}, "documentContextAttributes": {"used": {"value": false, "score": 0.08719867467880249}, "created": {"value": true, "score": 0.9599563479423523}, "shared": {"value": false, "score": 1.233816146850586e-05}}}, {"type": "software", "software-type": "software", "software-name": {"rawForm": "Cubase", "normalizedForm": "Cubase", "offsetStart": 63, "offsetEnd": 69}, "context": "The CAM market became popular with the Atari ST (1985) and the Cubase DAW proposed by Steinberg (1989) 1 . ", "mentionContextAttributes": {"used": {"value": false, "score": 0.024813354015350342}, "created": {"value": false, "score": 0.0007460117340087891}, "shared": {"value": false, "score": 4.172325134277344e-07}}, "documentContextAttributes": {"used": {"value": false, "score": 0.024813354015350342}, "created": {"value": false, "score": 0.0007460117340087891}, "shared": {"value": false, "score": 6.556510925292969e-07}}}, {"type": "software", "software-type": "software", "software-name": {"rawForm": "Cubase", "normalizedForm": "Cubase", "offsetStart": 64, "offsetEnd": 70}, "context": "Four DAWs dominate the market (Logic Audio, Ableton, Pro Tools, Cubase), and the existence of several proprietary plugin formats complicates the task of developers.", "mentionContextAttributes": {"used": {"value": false, "score": 0.00010782480239868164}, "created": {"value": false, "score": 0.0003337860107421875}, "shared": {"value": false, "score": 6.556510925292969e-07}}, "documentContextAttributes": {"used": {"value": false, "score": 0.024813354015350342}, "created": {"value": false, "score": 0.0007460117340087891}, "shared": {"value": false, "score": 6.556510925292969e-07}}}, {"type": "software", "software-type": "software", "software-name": {"rawForm": "WamProcessor", "normalizedForm": "WamProcessor", "offsetStart": 67, "offsetEnd": 79}, "context": "We ultimately decided on a low-level, precise solution that uses a WamProcessor to record the sound samples that are received.", "mentionContextAttributes": {"used": {"value": false, "score": 0.048120081424713135}, "created": {"value": true, "score": 0.9599563479423523}, "shared": {"value": false, "score": 2.980232238769531e-07}}, "documentContextAttributes": {"used": {"value": false, "score": 0.08719867467880249}, "created": {"value": true, "score": 0.9599563479423523}, "shared": {"value": false, "score": 1.233816146850586e-05}}}, {"type": "software", "software-type": "implicit", "software-name": {"rawForm": "code", "normalizedForm": "code", "offsetStart": 68, "offsetEnd": 72}, "context": "On the other hand, the control thread (generally running JavaScript code for the GUI, and making Web Audio API calls) manages all changes to the audio graph. ", "mentionContextAttributes": {"used": {"value": false, "score": 0.03400903940200806}, "created": {"value": false, "score": 0.0002009868621826172}, "shared": {"value": false, "score": 1.055002212524414e-05}}, "documentContextAttributes": {"used": {"value": false, "score": 0.03400903940200806}, "created": {"value": false, "score": 0.0002009868621826172}, "shared": {"value": false, "score": 1.055002212524414e-05}}}, {"type": "software", "software-type": "software", "software-name": {"rawForm": "Au-dioWorklet", "normalizedForm": "Au-dioWorklet", "offsetStart": 70, "offsetEnd": 83}, "context": "BandLab is supposed to have a core written in C++, and relies also on Au-dioWorklet, with possibly a specific mobile version. ", "mentionContextAttributes": {"used": {"value": false, "score": 0.0005608797073364258}, "created": {"value": false, "score": 0.01443493366241455}, "shared": {"value": false, "score": 1.4901161193847656e-06}}, "documentContextAttributes": {"used": {"value": false, "score": 0.0005608797073364258}, "created": {"value": false, "score": 0.01443493366241455}, "shared": {"value": false, "score": 1.4901161193847656e-06}}}, {"type": "software", "software-type": "software", "software-name": {"rawForm": "WamProcessors", "normalizedForm": "WamProcessors", "offsetStart": 70, "offsetEnd": 83}, "context": "In other words : if a track is a WamProcessor and if plugins are also WamProcessors, their DSP code runs in the audio thread and highly optimized communication can be achieved: Shared Array Buffers can be used for DAW/Plugin communication. ", "mentionContextAttributes": {"used": {"value": false, "score": 0.0011097192764282227}, "created": {"value": false, "score": 5.185604095458984e-06}, "shared": {"value": false, "score": 1.233816146850586e-05}}, "documentContextAttributes": {"used": {"value": false, "score": 0.0011097192764282227}, "created": {"value": false, "score": 5.185604095458984e-06}, "shared": {"value": false, "score": 1.233816146850586e-05}}}, {"type": "software", "software-type": "software", "software-name": {"rawForm": "Web Audio Modules", "normalizedForm": "Web Audio Modules", "offsetStart": 75, "offsetEnd": 92}, "version": {"rawForm": "2.0", "normalizedForm": "2.0"}, "context": "So far, AmpedStudio is the only DAW that supports an open plugin standard: Web Audio Modules. Figure 1 illustrates the similarities and differences between these commercial online DAWs.", "mentionContextAttributes": {"used": {"value": false, "score": 0.00048238039016723633}, "created": {"value": false, "score": 7.12275505065918e-05}, "shared": {"value": false, "score": 3.522634506225586e-05}}, "documentContextAttributes": {"used": {"value": false, "score": 0.08719867467880249}, "created": {"value": true, "score": 0.6950874328613281}, "shared": {"value": false, "score": 0.11864346265792847}}}, {"type": "software", "software-type": "software", "software-name": {"rawForm": "AudioBufferSourceNode", "normalizedForm": "AudioBufferSourceNode", "offsetStart": 75, "offsetEnd": 96}, "context": "By designing our own low-level audio player (instead of using the standard AudioBufferSourceNode), we gain total control over the playback/recording behaviour of each track.", "mentionContextAttributes": {"used": {"value": false, "score": 0.0006957054138183594}, "created": {"value": true, "score": 0.9987408518791199}, "shared": {"value": false, "score": 1.7285346984863281e-06}}, "documentContextAttributes": {"used": {"value": false, "score": 0.0006957054138183594}, "created": {"value": true, "score": 0.9987408518791199}, "shared": {"value": false, "score": 0.0013958215713500977}}}, {"type": "software", "software-type": "software", "software-name": {"rawForm": "AudioMass", "normalizedForm": "AudioMass", "offsetStart": 77, "offsetEnd": 88}, "context": "or waveform-playlist 3 , and some audacity like audio buffer editors such as AudioMass 4 . ", "mentionContextAttributes": {"used": {"value": false, "score": 0.00011235475540161133}, "created": {"value": false, "score": 8.64267349243164e-06}, "shared": {"value": false, "score": 2.980232238769531e-07}}, "documentContextAttributes": {"used": {"value": false, "score": 0.00011235475540161133}, "created": {"value": false, "score": 8.64267349243164e-06}, "shared": {"value": false, "score": 2.980232238769531e-07}}}, {"type": "software", "software-type": "software", "software-name": {"rawForm": "Web Audio Modules", "normalizedForm": "Web Audio Modules", "offsetStart": 79, "offsetEnd": 96}, "version": {"rawForm": "2.0", "normalizedForm": "2.0"}, "context": "As a demonstrator, it shows the capabilities of the Web Audio API, and how the Web Audio Modules framework can be used to ease the development of complex web based audio applications with support for external plugins. ", "mentionContextAttributes": {"used": {"value": false, "score": 0.00019025802612304688}, "created": {"value": false, "score": 0.2046816349029541}, "shared": {"value": false, "score": 0.00036275386810302734}}, "documentContextAttributes": {"used": {"value": false, "score": 0.08719867467880249}, "created": {"value": true, "score": 0.6950874328613281}, "shared": {"value": false, "score": 0.11864346265792847}}}, {"type": "software", "software-type": "software", "software-name": {"rawForm": "WamProcessor", "normalizedForm": "WamProcessor", "offsetStart": 87, "offsetEnd": 99}, "context": "WAM-Studio is a WAM host application, and its tracks are implemented as sub-classes of WamProcessor. ", "mentionContextAttributes": {"used": {"value": false, "score": 0.0014241933822631836}, "created": {"value": false, "score": 0.026873886585235596}, "shared": {"value": false, "score": 8.940696716308594e-07}}, "documentContextAttributes": {"used": {"value": false, "score": 0.08719867467880249}, "created": {"value": true, "score": 0.9599563479423523}, "shared": {"value": false, "score": 1.233816146850586e-05}}}, {"type": "software", "software-type": "software", "software-name": {"rawForm": "AudioWorklet", "normalizedForm": "AudioWorklet", "offsetStart": 88, "offsetEnd": 100}, "context": "This can be done using the W3C MediaRecorder API, or using low-level solutions using an AudioWorklet.", "mentionContextAttributes": {"used": {"value": false, "score": 0.10697966814041138}, "created": {"value": false, "score": 0.00015163421630859375}, "shared": {"value": false, "score": 1.4901161193847656e-06}}, "documentContextAttributes": {"used": {"value": false, "score": 0.2584177255630493}, "created": {"value": true, "score": 0.6950874328613281}, "shared": {"value": false, "score": 4.827976226806641e-06}}}, {"type": "software", "software-type": "software", "software-name": {"rawForm": "Web Audio API", "normalizedForm": "Web Audio API", "offsetStart": 90, "offsetEnd": 103}, "context": "No need to send events from the control/GUI thread, that would have been mandatory if the Web Audio API audio node parameter management was used.", "mentionContextAttributes": {"used": {"value": true, "score": 0.994666576385498}, "created": {"value": false, "score": 9.22083854675293e-05}, "shared": {"value": false, "score": 5.364418029785156e-07}}, "documentContextAttributes": {"used": {"value": true, "score": 0.994666576385498}, "created": {"value": true, "score": 0.7711390256881714}, "shared": {"value": false, "score": 0.0013958215713500977}}}, {"type": "software", "software-type": "software", "software-name": {"rawForm": "AmpedStudio", "normalizedForm": "AmpedStudio", "offsetStart": 94, "offsetEnd": 105}, "context": "However, through limited academic publications and presentations/interviews, it is known that AmpedStudio uses a cross-compiled C++ engine and AudioWorklets, while Soundtrap has primarily utilized the standard Web Audio API nodes. ", "mentionContextAttributes": {"used": {"value": false, "score": 0.12959825992584229}, "created": {"value": false, "score": 7.921457290649414e-05}, "shared": {"value": false, "score": 4.351139068603516e-06}}, "documentContextAttributes": {"used": {"value": false, "score": 0.12959825992584229}, "created": {"value": false, "score": 0.011385321617126465}, "shared": {"value": false, "score": 0.06244051456451416}}}, {"type": "software", "software-type": "software", "software-name": {"rawForm": "pixi.js", "normalizedForm": "pixi.js", "offsetStart": 96, "offsetEnd": 103}, "context": "As many tracks can be rendered, scrolled during playback, zoomed in/out and edited, we used the pixi.js ", "mentionContextAttributes": {"used": {"value": true, "score": 0.9950746893882751}, "created": {"value": false, "score": 3.2782554626464844e-06}, "shared": {"value": false, "score": 5.364418029785156e-07}}, "documentContextAttributes": {"used": {"value": true, "score": 0.9950746893882751}, "created": {"value": false, "score": 3.2782554626464844e-06}, "shared": {"value": false, "score": 5.364418029785156e-07}}}, {"type": "software", "software-type": "software", "software-name": {"rawForm": "Web Audio API", "normalizedForm": "Web Audio API", "offsetStart": 97, "offsetEnd": 110}, "context": "On the other hand, the control thread (generally running JavaScript code for the GUI, and making Web Audio API calls) manages all changes to the audio graph. ", "mentionContextAttributes": {"used": {"value": false, "score": 0.03400903940200806}, "created": {"value": false, "score": 0.0002009868621826172}, "shared": {"value": false, "score": 1.055002212524414e-05}}, "documentContextAttributes": {"used": {"value": true, "score": 0.994666576385498}, "created": {"value": true, "score": 0.7711390256881714}, "shared": {"value": false, "score": 0.0013958215713500977}}}, {"type": "software", "software-type": "software", "software-name": {"rawForm": "AudioWorklet", "normalizedForm": "AudioWorklet", "offsetStart": 98, "offsetEnd": 110}, "context": "The sounds goes from left to right: first the \"track player/recorder/editor\" is implemented as an AudioWorklet node, using custom code for rendering an audio buffer, then the output signal has its gain and stereo panning adjusted, then we have another AudioWorket node for rendering the volume in a canvas (vu-meter), and at the end we find a chain of WAM plugins for adding audio effects.", "mentionContextAttributes": {"used": {"value": false, "score": 0.208668053150177}, "created": {"value": false, "score": 1.1742115020751953e-05}, "shared": {"value": false, "score": 3.874301910400391e-06}}, "documentContextAttributes": {"used": {"value": false, "score": 0.2584177255630493}, "created": {"value": true, "score": 0.6950874328613281}, "shared": {"value": false, "score": 4.827976226806641e-06}}}, {"type": "software", "software-type": "software", "software-name": {"rawForm": "Audiotools", "normalizedForm": "Audiotools", "offsetStart": 101, "offsetEnd": 111}, "context": "The first online DAWs based on the WebAudio API appeared in 2015-2018 and are still available today: Audiotools [9], Bandlab, Amped-Studio, Soundtrap [10], Soundation. ", "mentionContextAttributes": {"used": {"value": false, "score": 0.0003775954246520996}, "created": {"value": false, "score": 0.00034677982330322266}, "shared": {"value": false, "score": 0.00803995132446289}}, "documentContextAttributes": {"used": {"value": false, "score": 0.0003775954246520996}, "created": {"value": false, "score": 0.0006638169288635254}, "shared": {"value": false, "score": 0.00803995132446289}}}, {"type": "software", "software-type": "software", "software-name": {"rawForm": "WamProcessor", "normalizedForm": "WamProcessor", "offsetStart": 101, "offsetEnd": 113}, "context": "The WAM plugins associated to these tracks can also have their DSP core implemented as subclasses of WamProcessor, but this is not mandatory. ", "mentionContextAttributes": {"used": {"value": false, "score": 0.008062422275543213}, "created": {"value": false, "score": 4.488229751586914e-05}, "shared": {"value": false, "score": 4.172325134277344e-07}}, "documentContextAttributes": {"used": {"value": false, "score": 0.08719867467880249}, "created": {"value": true, "score": 0.9599563479423523}, "shared": {"value": false, "score": 1.233816146850586e-05}}}, {"type": "software", "software-type": "software", "software-name": {"rawForm": "AudioWorklets", "normalizedForm": "AudioWorklets", "offsetStart": 115, "offsetEnd": 128}, "context": "The main reason for that is to allow high performances in the case where both a DAW and plugins are implemented as AudioWorklets. ", "mentionContextAttributes": {"used": {"value": false, "score": 0.0005205273628234863}, "created": {"value": false, "score": 0.00013494491577148438}, "shared": {"value": false, "score": 2.980232238769531e-07}}, "documentContextAttributes": {"used": {"value": false, "score": 0.46143341064453125}, "created": {"value": false, "score": 0.02708667516708374}, "shared": {"value": false, "score": 7.68899917602539e-06}}}, {"type": "software", "software-type": "software", "software-name": {"rawForm": "AudioWorklet", "normalizedForm": "AudioWorklet", "offsetStart": 116, "offsetEnd": 128}, "context": "Then, if a WAM plugin is associated with a given track in a DAW project, and if the plugin is itself built using an AudioWorklet node, it also has custom code running in the audio thread. ", "mentionContextAttributes": {"used": {"value": false, "score": 0.17965757846832275}, "created": {"value": false, "score": 5.608797073364258e-05}, "shared": {"value": false, "score": 4.827976226806641e-06}}, "documentContextAttributes": {"used": {"value": false, "score": 0.2584177255630493}, "created": {"value": true, "score": 0.6950874328613281}, "shared": {"value": false, "score": 4.827976226806641e-06}}}, {"type": "software", "software-type": "software", "software-name": {"rawForm": "WamProcessor", "normalizedForm": "WamProcessor", "offsetStart": 116, "offsetEnd": 128}, "context": "We designed each audio track core as an AudioWorklet processor, more precisely, as an instance of a subclass of the WamProcessor class provided by the Web Audio Modules SDK, that inherits from the AudioWorkletProcessor class. ", "mentionContextAttributes": {"used": {"value": false, "score": 0.08719867467880249}, "created": {"value": true, "score": 0.6950874328613281}, "shared": {"value": false, "score": 5.364418029785156e-07}}, "documentContextAttributes": {"used": {"value": false, "score": 0.08719867467880249}, "created": {"value": true, "score": 0.9599563479423523}, "shared": {"value": false, "score": 1.233816146850586e-05}}}, {"type": "software", "software-type": "software", "software-name": {"rawForm": "Bandlab", "normalizedForm": "Bandlab", "offsetStart": 117, "offsetEnd": 124}, "context": "The first online DAWs based on the WebAudio API appeared in 2015-2018 and are still available today: Audiotools [9], Bandlab, Amped-Studio, Soundtrap [10], Soundation. ", "mentionContextAttributes": {"used": {"value": false, "score": 0.0003775954246520996}, "created": {"value": false, "score": 0.00034677982330322266}, "shared": {"value": false, "score": 0.00803995132446289}}, "documentContextAttributes": {"used": {"value": false, "score": 0.0003775954246520996}, "created": {"value": false, "score": 0.00034677982330322266}, "shared": {"value": false, "score": 0.00803995132446289}}}, {"type": "software", "software-type": "software", "software-name": {"rawForm": "Amped-Studio", "normalizedForm": "Amped-Studio", "offsetStart": 126, "offsetEnd": 138}, "context": "The first online DAWs based on the WebAudio API appeared in 2015-2018 and are still available today: Audiotools [9], Bandlab, Amped-Studio, Soundtrap [10], Soundation. ", "mentionContextAttributes": {"used": {"value": false, "score": 0.0003775954246520996}, "created": {"value": false, "score": 0.00034677982330322266}, "shared": {"value": false, "score": 0.00803995132446289}}, "documentContextAttributes": {"used": {"value": false, "score": 0.0003775954246520996}, "created": {"value": false, "score": 0.00034677982330322266}, "shared": {"value": false, "score": 0.00803995132446289}}}, {"type": "software", "software-type": "software", "software-name": {"rawForm": "Soundtrap", "normalizedForm": "Soundtrap", "offsetStart": 128, "offsetEnd": 137}, "context": "The other commercial online DAWs seems to use a proprietary format, while integrating some third party ports of native plugins (Soundtrap proposes the famous \"Autotune\" plugin made by Antares).", "mentionContextAttributes": {"used": {"value": false, "score": 0.00014472007751464844}, "created": {"value": false, "score": 0.0001239776611328125}, "shared": {"value": false, "score": 8.64267349243164e-06}}, "documentContextAttributes": {"used": {"value": false, "score": 0.12959825992584229}, "created": {"value": false, "score": 0.00034677982330322266}, "shared": {"value": false, "score": 0.00803995132446289}}}, {"type": "software", "software-type": "software", "software-name": {"rawForm": "AudioWorkletNode", "normalizedForm": "AudioWorkletNode", "offsetStart": 131, "offsetEnd": 147}, "context": "With the WebAudio API, AudioWorklets are comprised of two components, reflecting the multi-threaded nature of the environment: the AudioWorkletNode and the AudioWorkletProcessor. ", "mentionContextAttributes": {"used": {"value": false, "score": 0.030530154705047607}, "created": {"value": false, "score": 0.0011130571365356445}, "shared": {"value": false, "score": 4.351139068603516e-06}}, "documentContextAttributes": {"used": {"value": false, "score": 0.030530154705047607}, "created": {"value": false, "score": 0.0011130571365356445}, "shared": {"value": false, "score": 4.351139068603516e-06}}}, {"type": "software", "software-type": "software", "software-name": {"rawForm": "OfflineAudioContext", "normalizedForm": "OfflineAudioContext", "offsetStart": 131, "offsetEnd": 151}, "context": "DAWs also have an \"offline rendering\" option, for exporting the final mix as a file, on local hard disk or on the cloud (using the OfflineAudioContext5 provided by the WebAudio API).", "mentionContextAttributes": {"used": {"value": false, "score": 0.00041371583938598633}, "created": {"value": false, "score": 4.595518112182617e-05}, "shared": {"value": false, "score": 0.0003294944763183594}}, "documentContextAttributes": {"used": {"value": false, "score": 0.00041371583938598633}, "created": {"value": false, "score": 9.185075759887695e-05}, "shared": {"value": false, "score": 0.0003294944763183594}}}, {"type": "software", "software-type": "software", "software-name": {"rawForm": "Arpeggi.io", "normalizedForm": "Arpeggi.io", "offsetStart": 134, "offsetEnd": 144}, "context": "Audiotools runs also in AudioWorklet node(s) with a flash port of the audio engine, effects, instruments... Recently, a new DAW named Arpeggi.io ", "mentionContextAttributes": {"used": {"value": false, "score": 0.00010472536087036133}, "created": {"value": false, "score": 0.00043827295303344727}, "shared": {"value": false, "score": 1.7285346984863281e-06}}, "documentContextAttributes": {"used": {"value": false, "score": 0.00010472536087036133}, "created": {"value": false, "score": 0.00043827295303344727}, "shared": {"value": false, "score": 1.7285346984863281e-06}}}, {"type": "software", "software-type": "software", "software-name": {"rawForm": "BandLab", "normalizedForm": "BandLab", "offsetStart": 137, "offsetEnd": 144}, "context": "They mainly differ in terms of ergonomics : some of these applications are aimed at a very wide audience and have focused on simplicity (BandLab, SoundTrap) while others have chosen a more \"professional\" and sober look and feel, like AmpedStudio. ", "mentionContextAttributes": {"used": {"value": false, "score": 0.0003447532653808594}, "created": {"value": false, "score": 0.00024080276489257812}, "shared": {"value": false, "score": 1.1324882507324219e-06}}, "documentContextAttributes": {"used": {"value": false, "score": 0.0005608797073364258}, "created": {"value": false, "score": 0.01443493366241455}, "shared": {"value": false, "score": 1.4901161193847656e-06}}}, {"type": "software", "software-type": "software", "software-name": {"rawForm": "Soundtrap", "normalizedForm": "Soundtrap", "offsetStart": 140, "offsetEnd": 149}, "context": "The first online DAWs based on the WebAudio API appeared in 2015-2018 and are still available today: Audiotools [9], Bandlab, Amped-Studio, Soundtrap [10], Soundation. ", "mentionContextAttributes": {"used": {"value": false, "score": 0.0003775954246520996}, "created": {"value": false, "score": 0.00034677982330322266}, "shared": {"value": false, "score": 0.00803995132446289}}, "documentContextAttributes": {"used": {"value": false, "score": 0.12959825992584229}, "created": {"value": false, "score": 0.00034677982330322266}, "shared": {"value": false, "score": 0.00803995132446289}}}, {"type": "software", "software-type": "software", "software-name": {"rawForm": "AmpedStudio", "normalizedForm": "AmpedStudio", "offsetStart": 143, "offsetEnd": 154}, "context": "Propellerheads, a company well known for its native DAW Reason, also published web versions of its Europa synthesizer plugin (available now in AmpedStudio and in Soundation).", "mentionContextAttributes": {"used": {"value": false, "score": 0.000853121280670166}, "created": {"value": false, "score": 0.001150667667388916}, "shared": {"value": false, "score": 0.06244051456451416}}, "documentContextAttributes": {"used": {"value": false, "score": 0.12959825992584229}, "created": {"value": false, "score": 0.011385321617126465}, "shared": {"value": false, "score": 0.06244051456451416}}}, {"type": "software", "software-type": "software", "software-name": {"rawForm": "AudioWorklets", "normalizedForm": "AudioWorklets", "offsetStart": 143, "offsetEnd": 156}, "context": "However, through limited academic publications and presentations/interviews, it is known that AmpedStudio uses a cross-compiled C++ engine and AudioWorklets, while Soundtrap has primarily utilized the standard Web Audio API nodes. ", "mentionContextAttributes": {"used": {"value": false, "score": 0.12959825992584229}, "created": {"value": false, "score": 7.921457290649414e-05}, "shared": {"value": false, "score": 4.351139068603516e-06}}, "documentContextAttributes": {"used": {"value": false, "score": 0.46143341064453125}, "created": {"value": false, "score": 0.02708667516708374}, "shared": {"value": false, "score": 7.68899917602539e-06}}}, {"type": "software", "software-type": "software", "software-name": {"rawForm": "SoundTrap", "normalizedForm": "SoundTrap", "offsetStart": 146, "offsetEnd": 155}, "context": "They mainly differ in terms of ergonomics : some of these applications are aimed at a very wide audience and have focused on simplicity (BandLab, SoundTrap) while others have chosen a more \"professional\" and sober look and feel, like AmpedStudio. ", "mentionContextAttributes": {"used": {"value": false, "score": 0.0003447532653808594}, "created": {"value": false, "score": 0.00024080276489257812}, "shared": {"value": false, "score": 1.1324882507324219e-06}}, "documentContextAttributes": {"used": {"value": false, "score": 0.0003447532653808594}, "created": {"value": false, "score": 0.00024080276489257812}, "shared": {"value": false, "score": 1.1324882507324219e-06}}}, {"type": "software", "software-type": "software", "software-name": {"rawForm": "Web Audio Modules", "normalizedForm": "Web Audio Modules", "offsetStart": 151, "offsetEnd": 168}, "version": {"rawForm": "2.0", "normalizedForm": "2.0"}, "context": "We designed each audio track core as an AudioWorklet processor, more precisely, as an instance of a subclass of the WamProcessor class provided by the Web Audio Modules SDK, that inherits from the AudioWorkletProcessor class. ", "mentionContextAttributes": {"used": {"value": false, "score": 0.08719867467880249}, "created": {"value": true, "score": 0.6950874328613281}, "shared": {"value": false, "score": 5.364418029785156e-07}}, "documentContextAttributes": {"used": {"value": false, "score": 0.08719867467880249}, "created": {"value": true, "score": 0.6950874328613281}, "shared": {"value": false, "score": 0.11864346265792847}}}, {"type": "software", "software-type": "software", "wikidataId": "Q20155677", "wikipediaExternalRef": 47013794, "lang": "en", "confidence": 0.3432, "software-name": {"rawForm": "Web Assembly", "normalizedForm": "Web Assembly", "wikidataId": "Q20155677", "wikipediaExternalRef": 47013794, "lang": "en", "confidence": 0.3432, "offsetStart": 153, "offsetEnd": 165}, "context": "This paper presents WAM Studio, an open source, online Digital Audio Workstation (DAW) that takes advantages of several W3C Web APIs, such as Web Audio, Web Assembly, Web Components, Web Midi, Media Devices etc. ", "mentionContextAttributes": {"used": {"value": false, "score": 7.253885269165039e-05}, "created": {"value": true, "score": 0.9988308548927307}, "shared": {"value": false, "score": 0.003042280673980713}}, "documentContextAttributes": {"used": {"value": false, "score": 0.1890663504600525}, "created": {"value": true, "score": 0.9988308548927307}, "shared": {"value": false, "score": 0.003042280673980713}}}, {"type": "software", "software-type": "software", "software-name": {"rawForm": "Soundation", "normalizedForm": "Soundation", "offsetStart": 156, "offsetEnd": 166}, "context": "The first online DAWs based on the WebAudio API appeared in 2015-2018 and are still available today: Audiotools [9], Bandlab, Amped-Studio, Soundtrap [10], Soundation. ", "mentionContextAttributes": {"used": {"value": false, "score": 0.0003775954246520996}, "created": {"value": false, "score": 0.00034677982330322266}, "shared": {"value": false, "score": 0.00803995132446289}}, "documentContextAttributes": {"used": {"value": false, "score": 0.000853121280670166}, "created": {"value": false, "score": 0.001150667667388916}, "shared": {"value": false, "score": 0.06244051456451416}}}, {"type": "software", "software-type": "software", "software-name": {"rawForm": "AudioWorkletProcessor", "normalizedForm": "AudioWorkletProcessor", "offsetStart": 156, "offsetEnd": 177}, "context": "With the WebAudio API, AudioWorklets are comprised of two components, reflecting the multi-threaded nature of the environment: the AudioWorkletNode and the AudioWorkletProcessor. ", "mentionContextAttributes": {"used": {"value": false, "score": 0.030530154705047607}, "created": {"value": false, "score": 0.0011130571365356445}, "shared": {"value": false, "score": 4.351139068603516e-06}}, "documentContextAttributes": {"used": {"value": false, "score": 0.08719867467880249}, "created": {"value": true, "score": 0.6950874328613281}, "shared": {"value": false, "score": 4.351139068603516e-06}}}, {"type": "software", "software-type": "software", "software-name": {"rawForm": "Soundation", "normalizedForm": "Soundation", "offsetStart": 162, "offsetEnd": 172}, "context": "Propellerheads, a company well known for its native DAW Reason, also published web versions of its Europa synthesizer plugin (available now in AmpedStudio and in Soundation).", "mentionContextAttributes": {"used": {"value": false, "score": 0.000853121280670166}, "created": {"value": false, "score": 0.001150667667388916}, "shared": {"value": false, "score": 0.06244051456451416}}, "documentContextAttributes": {"used": {"value": false, "score": 0.000853121280670166}, "created": {"value": false, "score": 0.001150667667388916}, "shared": {"value": false, "score": 0.06244051456451416}}}, {"type": "software", "software-type": "software", "software-name": {"rawForm": "Soundtrap", "normalizedForm": "Soundtrap", "offsetStart": 164, "offsetEnd": 173}, "context": "However, through limited academic publications and presentations/interviews, it is known that AmpedStudio uses a cross-compiled C++ engine and AudioWorklets, while Soundtrap has primarily utilized the standard Web Audio API nodes. ", "mentionContextAttributes": {"used": {"value": false, "score": 0.12959825992584229}, "created": {"value": false, "score": 7.921457290649414e-05}, "shared": {"value": false, "score": 4.351139068603516e-06}}, "documentContextAttributes": {"used": {"value": false, "score": 0.12959825992584229}, "created": {"value": false, "score": 0.00034677982330322266}, "shared": {"value": false, "score": 0.00803995132446289}}}, {"type": "software", "software-type": "software", "software-name": {"rawForm": "WebAudio API", "normalizedForm": "WebAudio API", "offsetStart": 168, "offsetEnd": 180}, "context": "DAWs also have an \"offline rendering\" option, for exporting the final mix as a file, on local hard disk or on the cloud (using the OfflineAudioContext5 provided by the WebAudio API).", "mentionContextAttributes": {"used": {"value": false, "score": 0.00041371583938598633}, "created": {"value": false, "score": 4.595518112182617e-05}, "shared": {"value": false, "score": 0.0003294944763183594}}, "documentContextAttributes": {"used": {"value": false, "score": 0.46143341064453125}, "created": {"value": false, "score": 0.02708667516708374}, "shared": {"value": false, "score": 0.00803995132446289}}}, {"type": "software", "software-type": "software", "software-name": {"rawForm": "Web Audio API", "normalizedForm": "Web Audio API", "offsetStart": 174, "offsetEnd": 187}, "context": "This thread has hard real-time constraints and has a high priority -if it fails to provide the next block of audio samples on time (128 samples by default in the case of the Web Audio API), there will be audible glitches. ", "mentionContextAttributes": {"used": {"value": false, "score": 0.00039261579513549805}, "created": {"value": false, "score": 0.00029408931732177734}, "shared": {"value": false, "score": 4.172325134277344e-07}}, "documentContextAttributes": {"used": {"value": true, "score": 0.994666576385498}, "created": {"value": true, "score": 0.7711390256881714}, "shared": {"value": false, "score": 0.0013958215713500977}}}, {"type": "software", "software-type": "software", "software-name": {"rawForm": "Web Midi", "normalizedForm": "Web Midi", "offsetStart": 183, "offsetEnd": 191}, "context": "This paper presents WAM Studio, an open source, online Digital Audio Workstation (DAW) that takes advantages of several W3C Web APIs, such as Web Audio, Web Assembly, Web Components, Web Midi, Media Devices etc. ", "mentionContextAttributes": {"used": {"value": false, "score": 7.253885269165039e-05}, "created": {"value": true, "score": 0.9988308548927307}, "shared": {"value": false, "score": 0.003042280673980713}}, "documentContextAttributes": {"used": {"value": false, "score": 7.253885269165039e-05}, "created": {"value": true, "score": 0.9988308548927307}, "shared": {"value": false, "score": 0.003042280673980713}}}, {"type": "software", "software-type": "software", "software-name": {"rawForm": "AudioBuffer", "normalizedForm": "AudioBuffer", "offsetStart": 188, "offsetEnd": 199}, "context": "In contrast with a standard AudioContext, an OfflineAudioContext doesn't render the audio to the device hardware; instead, it generates it, as fast as it can, and outputs the result to an AudioBuffer", "mentionContextAttributes": {"used": {"value": false, "score": 0.0001232624053955078}, "created": {"value": false, "score": 9.185075759887695e-05}, "shared": {"value": false, "score": 4.470348358154297e-06}}, "documentContextAttributes": {"used": {"value": false, "score": 0.0001232624053955078}, "created": {"value": false, "score": 9.185075759887695e-05}, "shared": {"value": false, "score": 4.470348358154297e-06}}}, {"type": "software", "software-type": "software", "software-name": {"rawForm": "WamNode", "normalizedForm": "WamNode", "offsetStart": 193, "offsetEnd": 200}, "context": "Some WAM plugins implementations utilize a single node, while others utilize a subgraph consisting of a combination of builtin web audio nodes and custom audio nodes, as abstracted through the WamNode and WamProcessor interfaces. ", "mentionContextAttributes": {"used": {"value": false, "score": 0.00031816959381103516}, "created": {"value": false, "score": 0.00012683868408203125}, "shared": {"value": false, "score": 1.7285346984863281e-06}}, "documentContextAttributes": {"used": {"value": false, "score": 0.002245664596557617}, "created": {"value": false, "score": 0.0005644559860229492}, "shared": {"value": false, "score": 1.7285346984863281e-06}}}, {"type": "software", "software-type": "software", "software-name": {"rawForm": "Media Devices", "normalizedForm": "Media Devices", "offsetStart": 193, "offsetEnd": 206}, "context": "This paper presents WAM Studio, an open source, online Digital Audio Workstation (DAW) that takes advantages of several W3C Web APIs, such as Web Audio, Web Assembly, Web Components, Web Midi, Media Devices etc. ", "mentionContextAttributes": {"used": {"value": false, "score": 7.253885269165039e-05}, "created": {"value": true, "score": 0.9988308548927307}, "shared": {"value": false, "score": 0.003042280673980713}}, "documentContextAttributes": {"used": {"value": false, "score": 7.253885269165039e-05}, "created": {"value": true, "score": 0.9988308548927307}, "shared": {"value": false, "score": 0.003042280673980713}}}, {"type": "software", "software-type": "software", "software-name": {"rawForm": "AudioWorkletProcessor", "normalizedForm": "AudioWorkletProcessor", "offsetStart": 197, "offsetEnd": 218}, "context": "We designed each audio track core as an AudioWorklet processor, more precisely, as an instance of a subclass of the WamProcessor class provided by the Web Audio Modules SDK, that inherits from the AudioWorkletProcessor class.", "mentionContextAttributes": {"used": {"value": false, "score": 0.08719867467880249}, "created": {"value": true, "score": 0.6950874328613281}, "shared": {"value": false, "score": 5.364418029785156e-07}}, "documentContextAttributes": {"used": {"value": false, "score": 0.08719867467880249}, "created": {"value": true, "score": 0.6950874328613281}, "shared": {"value": false, "score": 4.351139068603516e-06}}}, {"type": "software", "software-type": "software", "software-name": {"rawForm": "WamProcessor", "normalizedForm": "WamProcessor", "offsetStart": 205, "offsetEnd": 217}, "context": "Some WAM plugins implementations utilize a single node, while others utilize a subgraph consisting of a combination of builtin web audio nodes and custom audio nodes, as abstracted through the WamNode and WamProcessor interfaces.", "mentionContextAttributes": {"used": {"value": false, "score": 0.00031816959381103516}, "created": {"value": false, "score": 0.00012683868408203125}, "shared": {"value": false, "score": 1.7285346984863281e-06}}, "documentContextAttributes": {"used": {"value": false, "score": 0.08719867467880249}, "created": {"value": true, "score": 0.9599563479423523}, "shared": {"value": false, "score": 1.233816146850586e-05}}}, {"type": "software", "software-type": "software", "software-name": {"rawForm": "Web Audio API", "normalizedForm": "Web Audio API", "offsetStart": 210, "offsetEnd": 223}, "context": "However, through limited academic publications and presentations/interviews, it is known that AmpedStudio uses a cross-compiled C++ engine and AudioWorklets, while Soundtrap has primarily utilized the standard Web Audio API nodes. ", "mentionContextAttributes": {"used": {"value": false, "score": 0.12959825992584229}, "created": {"value": false, "score": 7.921457290649414e-05}, "shared": {"value": false, "score": 4.351139068603516e-06}}, "documentContextAttributes": {"used": {"value": true, "score": 0.994666576385498}, "created": {"value": true, "score": 0.7711390256881714}, "shared": {"value": false, "score": 0.0013958215713500977}}}, {"type": "software", "software-type": "software", "software-name": {"rawForm": "Web Audio API", "normalizedForm": "Web Audio API", "offsetStart": 217, "offsetEnd": 230}, "context": "We will come back to this feature later, but WAM 2.0 uses an original design for handling the communication between plugins and host applications that do not rely on the low-level parameter management provided by the Web Audio API. ", "mentionContextAttributes": {"used": {"value": false, "score": 7.420778274536133e-05}, "created": {"value": true, "score": 0.5415499806404114}, "shared": {"value": false, "score": 3.8564205169677734e-05}}, "documentContextAttributes": {"used": {"value": true, "score": 0.994666576385498}, "created": {"value": true, "score": 0.7711390256881714}, "shared": {"value": false, "score": 0.0013958215713500977}}}, {"type": "software", "software-type": "software", "software-name": {"rawForm": "Plugin", "normalizedForm": "Plugin", "offsetStart": 218, "offsetEnd": 224}, "context": "In other words : if a track is a WamProcessor and if plugins are also WamProcessors, their DSP code runs in the audio thread and highly optimized communication can be achieved: Shared Array Buffers can be used for DAW/Plugin communication. ", "mentionContextAttributes": {"used": {"value": false, "score": 0.0011097192764282227}, "created": {"value": false, "score": 5.185604095458984e-06}, "shared": {"value": false, "score": 1.233816146850586e-05}}, "documentContextAttributes": {"used": {"value": false, "score": 0.3798075318336487}, "created": {"value": false, "score": 9.864568710327148e-05}, "shared": {"value": false, "score": 1.233816146850586e-05}}}, {"type": "software", "software-type": "software", "software-name": {"rawForm": "AmpedStudio", "normalizedForm": "AmpedStudio", "offsetStart": 234, "offsetEnd": 245}, "context": "They mainly differ in terms of ergonomics : some of these applications are aimed at a very wide audience and have focused on simplicity (BandLab, SoundTrap) while others have chosen a more \"professional\" and sober look and feel, like AmpedStudio. ", "mentionContextAttributes": {"used": {"value": false, "score": 0.0003447532653808594}, "created": {"value": false, "score": 0.00024074316024780273}, "shared": {"value": false, "score": 1.0728836059570312e-06}}, "documentContextAttributes": {"used": {"value": false, "score": 0.12959825992584229}, "created": {"value": false, "score": 0.011385321617126465}, "shared": {"value": false, "score": 0.06244051456451416}}}, {"type": "software", "software-type": "software", "software-name": {"rawForm": "WaveShaperNode", "normalizedForm": "WaveShaperNode", "offsetStart": 248, "offsetEnd": 262}, "context": "Here are some examples of audio effects that could be built this way: echo (DelayNode, BiquadFilterNode, GainNode), auto-wah (BiquadFilterNode, OscillatorNode), chorus (multiple DelayNodes and OscillatorNodes for modulation), distortion (GainNode, WaveShaperNode), synthesizers, samplers etc. Existing DSP code in other languages such as C/C++ or coded using Domain Specific Languages such as FAUST, can be cross-compiled to Web Assembly and run in a single AudioWorklet node. ", "mentionContextAttributes": {"used": {"value": false, "score": 0.1890663504600525}, "created": {"value": false, "score": 1.0132789611816406e-05}, "shared": {"value": false, "score": 2.2649765014648438e-06}}, "documentContextAttributes": {"used": {"value": false, "score": 0.1890663504600525}, "created": {"value": false, "score": 1.0132789611816406e-05}, "shared": {"value": false, "score": 2.2649765014648438e-06}}}, {"type": "software", "software-type": "software", "software-name": {"rawForm": "AudioWorket", "normalizedForm": "AudioWorket", "offsetStart": 252, "offsetEnd": 263}, "context": "The sounds goes from left to right: first the \"track player/recorder/editor\" is implemented as an AudioWorklet node, using custom code for rendering an audio buffer, then the output signal has its gain and stereo panning adjusted, then we have another AudioWorket node for rendering the volume in a canvas (vu-meter), and at the end we find a chain of WAM plugins for adding audio effects.", "mentionContextAttributes": {"used": {"value": false, "score": 0.20866799354553223}, "created": {"value": false, "score": 1.1682510375976562e-05}, "shared": {"value": false, "score": 3.814697265625e-06}}, "documentContextAttributes": {"used": {"value": false, "score": 0.20866799354553223}, "created": {"value": false, "score": 1.1682510375976562e-05}, "shared": {"value": false, "score": 3.814697265625e-06}}}, {"type": "software", "software-type": "software", "wikidataId": "Q20155677", "wikipediaExternalRef": 47013794, "lang": "en", "confidence": 0.3432, "software-name": {"rawForm": "Web Assembly", "normalizedForm": "Web Assembly", "wikidataId": "Q20155677", "wikipediaExternalRef": 47013794, "lang": "en", "confidence": 0.3432, "offsetStart": 425, "offsetEnd": 437}, "context": "Here are some examples of audio effects that could be built this way: echo (DelayNode, BiquadFilterNode, GainNode), auto-wah (BiquadFilterNode, OscillatorNode), chorus (multiple DelayNodes and OscillatorNodes for modulation), distortion (GainNode, WaveShaperNode), synthesizers, samplers etc. Existing DSP code in other languages such as C/C++ or coded using Domain Specific Languages such as FAUST, can be cross-compiled to Web Assembly and run in a single AudioWorklet node. ", "mentionContextAttributes": {"used": {"value": false, "score": 0.1890663504600525}, "created": {"value": false, "score": 1.0132789611816406e-05}, "shared": {"value": false, "score": 2.2649765014648438e-06}}, "documentContextAttributes": {"used": {"value": false, "score": 0.1890663504600525}, "created": {"value": true, "score": 0.9988308548927307}, "shared": {"value": false, "score": 0.003042280673980713}}}, {"type": "software", "software-type": "software", "software-name": {"rawForm": "AudioWorklet", "normalizedForm": "AudioWorklet", "offsetStart": 458, "offsetEnd": 470}, "context": "Here are some examples of audio effects that could be built this way: echo (DelayNode, BiquadFilterNode, GainNode), auto-wah (BiquadFilterNode, OscillatorNode), chorus (multiple DelayNodes and OscillatorNodes for modulation), distortion (GainNode, WaveShaperNode), synthesizers, samplers etc. Existing DSP code in other languages such as C/C++ or coded using Domain Specific Languages such as FAUST, can be cross-compiled to Web Assembly and run in a single AudioWorklet node.", "mentionContextAttributes": {"used": {"value": false, "score": 0.18906545639038086}, "created": {"value": false, "score": 1.0132789611816406e-05}, "shared": {"value": false, "score": 2.2649765014648438e-06}}, "documentContextAttributes": {"used": {"value": false, "score": 0.2584177255630493}, "created": {"value": true, "score": 0.6950874328613281}, "shared": {"value": false, "score": 4.827976226806641e-06}}}], "references": [], "runtime": 60980, "id": "4533e38aa5e69a6606050a06f98589076ce214b3", "metadata": {"id": "4533e38aa5e69a6606050a06f98589076ce214b3"}, "original_file_path": "../../datalake/Samuel/SOFTware-Sync/data/xml_files/hal-04335612.grobid.tei.xml", "file_name": "hal-04335612.grobid.tei.xml"}