{"application": "software-mentions", "version": "0.8.0", "date": "2024-04-12T17:13+0000", "md5": "7FAA24914084E775BF9C7821C28C6FC8", "mentions": [{"type": "software", "software-type": "software", "wikidataId": "Q166142", "wikipediaExternalRef": 454746, "lang": "en", "confidence": 0.5911, "software-name": {"rawForm": "App", "normalizedForm": "App", "wikidataId": "Q166142", "wikipediaExternalRef": 454746, "lang": "en", "confidence": 0.5911, "offsetStart": 46, "offsetEnd": 49}, "context": "However, the PDMS user cannot fully trust the App.", "mentionContextAttributes": {"used": {"value": false, "score": 0.002870023250579834}, "created": {"value": false, "score": 1.4662742614746094e-05}, "shared": {"value": false, "score": 2.384185791015625e-07}}, "documentContextAttributes": {"used": {"value": false, "score": 0.2506325840950012}, "created": {"value": false, "score": 0.0064547061920166016}, "shared": {"value": false, "score": 3.5762786865234375e-07}}}, {"type": "software", "software-type": "software", "wikidataId": "Q166142", "wikipediaExternalRef": 454746, "lang": "en", "confidence": 0.5911, "software-name": {"rawForm": "App", "normalizedForm": "App", "wikidataId": "Q166142", "wikipediaExternalRef": 454746, "lang": "en", "confidence": 0.5911, "offsetStart": 64, "offsetEnd": 67}, "context": "These functions are defined by a third-party application called App, and their code is evaluated in the PDMS environment. ", "mentionContextAttributes": {"used": {"value": false, "score": 0.2506325840950012}, "created": {"value": false, "score": 0.0064547061920166016}, "shared": {"value": false, "score": 3.5762786865234375e-07}}, "documentContextAttributes": {"used": {"value": false, "score": 0.2506325840950012}, "created": {"value": false, "score": 0.0064547061920166016}, "shared": {"value": false, "score": 3.5762786865234375e-07}}}], "references": [], "runtime": 36691, "id": "96d790cd7348d91709c2875143f58f32f53dc848", "metadata": {"id": "96d790cd7348d91709c2875143f58f32f53dc848"}, "original_file_path": "../../datalake/Samuel/SOFTware-Sync/data/xml_not_sofctied/hal-04240543.grobid.tei.xml", "file_name": "hal-04240543.grobid.tei.xml"}