{"application": "software-mentions", "version": "0.8.0", "date": "2024-04-12T15:40+0000", "md5": "2B89930E465D2F0F33B4E1CA0A02C6C4", "mentions": [{"type": "software", "software-type": "software", "software-name": {"rawForm": "CoreXPath", "normalizedForm": "CoreXPath", "offsetStart": 78, "offsetEnd": 91}, "context": "Navigational XPath queries on XML documents can be formalized in the language CoreXPath [26], or more generally by nested regular path queries [27] on data trees. ", "mentionContextAttributes": {"used": {"value": false, "score": 0.004259824752807617}, "created": {"value": false, "score": 7.510185241699219e-06}, "shared": {"value": false, "score": 1.1920928955078125e-07}}, "documentContextAttributes": {"used": {"value": false, "score": 0.004259824752807617}, "created": {"value": false, "score": 7.510185241699219e-06}, "shared": {"value": false, "score": 1.1920928955078125e-07}}}], "references": [], "runtime": 61673, "id": "4c25761724063026220aeb74c45e8dc8cab499f7", "metadata": {"id": "4c25761724063026220aeb74c45e8dc8cab499f7"}, "original_file_path": "../../datalake/Samuel/SOFTware-Sync/data/xml_files/hal-03134596.grobid.tei.xml", "file_name": "hal-03134596.grobid.tei.xml"}