{"application": "software-mentions", "version": "0.8.0", "date": "2024-04-12T17:13+0000", "md5": "85ACB9E0774AE990F8AEEA890BA4AB87", "mentions": [{"type": "software", "software-type": "software", "wikidataId": "Q777", "wikipediaExternalRef": 19133401, "lang": "en", "confidence": 0.9169, "software-name": {"rawForm": "Google Chrome", "normalizedForm": "Google Chrome", "wikidataId": "Q777", "wikipediaExternalRef": 19133401, "lang": "en", "confidence": 0.9169, "offsetStart": 9, "offsetEnd": 22}, "context": "In 2012, Google Chrome proposed for the first time a low-latency opportunity to get live audio from a microphone or other audio inputs. ", "mentionContextAttributes": {"used": {"value": false, "score": 9.316205978393555e-05}, "created": {"value": true, "score": 0.5778512358665466}, "shared": {"value": false, "score": 1.1324882507324219e-06}}, "documentContextAttributes": {"used": {"value": false, "score": 9.316205978393555e-05}, "created": {"value": true, "score": 0.5778512358665466}, "shared": {"value": false, "score": 1.1324882507324219e-06}}}, {"type": "software", "software-type": "software", "software-name": {"rawForm": "Web Audio", "normalizedForm": "Web Audio", "offsetStart": 17, "offsetEnd": 26}, "context": "Furthermore, the Web Audio API provides highlevel nodes (such as the WaveShaper node and the biquad filter node) that can be used for an easy, quite accurate modelisation of tubes and filters.", "mentionContextAttributes": {"used": {"value": false, "score": 7.432699203491211e-05}, "created": {"value": false, "score": 0.0009331703186035156}, "shared": {"value": false, "score": 5.304813385009766e-06}}, "documentContextAttributes": {"used": {"value": false, "score": 0.25491267442703247}, "created": {"value": true, "score": 0.9996320605278015}, "shared": {"value": false, "score": 0.00021409988403320312}}}, {"type": "software", "software-type": "software", "wikidataId": "Q18698690", "wikipediaExternalRef": 44904271, "lang": "en", "confidence": 0.5964, "software-name": {"rawForm": "Edge", "normalizedForm": "Edge", "wikidataId": "Q18698690", "wikipediaExternalRef": 44904271, "lang": "en", "confidence": 0.5964, "offsetStart": 35, "offsetEnd": 39}, "publisher": {"rawForm": "Microsoft", "normalizedForm": "Microsoft", "offsetStart": 25, "offsetEnd": 34}, "context": "Soon, Opera, Firefox and Microsoft Edge also implemented this. ", "mentionContextAttributes": {"used": {"value": false, "score": 0.00037592649459838867}, "created": {"value": false, "score": 0.04415464401245117}, "shared": {"value": false, "score": 4.172325134277344e-07}}, "documentContextAttributes": {"used": {"value": false, "score": 0.00037592649459838867}, "created": {"value": false, "score": 0.04415464401245117}, "shared": {"value": false, "score": 4.172325134277344e-07}}}, {"type": "software", "software-type": "software", "software-name": {"rawForm": "Web Audio", "normalizedForm": "Web Audio", "offsetStart": 36, "offsetEnd": 45}, "context": "Since 2017, we have been developing Web Audio tube guitar amplifier simulations and tools, including an \"amp sim designer\" that can generate configurations used by an amp sim plugin engine that facilitates the process of creating end user plugins for musicians.", "mentionContextAttributes": {"used": {"value": false, "score": 5.823373794555664e-05}, "created": {"value": true, "score": 0.9996320605278015}, "shared": {"value": false, "score": 0.00021409988403320312}}, "documentContextAttributes": {"used": {"value": false, "score": 0.25491267442703247}, "created": {"value": true, "score": 0.9996320605278015}, "shared": {"value": false, "score": 0.00021409988403320312}}}, {"type": "software", "software-type": "software", "software-name": {"rawForm": "Web Audio Modules", "normalizedForm": "Web Audio Modules", "offsetStart": 46, "offsetEnd": 63}, "version": {"rawForm": "2.0", "normalizedForm": "2.0", "offsetStart": 64, "offsetEnd": 67}, "context": "The plugins have been developed following the Web Audio Modules 2.0 plugin standard [21].", "mentionContextAttributes": {"used": {"value": false, "score": 0.004268169403076172}, "created": {"value": false, "score": 0.08893400430679321}, "shared": {"value": false, "score": 1.3709068298339844e-06}}, "documentContextAttributes": {"used": {"value": false, "score": 0.004268169403076172}, "created": {"value": false, "score": 0.08893400430679321}, "shared": {"value": false, "score": 1.3709068298339844e-06}}}, {"type": "software", "software-type": "software", "wikidataId": "Q20155677", "wikipediaExternalRef": 47013794, "lang": "en", "confidence": 0.9161, "software-name": {"rawForm": "WebAssembly", "normalizedForm": "WebAssembly", "wikidataId": "Q20155677", "wikipediaExternalRef": 47013794, "lang": "en", "confidence": 0.9161, "offsetStart": 47, "offsetEnd": 58}, "context": "In that case we used the FAUST DSL to generate WebAssembly code [20]. ", "mentionContextAttributes": {"used": {"value": true, "score": 0.9999740719795227}, "created": {"value": false, "score": 4.351139068603516e-06}, "shared": {"value": false, "score": 1.7881393432617188e-07}}, "documentContextAttributes": {"used": {"value": true, "score": 0.9999740719795227}, "created": {"value": false, "score": 6.377696990966797e-06}, "shared": {"value": false, "score": 3.2782554626464844e-06}}, "references": [{"label": "[20]", "normalizedForm": "[20]", "refKey": 20, "offsetStart": 5796, "offsetEnd": 5800}]}, {"type": "software", "software-type": "software", "software-name": {"rawForm": "AmpedStudio.com DAW", "normalizedForm": "AmpedStudio.com DAW", "offsetStart": 47, "offsetEnd": 66}, "context": "The plugins we developed can be tried with the AmpedStudio.com DAW (Fig 3) by creating a track and by adding in the plugin chain the AmpSim Utility plugin (Fig. 1) that is useful for adjusting gains, selecting the left/right channel (as the guitar signal is generally mono), and for activating a WebAssembly multi-channel noise gate., then one of the amplifier simulators, eventually with other audio effects for guitarists.", "mentionContextAttributes": {"used": {"value": true, "score": 0.9777873754501343}, "created": {"value": false, "score": 6.377696990966797e-06}, "shared": {"value": false, "score": 3.2782554626464844e-06}}, "documentContextAttributes": {"used": {"value": true, "score": 0.9777873754501343}, "created": {"value": false, "score": 6.377696990966797e-06}, "shared": {"value": false, "score": 3.2782554626464844e-06}}}, {"type": "software", "software-type": "software", "software-name": {"rawForm": "Web Audio", "normalizedForm": "Web Audio", "offsetStart": 50, "offsetEnd": 59}, "context": "By using a real guitar, we propose to compare our Web Audio based tube amp simulation with native simulations such as Guitar Rig by Native Instruments (used by many musicians and guitarists), with", "mentionContextAttributes": {"used": {"value": false, "score": 0.20410335063934326}, "created": {"value": true, "score": 0.9645838737487793}, "shared": {"value": false, "score": 4.172325134277344e-07}}, "documentContextAttributes": {"used": {"value": false, "score": 0.25491267442703247}, "created": {"value": true, "score": 0.9996320605278015}, "shared": {"value": false, "score": 0.00021409988403320312}}}, {"type": "software", "software-type": "software", "software-name": {"rawForm": "AmpSim", "normalizedForm": "AmpSim", "offsetStart": 83, "offsetEnd": 89}, "context": "https://github.com/webaudiomodules/wam-examples, and https://mainline.i3s.unice.fr/AmpSim5/", "mentionContextAttributes": {"used": {"value": false, "score": 0.00011688470840454102}, "created": {"value": false, "score": 8.404254913330078e-06}, "shared": {"value": true, "score": 0.9860184788703918}}, "documentContextAttributes": {"used": {"value": true, "score": 0.9777873754501343}, "created": {"value": false, "score": 8.404254913330078e-06}, "shared": {"value": true, "score": 0.9860184788703918}}}, {"type": "software", "software-type": "software", "software-name": {"rawForm": "AudioWorklet", "normalizedForm": "AudioWorklet", "offsetStart": 91, "offsetEnd": 103}, "context": "custom processing on audio samples was not usable without introducing latency or glitches, AudioWorklet node was not available). ", "mentionContextAttributes": {"used": {"value": true, "score": 0.9888426065444946}, "created": {"value": false, "score": 1.627206802368164e-05}, "shared": {"value": false, "score": 4.172325134277344e-07}}, "documentContextAttributes": {"used": {"value": true, "score": 0.9888426065444946}, "created": {"value": false, "score": 1.627206802368164e-05}, "shared": {"value": false, "score": 4.172325134277344e-07}}}, {"type": "software", "software-type": "software", "software-name": {"rawForm": "Web Audio", "normalizedForm": "Web Audio", "offsetStart": 113, "offsetEnd": 122}, "context": "Chris Wilson's \"Input Effects\" demo was one of the first to show real-time sound processing effects written with Web Audio, and proposed implementations of famous effects such as delay, distortion, wah, etc.", "mentionContextAttributes": {"used": {"value": false, "score": 0.0005145668983459473}, "created": {"value": false, "score": 0.2000420093536377}, "shared": {"value": false, "score": 4.172325134277344e-07}}, "documentContextAttributes": {"used": {"value": false, "score": 0.25491267442703247}, "created": {"value": true, "score": 0.9996320605278015}, "shared": {"value": false, "score": 0.00021409988403320312}}}, {"type": "software", "software-type": "software", "software-name": {"rawForm": "AmpSim", "normalizedForm": "AmpSim", "offsetStart": 133, "offsetEnd": 139}, "context": "The plugins we developed can be tried with the AmpedStudio.com DAW (Fig 3) by creating a track and by adding in the plugin chain the AmpSim Utility plugin (Fig. 1) that is useful for adjusting gains, selecting the left/right channel (as the guitar signal is generally mono), and for activating a WebAssembly multi-channel noise gate., then one of the amplifier simulators, eventually with other audio effects for guitarists.", "mentionContextAttributes": {"used": {"value": true, "score": 0.9777873754501343}, "created": {"value": false, "score": 6.377696990966797e-06}, "shared": {"value": false, "score": 3.2782554626464844e-06}}, "documentContextAttributes": {"used": {"value": true, "score": 0.9777873754501343}, "created": {"value": false, "score": 8.404254913330078e-06}, "shared": {"value": true, "score": 0.9860184788703918}}}, {"type": "software", "software-type": "software", "software-name": {"rawForm": "Web Audio", "normalizedForm": "Web Audio", "offsetStart": 141, "offsetEnd": 150}, "context": "Anyhow, we followed this \"perceptual\" approach consisting in emulating the different parts of the electronic circuit of this amplifier using Web Audio, implementing the necessary signal processing algorithms using the available API, and finding  adequate solutions to circumvent some limitations specific to the Web browser environment (thread priority, latency, JavaScript API limitations). ", "mentionContextAttributes": {"used": {"value": false, "score": 0.25491267442703247}, "created": {"value": true, "score": 0.5279204249382019}, "shared": {"value": false, "score": 1.1324882507324219e-06}}, "documentContextAttributes": {"used": {"value": false, "score": 0.25491267442703247}, "created": {"value": true, "score": 0.9996320605278015}, "shared": {"value": false, "score": 0.00021409988403320312}}}, {"type": "software", "software-type": "software", "software-name": {"rawForm": "Web Audio", "normalizedForm": "Web Audio", "offsetStart": 144, "offsetEnd": 153}, "context": "When we started to tackle this problem five years ago [16], the separate, explicit approach was clearly the simpler and more adapted one to the Web Audio ecosystem esp.", "mentionContextAttributes": {"used": {"value": false, "score": 0.03344583511352539}, "created": {"value": false, "score": 0.013865888118743896}, "shared": {"value": false, "score": 4.172325134277344e-07}}, "documentContextAttributes": {"used": {"value": false, "score": 0.25491267442703247}, "created": {"value": true, "score": 0.9996320605278015}, "shared": {"value": false, "score": 0.00021409988403320312}}}, {"type": "software", "software-type": "software", "software-name": {"rawForm": "AmpedStudio.com", "normalizedForm": "AmpedStudio.com", "offsetStart": 261, "offsetEnd": 276}, "context": "These customizable simulations have been tested by professional guitarists, are being used by music schools on an experimental basis and are the subject of a marketing contract by the CNRS in order to be included as plugins [18,19] in an online commercial DAW (AmpedStudio.com, ", "mentionContextAttributes": {"used": {"value": false, "score": 0.00869828462600708}, "created": {"value": false, "score": 0.002794802188873291}, "shared": {"value": false, "score": 0.0009401440620422363}}, "documentContextAttributes": {"used": {"value": false, "score": 0.00869828462600708}, "created": {"value": false, "score": 0.002794802188873291}, "shared": {"value": false, "score": 0.0009401440620422363}}}, {"type": "software", "software-type": "software", "wikidataId": "Q20155677", "wikipediaExternalRef": 47013794, "lang": "en", "confidence": 0.9161, "software-name": {"rawForm": "WebAssembly", "normalizedForm": "WebAssembly", "wikidataId": "Q20155677", "wikipediaExternalRef": 47013794, "lang": "en", "confidence": 0.9161, "offsetStart": 296, "offsetEnd": 307}, "context": "The plugins we developed can be tried with the AmpedStudio.com DAW (Fig 3) by creating a track and by adding in the plugin chain the AmpSim Utility plugin (Fig. 1) that is useful for adjusting gains, selecting the left/right channel (as the guitar signal is generally mono), and for activating a WebAssembly multi-channel noise gate., then one of the amplifier simulators, eventually with other audio effects for guitarists.", "mentionContextAttributes": {"used": {"value": true, "score": 0.9777873754501343}, "created": {"value": false, "score": 6.377696990966797e-06}, "shared": {"value": false, "score": 3.2782554626464844e-06}}, "documentContextAttributes": {"used": {"value": true, "score": 0.9999740719795227}, "created": {"value": false, "score": 6.377696990966797e-06}, "shared": {"value": false, "score": 3.2782554626464844e-06}}, "references": [{"label": "[20]", "normalizedForm": "[20]", "refKey": 20}]}, {"type": "software", "software-type": "software", "software-name": {"rawForm": "Web browser", "normalizedForm": "Web browser", "offsetStart": 312, "offsetEnd": 323}, "context": "Anyhow, we followed this \"perceptual\" approach consisting in emulating the different parts of the electronic circuit of this amplifier using Web Audio, implementing the necessary signal processing algorithms using the available API, and finding  adequate solutions to circumvent some limitations specific to the Web browser environment (thread priority, latency, JavaScript API limitations). ", "mentionContextAttributes": {"used": {"value": false, "score": 0.25491243600845337}, "created": {"value": true, "score": 0.5279222726821899}, "shared": {"value": false, "score": 1.0728836059570312e-06}}, "documentContextAttributes": {"used": {"value": false, "score": 0.25491243600845337}, "created": {"value": true, "score": 0.5279222726821899}, "shared": {"value": false, "score": 1.0728836059570312e-06}}}], "references": [{"refKey": 20, "tei": "<biblStruct xml:id=\"b20\">\n\t<analytic>\n\t\t<title level=\"a\" type=\"main\">Using Faust DSL to Develop Custom, Sample Accurate DSP Code and Audio Plugins for the Web Browser</title>\n\t\t<author>\n\t\t\t<persName><forename type=\"first\">Shihong</forename><surname>Ren</surname></persName>\n\t\t</author>\n\t\t<author>\n\t\t\t<persName><forename type=\"first\">St\u00e9phane</forename><surname>Letz</surname></persName>\n\t\t</author>\n\t\t<author>\n\t\t\t<persName><forename type=\"first\">Yann</forename><surname>Orlarey</surname></persName>\n\t\t</author>\n\t\t<author>\n\t\t\t<persName><forename type=\"first\">Romain</forename><surname>Michon</surname></persName>\n\t\t</author>\n\t\t<author>\n\t\t\t<persName><forename type=\"first\">Dominique</forename><surname>Fober</surname></persName>\n\t\t</author>\n\t\t<author>\n\t\t\t<persName><forename type=\"first\">Michel</forename><surname>Buffa</surname></persName>\n\t\t</author>\n\t\t<author>\n\t\t\t<persName><forename type=\"first\">Jerome</forename><surname>Lebrun</surname></persName>\n\t\t</author>\n\t\t<idno type=\"DOI\">10.17743/jaes.2020.0014</idno>\n\t\t<idno>\u27e8hal-03087763\u27e9</idno>\n\t</analytic>\n\t<monogr>\n\t\t<title level=\"j\">Journal of the Audio Engineering Society</title>\n\t\t<title level=\"j\" type=\"abbrev\">J. Audio Eng. Soc.</title>\n\t\t<idno type=\"ISSN\">1549-4950</idno>\n\t\t<imprint>\n\t\t\t<biblScope unit=\"volume\">68</biblScope>\n\t\t\t<biblScope unit=\"issue\">10</biblScope>\n\t\t\t<biblScope unit=\"page\" from=\"703\" to=\"716\" />\n\t\t\t<date type=\"published\" when=\"2020-12-07\">2020</date>\n\t\t\t<publisher>Audio Engineering Society</publisher>\n\t\t</imprint>\n\t</monogr>\n</biblStruct>\n"}], "runtime": 86830, "id": "012eabae57128c16a4cf9ea5f47f595c085e0d0b", "metadata": {"id": "012eabae57128c16a4cf9ea5f47f595c085e0d0b"}, "original_file_path": "../../datalake/Samuel/SOFTware-Sync/data/xml_not_sofctied/hal-03726153.grobid.tei.xml", "file_name": "hal-03726153.grobid.tei.xml"}