{"application": "software-mentions", "version": "0.8.0", "date": "2024-04-12T16:54+0000", "md5": "CBE081A885B7D81310AB72F5C0462817", "mentions": [{"type": "software", "software-type": "software", "software-name": {"rawForm": "ISSA", "normalizedForm": "ISSA", "offsetStart": 0, "offsetEnd": 4}, "context": "ISSA aims to (1) provide a generic, reusable and extensible pipeline for the analysis and processing of an open scientific archive, (2) translate the results into a semantic index in the form of an RDF knowledge graph (KG); (3) develop innovative search and visualization services exploiting the index, aimed at researchers, decision makers, or STI professionals.", "mentionContextAttributes": {"used": {"value": false, "score": 0.00016999244689941406}, "created": {"value": true, "score": 0.9816412329673767}, "shared": {"value": false, "score": 8.64267349243164e-06}}, "documentContextAttributes": {"used": {"value": false, "score": 0.15821778774261475}, "created": {"value": true, "score": 0.9998992085456848}, "shared": {"value": true, "score": 0.8294078707695007}}, "references": [{"label": "[3]", "normalizedForm": "[3]", "refKey": 2}]}, {"type": "software", "software-type": "software", "software-name": {"rawForm": "ISSA", "normalizedForm": "ISSA", "offsetStart": 0, "offsetEnd": 4}, "context": "ISSA also has a strong focus on using Linked Open Data and FAIR principles, which are absent from OpenMinted.", "mentionContextAttributes": {"used": {"value": false, "score": 6.765127182006836e-05}, "created": {"value": false, "score": 0.0001995563507080078}, "shared": {"value": false, "score": 7.748603820800781e-07}}, "documentContextAttributes": {"used": {"value": false, "score": 0.15821778774261475}, "created": {"value": true, "score": 0.9998992085456848}, "shared": {"value": true, "score": 0.8294078707695007}}, "references": [{"label": "[3]", "normalizedForm": "[3]", "refKey": 2}]}, {"type": "software", "software-type": "software", "software-name": {"rawForm": "ISSA", "normalizedForm": "ISSA", "offsetStart": 0, "offsetEnd": 4}, "context": "ISSA Agritrop Dataset.", "mentionContextAttributes": {"used": {"value": false, "score": 0.010358273983001709}, "created": {"value": false, "score": 3.2007694244384766e-05}, "shared": {"value": false, "score": 2.980232238769531e-07}}, "documentContextAttributes": {"used": {"value": false, "score": 0.15821778774261475}, "created": {"value": true, "score": 0.9998992085456848}, "shared": {"value": true, "score": 0.8294078707695007}}, "references": [{"label": "[3]", "normalizedForm": "[3]", "refKey": 2}]}, {"type": "software", "software-type": "software", "software-name": {"rawForm": "Annif", "normalizedForm": "Annif", "offsetStart": 0, "offsetEnd": 5}, "context": "Annif does not propose any new methods per se, but provides a framework and API to integrate existing machine learning models and tools to index corpora of scientific publications. ", "mentionContextAttributes": {"used": {"value": false, "score": 2.3663043975830078e-05}, "created": {"value": true, "score": 0.6127445101737976}, "shared": {"value": false, "score": 6.556510925292969e-07}}, "documentContextAttributes": {"used": {"value": true, "score": 0.9999433159828186}, "created": {"value": true, "score": 0.6127445101737976}, "shared": {"value": false, "score": 0.21237397193908691}}}, {"type": "software", "software-type": "software", "software-name": {"rawForm": "LDViz", "normalizedForm": "LDViz", "offsetStart": 0, "offsetEnd": 5}, "context": "LDViz proposes a query panel where domain experts can select predefined queries (Fig. 4a) and explore the data through complementary visualization techniques. ", "mentionContextAttributes": {"used": {"value": false, "score": 7.075071334838867e-05}, "created": {"value": false, "score": 0.057713210582733154}, "shared": {"value": false, "score": 2.980232238769531e-07}}, "documentContextAttributes": {"used": {"value": false, "score": 0.0012154579162597656}, "created": {"value": true, "score": 0.6934317946434021}, "shared": {"value": false, "score": 2.980232238769531e-07}}}, {"type": "software", "software-type": "software", "software-name": {"rawForm": "Annif", "normalizedForm": "Annif", "offsetStart": 0, "offsetEnd": 5}, "context": "Annif and the NE extractors were deployed on a virtual machine with 12 CPU cores (2.3GHz) and 32GB RAM, the processing took 11 hours.", "mentionContextAttributes": {"used": {"value": true, "score": 0.9999433159828186}, "created": {"value": false, "score": 4.690885543823242e-05}, "shared": {"value": false, "score": 4.172325134277344e-07}}, "documentContextAttributes": {"used": {"value": true, "score": 0.9999433159828186}, "created": {"value": true, "score": 0.6127445101737976}, "shared": {"value": false, "score": 0.21237397193908691}}}, {"type": "software", "software-type": "software", "software-name": {"rawForm": "Arviz", "normalizedForm": "Arviz", "offsetStart": 0, "offsetEnd": 5}, "context": "Arviz and association rules mining Apache 2.0 10.5281/zenodo.6511786", "mentionContextAttributes": {"used": {"value": true, "score": 0.9938330054283142}, "created": {"value": false, "score": 3.874301910400391e-06}, "shared": {"value": false, "score": 4.172325134277344e-07}}, "documentContextAttributes": {"used": {"value": true, "score": 0.9938330054283142}, "created": {"value": false, "score": 0.00010079145431518555}, "shared": {"value": false, "score": 4.172325134277344e-07}}}, {"type": "software", "software-type": "software", "software-name": {"rawForm": "MGExplorer", "normalizedForm": "MGExplorer", "offsetStart": 0, "offsetEnd": 10}, "version": {"rawForm": "2.0", "normalizedForm": "2.0", "offsetStart": 18, "offsetEnd": 21}, "context": "MGExplorer Apache 2.0 10.5281/zenodo.6511782 ", "mentionContextAttributes": {"used": {"value": true, "score": 0.9903378486633301}, "created": {"value": false, "score": 2.562999725341797e-06}, "shared": {"value": false, "score": 6.258487701416016e-06}}, "documentContextAttributes": {"used": {"value": true, "score": 0.9903378486633301}, "created": {"value": true, "score": 0.6934317946434021}, "shared": {"value": false, "score": 6.258487701416016e-06}}}, {"type": "software", "software-type": "software", "software-name": {"rawForm": "DBpedia", "normalizedForm": "DBpedia", "offsetStart": 1, "offsetEnd": 8}, "context": "-DBpedia Spotlight [15] annotates text in eight different languages with DBpedia entities.", "mentionContextAttributes": {"used": {"value": false, "score": 0.03641355037689209}, "created": {"value": false, "score": 6.139278411865234e-06}, "shared": {"value": false, "score": 2.980232238769531e-07}}, "documentContextAttributes": {"used": {"value": false, "score": 0.24245154857635498}, "created": {"value": false, "score": 0.015648841857910156}, "shared": {"value": false, "score": 0.00045794248580932617}}}, {"type": "software", "software-type": "software", "software-name": {"rawForm": "ISSA", "normalizedForm": "ISSA", "offsetStart": 4, "offsetEnd": 8}, "context": "The ISSA pipeline harnesses existing tools to analyze and index the articles of a scientific archive, drawing meaningful links between the articles and the Web of Data, and following Semantic Web standards.", "mentionContextAttributes": {"used": {"value": false, "score": 0.00013303756713867188}, "created": {"value": false, "score": 0.011858463287353516}, "shared": {"value": false, "score": 6.556510925292969e-07}}, "documentContextAttributes": {"used": {"value": false, "score": 0.15821778774261475}, "created": {"value": true, "score": 0.9998992085456848}, "shared": {"value": true, "score": 0.8294078707695007}}, "references": [{"label": "[3]", "normalizedForm": "[3]", "refKey": 2}]}, {"type": "software", "software-type": "software", "software-name": {"rawForm": "ISSA", "normalizedForm": "ISSA", "offsetStart": 4, "offsetEnd": 8}, "context": "The ISSA pipeline includes such a classification system through the integration of Annif [32], a framework developed by the National Library of Finland.", "mentionContextAttributes": {"used": {"value": false, "score": 0.0002747774124145508}, "created": {"value": false, "score": 0.00023055076599121094}, "shared": {"value": false, "score": 2.980232238769531e-07}}, "documentContextAttributes": {"used": {"value": false, "score": 0.15821778774261475}, "created": {"value": true, "score": 0.9998992085456848}, "shared": {"value": true, "score": 0.8294078707695007}}, "references": [{"label": "[3]", "normalizedForm": "[3]", "refKey": 2}]}, {"type": "software", "software-type": "software", "software-name": {"rawForm": "ISSA", "normalizedForm": "ISSA", "offsetStart": 4, "offsetEnd": 8}, "context": "The ISSA pipeline relies on three tools to identify, disambiguate and link NEs from the articles (title, abstract and body) of the scientific archive:", "mentionContextAttributes": {"used": {"value": false, "score": 0.005684196949005127}, "created": {"value": false, "score": 0.0005301237106323242}, "shared": {"value": false, "score": 2.980232238769531e-07}}, "documentContextAttributes": {"used": {"value": false, "score": 0.15821778774261475}, "created": {"value": true, "score": 0.9998992085456848}, "shared": {"value": true, "score": 0.8294078707695007}}, "references": [{"label": "[3]", "normalizedForm": "[3]", "refKey": 2}]}, {"type": "software", "software-type": "software", "software-name": {"rawForm": "ISSA", "normalizedForm": "ISSA", "offsetStart": 4, "offsetEnd": 8}, "context": "The ISSA pipeline comes with a connector compatible with the Open Archives Initiative Protocol for Metadata Harvesting (OAI-PMH) 6 that is largely adopted in scientific data sharing [16].", "mentionContextAttributes": {"used": {"value": false, "score": 0.0002881288528442383}, "created": {"value": false, "score": 0.000133514404296875}, "shared": {"value": false, "score": 5.364418029785156e-07}}, "documentContextAttributes": {"used": {"value": false, "score": 0.15821778774261475}, "created": {"value": true, "score": 0.9998992085456848}, "shared": {"value": true, "score": 0.8294078707695007}}, "references": [{"label": "[3]", "normalizedForm": "[3]", "refKey": 2}]}, {"type": "software", "software-type": "software", "software-name": {"rawForm": "ISSA", "normalizedForm": "ISSA", "offsetStart": 4, "offsetEnd": 8}, "context": "The ISSA prototype meets this need by enabling users to access an enriched bibliographic view of each open access article in the database.", "mentionContextAttributes": {"used": {"value": false, "score": 5.036592483520508e-05}, "created": {"value": false, "score": 0.01994335651397705}, "shared": {"value": false, "score": 0.006765425205230713}}, "documentContextAttributes": {"used": {"value": false, "score": 0.15821778774261475}, "created": {"value": true, "score": 0.9998992085456848}, "shared": {"value": true, "score": 0.8294078707695007}}, "references": [{"label": "[3]", "normalizedForm": "[3]", "refKey": 2}]}, {"type": "software", "software-type": "software", "software-name": {"rawForm": "ISSA", "normalizedForm": "ISSA", "offsetStart": 4, "offsetEnd": 8}, "context": "The ISSA project addresses a widely expressed need in communities that manage open archives, in particular libraries and STI services: provide users with powerful, accurate services to find articles relevant for their goals.", "mentionContextAttributes": {"used": {"value": false, "score": 9.399652481079102e-05}, "created": {"value": true, "score": 0.9334246516227722}, "shared": {"value": false, "score": 0.00046831369400024414}}, "documentContextAttributes": {"used": {"value": false, "score": 0.15821778774261475}, "created": {"value": true, "score": 0.9998992085456848}, "shared": {"value": true, "score": 0.8294078707695007}}, "references": [{"label": "[3]", "normalizedForm": "[3]", "refKey": 2}]}, {"type": "software", "software-type": "software", "software-name": {"rawForm": "ISSA", "normalizedForm": "ISSA", "offsetStart": 4, "offsetEnd": 8}, "context": "The ISSA pipeline not only allows the automatic indexing of articles, but also offers services to find relevant articles by exploiting the richness of their semantic associations.", "mentionContextAttributes": {"used": {"value": false, "score": 3.606081008911133e-05}, "created": {"value": false, "score": 0.002299189567565918}, "shared": {"value": false, "score": 5.364418029785156e-07}}, "documentContextAttributes": {"used": {"value": false, "score": 0.15821778774261475}, "created": {"value": true, "score": 0.9998992085456848}, "shared": {"value": true, "score": 0.8294078707695007}}, "references": [{"label": "[3]", "normalizedForm": "[3]", "refKey": 2}]}, {"type": "software", "software-type": "software", "software-name": {"rawForm": "OpenMinted", "normalizedForm": "OpenMinted", "offsetStart": 4, "offsetEnd": 14}, "context": "The OpenMinted [5] project aimed at creating a generic Software As A Service EU infrastructure for text mining, based on a modular architecture, that researchers could use by contributing their use-cases.", "mentionContextAttributes": {"used": {"value": false, "score": 0.0002338886260986328}, "created": {"value": false, "score": 0.17464101314544678}, "shared": {"value": false, "score": 2.562999725341797e-06}}, "documentContextAttributes": {"used": {"value": false, "score": 0.0002338886260986328}, "created": {"value": false, "score": 0.17464101314544678}, "shared": {"value": false, "score": 2.3305416107177734e-05}}, "references": [{"label": "[5]", "normalizedForm": "[5]", "refKey": 3, "offsetStart": 5257, "offsetEnd": 5260}]}, {"type": "software", "software-type": "software", "software-name": {"rawForm": "ISSA", "normalizedForm": "ISSA", "offsetStart": 5, "offsetEnd": 9}, "context": "This ISSA project is supported by the research infrastructure CollEx-Pers\u00e9e (https://www.collexpersee.eu/projet/issa/).", "mentionContextAttributes": {"used": {"value": false, "score": 0.04412811994552612}, "created": {"value": false, "score": 0.001464545726776123}, "shared": {"value": false, "score": 0.029843807220458984}}, "documentContextAttributes": {"used": {"value": false, "score": 0.15821778774261475}, "created": {"value": true, "score": 0.9998992085456848}, "shared": {"value": true, "score": 0.8294078707695007}}, "references": [{"label": "[3]", "normalizedForm": "[3]", "refKey": 2}]}, {"type": "software", "software-type": "software", "software-name": {"rawForm": "ISSA", "normalizedForm": "ISSA", "offsetStart": 7, "offsetEnd": 11}, "context": "In the ISSA pipeline, a corpus is extracted per language and split into training, validation and testing sets, in order to train the Annif model.", "mentionContextAttributes": {"used": {"value": false, "score": 0.027761340141296387}, "created": {"value": false, "score": 0.00017786026000976562}, "shared": {"value": false, "score": 2.980232238769531e-07}}, "documentContextAttributes": {"used": {"value": false, "score": 0.15821778774261475}, "created": {"value": true, "score": 0.9998992085456848}, "shared": {"value": true, "score": 0.8294078707695007}}, "references": [{"label": "[3]", "normalizedForm": "[3]", "refKey": 2}]}, {"type": "software", "software-type": "software", "software-name": {"rawForm": "Annif", "normalizedForm": "Annif", "offsetStart": 9, "offsetEnd": 14}, "context": "To train Annif to annotate new articles with AGROVOC terms, we extracted a corpus of approximately 12,000 English and French open-access articles. ", "mentionContextAttributes": {"used": {"value": true, "score": 0.9998902678489685}, "created": {"value": false, "score": 0.4704729914665222}, "shared": {"value": false, "score": 4.172325134277344e-07}}, "documentContextAttributes": {"used": {"value": true, "score": 0.9999433159828186}, "created": {"value": true, "score": 0.6127445101737976}, "shared": {"value": false, "score": 0.21237397193908691}}}, {"type": "software", "software-type": "software", "software-name": {"rawForm": "Spotlight", "normalizedForm": "Spotlight", "offsetStart": 9, "offsetEnd": 18}, "context": "-DBpedia Spotlight [15] annotates text in eight different languages with DBpedia entities.", "mentionContextAttributes": {"used": {"value": false, "score": 0.03641355037689209}, "created": {"value": false, "score": 6.139278411865234e-06}, "shared": {"value": false, "score": 2.980232238769531e-07}}, "documentContextAttributes": {"used": {"value": false, "score": 0.2169162631034851}, "created": {"value": false, "score": 7.444620132446289e-05}, "shared": {"value": false, "score": 0.00045794248580932617}}, "references": [{"label": "[15]", "normalizedForm": "[15]", "refKey": 13, "offsetStart": 11103, "offsetEnd": 11107}]}, {"type": "software", "software-type": "software", "wikidataId": "Q11354", "wikipediaExternalRef": 2581, "lang": "en", "confidence": 0.8046, "software-name": {"rawForm": "Apache", "normalizedForm": "Apache", "wikidataId": "Q11354", "wikipediaExternalRef": 2581, "lang": "en", "confidence": 0.8046, "offsetStart": 11, "offsetEnd": 17}, "version": {"rawForm": "2.0", "normalizedForm": "2.0"}, "context": "MGExplorer Apache 2.0 10.5281/zenodo.6511782", "mentionContextAttributes": {"used": {"value": true, "score": 0.9903378486633301}, "created": {"value": false, "score": 2.562999725341797e-06}, "shared": {"value": false, "score": 6.258487701416016e-06}}, "documentContextAttributes": {"used": {"value": true, "score": 0.9938330054283142}, "created": {"value": false, "score": 0.04752987623214722}, "shared": {"value": true, "score": 0.8294078707695007}}}, {"type": "software", "software-type": "software", "software-name": {"rawForm": "ISSA", "normalizedForm": "ISSA", "offsetStart": 13, "offsetEnd": 17}, "context": "Furthermore, ISSA adopts a pragmatic approach that strives to rely on robust, industry-proven, scalable solutions, and integrate them into a coherent, easily deployable pipeline.", "mentionContextAttributes": {"used": {"value": false, "score": 5.453824996948242e-05}, "created": {"value": true, "score": 0.8375697731971741}, "shared": {"value": false, "score": 1.1324882507324219e-06}}, "documentContextAttributes": {"used": {"value": false, "score": 0.15821778774261475}, "created": {"value": true, "score": 0.9998992085456848}, "shared": {"value": true, "score": 0.8294078707695007}}, "references": [{"label": "[3]", "normalizedForm": "[3]", "refKey": 2}]}, {"type": "software", "software-type": "software", "wikidataId": "Q465", "wikipediaExternalRef": 11865154, "lang": "en", "confidence": 0.9004, "software-name": {"rawForm": "DBpedia Spotlight", "normalizedForm": "DBpedia Spotlight", "wikidataId": "Q465", "wikipediaExternalRef": 11865154, "lang": "en", "confidence": 0.9004, "offsetStart": 13, "offsetEnd": 32}, "context": "In addition, DBpedia Spotlight11 and Entity-fishing are deployed using pre-trained English and French models.", "mentionContextAttributes": {"used": {"value": false, "score": 0.022936344146728516}, "created": {"value": false, "score": 0.00029206275939941406}, "shared": {"value": false, "score": 2.980232238769531e-07}}, "documentContextAttributes": {"used": {"value": false, "score": 0.09295868873596191}, "created": {"value": false, "score": 0.00029206275939941406}, "shared": {"value": false, "score": 0.21237397193908691}}}, {"type": "software", "software-type": "software", "software-name": {"rawForm": "ISSA", "normalizedForm": "ISSA", "offsetStart": 17, "offsetEnd": 21}, "context": "In contrast, the ISSA project adopts a more modest but focused and pragmatic approach, proposing a generic pipeline adaptable to multiple domains, based on the integration of robust, industry-proven and scalable existing tools, and deployable by each community.", "mentionContextAttributes": {"used": {"value": false, "score": 8.386373519897461e-05}, "created": {"value": true, "score": 0.6775500774383545}, "shared": {"value": false, "score": 4.231929779052734e-06}}, "documentContextAttributes": {"used": {"value": false, "score": 0.15821778774261475}, "created": {"value": true, "score": 0.9998992085456848}, "shared": {"value": true, "score": 0.8294078707695007}}, "references": [{"label": "[3]", "normalizedForm": "[3]", "refKey": 2}]}, {"type": "software", "software-type": "software", "software-name": {"rawForm": "Arviz", "normalizedForm": "Arviz", "offsetStart": 19, "offsetEnd": 29}, "context": "In particular, the Arviz [24] and MGExplorer [25] visualization tools make it possible to explore and visualize thematic association rules, networks of co-publications, or of articles with co-occurring topics, in order to concretely answer competency questions. ", "mentionContextAttributes": {"used": {"value": false, "score": 5.334615707397461e-05}, "created": {"value": false, "score": 0.00010079145431518555}, "shared": {"value": false, "score": 4.172325134277344e-07}}, "documentContextAttributes": {"used": {"value": true, "score": 0.9938330054283142}, "created": {"value": false, "score": 0.00010079145431518555}, "shared": {"value": false, "score": 4.172325134277344e-07}}}, {"type": "software", "software-type": "software", "wikidataId": "Q11354", "wikipediaExternalRef": 2581, "lang": "en", "confidence": 0.8046, "software-name": {"rawForm": "Apache", "normalizedForm": "Apache", "wikidataId": "Q11354", "wikipediaExternalRef": 2581, "lang": "en", "confidence": 0.8046, "offsetStart": 22, "offsetEnd": 28}, "version": {"rawForm": "2.0", "normalizedForm": "2.0", "offsetStart": 29, "offsetEnd": 32}, "context": "Article visualization Apache 2.0 10.5281/zenodo.6510031 ", "mentionContextAttributes": {"used": {"value": false, "score": 0.13187718391418457}, "created": {"value": false, "score": 3.516674041748047e-06}, "shared": {"value": false, "score": 4.172325134277344e-07}}, "documentContextAttributes": {"used": {"value": true, "score": 0.9938330054283142}, "created": {"value": false, "score": 0.04752987623214722}, "shared": {"value": true, "score": 0.8294078707695007}}}, {"type": "software", "software-type": "software", "software-name": {"rawForm": "ISSA", "normalizedForm": "ISSA", "offsetStart": 28, "offsetEnd": 32}, "context": "To this end, we explore the ISSA semantic index using the LDViz tool which leverages SPARQL queries to explore relevant data through the multiple perspectives delivered by the MGExplorer graphic library.", "mentionContextAttributes": {"used": {"value": false, "score": 0.0012154579162597656}, "created": {"value": true, "score": 0.6934317946434021}, "shared": {"value": false, "score": 2.980232238769531e-07}}, "documentContextAttributes": {"used": {"value": false, "score": 0.15821778774261475}, "created": {"value": true, "score": 0.9998992085456848}, "shared": {"value": true, "score": 0.8294078707695007}}, "references": [{"label": "[3]", "normalizedForm": "[3]", "refKey": 2}]}, {"type": "software", "software-type": "software", "software-name": {"rawForm": "ISSA", "normalizedForm": "ISSA", "offsetStart": 30, "offsetEnd": 34}, "context": "From a technical perspective, ISSA consists of several software components integrated together. ", "mentionContextAttributes": {"used": {"value": false, "score": 0.01412045955657959}, "created": {"value": false, "score": 0.00445026159286499}, "shared": {"value": false, "score": 4.172325134277344e-07}}, "documentContextAttributes": {"used": {"value": false, "score": 0.15821778774261475}, "created": {"value": true, "score": 0.9998992085456848}, "shared": {"value": true, "score": 0.8294078707695007}}, "references": [{"label": "[3]", "normalizedForm": "[3]", "refKey": 2}]}, {"type": "software", "software-type": "software", "software-name": {"rawForm": "Annif", "normalizedForm": "Annif", "offsetStart": 31, "offsetEnd": 36}, "context": "Third-party components such as Annif, Grobid, DBpedia Spotlight and Entity-fishing are obtained through their official Docker image distributions on DockerHub. ", "mentionContextAttributes": {"used": {"value": false, "score": 0.2169162631034851}, "created": {"value": false, "score": 7.444620132446289e-05}, "shared": {"value": false, "score": 0.00045794248580932617}}, "documentContextAttributes": {"used": {"value": true, "score": 0.9999433159828186}, "created": {"value": true, "score": 0.6127445101737976}, "shared": {"value": false, "score": 0.21237397193908691}}}, {"type": "software", "software-type": "software", "software-name": {"rawForm": "ISSA", "normalizedForm": "ISSA", "offsetStart": 32, "offsetEnd": 36}, "context": "In summary the overall scope of ISSA includes something absent from all those initiatives: a generic end-to-end pipeline, that is easy to deploy and customize.", "mentionContextAttributes": {"used": {"value": false, "score": 6.633996963500977e-05}, "created": {"value": false, "score": 0.016826927661895752}, "shared": {"value": false, "score": 4.172325134277344e-07}}, "documentContextAttributes": {"used": {"value": false, "score": 0.15821778774261475}, "created": {"value": true, "score": 0.9998992085456848}, "shared": {"value": true, "score": 0.8294078707695007}}, "references": [{"label": "[3]", "normalizedForm": "[3]", "refKey": 2}]}, {"type": "software", "software-type": "software", "software-name": {"rawForm": "MGExplorer", "normalizedForm": "MGExplorer", "offsetStart": 34, "offsetEnd": 49}, "version": {"rawForm": "2.0", "normalizedForm": "2.0"}, "context": "In particular, the Arviz [24] and MGExplorer [25] visualization tools make it possible to explore and visualize thematic association rules, networks of co-publications, or of articles with co-occurring topics, in order to concretely answer competency questions. ", "mentionContextAttributes": {"used": {"value": false, "score": 5.334615707397461e-05}, "created": {"value": false, "score": 0.00010079145431518555}, "shared": {"value": false, "score": 4.172325134277344e-07}}, "documentContextAttributes": {"used": {"value": true, "score": 0.9903378486633301}, "created": {"value": true, "score": 0.6934317946434021}, "shared": {"value": false, "score": 6.258487701416016e-06}}}, {"type": "software", "software-type": "software", "wikidataId": "Q11354", "wikipediaExternalRef": 2581, "lang": "en", "confidence": 0.8046, "software-name": {"rawForm": "Apache", "normalizedForm": "Apache", "wikidataId": "Q11354", "wikipediaExternalRef": 2581, "lang": "en", "confidence": 0.8046, "offsetStart": 35, "offsetEnd": 41}, "version": {"rawForm": "2.0", "normalizedForm": "2.0", "offsetStart": 42, "offsetEnd": 45}, "context": "Arviz and association rules mining Apache 2.0 10.5281/zenodo.6511786 ", "mentionContextAttributes": {"used": {"value": true, "score": 0.9938330054283142}, "created": {"value": false, "score": 3.874301910400391e-06}, "shared": {"value": false, "score": 4.172325134277344e-07}}, "documentContextAttributes": {"used": {"value": true, "score": 0.9938330054283142}, "created": {"value": false, "score": 0.04752987623214722}, "shared": {"value": true, "score": 0.8294078707695007}}}, {"type": "software", "software-type": "software", "software-name": {"rawForm": "ISSA", "normalizedForm": "ISSA", "offsetStart": 36, "offsetEnd": 40}, "context": "The components developed within the ISSA project are available on Github repositories, licensed under the open-source, free-software Apache 2.0 license, and assigned a DOI that guarantees long-term availability. ", "mentionContextAttributes": {"used": {"value": false, "score": 0.12349337339401245}, "created": {"value": false, "score": 0.04752987623214722}, "shared": {"value": true, "score": 0.8294078707695007}}, "documentContextAttributes": {"used": {"value": false, "score": 0.15821778774261475}, "created": {"value": true, "score": 0.9998992085456848}, "shared": {"value": true, "score": 0.8294078707695007}}, "references": [{"label": "[3]", "normalizedForm": "[3]", "refKey": 2}]}, {"type": "software", "software-type": "software", "software-name": {"rawForm": "ISSA", "normalizedForm": "ISSA", "offsetStart": 37, "offsetEnd": 41}, "context": "Furthermore, a key motivation of the ISSA project is to provide a solution generic enough to be reused with various scientific archives.", "mentionContextAttributes": {"used": {"value": false, "score": 9.530782699584961e-05}, "created": {"value": false, "score": 0.15775048732757568}, "shared": {"value": false, "score": 5.364418029785156e-07}}, "documentContextAttributes": {"used": {"value": false, "score": 0.15821778774261475}, "created": {"value": true, "score": 0.9998992085456848}, "shared": {"value": true, "score": 0.8294078707695007}}, "references": [{"label": "[3]", "normalizedForm": "[3]", "refKey": 2}]}, {"type": "software", "software-type": "software", "software-name": {"rawForm": "Grobid", "normalizedForm": "Grobid", "offsetStart": 38, "offsetEnd": 44}, "context": "Third-party components such as Annif, Grobid, DBpedia Spotlight and Entity-fishing are obtained through their official Docker image distributions on DockerHub. ", "mentionContextAttributes": {"used": {"value": false, "score": 0.2169162631034851}, "created": {"value": false, "score": 7.444620132446289e-05}, "shared": {"value": false, "score": 0.00045794248580932617}}, "documentContextAttributes": {"used": {"value": false, "score": 0.2169162631034851}, "created": {"value": false, "score": 0.00021123886108398438}, "shared": {"value": false, "score": 0.21237397193908691}}}, {"type": "software", "software-type": "software", "software-name": {"rawForm": "ISSA", "normalizedForm": "ISSA", "offsetStart": 41, "offsetEnd": 45}, "context": "3 From an Open Scientific Archive to the ISSA Pipeline and Knowledge Graph", "mentionContextAttributes": {"used": {"value": false, "score": 0.004648745059967041}, "created": {"value": false, "score": 4.64320182800293e-05}, "shared": {"value": false, "score": 4.172325134277344e-07}}, "documentContextAttributes": {"used": {"value": false, "score": 0.15821778774261475}, "created": {"value": true, "score": 0.9998992085456848}, "shared": {"value": true, "score": 0.8294078707695007}}, "references": [{"label": "[3]", "normalizedForm": "[3]", "refKey": 2}]}, {"type": "software", "software-type": "software", "software-name": {"rawForm": "ARViz", "normalizedForm": "ARViz", "offsetStart": 41, "offsetEnd": 48}, "context": "In particular, we explore the data using ARViz14 (Fig. 3), a generic tool designed to support the exploration of association rules via three complementary visualization techniques (i.e. a scatter plot, a chord diagram, and an association graph) providing the distribution of rules over the measures of interest and a focused exploration of (i) items, to find and/or describe the rules involving a particular item, and (ii) rules, to detect distinguishable association rules that are worth saving for knowledge acquisition.", "mentionContextAttributes": {"used": {"value": true, "score": 0.5024871230125427}, "created": {"value": false, "score": 0.009665966033935547}, "shared": {"value": false, "score": 8.940696716308594e-07}}, "documentContextAttributes": {"used": {"value": true, "score": 0.998058021068573}, "created": {"value": false, "score": 0.009665966033935547}, "shared": {"value": false, "score": 8.940696716308594e-07}}}, {"type": "software", "software-type": "software", "software-name": {"rawForm": "ISSA", "normalizedForm": "ISSA", "offsetStart": 42, "offsetEnd": 46}, "context": "In addition to text processing steps, the ISSA pipeline requires obtaining the articles' metadata and translating them into RDF.", "mentionContextAttributes": {"used": {"value": false, "score": 0.01565694808959961}, "created": {"value": false, "score": 0.0002067089080810547}, "shared": {"value": false, "score": 2.980232238769531e-07}}, "documentContextAttributes": {"used": {"value": false, "score": 0.15821778774261475}, "created": {"value": true, "score": 0.9998992085456848}, "shared": {"value": true, "score": 0.8294078707695007}}, "references": [{"label": "[3]", "normalizedForm": "[3]", "refKey": 2}]}, {"type": "software", "software-type": "software", "software-name": {"rawForm": "ARViz", "normalizedForm": "ARViz", "offsetStart": 42, "offsetEnd": 47}, "context": "Given a antecedent or consequent concept, ARViz dynamically identifies and displays all the relevant associated concepts. ", "mentionContextAttributes": {"used": {"value": false, "score": 0.00028967857360839844}, "created": {"value": false, "score": 0.0012013912200927734}, "shared": {"value": false, "score": 2.980232238769531e-07}}, "documentContextAttributes": {"used": {"value": true, "score": 0.998058021068573}, "created": {"value": false, "score": 0.009665966033935547}, "shared": {"value": false, "score": 8.940696716308594e-07}}}, {"type": "software", "software-type": "software", "software-name": {"rawForm": "ARViz", "normalizedForm": "ARViz", "offsetStart": 43, "offsetEnd": 48}, "context": "Thus, we use the association graph view in ARViz to display all the rules involving the concept COVID-19 (Fig. 3b). ", "mentionContextAttributes": {"used": {"value": true, "score": 0.998058021068573}, "created": {"value": false, "score": 5.304813385009766e-06}, "shared": {"value": false, "score": 2.980232238769531e-07}}, "documentContextAttributes": {"used": {"value": true, "score": 0.998058021068573}, "created": {"value": false, "score": 0.009665966033935547}, "shared": {"value": false, "score": 8.940696716308594e-07}}}, {"type": "software", "software-type": "software", "software-name": {"rawForm": "ISSA", "normalizedForm": "ISSA", "offsetStart": 44, "offsetEnd": 48}, "context": "The indexing and consolidated KG aspects of ISSA are absent.", "mentionContextAttributes": {"used": {"value": false, "score": 0.008699357509613037}, "created": {"value": false, "score": 2.3305416107177734e-05}, "shared": {"value": false, "score": 1.7881393432617188e-07}}, "documentContextAttributes": {"used": {"value": false, "score": 0.15821778774261475}, "created": {"value": true, "score": 0.9998992085456848}, "shared": {"value": true, "score": 0.8294078707695007}}, "references": [{"label": "[3]", "normalizedForm": "[3]", "refKey": 2}]}, {"type": "software", "software-type": "software", "software-name": {"rawForm": "DBpedia", "normalizedForm": "DBpedia", "offsetStart": 46, "offsetEnd": 53}, "context": "Third-party components such as Annif, Grobid, DBpedia Spotlight and Entity-fishing are obtained through their official Docker image distributions on DockerHub. ", "mentionContextAttributes": {"used": {"value": false, "score": 0.2169162631034851}, "created": {"value": false, "score": 7.444620132446289e-05}, "shared": {"value": false, "score": 0.00045794248580932617}}, "documentContextAttributes": {"used": {"value": false, "score": 0.24245154857635498}, "created": {"value": false, "score": 0.015648841857910156}, "shared": {"value": false, "score": 0.00045794248580932617}}}, {"type": "software", "software-type": "software", "software-name": {"rawForm": "Grobid", "normalizedForm": "Grobid", "offsetStart": 47, "offsetEnd": 53}, "context": "To facilitate the deployment, thirdparty tools Grobid, Annif, Entity-fishing and DBpedia Spotlight are dockerized 6 https://www.openarchives.org/pmh/ ", "mentionContextAttributes": {"used": {"value": false, "score": 0.09295868873596191}, "created": {"value": false, "score": 5.525350570678711e-05}, "shared": {"value": false, "score": 0.21237397193908691}}, "documentContextAttributes": {"used": {"value": false, "score": 0.2169162631034851}, "created": {"value": false, "score": 0.00021123886108398438}, "shared": {"value": false, "score": 0.21237397193908691}}}, {"type": "software", "software-type": "software", "software-name": {"rawForm": "Annif", "normalizedForm": "Annif", "offsetStart": 51, "offsetEnd": 56}, "context": "Finally, the automatic thematic indexing relies on Annif that supports numerous models and can be used with arbitrary vocabularies and languages.", "mentionContextAttributes": {"used": {"value": false, "score": 0.0058078765869140625}, "created": {"value": false, "score": 0.00015020370483398438}, "shared": {"value": false, "score": 2.980232238769531e-07}}, "documentContextAttributes": {"used": {"value": true, "score": 0.9999433159828186}, "created": {"value": true, "score": 0.6127445101737976}, "shared": {"value": false, "score": 0.21237397193908691}}}, {"type": "software", "software-type": "implicit", "software-name": {"rawForm": "scripts", "normalizedForm": "scripts", "offsetStart": 51, "offsetEnd": 58}, "context": "The pipeline's Github repository provides multiple scripts 10 that orchestrate and automate the processing steps from downloading articles to yielding the resulting RDF KG. ", "mentionContextAttributes": {"used": {"value": false, "score": 0.0027685165405273438}, "created": {"value": false, "score": 3.427267074584961e-05}, "shared": {"value": false, "score": 3.039836883544922e-06}}, "documentContextAttributes": {"used": {"value": false, "score": 0.0027685165405273438}, "created": {"value": false, "score": 0.0003484487533569336}, "shared": {"value": false, "score": 1.1622905731201172e-05}}}, {"type": "software", "software-type": "software", "software-name": {"rawForm": "LDViz 16", "normalizedForm": "LDViz 16", "offsetStart": 53, "offsetEnd": 61}, "context": "We present below a complementary visualization tool, LDViz 16 [26] which can meet other types of exploration needs and solve complex competency questions.", "mentionContextAttributes": {"used": {"value": false, "score": 3.129243850708008e-05}, "created": {"value": true, "score": 0.9911942481994629}, "shared": {"value": false, "score": 4.172325134277344e-07}}, "documentContextAttributes": {"used": {"value": false, "score": 3.129243850708008e-05}, "created": {"value": true, "score": 0.9911942481994629}, "shared": {"value": false, "score": 4.172325134277344e-07}}}, {"type": "software", "software-type": "software", "software-name": {"rawForm": "ISSA", "normalizedForm": "ISSA", "offsetStart": 54, "offsetEnd": 58}, "context": "Thus, we are confident that the solution delivered by ISSA can accommodate multiple open archives concerned with similar issues and needs, and help them improve their service offerings.", "mentionContextAttributes": {"used": {"value": false, "score": 0.00017380714416503906}, "created": {"value": true, "score": 0.934429943561554}, "shared": {"value": false, "score": 6.616115570068359e-06}}, "documentContextAttributes": {"used": {"value": false, "score": 0.15821778774261475}, "created": {"value": true, "score": 0.9998992085456848}, "shared": {"value": true, "score": 0.8294078707695007}}, "references": [{"label": "[3]", "normalizedForm": "[3]", "refKey": 2}]}, {"type": "software", "software-type": "software", "software-name": {"rawForm": "Spotlight", "normalizedForm": "Spotlight", "offsetStart": 54, "offsetEnd": 63}, "context": "Third-party components such as Annif, Grobid, DBpedia Spotlight and Entity-fishing are obtained through their official Docker image distributions on DockerHub. ", "mentionContextAttributes": {"used": {"value": false, "score": 0.2169162631034851}, "created": {"value": false, "score": 7.444620132446289e-05}, "shared": {"value": false, "score": 0.00045794248580932617}}, "documentContextAttributes": {"used": {"value": false, "score": 0.2169162631034851}, "created": {"value": false, "score": 7.444620132446289e-05}, "shared": {"value": false, "score": 0.00045794248580932617}}, "references": [{"label": "[15]", "normalizedForm": "[15]", "refKey": 13}]}, {"type": "software", "software-type": "software", "software-name": {"rawForm": "Annif", "normalizedForm": "Annif", "offsetStart": 55, "offsetEnd": 60}, "context": "To facilitate the deployment, thirdparty tools Grobid, Annif, Entity-fishing and DBpedia Spotlight are dockerized 6 https://www.openarchives.org/pmh/ ", "mentionContextAttributes": {"used": {"value": false, "score": 0.09295868873596191}, "created": {"value": false, "score": 5.525350570678711e-05}, "shared": {"value": false, "score": 0.21237397193908691}}, "documentContextAttributes": {"used": {"value": true, "score": 0.9999433159828186}, "created": {"value": true, "score": 0.6127445101737976}, "shared": {"value": false, "score": 0.21237397193908691}}}, {"type": "software", "software-type": "software", "software-name": {"rawForm": "LDViz", "normalizedForm": "LDViz", "offsetStart": 58, "offsetEnd": 63}, "context": "To this end, we explore the ISSA semantic index using the LDViz tool which leverages SPARQL queries to explore relevant data through the multiple perspectives delivered by the MGExplorer graphic library. ", "mentionContextAttributes": {"used": {"value": false, "score": 0.0012154579162597656}, "created": {"value": true, "score": 0.6934317946434021}, "shared": {"value": false, "score": 2.980232238769531e-07}}, "documentContextAttributes": {"used": {"value": false, "score": 0.0012154579162597656}, "created": {"value": true, "score": 0.6934317946434021}, "shared": {"value": false, "score": 2.980232238769531e-07}}}, {"type": "software", "software-type": "software", "software-name": {"rawForm": "Grobid", "normalizedForm": "Grobid", "offsetStart": 65, "offsetEnd": 71}, "context": "Given that the text and abstract extracted from the PDF files by Grobid can be of poor quality, we provide a mechanism to coalesce title and abstract retrieved from the metadata with those extracted from full text.", "mentionContextAttributes": {"used": {"value": false, "score": 0.0007727146148681641}, "created": {"value": false, "score": 0.00021123886108398438}, "shared": {"value": false, "score": 1.2516975402832031e-06}}, "documentContextAttributes": {"used": {"value": false, "score": 0.2169162631034851}, "created": {"value": false, "score": 0.00021123886108398438}, "shared": {"value": false, "score": 0.21237397193908691}}}, {"type": "software", "software-type": "software", "wikidataId": "Q9135", "wikipediaExternalRef": 22194, "lang": "en", "confidence": 0.5609, "software-name": {"rawForm": "OS", "normalizedForm": "OS", "wikidataId": "Q9135", "wikipediaExternalRef": 22194, "lang": "en", "confidence": 0.5609, "offsetStart": 69, "offsetEnd": 71}, "context": "Lastly, the produced RDF files are loaded into a dockerized Virtuoso OS server deployed using an official Docker image. ", "mentionContextAttributes": {"used": {"value": true, "score": 0.9910061359405518}, "created": {"value": false, "score": 0.0003339052200317383}, "shared": {"value": false, "score": 1.0132789611816406e-06}}, "documentContextAttributes": {"used": {"value": true, "score": 0.9910061359405518}, "created": {"value": false, "score": 0.0003339052200317383}, "shared": {"value": false, "score": 0.07429158687591553}}}, {"type": "software", "software-type": "implicit", "software-name": {"rawForm": "scripts", "normalizedForm": "scripts", "offsetStart": 70, "offsetEnd": 77}, "context": "In particular, the processing pipeline's repository provides multiple scripts that orchestrate and automate the different steps from downloading the articles to running the triple store, together with documentation including deployment instructions, licensing and RDF modelling description.", "mentionContextAttributes": {"used": {"value": false, "score": 0.001978635787963867}, "created": {"value": false, "score": 0.0003484487533569336}, "shared": {"value": false, "score": 1.1622905731201172e-05}}, "documentContextAttributes": {"used": {"value": false, "score": 0.0027685165405273438}, "created": {"value": false, "score": 0.0003484487533569336}, "shared": {"value": false, "score": 1.1622905731201172e-05}}}, {"type": "software", "software-type": "software", "software-name": {"rawForm": "ISSA", "normalizedForm": "ISSA", "offsetStart": 71, "offsetEnd": 75}, "context": "This underlines the interest of CIRAD users in the services offered by ISSA, and results from a joint work on application scenarios submitted by CIRAD researchers and scientific information specialists to the ISSA project team.", "mentionContextAttributes": {"used": {"value": false, "score": 0.15821772813796997}, "created": {"value": false, "score": 0.002553105354309082}, "shared": {"value": false, "score": 1.0132789611816406e-06}}, "documentContextAttributes": {"used": {"value": false, "score": 0.15821778774261475}, "created": {"value": true, "score": 0.9998992085456848}, "shared": {"value": true, "score": 0.8294078707695007}}, "references": [{"label": "[3]", "normalizedForm": "[3]", "refKey": 2}]}, {"type": "software", "software-type": "software", "software-name": {"rawForm": "OpenMinted", "normalizedForm": "OpenMinted", "offsetStart": 72, "offsetEnd": 82}, "context": "The ISTEX infrastructure, which was meant to be the corpus provider for OpenMinted [20], has goals related to ISSA in that it aims at constituting corpora of scientific publications and providing research communities with tools to explore relevant subsets of the curated corpora.", "mentionContextAttributes": {"used": {"value": false, "score": 0.00020432472229003906}, "created": {"value": false, "score": 0.036164939403533936}, "shared": {"value": false, "score": 2.3305416107177734e-05}}, "documentContextAttributes": {"used": {"value": false, "score": 0.0002338886260986328}, "created": {"value": false, "score": 0.17464101314544678}, "shared": {"value": false, "score": 2.3305416107177734e-05}}, "references": [{"label": "[20]", "normalizedForm": "[20]", "refKey": 18, "offsetStart": 6256, "offsetEnd": 6260}]}, {"type": "software", "software-type": "software", "software-name": {"rawForm": "DBpedia", "normalizedForm": "DBpedia", "offsetStart": 73, "offsetEnd": 80}, "context": "-DBpedia Spotlight [15] annotates text in eight different languages with DBpedia entities.", "mentionContextAttributes": {"used": {"value": false, "score": 0.03641355037689209}, "created": {"value": false, "score": 6.139278411865234e-06}, "shared": {"value": false, "score": 2.980232238769531e-07}}, "documentContextAttributes": {"used": {"value": false, "score": 0.24245154857635498}, "created": {"value": false, "score": 0.015648841857910156}, "shared": {"value": false, "score": 0.00045794248580932617}}}, {"type": "software", "software-type": "software", "software-name": {"rawForm": "ISSA", "normalizedForm": "ISSA", "offsetStart": 74, "offsetEnd": 78}, "context": "The more recent Covid-on-the-Web project [28] has the most in common with ISSA, providing researchers with ways to access, extract and query knowledge from literature related to the coronavirus family, by building and exploiting a KG describing the concepts and arguments extracted from 100,000+ scientific articles, but stopping short of an end-to-end, reusable pipeline like in ISSA.", "mentionContextAttributes": {"used": {"value": false, "score": 0.0003331899642944336}, "created": {"value": true, "score": 0.9009902477264404}, "shared": {"value": false, "score": 7.808208465576172e-06}}, "documentContextAttributes": {"used": {"value": false, "score": 0.15821778774261475}, "created": {"value": true, "score": 0.9998992085456848}, "shared": {"value": true, "score": 0.8294078707695007}}, "references": [{"label": "[3]", "normalizedForm": "[3]", "refKey": 2}]}, {"type": "software", "software-type": "software", "software-name": {"rawForm": "ISSA", "normalizedForm": "ISSA", "offsetStart": 77, "offsetEnd": 81}, "context": "In this paper, we present the methods, tools and services implemented in the ISSA project [3] to tackle these needs.", "mentionContextAttributes": {"used": {"value": false, "score": 0.00016760826110839844}, "created": {"value": true, "score": 0.9998992085456848}, "shared": {"value": false, "score": 4.172325134277344e-07}}, "documentContextAttributes": {"used": {"value": false, "score": 0.15821778774261475}, "created": {"value": true, "score": 0.9998992085456848}, "shared": {"value": true, "score": 0.8294078707695007}}, "references": [{"label": "[3]", "normalizedForm": "[3]", "refKey": 2, "offsetStart": 1779, "offsetEnd": 1782}]}, {"type": "software", "software-type": "software", "software-name": {"rawForm": "ISSA", "normalizedForm": "ISSA", "offsetStart": 77, "offsetEnd": 81}, "context": "In the short term, CIRAD wishes to dedicate efforts to the deployment of the ISSA pipeline and visualization tools for production use.", "mentionContextAttributes": {"used": {"value": false, "score": 0.00042241811752319336}, "created": {"value": false, "score": 0.31267303228378296}, "shared": {"value": false, "score": 6.556510925292969e-07}}, "documentContextAttributes": {"used": {"value": false, "score": 0.15821778774261475}, "created": {"value": true, "score": 0.9998992085456848}, "shared": {"value": true, "score": 0.8294078707695007}}, "references": [{"label": "[3]", "normalizedForm": "[3]", "refKey": 2}]}, {"type": "software", "software-type": "software", "software-name": {"rawForm": "TensorFlow", "normalizedForm": "TensorFlow", "offsetStart": 79, "offsetEnd": 89}, "context": "In addition to the integration of multiple supervised and unsupervised models (TensorFlow deep net, Omikuji, fastText and Gensim), Annif supports multiple vocabulary formats, comes with standardized evaluation protocols and metrics, and supports multiple languages. ", "mentionContextAttributes": {"used": {"value": false, "score": 3.331899642944336e-05}, "created": {"value": false, "score": 0.0001552104949951172}, "shared": {"value": false, "score": 1.1324882507324219e-06}}, "documentContextAttributes": {"used": {"value": false, "score": 3.331899642944336e-05}, "created": {"value": false, "score": 0.0001552104949951172}, "shared": {"value": false, "score": 1.1324882507324219e-06}}}, {"type": "software", "software-type": "software", "wikidataId": "Q465", "wikipediaExternalRef": 11865154, "lang": "en", "confidence": 0.9004, "software-name": {"rawForm": "DBpedia Spotlight", "normalizedForm": "DBpedia Spotlight", "wikidataId": "Q465", "wikipediaExternalRef": 11865154, "lang": "en", "confidence": 0.9004, "offsetStart": 81, "offsetEnd": 98}, "context": "To facilitate the deployment, thirdparty tools Grobid, Annif, Entity-fishing and DBpedia Spotlight are dockerized 6 https://www.openarchives.org/pmh/ ", "mentionContextAttributes": {"used": {"value": false, "score": 0.09295868873596191}, "created": {"value": false, "score": 5.525350570678711e-05}, "shared": {"value": false, "score": 0.21237397193908691}}, "documentContextAttributes": {"used": {"value": false, "score": 0.09295868873596191}, "created": {"value": false, "score": 0.00029206275939941406}, "shared": {"value": false, "score": 0.21237397193908691}}}, {"type": "software", "software-type": "software", "software-name": {"rawForm": "ARViz", "normalizedForm": "ARViz", "offsetStart": 82, "offsetEnd": 87}, "context": "The resulting set consists of 20,697 association rules that can be explored using ARViz. ", "mentionContextAttributes": {"used": {"value": false, "score": 0.022983431816101074}, "created": {"value": false, "score": 7.444620132446289e-05}, "shared": {"value": false, "score": 4.172325134277344e-07}}, "documentContextAttributes": {"used": {"value": true, "score": 0.998058021068573}, "created": {"value": false, "score": 0.009665966033935547}, "shared": {"value": false, "score": 8.940696716308594e-07}}}, {"type": "software", "software-type": "software", "software-name": {"rawForm": "Annif", "normalizedForm": "Annif", "offsetStart": 83, "offsetEnd": 92}, "context": "The ISSA pipeline includes such a classification system through the integration of Annif [32], a framework developed by the National Library of Finland. ", "mentionContextAttributes": {"used": {"value": false, "score": 0.0002747774124145508}, "created": {"value": false, "score": 0.00023055076599121094}, "shared": {"value": false, "score": 2.980232238769531e-07}}, "documentContextAttributes": {"used": {"value": true, "score": 0.9999433159828186}, "created": {"value": true, "score": 0.6127445101737976}, "shared": {"value": false, "score": 0.21237397193908691}}}, {"type": "software", "software-type": "software", "software-name": {"rawForm": "Annif", "normalizedForm": "Annif", "offsetStart": 85, "offsetEnd": 90}, "context": "In particular, evaluating the quality of the text classification models trained with Annif is not trivial. ", "mentionContextAttributes": {"used": {"value": false, "score": 0.0015204548835754395}, "created": {"value": false, "score": 0.00014734268188476562}, "shared": {"value": false, "score": 1.7881393432617188e-07}}, "documentContextAttributes": {"used": {"value": true, "score": 0.9999433159828186}, "created": {"value": true, "score": 0.6127445101737976}, "shared": {"value": false, "score": 0.21237397193908691}}}, {"type": "software", "software-type": "software", "software-name": {"rawForm": "DBpedia", "normalizedForm": "DBpedia", "offsetStart": 86, "offsetEnd": 93}, "context": "The pipeline is delivered with pre-integrated tools to perform entity-linking against DBpedia, Wikidata, and GeoNames.", "mentionContextAttributes": {"used": {"value": false, "score": 0.057028234004974365}, "created": {"value": false, "score": 0.015648841857910156}, "shared": {"value": false, "score": 1.2516975402832031e-06}}, "documentContextAttributes": {"used": {"value": false, "score": 0.24245154857635498}, "created": {"value": false, "score": 0.015648841857910156}, "shared": {"value": false, "score": 0.00045794248580932617}}}, {"type": "software", "software-type": "software", "software-name": {"rawForm": "OpenMinted", "normalizedForm": "OpenMinted", "offsetStart": 98, "offsetEnd": 108}, "context": "ISSA also has a strong focus on using Linked Open Data and FAIR principles, which are absent from OpenMinted.", "mentionContextAttributes": {"used": {"value": false, "score": 6.765127182006836e-05}, "created": {"value": false, "score": 0.0001995563507080078}, "shared": {"value": false, "score": 7.748603820800781e-07}}, "documentContextAttributes": {"used": {"value": false, "score": 0.0002338886260986328}, "created": {"value": false, "score": 0.17464101314544678}, "shared": {"value": false, "score": 2.3305416107177734e-05}}, "references": [{"label": "[5]", "normalizedForm": "[5]", "refKey": 3}]}, {"type": "software", "software-type": "software", "software-name": {"rawForm": "ISSA", "normalizedForm": "ISSA", "offsetStart": 106, "offsetEnd": 110}, "context": "Being the institution that publishes and maintains the Agritrop open archive, CIRAD intends to set up the ISSA pipeline in production as soon as the project will complete (September 2022).", "mentionContextAttributes": {"used": {"value": false, "score": 0.0004900097846984863}, "created": {"value": false, "score": 0.009089529514312744}, "shared": {"value": false, "score": 0.001917123794555664}}, "documentContextAttributes": {"used": {"value": false, "score": 0.15821778774261475}, "created": {"value": true, "score": 0.9998992085456848}, "shared": {"value": true, "score": 0.8294078707695007}}, "references": [{"label": "[3]", "normalizedForm": "[3]", "refKey": 2}]}, {"type": "software", "software-type": "software", "software-name": {"rawForm": "ISSA", "normalizedForm": "ISSA", "offsetStart": 110, "offsetEnd": 114}, "context": "The ISTEX infrastructure, which was meant to be the corpus provider for OpenMinted [20], has goals related to ISSA in that it aims at constituting corpora of scientific publications and providing research communities with tools to explore relevant subsets of the curated corpora.", "mentionContextAttributes": {"used": {"value": false, "score": 0.00020432472229003906}, "created": {"value": false, "score": 0.036164939403533936}, "shared": {"value": false, "score": 2.3305416107177734e-05}}, "documentContextAttributes": {"used": {"value": false, "score": 0.15821778774261475}, "created": {"value": true, "score": 0.9998992085456848}, "shared": {"value": true, "score": 0.8294078707695007}}, "references": [{"label": "[3]", "normalizedForm": "[3]", "refKey": 2}]}, {"type": "software", "software-type": "software", "software-name": {"rawForm": "ISSA", "normalizedForm": "ISSA", "offsetStart": 122, "offsetEnd": 126}, "context": "In this context, the role of open archives and of how to exploit them are central questions: many projects, including the ISSA project, have taken up this dimension, covering complementary aspects.", "mentionContextAttributes": {"used": {"value": false, "score": 0.00018024444580078125}, "created": {"value": false, "score": 0.008040785789489746}, "shared": {"value": false, "score": 2.3245811462402344e-06}}, "documentContextAttributes": {"used": {"value": false, "score": 0.15821778774261475}, "created": {"value": true, "score": 0.9998992085456848}, "shared": {"value": true, "score": 0.8294078707695007}}, "references": [{"label": "[3]", "normalizedForm": "[3]", "refKey": 2}]}, {"type": "software", "software-type": "software", "software-name": {"rawForm": "Gensim", "normalizedForm": "Gensim", "offsetStart": 122, "offsetEnd": 128}, "context": "In addition to the integration of multiple supervised and unsupervised models (TensorFlow deep net, Omikuji, fastText and Gensim), Annif supports multiple vocabulary formats, comes with standardized evaluation protocols and metrics, and supports multiple languages. ", "mentionContextAttributes": {"used": {"value": false, "score": 3.331899642944336e-05}, "created": {"value": false, "score": 0.0001552104949951172}, "shared": {"value": false, "score": 1.1324882507324219e-06}}, "documentContextAttributes": {"used": {"value": false, "score": 3.331899642944336e-05}, "created": {"value": false, "score": 0.0001552104949951172}, "shared": {"value": false, "score": 1.1324882507324219e-06}}}, {"type": "software", "software-type": "software", "software-name": {"rawForm": "Annif", "normalizedForm": "Annif", "offsetStart": 131, "offsetEnd": 136}, "context": "In addition to the integration of multiple supervised and unsupervised models (TensorFlow deep net, Omikuji, fastText and Gensim), Annif supports multiple vocabulary formats, comes with standardized evaluation protocols and metrics, and supports multiple languages. ", "mentionContextAttributes": {"used": {"value": false, "score": 3.331899642944336e-05}, "created": {"value": false, "score": 0.0001552104949951172}, "shared": {"value": false, "score": 1.1324882507324219e-06}}, "documentContextAttributes": {"used": {"value": true, "score": 0.9999433159828186}, "created": {"value": true, "score": 0.6127445101737976}, "shared": {"value": false, "score": 0.21237397193908691}}}, {"type": "software", "software-type": "software", "software-name": {"rawForm": "Annif", "normalizedForm": "Annif", "offsetStart": 132, "offsetEnd": 137}, "context": "Using PROV-O3 , the annotation keeps track of whether a thematic descriptor was retrieved from the article metadata or extracted by Annif.", "mentionContextAttributes": {"used": {"value": true, "score": 0.9993235468864441}, "created": {"value": false, "score": 5.900859832763672e-06}, "shared": {"value": false, "score": 1.7881393432617188e-07}}, "documentContextAttributes": {"used": {"value": true, "score": 0.9999433159828186}, "created": {"value": true, "score": 0.6127445101737976}, "shared": {"value": false, "score": 0.21237397193908691}}}, {"type": "software", "software-type": "software", "software-name": {"rawForm": "Annif", "normalizedForm": "Annif", "offsetStart": 133, "offsetEnd": 138}, "context": "In the ISSA pipeline, a corpus is extracted per language and split into training, validation and testing sets, in order to train the Annif model. ", "mentionContextAttributes": {"used": {"value": false, "score": 0.027761340141296387}, "created": {"value": false, "score": 0.00017786026000976562}, "shared": {"value": false, "score": 2.980232238769531e-07}}, "documentContextAttributes": {"used": {"value": true, "score": 0.9999433159828186}, "created": {"value": true, "score": 0.6127445101737976}, "shared": {"value": false, "score": 0.21237397193908691}}}, {"type": "software", "software-type": "software", "wikidataId": "Q11354", "wikipediaExternalRef": 2581, "lang": "en", "confidence": 0.8046, "software-name": {"rawForm": "Apache", "normalizedForm": "Apache", "wikidataId": "Q11354", "wikipediaExternalRef": 2581, "lang": "en", "confidence": 0.8046, "offsetStart": 133, "offsetEnd": 139}, "version": {"rawForm": "2.0", "normalizedForm": "2.0", "offsetStart": 140, "offsetEnd": 143}, "context": "The components developed within the ISSA project are available on Github repositories, licensed under the open-source, free-software Apache 2.0 license, and assigned a DOI that guarantees long-term availability. ", "mentionContextAttributes": {"used": {"value": false, "score": 0.12349337339401245}, "created": {"value": false, "score": 0.04752987623214722}, "shared": {"value": true, "score": 0.8294078707695007}}, "documentContextAttributes": {"used": {"value": true, "score": 0.9938330054283142}, "created": {"value": false, "score": 0.04752987623214722}, "shared": {"value": true, "score": 0.8294078707695007}}}, {"type": "software", "software-type": "software", "wikidataId": "Q9135", "wikipediaExternalRef": 22194, "lang": "en", "confidence": 0.5609, "software-name": {"rawForm": "OS", "normalizedForm": "OS", "wikidataId": "Q9135", "wikipediaExternalRef": 22194, "lang": "en", "confidence": 0.5609, "offsetStart": 143, "offsetEnd": 145}, "context": "The dataset generated by the pipeline for the Agritrop archive is available as a downloadable, DOI-identified RDF dump, and through a Virtuoso OS triple store and SPARQL endpoint.", "mentionContextAttributes": {"used": {"value": false, "score": 0.022547781467437744}, "created": {"value": false, "score": 0.00025463104248046875}, "shared": {"value": false, "score": 0.07429158687591553}}, "documentContextAttributes": {"used": {"value": true, "score": 0.9910061359405518}, "created": {"value": false, "score": 0.0003339052200317383}, "shared": {"value": false, "score": 0.07429158687591553}}}, {"type": "software", "software-type": "software", "software-name": {"rawForm": "Annif", "normalizedForm": "Annif", "offsetStart": 146, "offsetEnd": 151}, "context": "After initial publication, periodic invocation of the pipeline can be scheduled to incrementally update the KG with new documents and retrain the Annif models.", "mentionContextAttributes": {"used": {"value": false, "score": 0.00721132755279541}, "created": {"value": false, "score": 0.0010225772857666016}, "shared": {"value": false, "score": 1.0132789611816406e-06}}, "documentContextAttributes": {"used": {"value": true, "score": 0.9999433159828186}, "created": {"value": true, "score": 0.6127445101737976}, "shared": {"value": false, "score": 0.21237397193908691}}}, {"type": "software", "software-type": "software", "software-name": {"rawForm": "DockerHub", "normalizedForm": "DockerHub", "offsetStart": 149, "offsetEnd": 158}, "context": "Third-party components such as Annif, Grobid, DBpedia Spotlight and Entity-fishing are obtained through their official Docker image distributions on DockerHub. ", "mentionContextAttributes": {"used": {"value": false, "score": 0.2169162631034851}, "created": {"value": false, "score": 7.444620132446289e-05}, "shared": {"value": false, "score": 0.00045794248580932617}}, "documentContextAttributes": {"used": {"value": false, "score": 0.2169162631034851}, "created": {"value": false, "score": 7.444620132446289e-05}, "shared": {"value": false, "score": 0.00045794248580932617}}}, {"type": "software", "software-type": "software", "software-name": {"rawForm": "ISSA", "normalizedForm": "ISSA", "offsetStart": 158, "offsetEnd": 162}, "context": "By contrast, article content is ruled by various licenses that consequently also apply to the full text content extracted from the articles and stored in the ISSA dataset.", "mentionContextAttributes": {"used": {"value": false, "score": 0.07051962614059448}, "created": {"value": false, "score": 4.094839096069336e-05}, "shared": {"value": false, "score": 4.589557647705078e-06}}, "documentContextAttributes": {"used": {"value": false, "score": 0.15821778774261475}, "created": {"value": true, "score": 0.9998992085456848}, "shared": {"value": true, "score": 0.8294078707695007}}, "references": [{"label": "[3]", "normalizedForm": "[3]", "refKey": 2}]}, {"type": "software", "software-type": "software", "software-name": {"rawForm": "MGExplorer", "normalizedForm": "MGExplorer", "offsetStart": 176, "offsetEnd": 186}, "version": {"rawForm": "2.0", "normalizedForm": "2.0"}, "context": "To this end, we explore the ISSA semantic index using the LDViz tool which leverages SPARQL queries to explore relevant data through the multiple perspectives delivered by the MGExplorer graphic library. ", "mentionContextAttributes": {"used": {"value": false, "score": 0.0012154579162597656}, "created": {"value": true, "score": 0.6934317946434021}, "shared": {"value": false, "score": 2.980232238769531e-07}}, "documentContextAttributes": {"used": {"value": true, "score": 0.9903378486633301}, "created": {"value": true, "score": 0.6934317946434021}, "shared": {"value": false, "score": 6.258487701416016e-06}}}, {"type": "software", "software-type": "software", "software-name": {"rawForm": "ISSA", "normalizedForm": "ISSA", "offsetStart": 195, "offsetEnd": 199}, "context": "In this article, we have highlighted the challenge of finding relevant publications in the ever-growing body of scientific literature, and presented concrete methods and tools implemented in the ISSA project to deliver services that address this challenge.", "mentionContextAttributes": {"used": {"value": false, "score": 0.0005536675453186035}, "created": {"value": true, "score": 0.999729335308075}, "shared": {"value": false, "score": 4.410743713378906e-06}}, "documentContextAttributes": {"used": {"value": false, "score": 0.15821778774261475}, "created": {"value": true, "score": 0.9998992085456848}, "shared": {"value": true, "score": 0.8294078707695007}}, "references": [{"label": "[3]", "normalizedForm": "[3]", "refKey": 2}]}, {"type": "software", "software-type": "software", "software-name": {"rawForm": "DBpedia", "normalizedForm": "DBpedia", "offsetStart": 205, "offsetEnd": 212}, "context": "To allow services to reason upon the extracted knowledge while leveraging terminological references such as ontologies or thesauri, thematic descriptors and NEs are linked with resources such as Wikidata, DBpedia and GeoNames.", "mentionContextAttributes": {"used": {"value": false, "score": 0.24245154857635498}, "created": {"value": false, "score": 0.00011730194091796875}, "shared": {"value": false, "score": 1.5497207641601562e-06}}, "documentContextAttributes": {"used": {"value": false, "score": 0.24245154857635498}, "created": {"value": false, "score": 0.015648841857910156}, "shared": {"value": false, "score": 0.00045794248580932617}}}, {"type": "software", "software-type": "software", "software-name": {"rawForm": "ISSA", "normalizedForm": "ISSA", "offsetStart": 209, "offsetEnd": 213}, "context": "This underlines the interest of CIRAD users in the services offered by ISSA, and results from a joint work on application scenarios submitted by CIRAD researchers and scientific information specialists to the ISSA project team.", "mentionContextAttributes": {"used": {"value": false, "score": 0.15821778774261475}, "created": {"value": false, "score": 0.0025529861450195312}, "shared": {"value": false, "score": 9.5367431640625e-07}}, "documentContextAttributes": {"used": {"value": false, "score": 0.15821778774261475}, "created": {"value": true, "score": 0.9998992085456848}, "shared": {"value": true, "score": 0.8294078707695007}}, "references": [{"label": "[3]", "normalizedForm": "[3]", "refKey": 2}]}, {"type": "software", "software-type": "software", "software-name": {"rawForm": "DBpedia", "normalizedForm": "DBpedia", "offsetStart": 235, "offsetEnd": 242}, "context": "Beyond merely presenting common article metadata, this service (exemplified in Fig. 2 for the case of Agritrop) visualizes the article abstract where extracted NEs are highlighted and point to the associated knowledge bases (Wikidata, DBpedia, GeoNames, . . .", "mentionContextAttributes": {"used": {"value": false, "score": 0.0017848014831542969}, "created": {"value": false, "score": 0.00026410818099975586}, "shared": {"value": false, "score": 9.5367431640625e-07}}, "documentContextAttributes": {"used": {"value": false, "score": 0.24245154857635498}, "created": {"value": false, "score": 0.015648841857910156}, "shared": {"value": false, "score": 0.00045794248580932617}}}, {"type": "software", "software-type": "software", "software-name": {"rawForm": "ISSA", "normalizedForm": "ISSA", "offsetStart": 380, "offsetEnd": 384}, "context": "The more recent Covid-on-the-Web project [28] has the most in common with ISSA, providing researchers with ways to access, extract and query knowledge from literature related to the coronavirus family, by building and exploiting a KG describing the concepts and arguments extracted from 100,000+ scientific articles, but stopping short of an end-to-end, reusable pipeline like in ISSA.", "mentionContextAttributes": {"used": {"value": false, "score": 0.0003331899642944336}, "created": {"value": true, "score": 0.9009906053543091}, "shared": {"value": false, "score": 7.748603820800781e-06}}, "documentContextAttributes": {"used": {"value": false, "score": 0.15821778774261475}, "created": {"value": true, "score": 0.9998992085456848}, "shared": {"value": true, "score": 0.8294078707695007}}, "references": [{"label": "[3]", "normalizedForm": "[3]", "refKey": 2}]}], "references": [{"refKey": 2, "tei": "<biblStruct xml:id=\"b2\">\n\t<monogr>\n\t\t<title level=\"m\">ISSA Project Website</title>\n\t\t<imprint>\n\t\t\t<date>2022</date>\n\t\t</imprint>\n\t</monogr>\n</biblStruct>\n"}, {"refKey": 3, "tei": "<biblStruct xml:id=\"b3\">\n\t<monogr>\n\t\t<title level=\"m\">OpenMINTED project website</title>\n\t\t<imprint>\n\t\t\t<date>2022</date>\n\t\t</imprint>\n\t</monogr>\n</biblStruct>\n"}, {"refKey": 13, "tei": "<biblStruct xml:id=\"b13\">\n\t<analytic>\n\t\t<title level=\"a\" type=\"main\">Improving efficiency and accuracy in multilingual entity extraction</title>\n\t\t<author>\n\t\t\t<persName><forename type=\"first\">Joachim</forename><surname>Daiber</surname></persName>\n\t\t</author>\n\t\t<author>\n\t\t\t<persName><forename type=\"first\">Max</forename><surname>Jakob</surname></persName>\n\t\t</author>\n\t\t<author>\n\t\t\t<persName><forename type=\"first\">Chris</forename><surname>Hokamp</surname></persName>\n\t\t</author>\n\t\t<author>\n\t\t\t<persName><forename type=\"first\">Pablo</forename><forename type=\"middle\">N</forename><surname>Mendes</surname></persName>\n\t\t</author>\n\t\t<idno type=\"DOI\">10.1145/2506182.2506198</idno>\n\t</analytic>\n\t<monogr>\n\t\t<title level=\"m\">Proceedings of the 9th International Conference on Semantic Systems</title>\n\t\t<meeting>the 9th International Conference on Semantic Systems</meeting>\n\t\t<imprint>\n\t\t\t<publisher>ACM</publisher>\n\t\t\t<date type=\"published\" when=\"2013-09-04\">2013</date>\n\t\t\t<biblScope unit=\"page\">124</biblScope>\n\t\t</imprint>\n\t</monogr>\n</biblStruct>\n"}, {"refKey": 18, "tei": "<biblStruct xml:id=\"b18\">\n\t<analytic>\n\t\t<title level=\"a\" type=\"main\">Les lettres de Zola \u00e0 une \u00ab ch\u00e8re femme \u00bb \u2026 puis \u00e0 une autre:</title>\n\t\t<author>\n\t\t\t<persName><forename type=\"first\">F</forename><surname>Kettani</surname></persName>\n\t\t</author>\n\t\t<author>\n\t\t\t<persName><forename type=\"first\">S</forename><surname>Schneider</surname></persName>\n\t\t</author>\n\t\t<author>\n\t\t\t<persName><forename type=\"first\">S</forename><surname>Aubin</surname></persName>\n\t\t</author>\n\t\t<author>\n\t\t\t<persName><forename type=\"first\">R</forename><surname>Bossy</surname></persName>\n\t\t</author>\n\t\t<author>\n\t\t\t<persName><forename type=\"first\">C</forename><surname>Fran\u00e7ois</surname></persName>\n\t\t</author>\n\t\t<author>\n\t\t\t<persName><forename type=\"first\">C</forename><surname>Jonquet</surname></persName>\n\t\t</author>\n\t\t<author>\n\t\t\t<persName><forename type=\"first\">A</forename><surname>Tchechmedjiev</surname></persName>\n\t\t</author>\n\t\t<author>\n\t\t\t<persName><forename type=\"first\">A</forename><surname>Toulet</surname></persName>\n\t\t</author>\n\t\t<author>\n\t\t\t<persName><forename type=\"first\">C</forename><surname>N\u00e9dellec</surname></persName>\n\t\t</author>\n\t\t<idno type=\"DOI\">10.2307/j.ctv1fxg5c.12</idno>\n\t</analytic>\n\t<monogr>\n\t\t<title level=\"m\">\u00ab Au courant de la plume \u00bb</title>\n\t\t<editor>\n\t\t\t<persName><forename type=\"first\">S</forename><surname>Ranwez</surname></persName>\n\t\t</editor>\n\t\t<imprint>\n\t\t\t<publisher>Presses de l&apos;Universit\u00e9 du Qu\u00e9bec</publisher>\n\t\t\t<date>null</date>\n\t\t\t<biblScope unit=\"page\" from=\"157\" to=\"176\" />\n\t\t</imprint>\n\t</monogr>\n</biblStruct>\n"}], "runtime": 97893, "id": "f363e09c2cbb88ba4aa51ec13d9f1508c3f32ccb", "metadata": {"id": "f363e09c2cbb88ba4aa51ec13d9f1508c3f32ccb"}, "original_file_path": "../../datalake/Samuel/SOFTware-Sync/data/xml_not_sofctied/hal-03807744.grobid.tei.xml", "file_name": "hal-03807744.grobid.tei.xml"}