{"application": "software-mentions", "version": "0.8.0", "date": "2024-04-12T17:04+0000", "md5": "30F52718C45703EFD1444296EE0CDDB3", "mentions": [{"type": "software", "software-type": "software", "software-name": {"rawForm": "LinearSVC", "normalizedForm": "LinearSVC", "offsetStart": 15, "offsetEnd": 24}, "context": "We implemented LinearSVC for the n-gram based baseline systems with TF-IDF weighting schemes. ", "mentionContextAttributes": {"used": {"value": false, "score": 7.2479248046875e-05}, "created": {"value": true, "score": 0.9987537860870361}, "shared": {"value": false, "score": 1.1920928955078125e-07}}, "documentContextAttributes": {"used": {"value": true, "score": 0.999970555305481}, "created": {"value": true, "score": 0.9987537860870361}, "shared": {"value": false, "score": 1.1920928955078125e-07}}}, {"type": "software", "software-type": "software", "software-name": {"rawForm": "LinearSVC", "normalizedForm": "LinearSVC", "offsetStart": 81, "offsetEnd": 90}, "context": "Our message-level emotion 4 and session-based bullying classifiers were based on LinearSVC.", "mentionContextAttributes": {"used": {"value": true, "score": 0.999970555305481}, "created": {"value": false, "score": 0.0010210275650024414}, "shared": {"value": false, "score": 1.1920928955078125e-07}}, "documentContextAttributes": {"used": {"value": true, "score": 0.999970555305481}, "created": {"value": true, "score": 0.9987537860870361}, "shared": {"value": false, "score": 1.1920928955078125e-07}}}], "references": [], "runtime": 34376, "id": "27e31a16f98cd7aaa79a0959a762380871bb2b2b", "metadata": {"id": "27e31a16f98cd7aaa79a0959a762380871bb2b2b"}, "original_file_path": "../../datalake/Samuel/SOFTware-Sync/data/xml_not_sofctied/hal-02020829.grobid.tei.xml", "file_name": "hal-02020829.grobid.tei.xml"}