{"application": "software-mentions", "version": "0.8.0", "date": "2024-04-12T17:18+0000", "md5": "5D15172869E5C3CE6F266972E7D303B1", "mentions": [{"type": "software", "software-type": "software", "software-name": {"rawForm": "Storyzy", "normalizedForm": "Storyzy", "offsetStart": 0, "offsetEnd": 7}, "context": "Storyzy Disinformation Analysis Tool allows users to investigate disinformation diffusion according to several criteria:", "mentionContextAttributes": {"used": {"value": false, "score": 3.4928321838378906e-05}, "created": {"value": false, "score": 0.0004305243492126465}, "shared": {"value": false, "score": 7.152557373046875e-07}}, "documentContextAttributes": {"used": {"value": true, "score": 0.9999871253967285}, "created": {"value": true, "score": 0.9995138645172119}, "shared": {"value": false, "score": 2.384185791015625e-06}}}, {"type": "software", "software-type": "software", "software-name": {"rawForm": "Storyzy", "normalizedForm": "Storyzy", "offsetStart": 16, "offsetEnd": 23}, "context": "The accuracy of Storyzy classification system is comparable to the human upper bound for this task with a score of 90% on a benchmark of more than 5500 English websites (where 1/4 are fake instances).", "mentionContextAttributes": {"used": {"value": false, "score": 0.26511484384536743}, "created": {"value": false, "score": 3.0875205993652344e-05}, "shared": {"value": false, "score": 2.384185791015625e-07}}, "documentContextAttributes": {"used": {"value": true, "score": 0.9999871253967285}, "created": {"value": true, "score": 0.9995138645172119}, "shared": {"value": false, "score": 2.384185791015625e-06}}}, {"type": "software", "software-type": "software", "software-name": {"rawForm": "Storyzy", "normalizedForm": "Storyzy", "offsetStart": 35, "offsetEnd": 42}, "context": "Figure 1 shows a screenshot of the Storyzy Disinformation Analysis Tool empowered with the stance detection module.", "mentionContextAttributes": {"used": {"value": true, "score": 0.9702870845794678}, "created": {"value": false, "score": 3.540515899658203e-05}, "shared": {"value": false, "score": 1.1920928955078125e-07}}, "documentContextAttributes": {"used": {"value": true, "score": 0.9999871253967285}, "created": {"value": true, "score": 0.9995138645172119}, "shared": {"value": false, "score": 2.384185791015625e-06}}}, {"type": "software", "software-type": "software", "software-name": {"rawForm": "Storyzy", "normalizedForm": "Storyzy", "offsetStart": 35, "offsetEnd": 42}, "context": "These will feed the classifier and Storyzy's database.", "mentionContextAttributes": {"used": {"value": false, "score": 0.04095864295959473}, "created": {"value": false, "score": 6.73532485961914e-05}, "shared": {"value": false, "score": 2.384185791015625e-07}}, "documentContextAttributes": {"used": {"value": true, "score": 0.9999871253967285}, "created": {"value": true, "score": 0.9995138645172119}, "shared": {"value": false, "score": 2.384185791015625e-06}}}, {"type": "software", "software-type": "software", "software-name": {"rawForm": "Storyzy", "normalizedForm": "Storyzy", "offsetStart": 39, "offsetEnd": 46}, "context": "5 As the fake news detection system of Storyzy mainly relies on the assessment of the reliability of the news sources, we propose to extend such system with an argument mining module which instead focuses on the content of the news itself, with the aim to provide analysts with the arguments present in such articles and their stance toward the targeted topic, so that they can be supported in their decision to mark a news as being fake or not.", "mentionContextAttributes": {"used": {"value": false, "score": 0.0005853176116943359}, "created": {"value": false, "score": 0.381788969039917}, "shared": {"value": false, "score": 2.384185791015625e-06}}, "documentContextAttributes": {"used": {"value": true, "score": 0.9999871253967285}, "created": {"value": true, "score": 0.9995138645172119}, "shared": {"value": false, "score": 2.384185791015625e-06}}}, {"type": "software", "software-type": "software", "software-name": {"rawForm": "Storyzy", "normalizedForm": "Storyzy", "offsetStart": 76, "offsetEnd": 83}, "context": "The disinformation analysis system we propose to extend in this work is the Storyzy4 Disinformation Analysis tool (DAT), that automatically classifies information sources according to their reliability.", "mentionContextAttributes": {"used": {"value": false, "score": 4.1604042053222656e-05}, "created": {"value": true, "score": 0.9995138645172119}, "shared": {"value": false, "score": 2.384185791015625e-07}}, "documentContextAttributes": {"used": {"value": true, "score": 0.9999871253967285}, "created": {"value": true, "score": 0.9995138645172119}, "shared": {"value": false, "score": 2.384185791015625e-06}}}, {"type": "software", "software-type": "software", "software-name": {"rawForm": "Storyzy", "normalizedForm": "Storyzy", "offsetStart": 112, "offsetEnd": 119}, "context": "We randomly selected a set of articles identified as containing fake information on a given target topic by the Storyzy fake news detection system (Section 2).", "mentionContextAttributes": {"used": {"value": true, "score": 0.9999871253967285}, "created": {"value": false, "score": 0.00040465593338012695}, "shared": {"value": false, "score": 2.384185791015625e-07}}, "documentContextAttributes": {"used": {"value": true, "score": 0.9999871253967285}, "created": {"value": true, "score": 0.9995138645172119}, "shared": {"value": false, "score": 2.384185791015625e-06}}}], "references": [], "runtime": 53426, "id": "132288d49450ced11b0f25d1fc105daef73a1081", "metadata": {"id": "132288d49450ced11b0f25d1fc105daef73a1081"}, "original_file_path": "../../datalake/Samuel/SOFTware-Sync/data/xml_not_sofctied/hal-02990781.grobid.tei.xml", "file_name": "hal-02990781.grobid.tei.xml"}