{"application": "software-mentions", "version": "0.8.0", "date": "2024-04-12T17:32+0000", "md5": "9B71A5ABC6860F23CF889BC9EFBAF8E0", "mentions": [{"type": "software", "software-type": "software", "software-name": {"rawForm": "Graal", "normalizedForm": "Graal", "offsetStart": 0, "offsetEnd": 5}, "context": "Graal is a Java toolkit dedicated to query answering algorithms in knowledge bases with existential rules (a.k.a. ", "mentionContextAttributes": {"used": {"value": false, "score": 4.953145980834961e-05}, "created": {"value": false, "score": 0.05329787731170654}, "shared": {"value": false, "score": 5.364418029785156e-07}}, "documentContextAttributes": {"used": {"value": true, "score": 0.9956600069999695}, "created": {"value": false, "score": 0.05329787731170654}, "shared": {"value": false, "score": 5.364418029785156e-07}}, "references": [{"label": "[9]", "normalizedForm": "[9]", "refKey": 9}]}, {"type": "software", "software-type": "software", "software-name": {"rawForm": "OntoSQL", "normalizedForm": "OntoSQL", "offsetStart": 0, "offsetEnd": 7}, "language": {"rawForm": "Java", "normalizedForm": "Java"}, "context": "OntoSQL is used in the MAT strategy, and it also provides the RDF query reformulation algorithm [12]. ", "mentionContextAttributes": {"used": {"value": false, "score": 0.0007513761520385742}, "created": {"value": false, "score": 2.6166439056396484e-05}, "shared": {"value": false, "score": 2.980232238769531e-07}}, "documentContextAttributes": {"used": {"value": false, "score": 0.04475390911102295}, "created": {"value": true, "score": 0.9484872817993164}, "shared": {"value": false, "score": 5.364418029785156e-07}}}, {"type": "software", "software-type": "software", "software-name": {"rawForm": "OntoSQL", "normalizedForm": "OntoSQL", "offsetStart": 13, "offsetEnd": 21}, "language": {"rawForm": "Java", "normalizedForm": "Java", "wikidataId": "Q251", "offsetStart": 38, "offsetEnd": 42}, "context": "Our RDFDB is OntoSQL2 , a Java platform providing efficient RDF storage, saturation, and query evaluation on top of an RDBMS [14,29], relying on Postgres v9.6. ", "mentionContextAttributes": {"used": {"value": false, "score": 0.02120429277420044}, "created": {"value": true, "score": 0.9484872817993164}, "shared": {"value": false, "score": 5.364418029785156e-07}}, "documentContextAttributes": {"used": {"value": false, "score": 0.04475390911102295}, "created": {"value": true, "score": 0.9484872817993164}, "shared": {"value": false, "score": 5.364418029785156e-07}}}, {"type": "software", "software-type": "software", "software-name": {"rawForm": "Graal", "normalizedForm": "Graal", "offsetStart": 15, "offsetEnd": 20}, "context": "We rely on the Graal engine [9] for view-based query rewriting. ", "mentionContextAttributes": {"used": {"value": true, "score": 0.7795079350471497}, "created": {"value": false, "score": 0.0002484321594238281}, "shared": {"value": false, "score": 2.980232238769531e-07}}, "documentContextAttributes": {"used": {"value": true, "score": 0.9956600069999695}, "created": {"value": false, "score": 0.05329787731170654}, "shared": {"value": false, "score": 5.364418029785156e-07}}, "references": [{"label": "[9]", "normalizedForm": "[9]", "refKey": 9, "offsetStart": 45270, "offsetEnd": 45273}]}, {"type": "software", "software-type": "software", "software-name": {"rawForm": "OntoSQL", "normalizedForm": "OntoSQL", "offsetStart": 15, "offsetEnd": 22}, "language": {"rawForm": "Java", "normalizedForm": "Java"}, "context": "To save space, OntoSQL encodes IRIs and literals into integers, and a dictionary table which allows going from one to the other. ", "mentionContextAttributes": {"used": {"value": false, "score": 0.00016307830810546875}, "created": {"value": false, "score": 0.00023865699768066406}, "shared": {"value": false, "score": 5.364418029785156e-07}}, "documentContextAttributes": {"used": {"value": false, "score": 0.04475390911102295}, "created": {"value": true, "score": 0.9484872817993164}, "shared": {"value": false, "score": 5.364418029785156e-07}}}, {"type": "software", "software-type": "software", "software-name": {"rawForm": "Graal", "normalizedForm": "Graal", "offsetStart": 29, "offsetEnd": 34}, "context": "Query rewritings produced by Graal are unfolded into queries on the data sources (using the q 1 parts of the mappings, see Section 2.5.2) and passed to Tatooine. ", "mentionContextAttributes": {"used": {"value": true, "score": 0.9956600069999695}, "created": {"value": false, "score": 3.2842159271240234e-05}, "shared": {"value": false, "score": 1.7881393432617188e-07}}, "documentContextAttributes": {"used": {"value": true, "score": 0.9956600069999695}, "created": {"value": false, "score": 0.05329787731170654}, "shared": {"value": false, "score": 5.364418029785156e-07}}, "references": [{"label": "[9]", "normalizedForm": "[9]", "refKey": 9}]}, {"type": "software", "software-type": "software", "software-name": {"rawForm": "Mastro 5", "normalizedForm": "Mastro 5", "offsetStart": 32, "offsetEnd": 45}, "context": "Mature DL-based systems include Mastro 5 [17] and Ontop 6 [16,43]. ", "mentionContextAttributes": {"used": {"value": false, "score": 0.0005768537521362305}, "created": {"value": false, "score": 5.304813385009766e-06}, "shared": {"value": false, "score": 1.7881393432617188e-07}}, "documentContextAttributes": {"used": {"value": false, "score": 0.0005768537521362305}, "created": {"value": false, "score": 5.304813385009766e-06}, "shared": {"value": false, "score": 1.7881393432617188e-07}}}, {"type": "software", "software-type": "software", "software-name": {"rawForm": "OntoSQL", "normalizedForm": "OntoSQL", "offsetStart": 43, "offsetEnd": 50}, "language": {"rawForm": "Java", "normalizedForm": "Java"}, "context": "Answering these queries through MAT within OntoSQL leads to producing many results that involve mapping-generated blank nodes, tuples which should not appear in our certain answers, as per Definition 3.5.", "mentionContextAttributes": {"used": {"value": false, "score": 0.00031280517578125}, "created": {"value": false, "score": 4.488229751586914e-05}, "shared": {"value": false, "score": 2.980232238769531e-07}}, "documentContextAttributes": {"used": {"value": false, "score": 0.04475390911102295}, "created": {"value": true, "score": 0.9484872817993164}, "shared": {"value": false, "score": 5.364418029785156e-07}}}, {"type": "software", "software-type": "software", "software-name": {"rawForm": "Ontop 6", "normalizedForm": "Ontop 6", "offsetStart": 50, "offsetEnd": 64}, "context": "Mature DL-based systems include Mastro 5 [17] and Ontop 6 [16,43]. ", "mentionContextAttributes": {"used": {"value": false, "score": 0.0005768537521362305}, "created": {"value": false, "score": 5.304813385009766e-06}, "shared": {"value": false, "score": 1.7881393432617188e-07}}, "documentContextAttributes": {"used": {"value": false, "score": 0.0005768537521362305}, "created": {"value": false, "score": 5.304813385009766e-06}, "shared": {"value": false, "score": 1.7881393432617188e-07}}}, {"type": "software", "software-type": "software", "software-name": {"rawForm": "Tatooine", "normalizedForm": "Tatooine", "offsetStart": 62, "offsetEnd": 76}, "context": "To execute queries against heterogeneous data sources, we use Tatooine [4,10], a Javabased mediator (or polystore) system, capable both of pushing queries in underlying data sources and (unlike other polystores, e.g., [24]) of evaluating joins within the mediator engine. ", "mentionContextAttributes": {"used": {"value": false, "score": 0.44577866792678833}, "created": {"value": false, "score": 0.00011485815048217773}, "shared": {"value": false, "score": 2.980232238769531e-07}}, "documentContextAttributes": {"used": {"value": true, "score": 0.9956600069999695}, "created": {"value": false, "score": 0.00011485815048217773}, "shared": {"value": false, "score": 4.172325134277344e-07}}}, {"type": "software", "software-type": "software", "software-name": {"rawForm": "Tatooine", "normalizedForm": "Tatooine", "offsetStart": 86, "offsetEnd": 94}, "context": "This is mostly due to the good scalability of PostgreSQL (in the all-relational RIS), Tatooine (itself building on PostgreSQL and MongoDB, in the heterogeneous RIS), and OntoSQL (for MAT).", "mentionContextAttributes": {"used": {"value": false, "score": 0.044753968715667725}, "created": {"value": false, "score": 3.159046173095703e-06}, "shared": {"value": false, "score": 4.172325134277344e-07}}, "documentContextAttributes": {"used": {"value": true, "score": 0.9956600069999695}, "created": {"value": false, "score": 0.00011485815048217773}, "shared": {"value": false, "score": 4.172325134277344e-07}}}, {"type": "software", "software-type": "software", "software-name": {"rawForm": "CentOs Linux", "normalizedForm": "CentOs Linux", "offsetStart": 90, "offsetEnd": 102}, "version": {"rawForm": "7.5", "normalizedForm": "7.5", "offsetStart": 103, "offsetEnd": 106}, "context": "Hardware We used servers with 2,7 GHz Intel Core i7 processors and 160 GB of RAM, running CentOs Linux 7.5.", "mentionContextAttributes": {"used": {"value": true, "score": 0.9920077323913574}, "created": {"value": false, "score": 4.094839096069336e-05}, "shared": {"value": false, "score": 1.1622905731201172e-05}}, "documentContextAttributes": {"used": {"value": true, "score": 0.9920077323913574}, "created": {"value": false, "score": 4.094839096069336e-05}, "shared": {"value": false, "score": 1.1622905731201172e-05}}}, {"type": "software", "software-type": "software", "wikidataId": "Q850661", "wikipediaExternalRef": 23742879, "lang": "en", "confidence": 0.7238, "software-name": {"rawForm": "XQuery", "normalizedForm": "XQuery", "wikidataId": "Q850661", "wikipediaExternalRef": 23742879, "lang": "en", "confidence": 0.7238, "offsetStart": 109, "offsetEnd": 115}, "context": "Thus the mediator supports one data model and its query language, e.g., relational and SQL, or XML and XPath/XQuery. ", "mentionContextAttributes": {"used": {"value": false, "score": 0.0018597841262817383}, "created": {"value": false, "score": 8.589029312133789e-05}, "shared": {"value": false, "score": 4.172325134277344e-07}}, "documentContextAttributes": {"used": {"value": false, "score": 0.0018597841262817383}, "created": {"value": false, "score": 8.589029312133789e-05}, "shared": {"value": false, "score": 4.172325134277344e-07}}}, {"type": "software", "software-type": "software", "software-name": {"rawForm": "Tatooine", "normalizedForm": "Tatooine", "offsetStart": 127, "offsetEnd": 135}, "context": "Part of this is due to the cost of marshalling data across system boundaries; the rest is due to imperfect optimization within Tatooine.", "mentionContextAttributes": {"used": {"value": false, "score": 0.02209651470184326}, "created": {"value": false, "score": 7.420778274536133e-05}, "shared": {"value": false, "score": 2.980232238769531e-07}}, "documentContextAttributes": {"used": {"value": true, "score": 0.9956600069999695}, "created": {"value": false, "score": 0.00011485815048217773}, "shared": {"value": false, "score": 4.172325134277344e-07}}}, {"type": "software", "software-type": "software", "software-name": {"rawForm": "Graal", "normalizedForm": "Graal", "offsetStart": 128, "offsetEnd": 133}, "context": "4.2) can be seen as a specific existential rule of the form V m ( x) \u2192 b\u0434p2ca(body(q 2 )), the query reformulation algorithm of Graal can be used to rewrite the UCQ translation of a BGPQ with respect to a set of RIS mappings. ", "mentionContextAttributes": {"used": {"value": false, "score": 0.01821160316467285}, "created": {"value": false, "score": 4.351139068603516e-06}, "shared": {"value": false, "score": 4.172325134277344e-07}}, "documentContextAttributes": {"used": {"value": true, "score": 0.9956600069999695}, "created": {"value": false, "score": 0.05329787731170654}, "shared": {"value": false, "score": 5.364418029785156e-07}}, "references": [{"label": "[9]", "normalizedForm": "[9]", "refKey": 9}]}, {"type": "software", "software-type": "software", "software-name": {"rawForm": "Postgres", "normalizedForm": "Postgres", "offsetStart": 145, "offsetEnd": 153}, "version": {"rawForm": "9.6", "normalizedForm": "9.6", "offsetStart": 155, "offsetEnd": 158}, "language": {"rawForm": "Java", "normalizedForm": "Java", "wikidataId": "Q251", "offsetStart": 86, "offsetEnd": 90}, "context": "Our RDFDB is OntoSQL2 , a Java platform providing efficient RDF storage, saturation, and query evaluation on top of an RDBMS [14,29], relying on Postgres v9.6. ", "mentionContextAttributes": {"used": {"value": false, "score": 0.02120429277420044}, "created": {"value": true, "score": 0.9484872817993164}, "shared": {"value": false, "score": 5.364418029785156e-07}}, "documentContextAttributes": {"used": {"value": false, "score": 0.02120429277420044}, "created": {"value": true, "score": 0.9484872817993164}, "shared": {"value": false, "score": 5.364418029785156e-07}}}, {"type": "software", "software-type": "software", "software-name": {"rawForm": "Tatooine", "normalizedForm": "Tatooine", "offsetStart": 152, "offsetEnd": 160}, "context": "Query rewritings produced by Graal are unfolded into queries on the data sources (using the q 1 parts of the mappings, see Section 2.5.2) and passed to Tatooine. ", "mentionContextAttributes": {"used": {"value": true, "score": 0.9956600069999695}, "created": {"value": false, "score": 3.2782554626464844e-05}, "shared": {"value": false, "score": 1.1920928955078125e-07}}, "documentContextAttributes": {"used": {"value": true, "score": 0.9956600069999695}, "created": {"value": false, "score": 0.00011485815048217773}, "shared": {"value": false, "score": 4.172325134277344e-07}}}, {"type": "software", "software-type": "software", "software-name": {"rawForm": "OntoSQL", "normalizedForm": "OntoSQL", "offsetStart": 170, "offsetEnd": 177}, "language": {"rawForm": "Java", "normalizedForm": "Java"}, "context": "This is mostly due to the good scalability of PostgreSQL (in the all-relational RIS), Tatooine (itself building on PostgreSQL and MongoDB, in the heterogeneous RIS), and OntoSQL (for MAT).", "mentionContextAttributes": {"used": {"value": false, "score": 0.04475390911102295}, "created": {"value": false, "score": 3.0994415283203125e-06}, "shared": {"value": false, "score": 3.5762786865234375e-07}}, "documentContextAttributes": {"used": {"value": false, "score": 0.04475390911102295}, "created": {"value": true, "score": 0.9484872817993164}, "shared": {"value": false, "score": 5.364418029785156e-07}}}], "references": [{"refKey": 9, "tei": "<biblStruct xml:id=\"b9\">\n\t<analytic>\n\t\t<title level=\"a\" type=\"main\">Graal: A Toolkit for Query Answering with Existential Rules</title>\n\t\t<author>\n\t\t\t<persName><forename type=\"first\">Jean-Fran\u00e7ois</forename><surname>Baget</surname></persName>\n\t\t</author>\n\t\t<author>\n\t\t\t<persName><forename type=\"first\">Michel</forename><surname>Lecl\u00e8re</surname></persName>\n\t\t</author>\n\t\t<author>\n\t\t\t<persName><forename type=\"first\">Marie-Laure</forename><surname>Mugnier</surname></persName>\n\t\t</author>\n\t\t<author>\n\t\t\t<persName><forename type=\"first\">Swan</forename><surname>Rocher</surname></persName>\n\t\t</author>\n\t\t<author>\n\t\t\t<persName><forename type=\"first\">Cl\u00e9ment</forename><surname>Sipieter</surname></persName>\n\t\t</author>\n\t\t<idno type=\"DOI\">10.1007/978-3-319-21542-6_21</idno>\n\t</analytic>\n\t<monogr>\n\t\t<title level=\"m\">Rule Technologies: Foundations, Tools, and Applications</title>\n\t\t<imprint>\n\t\t\t<publisher>Springer International Publishing</publisher>\n\t\t\t<date type=\"published\" when=\"2015\">2015</date>\n\t\t\t<biblScope unit=\"page\" from=\"328\" to=\"344\" />\n\t\t</imprint>\n\t</monogr>\n</biblStruct>\n"}], "runtime": 94717, "id": "516fc2b3c1f8f0d95cc5812fae55cf9a52d477fc", "metadata": {"id": "516fc2b3c1f8f0d95cc5812fae55cf9a52d477fc"}, "original_file_path": "../../datalake/Samuel/SOFTware-Sync/data/xml_not_sofctied/hal-02446427.grobid.tei.xml", "file_name": "hal-02446427.grobid.tei.xml"}