{"application": "software-mentions", "version": "0.8.0", "date": "2024-04-15T07:17+0000", "md5": "AC0B345452ABE7EAD53D6288831219D7", "mentions": [{"type": "software", "software-type": "software", "software-name": {"rawForm": "OnTop", "normalizedForm": "OnTop", "offsetStart": 44, "offsetEnd": 73}, "context": "Application to OBDA Mature systems, such as OnTop (Calvanese et al. 2017) or Mastro (Calvanese et al. 2011), are based on lightweight description logics (typically DL-Lite R underpinning the W3C language OWL2 QL) and the mapping is GAV (i.e., mapping assertions q S (x) \u2192 q O (x) satisfy var(q O ) \u2286 x). ", "mentionContextAttributes": {"used": {"value": false, "score": 0.48671966791152954}, "created": {"value": false, "score": 9.417533874511719e-06}, "shared": {"value": false, "score": 1.430511474609375e-06}}, "documentContextAttributes": {"used": {"value": false, "score": 0.48671966791152954}, "created": {"value": false, "score": 9.417533874511719e-06}, "shared": {"value": false, "score": 1.430511474609375e-06}}}, {"type": "software", "software-type": "software", "software-name": {"rawForm": "Mastro", "normalizedForm": "Mastro", "offsetStart": 77, "offsetEnd": 106}, "context": "Application to OBDA Mature systems, such as OnTop (Calvanese et al. 2017) or Mastro (Calvanese et al. 2011), are based on lightweight description logics (typically DL-Lite R underpinning the W3C language OWL2 QL) and the mapping is GAV (i.e., mapping assertions q S (x) \u2192 q O (x) satisfy var(q O ) \u2286 x). ", "mentionContextAttributes": {"used": {"value": false, "score": 0.48671966791152954}, "created": {"value": false, "score": 9.417533874511719e-06}, "shared": {"value": false, "score": 1.430511474609375e-06}}, "documentContextAttributes": {"used": {"value": false, "score": 0.48671966791152954}, "created": {"value": false, "score": 9.417533874511719e-06}, "shared": {"value": false, "score": 1.430511474609375e-06}}}, {"type": "software", "software-type": "software", "software-name": {"rawForm": "UltraWrap", "normalizedForm": "UltraWrap", "offsetStart": 86, "offsetEnd": 131}, "context": "Some other OBDA systems are based on the lightweight ontological language RDFS, e.g., UltraWrap (Sequeda, Arenas, and Miranker 2014), where RDFS is extended with inverse and transitive properties, and mappings are still GAV, and Obi-Wan (Buron et al. 2020a), strictly restricted to RDFS but with GLAV mappings (i.e., q O is any CQ).We believe that the existential rule framework is particularly well suited to the development of OBDA systems in more expressive settings. ", "mentionContextAttributes": {"used": {"value": false, "score": 0.026026129722595215}, "created": {"value": false, "score": 4.565715789794922e-05}, "shared": {"value": false, "score": 1.430511474609375e-06}}, "documentContextAttributes": {"used": {"value": false, "score": 0.026026129722595215}, "created": {"value": false, "score": 4.565715789794922e-05}, "shared": {"value": false, "score": 1.430511474609375e-06}}}], "references": [], "runtime": 95036, "id": "e2a683b70dde15275afe396688ceea1d630b98c6", "metadata": {"id": "e2a683b70dde15275afe396688ceea1d630b98c6"}, "original_file_path": "../../datalake/Samuel/SOFTware-Sync/data/xml_not_sofctied/hal-03896402.grobid.tei.xml", "file_name": "hal-03896402.grobid.tei.xml"}