{"application": "software-mentions", "version": "0.8.0", "date": "2024-04-15T07:28+0000", "md5": "484796CE8F712CFC1874985122EA8769", "mentions": [{"type": "software", "software-type": "software", "wikidataId": "Q54871", "wikipediaExternalRef": 2574343, "lang": "en", "confidence": 0.9098, "software-name": {"rawForm": "SPARQL", "normalizedForm": "SPARQL", "wikidataId": "Q54871", "wikipediaExternalRef": 2574343, "lang": "en", "confidence": 0.9098, "offsetStart": 4, "offsetEnd": 10}, "version": {"rawForm": "1.1", "normalizedForm": "1.1"}, "context": "The SPARQL standard provides a large set of built-in functions, from ones dedicated to strings to specific ones about dates. ", "mentionContextAttributes": {"used": {"value": false, "score": 5.537271499633789e-05}, "created": {"value": false, "score": 0.00022864341735839844}, "shared": {"value": false, "score": 4.172325134277344e-07}}, "documentContextAttributes": {"used": {"value": true, "score": 0.9708960056304932}, "created": {"value": true, "score": 0.9996598958969116}, "shared": {"value": true, "score": 0.5020033717155457}}, "references": [{"label": "[2]", "normalizedForm": "[2]", "refKey": 2}, {"label": "[2]", "normalizedForm": "[2]", "refKey": 2}]}, {"type": "software", "software-type": "software", "wikidataId": "Q54871", "wikipediaExternalRef": 2574343, "lang": "en", "confidence": 0.9098, "software-name": {"rawForm": "SPARQL", "normalizedForm": "SPARQL", "wikidataId": "Q54871", "wikipediaExternalRef": 2574343, "lang": "en", "confidence": 0.9098, "offsetStart": 9, "offsetEnd": 15}, "version": {"rawForm": "1.1", "normalizedForm": "1.1"}, "context": "By using SPARQL to compute the signature of the query results, it avoids large result sets to be sent over the network while letting the triplestore optimise as much as possible all the computations. ", "mentionContextAttributes": {"used": {"value": false, "score": 0.010635733604431152}, "created": {"value": false, "score": 7.569789886474609e-06}, "shared": {"value": false, "score": 1.7881393432617188e-07}}, "documentContextAttributes": {"used": {"value": true, "score": 0.9708960056304932}, "created": {"value": true, "score": 0.9996598958969116}, "shared": {"value": true, "score": 0.5020033717155457}}, "references": [{"label": "[2]", "normalizedForm": "[2]", "refKey": 2}, {"label": "[2]", "normalizedForm": "[2]", "refKey": 2}]}, {"type": "software", "software-type": "software", "wikidataId": "Q54871", "wikipediaExternalRef": 2574343, "lang": "en", "confidence": 0.9098, "software-name": {"rawForm": "SPARQL", "normalizedForm": "SPARQL", "wikidataId": "Q54871", "wikipediaExternalRef": 2574343, "lang": "en", "confidence": 0.9098, "offsetStart": 23, "offsetEnd": 29}, "version": {"rawForm": "1.1", "normalizedForm": "1.1"}, "context": "Web-Interface: To help SPARQL practitioners and pipeline designers with our method, we also developed a Web interface (see Figure 1 for a screenshot) and serve it online .", "mentionContextAttributes": {"used": {"value": false, "score": 4.214048385620117e-05}, "created": {"value": true, "score": 0.9814165830612183}, "shared": {"value": false, "score": 5.3822994232177734e-05}}, "documentContextAttributes": {"used": {"value": true, "score": 0.9708960056304932}, "created": {"value": true, "score": 0.9996598958969116}, "shared": {"value": true, "score": 0.5020033717155457}}, "references": [{"label": "[2]", "normalizedForm": "[2]", "refKey": 2}, {"label": "[2]", "normalizedForm": "[2]", "refKey": 2}]}, {"type": "software", "software-type": "software", "wikidataId": "Q54871", "wikipediaExternalRef": 2574343, "lang": "en", "confidence": 0.9098, "software-name": {"rawForm": "SPARQL", "normalizedForm": "SPARQL", "wikidataId": "Q54871", "wikipediaExternalRef": 2574343, "lang": "en", "confidence": 0.9098, "offsetStart": 25, "offsetEnd": 31}, "version": {"rawForm": "1.1", "normalizedForm": "1.1"}, "context": "Therefore, we think this SPARQL-based \"lightweight\" signing approach could be useful for ETL pipeline designers.", "mentionContextAttributes": {"used": {"value": false, "score": 8.64863395690918e-05}, "created": {"value": true, "score": 0.6818922162055969}, "shared": {"value": false, "score": 2.980232238769531e-07}}, "documentContextAttributes": {"used": {"value": true, "score": 0.9708960056304932}, "created": {"value": true, "score": 0.9996598958969116}, "shared": {"value": true, "score": 0.5020033717155457}}, "references": [{"label": "[2]", "normalizedForm": "[2]", "refKey": 2}, {"label": "[2]", "normalizedForm": "[2]", "refKey": 2}]}, {"type": "software", "software-type": "software", "wikidataId": "Q54871", "wikipediaExternalRef": 2574343, "lang": "en", "confidence": 0.9098, "software-name": {"rawForm": "SPARQL", "normalizedForm": "SPARQL", "wikidataId": "Q54871", "wikipediaExternalRef": 2574343, "lang": "en", "confidence": 0.9098, "offsetStart": 29, "offsetEnd": 35}, "version": {"rawForm": "1.1", "normalizedForm": "1.1"}, "context": "Assuming Q is the considered SPARQL select query, we propose the following steps to generate the query which computes the hash of the results of Q:", "mentionContextAttributes": {"used": {"value": false, "score": 0.10106128454208374}, "created": {"value": false, "score": 0.3410208821296692}, "shared": {"value": false, "score": 2.980232238769531e-07}}, "documentContextAttributes": {"used": {"value": true, "score": 0.9708960056304932}, "created": {"value": true, "score": 0.9996598958969116}, "shared": {"value": true, "score": 0.5020033717155457}}, "references": [{"label": "[2]", "normalizedForm": "[2]", "refKey": 2}, {"label": "[2]", "normalizedForm": "[2]", "refKey": 2}]}, {"type": "software", "software-type": "software", "wikidataId": "Q54871", "wikipediaExternalRef": 2574343, "lang": "en", "confidence": 0.9098, "software-name": {"rawForm": "SPARQL", "normalizedForm": "SPARQL", "wikidataId": "Q54871", "wikipediaExternalRef": 2574343, "lang": "en", "confidence": 0.9098, "offsetStart": 31, "offsetEnd": 37}, "version": {"rawForm": "1.1", "normalizedForm": "1.1"}, "context": "Signing an RDF graph through a SPARQL query is not as reliable as the traditional and complete method that transforms the entire graph beforehand.", "mentionContextAttributes": {"used": {"value": false, "score": 0.0001652240753173828}, "created": {"value": false, "score": 3.9517879486083984e-05}, "shared": {"value": false, "score": 1.7881393432617188e-07}}, "documentContextAttributes": {"used": {"value": true, "score": 0.9708960056304932}, "created": {"value": true, "score": 0.9996598958969116}, "shared": {"value": true, "score": 0.5020033717155457}}, "references": [{"label": "[2]", "normalizedForm": "[2]", "refKey": 2}, {"label": "[2]", "normalizedForm": "[2]", "refKey": 2}]}, {"type": "software", "software-type": "software", "wikidataId": "Q54871", "wikipediaExternalRef": 2574343, "lang": "en", "confidence": 0.9098, "software-name": {"rawForm": "SPARQL", "normalizedForm": "SPARQL", "wikidataId": "Q54871", "wikipediaExternalRef": 2574343, "lang": "en", "confidence": 0.9098, "offsetStart": 33, "offsetEnd": 39}, "version": {"rawForm": "1.1", "normalizedForm": "1.1", "offsetStart": 40, "offsetEnd": 43}, "context": "This method is based on standard SPARQL 1.1 features and relies on digitally signing parts of query result sets to inform data consumers about their eventual change.", "mentionContextAttributes": {"used": {"value": false, "score": 0.0007715225219726562}, "created": {"value": false, "score": 0.00017333030700683594}, "shared": {"value": false, "score": 1.7881393432617188e-07}}, "documentContextAttributes": {"used": {"value": true, "score": 0.9708960056304932}, "created": {"value": true, "score": 0.9996598958969116}, "shared": {"value": true, "score": 0.5020033717155457}}, "references": [{"label": "[2]", "normalizedForm": "[2]", "refKey": 2}, {"label": "[2]", "normalizedForm": "[2]", "refKey": 2}]}, {"type": "software", "software-type": "software", "wikidataId": "Q54871", "wikipediaExternalRef": 2574343, "lang": "en", "confidence": 0.9098, "software-name": {"rawForm": "SPARQL", "normalizedForm": "SPARQL", "wikidataId": "Q54871", "wikipediaExternalRef": 2574343, "lang": "en", "confidence": 0.9098, "offsetStart": 36, "offsetEnd": 42}, "version": {"rawForm": "1.1", "normalizedForm": "1.1"}, "context": "This abundance of open datasets and SPARQL [2] endpoints led not only researchers but also businesses to integrate RDF graphs into their complex data pipelines.", "mentionContextAttributes": {"used": {"value": false, "score": 0.012207329273223877}, "created": {"value": false, "score": 0.00016617774963378906}, "shared": {"value": false, "score": 1.7881393432617188e-07}}, "documentContextAttributes": {"used": {"value": true, "score": 0.9708960056304932}, "created": {"value": true, "score": 0.9996598958969116}, "shared": {"value": true, "score": 0.5020033717155457}}, "references": [{"label": "[2]", "normalizedForm": "[2]", "refKey": 2, "offsetStart": 1269, "offsetEnd": 1272}]}, {"type": "software", "software-type": "software", "wikidataId": "Q54871", "wikipediaExternalRef": 2574343, "lang": "en", "confidence": 0.9098, "software-name": {"rawForm": "SPARQL", "normalizedForm": "SPARQL", "wikidataId": "Q54871", "wikipediaExternalRef": 2574343, "lang": "en", "confidence": 0.9098, "offsetStart": 37, "offsetEnd": 43}, "version": {"rawForm": "1.1", "normalizedForm": "1.1"}, "context": "In this article, mainly dedicated to SPARQL practitioners and data pipeline designers, we review the possibilities provided by the SPARQL 1.1 standard [2] to sign query result sets.", "mentionContextAttributes": {"used": {"value": false, "score": 0.0005763769149780273}, "created": {"value": true, "score": 0.8719766736030579}, "shared": {"value": false, "score": 1.7881393432617188e-07}}, "documentContextAttributes": {"used": {"value": true, "score": 0.9708960056304932}, "created": {"value": true, "score": 0.9996598958969116}, "shared": {"value": true, "score": 0.5020033717155457}}, "references": [{"label": "[2]", "normalizedForm": "[2]", "refKey": 2}, {"label": "[2]", "normalizedForm": "[2]", "refKey": 2}]}, {"type": "software", "software-type": "software", "wikidataId": "Q54871", "wikipediaExternalRef": 2574343, "lang": "en", "confidence": 0.9098, "software-name": {"rawForm": "SPARQL", "normalizedForm": "SPARQL", "wikidataId": "Q54871", "wikipediaExternalRef": 2574343, "lang": "en", "confidence": 0.9098, "offsetStart": 37, "offsetEnd": 43}, "version": {"rawForm": "1.1", "normalizedForm": "1.1"}, "context": "The page allows users to paste their SPARQL query (Q) in order to obtain a new query (Q hash) which should be run to obtain the hash of the results of Q.", "mentionContextAttributes": {"used": {"value": false, "score": 0.0003345012664794922}, "created": {"value": false, "score": 0.00011724233627319336}, "shared": {"value": false, "score": 6.556510925292969e-07}}, "documentContextAttributes": {"used": {"value": true, "score": 0.9708960056304932}, "created": {"value": true, "score": 0.9996598958969116}, "shared": {"value": true, "score": 0.5020033717155457}}, "references": [{"label": "[2]", "normalizedForm": "[2]", "refKey": 2}, {"label": "[2]", "normalizedForm": "[2]", "refKey": 2}]}, {"type": "software", "software-type": "software", "wikidataId": "Q54871", "wikipediaExternalRef": 2574343, "lang": "en", "confidence": 0.9098, "software-name": {"rawForm": "SPARQL", "normalizedForm": "SPARQL", "wikidataId": "Q54871", "wikipediaExternalRef": 2574343, "lang": "en", "confidence": 0.9098, "offsetStart": 52, "offsetEnd": 58}, "version": {"rawForm": "1.1", "normalizedForm": "1.1"}, "context": "Practically, these complex ETL pipelines relying on SPARQL endpoints to extract relevant information often have to be relaunched from scratch every once in a while in order to refresh their data.", "mentionContextAttributes": {"used": {"value": false, "score": 0.00015091896057128906}, "created": {"value": false, "score": 6.03795051574707e-05}, "shared": {"value": false, "score": 1.7881393432617188e-07}}, "documentContextAttributes": {"used": {"value": true, "score": 0.9708960056304932}, "created": {"value": true, "score": 0.9996598958969116}, "shared": {"value": true, "score": 0.5020033717155457}}, "references": [{"label": "[2]", "normalizedForm": "[2]", "refKey": 2}, {"label": "[2]", "normalizedForm": "[2]", "refKey": 2}]}, {"type": "software", "software-type": "implicit", "software-name": {"rawForm": "routine", "normalizedForm": "routine", "offsetStart": 62, "offsetEnd": 69}, "context": "Technically the query generation is done through a JavaScript routine whose parser relies on SPARQL.js6 .", "mentionContextAttributes": {"used": {"value": true, "score": 0.5073323845863342}, "created": {"value": false, "score": 3.5822391510009766e-05}, "shared": {"value": false, "score": 2.980232238769531e-07}}, "documentContextAttributes": {"used": {"value": true, "score": 0.5073323845863342}, "created": {"value": false, "score": 3.5822391510009766e-05}, "shared": {"value": false, "score": 2.980232238769531e-07}}}, {"type": "software", "software-type": "software", "wikidataId": "Q54871", "wikipediaExternalRef": 2574343, "lang": "en", "confidence": 0.9098, "software-name": {"rawForm": "SPARQL", "normalizedForm": "SPARQL", "wikidataId": "Q54871", "wikipediaExternalRef": 2574343, "lang": "en", "confidence": 0.9098, "offsetStart": 77, "offsetEnd": 83}, "version": {"rawForm": "1.1", "normalizedForm": "1.1"}, "context": "In the 'MD5' example above, the hash value represents the result of a simple SPARQL query 3 .", "mentionContextAttributes": {"used": {"value": true, "score": 0.9708960056304932}, "created": {"value": false, "score": 3.993511199951172e-06}, "shared": {"value": false, "score": 1.7881393432617188e-07}}, "documentContextAttributes": {"used": {"value": true, "score": 0.9708960056304932}, "created": {"value": true, "score": 0.9996598958969116}, "shared": {"value": true, "score": 0.5020033717155457}}, "references": [{"label": "[2]", "normalizedForm": "[2]", "refKey": 2}, {"label": "[2]", "normalizedForm": "[2]", "refKey": 2}]}, {"type": "software", "software-type": "software", "wikidataId": "Q54871", "wikipediaExternalRef": 2574343, "lang": "en", "confidence": 0.9098, "software-name": {"rawForm": "SPARQL", "normalizedForm": "SPARQL", "wikidataId": "Q54871", "wikipediaExternalRef": 2574343, "lang": "en", "confidence": 0.9098, "offsetStart": 80, "offsetEnd": 86}, "version": {"rawForm": "1.1", "normalizedForm": "1.1"}, "context": "This paper describes how to improve existing Semantic Web data pipelines with a SPARQL-based method that helps in identifying when query results have changed.", "mentionContextAttributes": {"used": {"value": false, "score": 3.9517879486083984e-05}, "created": {"value": true, "score": 0.9996598958969116}, "shared": {"value": false, "score": 2.980232238769531e-07}}, "documentContextAttributes": {"used": {"value": true, "score": 0.9708960056304932}, "created": {"value": true, "score": 0.9996598958969116}, "shared": {"value": true, "score": 0.5020033717155457}}, "references": [{"label": "[2]", "normalizedForm": "[2]", "refKey": 2}, {"label": "[2]", "normalizedForm": "[2]", "refKey": 2}]}, {"type": "software", "software-type": "software", "wikidataId": "Q54871", "wikipediaExternalRef": 2574343, "lang": "en", "confidence": 0.9098, "software-name": {"rawForm": "SPARQL", "normalizedForm": "SPARQL", "wikidataId": "Q54871", "wikipediaExternalRef": 2574343, "lang": "en", "confidence": 0.9098, "offsetStart": 91, "offsetEnd": 97}, "version": {"rawForm": "1.1", "normalizedForm": "1.1"}, "context": "Practically, these functions can be used to hash a complete RDF graph accessible through a SPARQL endpoint.", "mentionContextAttributes": {"used": {"value": false, "score": 0.001558542251586914}, "created": {"value": false, "score": 5.251169204711914e-05}, "shared": {"value": false, "score": 2.980232238769531e-07}}, "documentContextAttributes": {"used": {"value": true, "score": 0.9708960056304932}, "created": {"value": true, "score": 0.9996598958969116}, "shared": {"value": true, "score": 0.5020033717155457}}, "references": [{"label": "[2]", "normalizedForm": "[2]", "refKey": 2}, {"label": "[2]", "normalizedForm": "[2]", "refKey": 2}]}, {"type": "software", "software-type": "software", "software-name": {"rawForm": "Stardog", "normalizedForm": "Stardog", "offsetStart": 93, "offsetEnd": 100}, "context": "Performance: For comparison, we reviewed three queries (Q1, Q2, Q3) on a YAGO45 KG loaded on Stardog, running on a 4 cores and 32GB memory VM. ", "mentionContextAttributes": {"used": {"value": true, "score": 0.9999886155128479}, "created": {"value": false, "score": 3.039836883544922e-06}, "shared": {"value": false, "score": 1.7881393432617188e-07}}, "documentContextAttributes": {"used": {"value": true, "score": 0.9999886155128479}, "created": {"value": false, "score": 3.039836883544922e-06}, "shared": {"value": false, "score": 1.7881393432617188e-07}}}, {"type": "software", "software-type": "software", "software-name": {"rawForm": "SPARQL.js", "normalizedForm": "SPARQL.js", "offsetStart": 93, "offsetEnd": 103}, "context": "Technically the query generation is done through a JavaScript routine whose parser relies on SPARQL.js6 .", "mentionContextAttributes": {"used": {"value": true, "score": 0.5073323845863342}, "created": {"value": false, "score": 3.5762786865234375e-05}, "shared": {"value": false, "score": 2.384185791015625e-07}}, "documentContextAttributes": {"used": {"value": true, "score": 0.5073323845863342}, "created": {"value": false, "score": 3.5762786865234375e-05}, "shared": {"value": false, "score": 2.384185791015625e-07}}}, {"type": "software", "software-type": "software", "wikidataId": "Q54871", "wikipediaExternalRef": 2574343, "lang": "en", "confidence": 0.9098, "software-name": {"rawForm": "SPARQL", "normalizedForm": "SPARQL", "wikidataId": "Q54871", "wikipediaExternalRef": 2574343, "lang": "en", "confidence": 0.9098, "offsetStart": 96, "offsetEnd": 102}, "version": {"rawForm": "1.1", "normalizedForm": "1.1"}, "context": "We suggest to use the aforedescribed approach to check on the endpoint side if the results of a SPARQL query have changed.", "mentionContextAttributes": {"used": {"value": true, "score": 0.8865840435028076}, "created": {"value": false, "score": 0.00029021501541137695}, "shared": {"value": false, "score": 1.1920928955078125e-07}}, "documentContextAttributes": {"used": {"value": true, "score": 0.9708960056304932}, "created": {"value": true, "score": 0.9996598958969116}, "shared": {"value": true, "score": 0.5020033717155457}}, "references": [{"label": "[2]", "normalizedForm": "[2]", "refKey": 2}, {"label": "[2]", "normalizedForm": "[2]", "refKey": 2}]}, {"type": "software", "software-type": "software", "wikidataId": "Q54871", "wikipediaExternalRef": 2574343, "lang": "en", "confidence": 0.9098, "software-name": {"rawForm": "SPARQL", "normalizedForm": "SPARQL", "wikidataId": "Q54871", "wikipediaExternalRef": 2574343, "lang": "en", "confidence": 0.9098, "offsetStart": 105, "offsetEnd": 111}, "version": {"rawForm": "1.1", "normalizedForm": "1.1"}, "context": "The recent increase of RDF usage has witnessed a rising need of \"verification\" around data obtained from SPARQL endpoints.", "mentionContextAttributes": {"used": {"value": false, "score": 0.0020411014556884766}, "created": {"value": false, "score": 9.72747802734375e-05}, "shared": {"value": false, "score": 1.1920928955078125e-07}}, "documentContextAttributes": {"used": {"value": true, "score": 0.9708960056304932}, "created": {"value": true, "score": 0.9996598958969116}, "shared": {"value": true, "score": 0.5020033717155457}}, "references": [{"label": "[2]", "normalizedForm": "[2]", "refKey": 2}, {"label": "[2]", "normalizedForm": "[2]", "refKey": 2}]}, {"type": "software", "software-type": "software", "wikidataId": "Q54871", "wikipediaExternalRef": 2574343, "lang": "en", "confidence": 0.9098, "software-name": {"rawForm": "SPARQL", "normalizedForm": "SPARQL", "wikidataId": "Q54871", "wikipediaExternalRef": 2574343, "lang": "en", "confidence": 0.9098, "offsetStart": 131, "offsetEnd": 137}, "version": {"rawForm": ".1", "normalizedForm": ".1", "offsetStart": 139, "offsetEnd": 141}, "context": "In this article, mainly dedicated to SPARQL practitioners and data pipeline designers, we review the possibilities provided by the SPARQL 1.1 standard [2] to sign query result sets. ", "mentionContextAttributes": {"used": {"value": false, "score": 0.0005763769149780273}, "created": {"value": true, "score": 0.8719766139984131}, "shared": {"value": false, "score": 1.1920928955078125e-07}}, "documentContextAttributes": {"used": {"value": true, "score": 0.9708960056304932}, "created": {"value": true, "score": 0.9996598958969116}, "shared": {"value": true, "score": 0.5020033717155457}}, "references": [{"label": "[2]", "normalizedForm": "[2]", "refKey": 2, "offsetStart": 2713, "offsetEnd": 2716}, {"label": "[2]", "normalizedForm": "[2]", "refKey": 2, "offsetStart": 2713, "offsetEnd": 2716}]}, {"type": "software", "software-type": "software", "wikidataId": "Q54871", "wikipediaExternalRef": 2574343, "lang": "en", "confidence": 0.9098, "software-name": {"rawForm": "SPARQL", "normalizedForm": "SPARQL", "wikidataId": "Q54871", "wikipediaExternalRef": 2574343, "lang": "en", "confidence": 0.9098, "offsetStart": 139, "offsetEnd": 145}, "version": {"rawForm": "1.1", "normalizedForm": "1.1"}, "context": "We hope this will inspire developers to use the hash functions provided by the standard, and serve our method at: https://dgraux.github.io/SPARQL-hash/", "mentionContextAttributes": {"used": {"value": false, "score": 8.45193862915039e-05}, "created": {"value": false, "score": 0.38802534341812134}, "shared": {"value": true, "score": 0.5020033717155457}}, "documentContextAttributes": {"used": {"value": true, "score": 0.9708960056304932}, "created": {"value": true, "score": 0.9996598958969116}, "shared": {"value": true, "score": 0.5020033717155457}}, "references": [{"label": "[2]", "normalizedForm": "[2]", "refKey": 2}, {"label": "[2]", "normalizedForm": "[2]", "refKey": 2}]}, {"type": "software", "software-type": "software", "wikidataId": "Q54871", "wikipediaExternalRef": 2574343, "lang": "en", "confidence": 0.9098, "software-name": {"rawForm": "SPARQL", "normalizedForm": "SPARQL", "wikidataId": "Q54871", "wikipediaExternalRef": 2574343, "lang": "en", "confidence": 0.9098, "offsetStart": 164, "offsetEnd": 170}, "version": {"rawForm": "1.1", "normalizedForm": "1.1"}, "context": "th it returned \"a41d8b97289ea1ef1af2a2ec54cff96c\". 5 YAGO4 has \u223c209 million triples: https://yago-knowledge.org/downloads/yago-4 6 https://github.com/RubenVerborgh/SPARQL.js", "mentionContextAttributes": {"used": {"value": false, "score": 0.007189571857452393}, "created": {"value": false, "score": 3.5762786865234375e-06}, "shared": {"value": false, "score": 9.012222290039062e-05}}, "documentContextAttributes": {"used": {"value": true, "score": 0.9708960056304932}, "created": {"value": true, "score": 0.9996598958969116}, "shared": {"value": true, "score": 0.5020033717155457}}, "references": [{"label": "[2]", "normalizedForm": "[2]", "refKey": 2}, {"label": "[2]", "normalizedForm": "[2]", "refKey": 2}]}], "references": [{"refKey": 2, "tei": "<biblStruct xml:id=\"b2\">\n\t<analytic>\n\t\t<title level=\"a\" type=\"main\">SPARQL Query Processing with Conventional Relational Database Systems</title>\n\t\t<author>\n\t\t\t<persName><forename type=\"first\">Stephen</forename><surname>Harris</surname></persName>\n\t\t</author>\n\t\t<author>\n\t\t\t<persName><forename type=\"first\">Nigel</forename><surname>Shadbolt</surname></persName>\n\t\t</author>\n\t\t<idno type=\"DOI\">10.1007/11581116_25</idno>\n\t</analytic>\n\t<monogr>\n\t\t<title level=\"m\">Web Information Systems Engineering \u2013 WISE 2005 Workshops</title>\n\t\t<imprint>\n\t\t\t<publisher>Springer Berlin Heidelberg</publisher>\n\t\t\t<date type=\"published\" when=\"2005\">2013</date>\n\t\t\t<biblScope unit=\"volume\">21</biblScope>\n\t\t\t<biblScope unit=\"page\" from=\"235\" to=\"244\" />\n\t\t</imprint>\n\t</monogr>\n</biblStruct>\n"}], "runtime": 76228, "id": "3178d5dd30b522234ebcd86d1a0f0eae23845b45", "metadata": {"id": "3178d5dd30b522234ebcd86d1a0f0eae23845b45"}, "original_file_path": "../../datalake/Samuel/SOFTware-Sync/data/xml_not_sofctied/hal-03516436.grobid.tei.xml", "file_name": "hal-03516436.grobid.tei.xml"}