{"application": "software-mentions", "version": "0.8.0", "date": "2024-04-12T15:46+0000", "md5": "A801DE83C23F9941CC4DA66384E5786F", "mentions": [{"type": "software", "software-type": "software", "software-name": {"rawForm": "BrainPedia", "normalizedForm": "BrainPedia", "offsetStart": 0, "offsetEnd": 10}, "context": "BrainPedia: BrainPedia database comprises data from 29 studies, assembled from various sources (OpenNeuro, NeuroSpin research center, etc.).", "mentionContextAttributes": {"used": {"value": false, "score": 0.13675767183303833}, "created": {"value": false, "score": 1.424551010131836e-05}, "shared": {"value": false, "score": 2.980232238769531e-07}}, "documentContextAttributes": {"used": {"value": true, "score": 0.9999903440475464}, "created": {"value": true, "score": 0.9101279377937317}, "shared": {"value": false, "score": 7.62939453125e-06}}, "references": [{"label": "[48]", "normalizedForm": "[48]", "refKey": 47}]}, {"type": "software", "software-type": "software", "software-name": {"rawForm": "BrainPedia", "normalizedForm": "BrainPedia", "offsetStart": 4, "offsetEnd": 14}, "context": "For BrainPedia, a multilabel decoding was performed in the original study since multiple concepts are associated with most maps.", "mentionContextAttributes": {"used": {"value": true, "score": 0.9985748529434204}, "created": {"value": false, "score": 0.00012129545211791992}, "shared": {"value": false, "score": 1.7881393432617188e-07}}, "documentContextAttributes": {"used": {"value": true, "score": 0.9999903440475464}, "created": {"value": true, "score": 0.9101279377937317}, "shared": {"value": false, "score": 7.62939453125e-06}}, "references": [{"label": "[48]", "normalizedForm": "[48]", "refKey": 47}]}, {"type": "software", "software-type": "software", "software-name": {"rawForm": "BrainPedia", "normalizedForm": "BrainPedia", "offsetStart": 12, "offsetEnd": 22}, "context": "BrainPedia: BrainPedia database comprises data from 29 studies, assembled from various sources (OpenNeuro, NeuroSpin research center, etc.).", "mentionContextAttributes": {"used": {"value": false, "score": 0.13675767183303833}, "created": {"value": false, "score": 1.424551010131836e-05}, "shared": {"value": false, "score": 2.980232238769531e-07}}, "documentContextAttributes": {"used": {"value": true, "score": 0.9999903440475464}, "created": {"value": true, "score": 0.9101279377937317}, "shared": {"value": false, "score": 7.62939453125e-06}}, "references": [{"label": "[48]", "normalizedForm": "[48]", "refKey": 47}]}, {"type": "software", "software-type": "software", "software-name": {"rawForm": "BrainPedia", "normalizedForm": "BrainPedia", "offsetStart": 14, "offsetEnd": 24}, "context": "On the global BrainPedia dataset, performance also increased with pretraining.", "mentionContextAttributes": {"used": {"value": true, "score": 0.9999549984931946}, "created": {"value": false, "score": 1.1265277862548828e-05}, "shared": {"value": false, "score": 2.980232238769531e-07}}, "documentContextAttributes": {"used": {"value": true, "score": 0.9999903440475464}, "created": {"value": true, "score": 0.9101279377937317}, "shared": {"value": false, "score": 7.62939453125e-06}}, "references": [{"label": "[48]", "normalizedForm": "[48]", "refKey": 47}]}, {"type": "software", "software-type": "software", "software-name": {"rawForm": "Application Programming Interface", "normalizedForm": "Application Programming Interface", "offsetStart": 15, "offsetEnd": 48}, "context": "its own public Application Programming Interface that provides a full access to all images (grouped by collections) and enables filtering of images or collections with associated metadata. ", "mentionContextAttributes": {"used": {"value": false, "score": 7.480382919311523e-05}, "created": {"value": false, "score": 0.016610443592071533}, "shared": {"value": false, "score": 3.713369369506836e-05}}, "documentContextAttributes": {"used": {"value": false, "score": 7.480382919311523e-05}, "created": {"value": false, "score": 0.016610443592071533}, "shared": {"value": false, "score": 3.713369369506836e-05}}}, {"type": "software", "software-type": "software", "wikidataId": "Q47509047", "wikipediaExternalRef": 54022970, "lang": "en", "confidence": 0.7826, "software-name": {"rawForm": "PyTorch", "normalizedForm": "PyTorch", "wikidataId": "Q47509047", "wikipediaExternalRef": 54022970, "lang": "en", "confidence": 0.7826, "offsetStart": 25, "offsetEnd": 32}, "version": {"rawForm": "1.12.0", "normalizedForm": "1.12.0"}, "context": "Both were implemented in PyTorch.", "mentionContextAttributes": {"used": {"value": false, "score": 0.012415766716003418}, "created": {"value": false, "score": 0.0021074414253234863}, "shared": {"value": false, "score": 2.3245811462402344e-06}}, "documentContextAttributes": {"used": {"value": true, "score": 0.999546468257904}, "created": {"value": false, "score": 0.0021074414253234863}, "shared": {"value": false, "score": 2.3245811462402344e-06}}}, {"type": "software", "software-type": "software", "software-name": {"rawForm": "BrainPedia", "normalizedForm": "BrainPedia", "offsetStart": 26, "offsetEnd": 36}, "context": "This model classified the BrainPedia dataset with an average accuracy of 67.1% and an average F1-score of 61%.", "mentionContextAttributes": {"used": {"value": true, "score": 0.9998233318328857}, "created": {"value": false, "score": 2.682209014892578e-06}, "shared": {"value": false, "score": 2.980232238769531e-07}}, "documentContextAttributes": {"used": {"value": true, "score": 0.9999903440475464}, "created": {"value": true, "score": 0.9101279377937317}, "shared": {"value": false, "score": 7.62939453125e-06}}, "references": [{"label": "[48]", "normalizedForm": "[48]", "refKey": 47}]}, {"type": "software", "software-type": "software", "software-name": {"rawForm": "BrainPedia", "normalizedForm": "BrainPedia", "offsetStart": 28, "offsetEnd": 38}, "context": "Among the 29 studies of the BrainPedia dataset, we only kept those that were composed of more than 20 subjects.", "mentionContextAttributes": {"used": {"value": true, "score": 0.9999850392341614}, "created": {"value": false, "score": 6.854534149169922e-06}, "shared": {"value": false, "score": 2.980232238769531e-07}}, "documentContextAttributes": {"used": {"value": true, "score": 0.9999903440475464}, "created": {"value": true, "score": 0.9101279377937317}, "shared": {"value": false, "score": 7.62939453125e-06}}, "references": [{"label": "[48]", "normalizedForm": "[48]", "refKey": 47}]}, {"type": "software", "software-type": "software", "wikidataId": "Q47509047", "wikipediaExternalRef": 54022970, "lang": "en", "confidence": 0.7842, "software-name": {"rawForm": "PyTorch", "normalizedForm": "PyTorch", "wikidataId": "Q47509047", "wikipediaExternalRef": 54022970, "lang": "en", "confidence": 0.7842, "offsetStart": 34, "offsetEnd": 46}, "version": {"rawForm": "1.12.0", "normalizedForm": "1.12.0", "offsetStart": 48, "offsetEnd": 54}, "context": "All models were implemented using PyTorch [50] v1.12.0 (RRID:SC R_018536) with CUDA [51] v10.2. ", "mentionContextAttributes": {"used": {"value": true, "score": 0.999546468257904}, "created": {"value": false, "score": 1.6868114471435547e-05}, "shared": {"value": false, "score": 1.7881393432617188e-07}}, "documentContextAttributes": {"used": {"value": true, "score": 0.999546468257904}, "created": {"value": false, "score": 0.0021074414253234863}, "shared": {"value": false, "score": 2.3245811462402344e-06}}}, {"type": "software", "software-type": "software", "wikidataId": "Q1026367", "wikipediaExternalRef": 33490859, "lang": "en", "confidence": 0.909, "software-name": {"rawForm": "scikit-learn", "normalizedForm": "scikit-learn", "wikidataId": "Q1026367", "wikipediaExternalRef": 33490859, "lang": "en", "confidence": 0.909, "offsetStart": 35, "offsetEnd": 52}, "context": "All metrics were implemented using scikit-learn [49] with default parameters, except for F1-score, for which the \"average\" parameter was specified with \"macro\" to deal with multiclass classification.", "mentionContextAttributes": {"used": {"value": true, "score": 0.9975044131278992}, "created": {"value": false, "score": 8.088350296020508e-05}, "shared": {"value": false, "score": 1.7881393432617188e-07}}, "documentContextAttributes": {"used": {"value": true, "score": 0.9975044131278992}, "created": {"value": false, "score": 8.088350296020508e-05}, "shared": {"value": false, "score": 1.7881393432617188e-07}}}, {"type": "software", "software-type": "software", "software-name": {"rawForm": "BrainPedia", "normalizedForm": "BrainPedia", "offsetStart": 42, "offsetEnd": 52}, "context": "NeuroVault collection 1952 [47], known as BrainPedia [48], contains fMRI statistic maps of about 30 fMRI studies from Open-Neuro [35], the HCP [46], and data acquired at Neurospin research center; together, they were chosen to map a wide set of cognitive functions.", "mentionContextAttributes": {"used": {"value": true, "score": 0.9856662750244141}, "created": {"value": false, "score": 9.953975677490234e-06}, "shared": {"value": false, "score": 2.980232238769531e-07}}, "documentContextAttributes": {"used": {"value": true, "score": 0.9999903440475464}, "created": {"value": true, "score": 0.9101279377937317}, "shared": {"value": false, "score": 7.62939453125e-06}}, "references": [{"label": "[48]", "normalizedForm": "[48]", "refKey": 47, "offsetStart": 15562, "offsetEnd": 15566}]}, {"type": "software", "software-type": "software", "software-name": {"rawForm": "Nilearn", "normalizedForm": "Nilearn", "offsetStart": 50, "offsetEnd": 57}, "context": "Finally, the brain mask of the MNI152 template in Nilearn was used to exclude statistical values outside the brain in all statistic maps.", "mentionContextAttributes": {"used": {"value": true, "score": 0.9999908804893494}, "created": {"value": false, "score": 3.3974647521972656e-06}, "shared": {"value": false, "score": 1.7881393432617188e-07}}, "documentContextAttributes": {"used": {"value": true, "score": 0.9999908804893494}, "created": {"value": false, "score": 0.0002485513687133789}, "shared": {"value": false, "score": 1.7881393432617188e-07}}}, {"type": "software", "software-type": "software", "software-name": {"rawForm": "BrainPedia", "normalizedForm": "BrainPedia", "offsetStart": 56, "offsetEnd": 66}, "context": "These results are illustrated in Fig. 8. On a the small BrainPedia dataset, pretraining improved the performance of the classifier.", "mentionContextAttributes": {"used": {"value": true, "score": 0.9999882578849792}, "created": {"value": false, "score": 3.039836883544922e-06}, "shared": {"value": false, "score": 1.7881393432617188e-07}}, "documentContextAttributes": {"used": {"value": true, "score": 0.9999903440475464}, "created": {"value": true, "score": 0.9101279377937317}, "shared": {"value": false, "score": 7.62939453125e-06}}, "references": [{"label": "[48]", "normalizedForm": "[48]", "refKey": 47}]}, {"type": "software", "software-type": "software", "software-name": {"rawForm": "BrainPedia", "normalizedForm": "BrainPedia", "offsetStart": 58, "offsetEnd": 68}, "context": "In these remaining studies, already split into 5 folds in BrainPedia validation and test subdatasets, 2 subjects were randomly drawn per fold per study per subdataset to obtain 10 subjects per study per subdataset.", "mentionContextAttributes": {"used": {"value": true, "score": 0.999978244304657}, "created": {"value": false, "score": 2.3245811462402344e-06}, "shared": {"value": false, "score": 1.7881393432617188e-07}}, "documentContextAttributes": {"used": {"value": true, "score": 0.9999903440475464}, "created": {"value": true, "score": 0.9101279377937317}, "shared": {"value": false, "score": 7.62939453125e-06}}, "references": [{"label": "[48]", "normalizedForm": "[48]", "refKey": 47}]}, {"type": "software", "software-type": "software", "software-name": {"rawForm": "BrainPedia", "normalizedForm": "BrainPedia", "offsetStart": 65, "offsetEnd": 75}, "context": "These 6,448 images were grouped together and referred to as the \"BrainPedia\" dataset in the following.", "mentionContextAttributes": {"used": {"value": true, "score": 0.9999046921730042}, "created": {"value": false, "score": 1.913309097290039e-05}, "shared": {"value": false, "score": 1.7881393432617188e-07}}, "documentContextAttributes": {"used": {"value": true, "score": 0.9999903440475464}, "created": {"value": true, "score": 0.9101279377937317}, "shared": {"value": false, "score": 7.62939453125e-06}}, "references": [{"label": "[48]", "normalizedForm": "[48]", "refKey": 47}]}, {"type": "software", "software-type": "software", "wikidataId": "Q477690", "wikipediaExternalRef": 7933386, "lang": "en", "confidence": 0.9123, "software-name": {"rawForm": "CUDA", "normalizedForm": "CUDA", "wikidataId": "Q477690", "wikipediaExternalRef": 7933386, "lang": "en", "confidence": 0.9123, "offsetStart": 79, "offsetEnd": 83}, "version": {"rawForm": "10.2", "normalizedForm": "10.2", "offsetStart": 90, "offsetEnd": 94}, "context": "All models were implemented using PyTorch [50] v1.12.0 (RRID:SC R_018536) with CUDA [51] v10.2. ", "mentionContextAttributes": {"used": {"value": true, "score": 0.999546468257904}, "created": {"value": false, "score": 1.6868114471435547e-05}, "shared": {"value": false, "score": 1.7881393432617188e-07}}, "documentContextAttributes": {"used": {"value": true, "score": 0.999546468257904}, "created": {"value": false, "score": 1.6868114471435547e-05}, "shared": {"value": false, "score": 1.7881393432617188e-07}}}, {"type": "software", "software-type": "software", "software-name": {"rawForm": "BrainPedia", "normalizedForm": "BrainPedia", "offsetStart": 81, "offsetEnd": 91}, "context": "NeuroVault IDs of statistic maps included in each dataset (Neu-roVault, HCP, and BrainPedia) are available in the Derived Data section.", "mentionContextAttributes": {"used": {"value": false, "score": 0.12649619579315186}, "created": {"value": false, "score": 3.2961368560791016e-05}, "shared": {"value": false, "score": 4.172325134277344e-07}}, "documentContextAttributes": {"used": {"value": true, "score": 0.9999903440475464}, "created": {"value": true, "score": 0.9101279377937317}, "shared": {"value": false, "score": 7.62939453125e-06}}, "references": [{"label": "[48]", "normalizedForm": "[48]", "refKey": 47}]}, {"type": "software", "software-type": "software", "software-name": {"rawForm": "Nilearn", "normalizedForm": "Nilearn", "offsetStart": 86, "offsetEnd": 98}, "context": "We resampled all maps to dimensions (48,56,48) using the MNI152 template available in Nilearn [49] (RRID:SCR_001362) as target image. ", "mentionContextAttributes": {"used": {"value": true, "score": 0.9987565279006958}, "created": {"value": false, "score": 0.0002485513687133789}, "shared": {"value": false, "score": 1.7881393432617188e-07}}, "documentContextAttributes": {"used": {"value": true, "score": 0.9999908804893494}, "created": {"value": false, "score": 0.0002485513687133789}, "shared": {"value": false, "score": 1.7881393432617188e-07}}}, {"type": "software", "software-type": "software", "software-name": {"rawForm": "AutoEncoder", "normalizedForm": "AutoEncoder", "offsetStart": 91, "offsetEnd": 102}, "context": "Supplementary Figure S1 -Schematic visualisation of the architectures of the Convolutional AutoEncoder (a) and Convolutional Neural Network (b) with 4 layers. ", "mentionContextAttributes": {"used": {"value": false, "score": 0.009809315204620361}, "created": {"value": false, "score": 1.3053417205810547e-05}, "shared": {"value": false, "score": 2.980232238769531e-07}}, "documentContextAttributes": {"used": {"value": false, "score": 0.009809315204620361}, "created": {"value": false, "score": 1.3053417205810547e-05}, "shared": {"value": false, "score": 2.980232238769531e-07}}}, {"type": "software", "software-type": "software", "software-name": {"rawForm": "BrainPedia", "normalizedForm": "BrainPedia", "offsetStart": 100, "offsetEnd": 110}, "context": "Table 5 summarizes the results for the classification of mental concepts on the small and the large BrainPedia datasets.", "mentionContextAttributes": {"used": {"value": true, "score": 0.9988183379173279}, "created": {"value": false, "score": 2.4020671844482422e-05}, "shared": {"value": false, "score": 2.980232238769531e-07}}, "documentContextAttributes": {"used": {"value": true, "score": 0.9999903440475464}, "created": {"value": true, "score": 0.9101279377937317}, "shared": {"value": false, "score": 7.62939453125e-06}}, "references": [{"label": "[48]", "normalizedForm": "[48]", "refKey": 47}]}, {"type": "software", "software-type": "software", "software-name": {"rawForm": "BrainPedia", "normalizedForm": "BrainPedia", "offsetStart": 112, "offsetEnd": 122}, "context": "To study the benefits of self-taught learning on a heterogeneous dataset (i.e., from multiple studies), we used BrainPedia. ", "mentionContextAttributes": {"used": {"value": true, "score": 0.9999757409095764}, "created": {"value": false, "score": 5.543231964111328e-06}, "shared": {"value": false, "score": 2.980232238769531e-07}}, "documentContextAttributes": {"used": {"value": true, "score": 0.9999903440475464}, "created": {"value": true, "score": 0.9101279377937317}, "shared": {"value": false, "score": 7.62939453125e-06}}, "references": [{"label": "[48]", "normalizedForm": "[48]", "refKey": 47}]}, {"type": "software", "software-type": "software", "software-name": {"rawForm": "BrainPedia", "normalizedForm": "BrainPedia", "offsetStart": 119, "offsetEnd": 129}, "context": "Like above, the nth folds of the different studies were combined to form the nth fold of each subdataset of the \"Small BrainPedia\" dataset.", "mentionContextAttributes": {"used": {"value": true, "score": 0.999950110912323}, "created": {"value": false, "score": 7.212162017822266e-06}, "shared": {"value": false, "score": 1.7881393432617188e-07}}, "documentContextAttributes": {"used": {"value": true, "score": 0.9999903440475464}, "created": {"value": true, "score": 0.9101279377937317}, "shared": {"value": false, "score": 7.62939453125e-06}}, "references": [{"label": "[48]", "normalizedForm": "[48]", "refKey": 47}]}, {"type": "software", "software-type": "software", "software-name": {"rawForm": "BrainPedia", "normalizedForm": "BrainPedia", "offsetStart": 121, "offsetEnd": 131}, "context": "Supplementary Table S2 -validation_model_bp.csv -Classification performance (Accuracy and F1-score) of models trained on BrainPedia validation dataset in a 5-fold cross-validation scheme with different hyperparameters (batch size, epochs, architecture).", "mentionContextAttributes": {"used": {"value": true, "score": 0.9938371181488037}, "created": {"value": false, "score": 1.3709068298339844e-06}, "shared": {"value": false, "score": 2.980232238769531e-07}}, "documentContextAttributes": {"used": {"value": true, "score": 0.9999903440475464}, "created": {"value": true, "score": 0.9101279377937317}, "shared": {"value": false, "score": 7.62939453125e-06}}, "references": [{"label": "[48]", "normalizedForm": "[48]", "refKey": 47}]}, {"type": "software", "software-type": "software", "software-name": {"rawForm": "BrainPedia", "normalizedForm": "BrainPedia", "offsetStart": 125, "offsetEnd": 135}, "context": "Here, we investigated the generalizability of our model by assessing the benefits of pretraining on a heterogeneous dataset (BrainPedia).", "mentionContextAttributes": {"used": {"value": true, "score": 0.9925564527511597}, "created": {"value": true, "score": 0.9101279377937317}, "shared": {"value": false, "score": 2.980232238769531e-07}}, "documentContextAttributes": {"used": {"value": true, "score": 0.9999903440475464}, "created": {"value": true, "score": 0.9101279377937317}, "shared": {"value": false, "score": 7.62939453125e-06}}, "references": [{"label": "[48]", "normalizedForm": "[48]", "refKey": 47}]}, {"type": "software", "software-type": "software", "software-name": {"rawForm": "BrainPedia", "normalizedForm": "BrainPedia", "offsetStart": 127, "offsetEnd": 137}, "context": "Supplementary Table S7 -comparison_small_bp.csv -Classification performance (Accuracy and F1-score) of models trained on Small BrainPedia test dataset in a 5-fold cross-validation scheme.", "mentionContextAttributes": {"used": {"value": true, "score": 0.998645007610321}, "created": {"value": false, "score": 3.814697265625e-06}, "shared": {"value": false, "score": 1.1920928955078125e-07}}, "documentContextAttributes": {"used": {"value": true, "score": 0.9999903440475464}, "created": {"value": true, "score": 0.9101279377937317}, "shared": {"value": false, "score": 7.62939453125e-06}}, "references": [{"label": "[48]", "normalizedForm": "[48]", "refKey": 47}]}, {"type": "software", "software-type": "software", "software-name": {"rawForm": "BrainPedia", "normalizedForm": "BrainPedia", "offsetStart": 166, "offsetEnd": 176}, "context": "For each type of classifier (i.e., initialized with default algorithm vs. pretrained), we refined and optimized the hyperparameters using the largest datasets (Large BrainPedia and HCP).", "mentionContextAttributes": {"used": {"value": true, "score": 0.9942448735237122}, "created": {"value": false, "score": 0.0013328790664672852}, "shared": {"value": false, "score": 1.1920928955078125e-07}}, "documentContextAttributes": {"used": {"value": true, "score": 0.9999903440475464}, "created": {"value": true, "score": 0.9101279377937317}, "shared": {"value": false, "score": 7.62939453125e-06}}, "references": [{"label": "[48]", "normalizedForm": "[48]", "refKey": 47}]}, {"type": "software", "software-type": "software", "software-name": {"rawForm": "BrainPedia", "normalizedForm": "BrainPedia", "offsetStart": 173, "offsetEnd": 183}, "context": "To perform the split while maintaining the heterogeneity in each fold, we randomly sampled 50% of the subjects of each study to form the \"validation\" and \"test\" datasets of BrainPedia (see Fig. 3B). ", "mentionContextAttributes": {"used": {"value": true, "score": 0.9999903440475464}, "created": {"value": false, "score": 3.5762786865234375e-06}, "shared": {"value": false, "score": 2.384185791015625e-07}}, "documentContextAttributes": {"used": {"value": true, "score": 0.9999903440475464}, "created": {"value": true, "score": 0.9101279377937317}, "shared": {"value": false, "score": 7.62939453125e-06}}, "references": [{"label": "[48]", "normalizedForm": "[48]", "refKey": 47}]}, {"type": "software", "software-type": "software", "software-name": {"rawForm": "BrainPedia", "normalizedForm": "BrainPedia", "offsetStart": 239, "offsetEnd": 249}, "context": "Indeed, this metric focuses more on classification errors and is a better indicator of performance when classes are imbalanced, which was the case in this dataset in which some classes were more represented than others (e.g., in the small BrainPedia training set, 205 maps corresponded to the class \"visual words, language, visual,\" whereas only 19 are in the class \"left foot, visual\").", "mentionContextAttributes": {"used": {"value": true, "score": 0.8940320611000061}, "created": {"value": false, "score": 9.417533874511719e-06}, "shared": {"value": false, "score": 1.3113021850585938e-06}}, "documentContextAttributes": {"used": {"value": true, "score": 0.9999903440475464}, "created": {"value": true, "score": 0.9101279377937317}, "shared": {"value": false, "score": 7.62939453125e-06}}, "references": [{"label": "[48]", "normalizedForm": "[48]", "refKey": 47}]}, {"type": "software", "software-type": "software", "software-name": {"rawForm": "BrainPedia", "normalizedForm": "BrainPedia", "offsetStart": 265, "offsetEnd": 275}, "context": "Indeed, the classification task was also more complex for this dataset since data were separated into 36 classes instead of 30 for Small Downloaded from https://academic.oup.com/gigascience/article/doi/10.1093/gigascience/giad029/7150396 by guest on 03 May 2023    BrainPedia due to the presence of maps from other studies in the dataset.", "mentionContextAttributes": {"used": {"value": true, "score": 0.9958049058914185}, "created": {"value": false, "score": 2.1457672119140625e-06}, "shared": {"value": false, "score": 7.62939453125e-06}}, "documentContextAttributes": {"used": {"value": true, "score": 0.9999903440475464}, "created": {"value": true, "score": 0.9101279377937317}, "shared": {"value": false, "score": 7.62939453125e-06}}, "references": [{"label": "[48]", "normalizedForm": "[48]", "refKey": 47}]}], "references": [{"refKey": 47, "tei": "<biblStruct xml:id=\"b47\">\n\t<analytic>\n\t\t<title level=\"a\" type=\"main\">Atlases of cognition with large-scale human brain mapping</title>\n\t\t<author>\n\t\t\t<persName><forename type=\"first\">Ga\u00ebl</forename><surname>Varoquaux</surname></persName>\n\t\t</author>\n\t\t<author>\n\t\t\t<persName><forename type=\"first\">Yannick</forename><surname>Schwartz</surname></persName>\n\t\t</author>\n\t\t<author>\n\t\t\t<persName><forename type=\"first\">Russell</forename><forename type=\"middle\">A</forename><surname>Poldrack</surname></persName>\n\t\t\t<idno type=\"ORCID\">0000-0001-6755-0259</idno>\n\t\t</author>\n\t\t<author>\n\t\t\t<persName><forename type=\"first\">Baptiste</forename><surname>Gauthier</surname></persName>\n\t\t</author>\n\t\t<author>\n\t\t\t<persName><forename type=\"first\">Danilo</forename><surname>Bzdok</surname></persName>\n\t\t\t<idno type=\"ORCID\">0000-0003-3466-6620</idno>\n\t\t</author>\n\t\t<author>\n\t\t\t<persName><forename type=\"first\">Jean-Baptiste</forename><surname>Poline</surname></persName>\n\t\t\t<idno type=\"ORCID\">0000-0002-9794-749X</idno>\n\t\t</author>\n\t\t<author>\n\t\t\t<persName><forename type=\"first\">Bertrand</forename><surname>Thirion</surname></persName>\n\t\t\t<idno type=\"ORCID\">0000-0001-5018-7895</idno>\n\t\t</author>\n\t\t<idno type=\"DOI\">10.1371/journal.pcbi.1006565</idno>\n\t</analytic>\n\t<monogr>\n\t\t<title level=\"j\">PLOS Computational Biology</title>\n\t\t<title level=\"j\" type=\"abbrev\">PLoS Comput Biol</title>\n\t\t<idno type=\"ISSNe\">1553-7358</idno>\n\t\t<imprint>\n\t\t\t<biblScope unit=\"volume\">14</biblScope>\n\t\t\t<biblScope unit=\"issue\">11</biblScope>\n\t\t\t<biblScope unit=\"page\">e1006565</biblScope>\n\t\t\t<date type=\"published\" when=\"2018-11-29\">2018</date>\n\t\t\t<publisher>Public Library of Science (PLoS)</publisher>\n\t\t</imprint>\n\t</monogr>\n</biblStruct>\n"}], "runtime": 65976, "id": "d73663649754e99c4d839a4bf03b76205ca3abe2", "metadata": {"id": "d73663649754e99c4d839a4bf03b76205ca3abe2"}, "original_file_path": "../../datalake/Samuel/SOFTware-Sync/data/xml_files/hal-03769993.grobid.tei.xml", "file_name": "hal-03769993.grobid.tei.xml"}