{"application": "software-mentions", "version": "0.8.0", "date": "2024-04-12T16:17+0000", "md5": "5D232E52D44D3ADD5517DBAFBC7878C2", "mentions": [{"type": "software", "software-type": "software", "software-name": {"rawForm": "PoseNet", "normalizedForm": "PoseNet", "offsetStart": 27, "offsetEnd": 38}, "context": "One of the first works was PoseNet [17], that uses a Convolutional Neural Network (CNN) to regress the camera pose in a scene (position + orientation) from a single RGB image. ", "mentionContextAttributes": {"used": {"value": false, "score": 7.76052474975586e-05}, "created": {"value": false, "score": 0.024658262729644775}, "shared": {"value": false, "score": 3.5762786865234375e-07}}, "documentContextAttributes": {"used": {"value": false, "score": 0.0005910396575927734}, "created": {"value": false, "score": 0.024658262729644775}, "shared": {"value": false, "score": 3.5762786865234375e-07}}, "references": [{"label": "[17]", "normalizedForm": "[17]", "refKey": 17}]}, {"type": "software", "software-type": "software", "software-name": {"rawForm": "PoseNet", "normalizedForm": "PoseNet", "offsetStart": 44, "offsetEnd": 51}, "context": "The first major work to accomplish this was PoseNet [17].", "mentionContextAttributes": {"used": {"value": false, "score": 0.0005910396575927734}, "created": {"value": false, "score": 0.004513561725616455}, "shared": {"value": false, "score": 2.384185791015625e-07}}, "documentContextAttributes": {"used": {"value": false, "score": 0.0005910396575927734}, "created": {"value": false, "score": 0.024658262729644775}, "shared": {"value": false, "score": 3.5762786865234375e-07}}, "references": [{"label": "[17]", "normalizedForm": "[17]", "refKey": 17, "offsetStart": 8891, "offsetEnd": 8895}]}], "references": [{"refKey": 17, "tei": "<biblStruct xml:id=\"b17\">\n\t<analytic>\n\t\t<title level=\"a\" type=\"main\">PoseNet: A Convolutional Network for Real-Time 6-DOF Camera Relocalization</title>\n\t\t<author>\n\t\t\t<persName><forename type=\"first\">Alex</forename><surname>Kendall</surname></persName>\n\t\t</author>\n\t\t<author>\n\t\t\t<persName><forename type=\"first\">Matthew</forename><surname>Grimes</surname></persName>\n\t\t</author>\n\t\t<author>\n\t\t\t<persName><forename type=\"first\">Roberto</forename><surname>Cipolla</surname></persName>\n\t\t</author>\n\t\t<idno type=\"DOI\">10.1109/iccv.2015.336</idno>\n\t</analytic>\n\t<monogr>\n\t\t<title level=\"m\">2015 IEEE International Conference on Computer Vision (ICCV)</title>\n\t\t<imprint>\n\t\t\t<publisher>IEEE</publisher>\n\t\t\t<date type=\"published\" when=\"2015-12\">2015</date>\n\t\t\t<biblScope unit=\"page\">2946</biblScope>\n\t\t</imprint>\n\t</monogr>\n</biblStruct>\n"}], "runtime": 97294, "id": "ce7c20f9c535a445bb070f3e28de2c02c9a2f6ca", "metadata": {"id": "ce7c20f9c535a445bb070f3e28de2c02c9a2f6ca"}, "original_file_path": "../../datalake/Samuel/SOFTware-Sync/data/xml_files/hal-04003126.grobid.tei.xml", "file_name": "hal-04003126.grobid.tei.xml"}