{"application": "software-mentions", "version": "0.8.0", "date": "2024-04-15T07:16+0000", "md5": "0EE09571B7B13087F0448CEF3FA59BA2", "mentions": [{"type": "software", "software-type": "software", "software-name": {"rawForm": "PumpLoop", "normalizedForm": "PumpLoop", "offsetStart": 0, "offsetEnd": 8}, "context": "PumpLoop calculates the desired fixed point after at most two cycles through the loop.", "mentionContextAttributes": {"used": {"value": false, "score": 0.0001518726348876953}, "created": {"value": false, "score": 1.1265277862548828e-05}, "shared": {"value": false, "score": 2.980232238769531e-07}}, "documentContextAttributes": {"used": {"value": false, "score": 0.18256497383117676}, "created": {"value": false, "score": 0.001478731632232666}, "shared": {"value": false, "score": 5.364418029785156e-07}}}, {"type": "software", "software-type": "software", "software-name": {"rawForm": "TChecker", "normalizedForm": "TChecker", "offsetStart": 16, "offsetEnd": 24}, "context": "We first employ TChecker to compute the zone graph and then use this to construct the corner-point abstraction.", "mentionContextAttributes": {"used": {"value": true, "score": 0.9999664425849915}, "created": {"value": false, "score": 0.31926101446151733}, "shared": {"value": false, "score": 2.980232238769531e-07}}, "documentContextAttributes": {"used": {"value": true, "score": 0.9999664425849915}, "created": {"value": true, "score": 0.9996993541717529}, "shared": {"value": true, "score": 0.5092615485191345}}, "references": [{"label": "[22]", "normalizedForm": "[22]", "refKey": 22}, {"label": "[22]", "normalizedForm": "[22]", "refKey": 22}]}, {"type": "software", "software-type": "software", "software-name": {"rawForm": "PumpLoop", "normalizedForm": "PumpLoop", "offsetStart": 29, "offsetEnd": 37}, "context": "This is done by the function PumpLoop.", "mentionContextAttributes": {"used": {"value": false, "score": 0.18256497383117676}, "created": {"value": false, "score": 0.001478731632232666}, "shared": {"value": false, "score": 5.364418029785156e-07}}, "documentContextAttributes": {"used": {"value": false, "score": 0.18256497383117676}, "created": {"value": false, "score": 0.001478731632232666}, "shared": {"value": false, "score": 5.364418029785156e-07}}}, {"type": "software", "software-type": "software", "software-name": {"rawForm": "PumpAll", "normalizedForm": "PumpAll", "offsetStart": 38, "offsetEnd": 45}, "context": "To this end we introduce the function PumpAll, which sets the energy level of all states on positive loops detected by the last round of Bellman-Ford to the achievable maximum.", "mentionContextAttributes": {"used": {"value": false, "score": 6.157159805297852e-05}, "created": {"value": true, "score": 0.9999069571495056}, "shared": {"value": false, "score": 1.7881393432617188e-07}}, "documentContextAttributes": {"used": {"value": false, "score": 0.24855655431747437}, "created": {"value": true, "score": 0.9999069571495056}, "shared": {"value": false, "score": 2.384185791015625e-07}}}, {"type": "software", "software-type": "software", "software-name": {"rawForm": "TChecker", "normalizedForm": "TChecker", "offsetStart": 58, "offsetEnd": 66}, "context": "We have implemented all our algorithms in a tool based on TChecker and Spot.", "mentionContextAttributes": {"used": {"value": false, "score": 8.779764175415039e-05}, "created": {"value": true, "score": 0.9996993541717529}, "shared": {"value": false, "score": 4.172325134277344e-07}}, "documentContextAttributes": {"used": {"value": true, "score": 0.9999664425849915}, "created": {"value": true, "score": 0.9996993541717529}, "shared": {"value": true, "score": 0.5092615485191345}}, "references": [{"label": "[22]", "normalizedForm": "[22]", "refKey": 22}, {"label": "[22]", "normalizedForm": "[22]", "refKey": 22}]}, {"type": "software", "software-type": "software", "software-name": {"rawForm": "Spot", "normalizedForm": "Spot", "offsetStart": 71, "offsetEnd": 75}, "context": "We have implemented all our algorithms in a tool based on TChecker and Spot.", "mentionContextAttributes": {"used": {"value": false, "score": 8.779764175415039e-05}, "created": {"value": true, "score": 0.9996993541717529}, "shared": {"value": false, "score": 4.172325134277344e-07}}, "documentContextAttributes": {"used": {"value": true, "score": 0.9932464361190796}, "created": {"value": true, "score": 0.9996993541717529}, "shared": {"value": true, "score": 0.5092615485191345}}, "references": [{"label": "[13]", "normalizedForm": "[13]", "refKey": 13}, {"label": "[13]", "normalizedForm": "[13]", "refKey": 13}]}, {"type": "software", "software-type": "software", "software-name": {"rawForm": "Spot", "normalizedForm": "Spot", "offsetStart": 83, "offsetEnd": 87}, "context": "Therefore, the implementation could greatly benefit from a direct integration into Spot and using its C ++ engine.", "mentionContextAttributes": {"used": {"value": false, "score": 0.014201164245605469}, "created": {"value": false, "score": 0.20416706800460815}, "shared": {"value": false, "score": 4.172325134277344e-07}}, "documentContextAttributes": {"used": {"value": true, "score": 0.9932464361190796}, "created": {"value": true, "score": 0.9996993541717529}, "shared": {"value": true, "score": 0.5092615485191345}}, "references": [{"label": "[13]", "normalizedForm": "[13]", "refKey": 13}, {"label": "[13]", "normalizedForm": "[13]", "refKey": 13}]}, {"type": "software", "software-type": "software", "software-name": {"rawForm": "Spot", "normalizedForm": "Spot", "offsetStart": 86, "offsetEnd": 90}, "context": "The Couvreur algorithm ignores the weights, and we can use the version distributed by Spot.", "mentionContextAttributes": {"used": {"value": true, "score": 0.9932464361190796}, "created": {"value": false, "score": 0.00023484230041503906}, "shared": {"value": false, "score": 1.7285346984863281e-06}}, "documentContextAttributes": {"used": {"value": true, "score": 0.9932464361190796}, "created": {"value": true, "score": 0.9996993541717529}, "shared": {"value": true, "score": 0.5092615485191345}}, "references": [{"label": "[13]", "normalizedForm": "[13]", "refKey": 13}, {"label": "[13]", "normalizedForm": "[13]", "refKey": 13}]}, {"type": "software", "software-type": "software", "software-name": {"rawForm": "TChecker", "normalizedForm": "TChecker", "offsetStart": 101, "offsetEnd": 109}, "context": "All our algorithms are freely available and implemented in a tool based on the open-source platforms TChecker and Spot.", "mentionContextAttributes": {"used": {"value": false, "score": 0.0009703636169433594}, "created": {"value": true, "score": 0.9458637237548828}, "shared": {"value": true, "score": 0.5092615485191345}}, "documentContextAttributes": {"used": {"value": true, "score": 0.9999664425849915}, "created": {"value": true, "score": 0.9996993541717529}, "shared": {"value": true, "score": 0.5092615485191345}}, "references": [{"label": "[22]", "normalizedForm": "[22]", "refKey": 22}, {"label": "[22]", "normalizedForm": "[22]", "refKey": 22}]}, {"type": "software", "software-type": "software", "software-name": {"rawForm": "TChecker", "normalizedForm": "TChecker", "offsetStart": 113, "offsetEnd": 121}, "context": "As a second contribution, we have implemented all of our algorithms in a tool based on the open-source platforms TChecker 1 [22] and Spot 2 [13] to solve generalized energy B\u00fcchi problems for one-clock weighted timed automata.", "mentionContextAttributes": {"used": {"value": false, "score": 9.775161743164062e-05}, "created": {"value": true, "score": 0.9990967512130737}, "shared": {"value": false, "score": 1.0728836059570312e-06}}, "documentContextAttributes": {"used": {"value": true, "score": 0.9999664425849915}, "created": {"value": true, "score": 0.9996993541717529}, "shared": {"value": true, "score": 0.5092615485191345}}, "references": [{"label": "[22]", "normalizedForm": "[22]", "refKey": 22, "offsetStart": 3036, "offsetEnd": 3040}, {"label": "[22]", "normalizedForm": "[22]", "refKey": 22, "offsetStart": 3036, "offsetEnd": 3040}]}, {"type": "software", "software-type": "software", "software-name": {"rawForm": "Spot", "normalizedForm": "Spot", "offsetStart": 114, "offsetEnd": 118}, "context": "All our algorithms are freely available and implemented in a tool based on the open-source platforms TChecker and Spot.", "mentionContextAttributes": {"used": {"value": false, "score": 0.0009703636169433594}, "created": {"value": true, "score": 0.9458637237548828}, "shared": {"value": true, "score": 0.5092615485191345}}, "documentContextAttributes": {"used": {"value": true, "score": 0.9932464361190796}, "created": {"value": true, "score": 0.9996993541717529}, "shared": {"value": true, "score": 0.5092615485191345}}, "references": [{"label": "[13]", "normalizedForm": "[13]", "refKey": 13}, {"label": "[13]", "normalizedForm": "[13]", "refKey": 13}]}, {"type": "software", "software-type": "software", "software-name": {"rawForm": "PumpAll", "normalizedForm": "PumpAll", "offsetStart": 116, "offsetEnd": 123}, "context": "This way, instead of needing b rounds of Bellman-Ford to attain the maximal energy, we only need one plus a call to PumpAll.", "mentionContextAttributes": {"used": {"value": false, "score": 0.24855655431747437}, "created": {"value": false, "score": 0.00034546852111816406}, "shared": {"value": false, "score": 2.384185791015625e-07}}, "documentContextAttributes": {"used": {"value": false, "score": 0.24855655431747437}, "created": {"value": true, "score": 0.9999069571495056}, "shared": {"value": false, "score": 2.384185791015625e-07}}}, {"type": "software", "software-type": "software", "software-name": {"rawForm": "Spot", "normalizedForm": "Spot", "offsetStart": 130, "offsetEnd": 134}, "context": "Finally, our main algorithm to solve generalized energy B\u00fcchi problems on weighted finite automata is implemented using a fork of Spot. ", "mentionContextAttributes": {"used": {"value": false, "score": 0.0014036297798156738}, "created": {"value": true, "score": 0.9971600770950317}, "shared": {"value": false, "score": 1.1920928955078125e-07}}, "documentContextAttributes": {"used": {"value": true, "score": 0.9932464361190796}, "created": {"value": true, "score": 0.9996993541717529}, "shared": {"value": true, "score": 0.5092615485191345}}, "references": [{"label": "[13]", "normalizedForm": "[13]", "refKey": 13}, {"label": "[13]", "normalizedForm": "[13]", "refKey": 13}]}, {"type": "software", "software-type": "software", "software-name": {"rawForm": "Spot", "normalizedForm": "Spot", "offsetStart": 133, "offsetEnd": 137}, "context": "As a second contribution, we have implemented all of our algorithms in a tool based on the open-source platforms TChecker 1 [22] and Spot 2 [13] to solve generalized energy B\u00fcchi problems for one-clock weighted timed automata. ", "mentionContextAttributes": {"used": {"value": false, "score": 9.775161743164062e-05}, "created": {"value": true, "score": 0.9990968704223633}, "shared": {"value": false, "score": 1.0728836059570312e-06}}, "documentContextAttributes": {"used": {"value": true, "score": 0.9932464361190796}, "created": {"value": true, "score": 0.9996993541717529}, "shared": {"value": true, "score": 0.5092615485191345}}, "references": [{"label": "[13]", "normalizedForm": "[13]", "refKey": 13, "offsetStart": 3052, "offsetEnd": 3056}, {"label": "[13]", "normalizedForm": "[13]", "refKey": 13, "offsetStart": 3052, "offsetEnd": 3056}]}, {"type": "software", "software-type": "software", "software-name": {"rawForm": "PumpLoop", "normalizedForm": "PumpLoop", "offsetStart": 139, "offsetEnd": 147}, "context": "In fact, setting b = \u221e will facilitate the algorithm, as maximal energy levels of nodes on positive loops can directly be set to \u221e (making PumpLoop obsolete), and also the second iteration in Alg. 1 can be dropped.", "mentionContextAttributes": {"used": {"value": false, "score": 0.004695892333984375}, "created": {"value": false, "score": 4.124641418457031e-05}, "shared": {"value": false, "score": 4.76837158203125e-07}}, "documentContextAttributes": {"used": {"value": false, "score": 0.18256497383117676}, "created": {"value": false, "score": 0.001478731632232666}, "shared": {"value": false, "score": 5.364418029785156e-07}}}], "references": [{"refKey": 22, "tei": "<biblStruct xml:id=\"b22\">\n\t<analytic>\n\t\t<title level=\"a\" type=\"main\">Better abstractions for timed automata</title>\n\t\t<author>\n\t\t\t<persName><forename type=\"first\">B</forename><surname>Fr\u00e9d\u00e9ric Herbreteau</surname></persName>\n\t\t</author>\n\t\t<author>\n\t\t\t<persName><forename type=\"first\">Igor</forename><surname>Srivathsan</surname></persName>\n\t\t</author>\n\t\t<author>\n\t\t\t<persName><surname>Walukiewicz</surname></persName>\n\t\t</author>\n\t</analytic>\n\t<monogr>\n\t\t<title level=\"j\">Inf. Comput</title>\n\t\t<imprint>\n\t\t\t<biblScope unit=\"volume\">251</biblScope>\n\t\t\t<biblScope unit=\"page\">90</biblScope>\n\t\t\t<date>2016</date>\n\t\t</imprint>\n\t</monogr>\n</biblStruct>\n"}, {"refKey": 13, "tei": "<biblStruct xml:id=\"b13\">\n\t<analytic>\n\t\t<title level=\"a\" type=\"main\">LTL Translation Improvements in Spot</title>\n\t\t<author>\n\t\t\t<persName><forename type=\"first\">Alexandre</forename><surname>Duret-Lutz</surname></persName>\n\t\t</author>\n\t\t<author>\n\t\t\t<persName><forename type=\"first\">Alexandre</forename><surname>Lewkowicz</surname></persName>\n\t\t</author>\n\t\t<author>\n\t\t\t<persName><forename type=\"first\">Amaury</forename><surname>Fauchille</surname></persName>\n\t\t</author>\n\t\t<author>\n\t\t\t<persName><forename type=\"first\">Thibaud</forename><surname>Michaud</surname></persName>\n\t\t</author>\n\t\t<author>\n\t\t\t<persName><forename type=\"first\">Etienne</forename><surname>Renault</surname></persName>\n\t\t</author>\n\t\t<author>\n\t\t\t<persName><forename type=\"first\">Laurent</forename><surname>Xu</surname></persName>\n\t\t</author>\n\t\t<idno type=\"DOI\">10.14236/ewic/vecos2011.8</idno>\n\t</analytic>\n\t<monogr>\n\t\t<title level=\"m\">Electronic Workshops in Computing</title>\n\t\t<title level=\"s\">Lect. Notes Comput. Sci.</title>\n\t\t<editor>\n\t\t\t<persName><forename type=\"first\">Cyrille</forename><surname>Artho</surname></persName>\n\t\t</editor>\n\t\t<editor>\n\t\t\t<persName><forename type=\"first\">Axel</forename><surname>Legay</surname></persName>\n\t\t</editor>\n\t\t<editor>\n\t\t\t<persName><forename type=\"first\">Doron</forename><surname>Peled</surname></persName>\n\t\t</editor>\n\t\t<imprint>\n\t\t\t<publisher>BCS Learning &amp; Development</publisher>\n\t\t\t<date type=\"published\" when=\"2011\">9938. 2016</date>\n\t\t\t<biblScope unit=\"page\">129</biblScope>\n\t\t</imprint>\n\t</monogr>\n</biblStruct>\n"}], "runtime": 64614, "id": "645f27223fbc8dd91826305b91694cc3bee5e416", "metadata": {"id": "645f27223fbc8dd91826305b91694cc3bee5e416"}, "original_file_path": "../../datalake/Samuel/SOFTware-Sync/data/xml_not_sofctied/hal-04344167.grobid.tei.xml", "file_name": "hal-04344167.grobid.tei.xml"}