{"application": "software-mentions", "version": "0.8.0", "date": "2024-04-12T16:24+0000", "md5": "D9F6C5BDA55AC95AC1CC876D436C4397", "mentions": [{"type": "software", "software-type": "software", "wikidataId": "Q1406", "wikipediaExternalRef": 18890, "lang": "en", "confidence": 0.6574, "software-name": {"rawForm": "Windows", "normalizedForm": "Windows", "wikidataId": "Q1406", "wikipediaExternalRef": 18890, "lang": "en", "confidence": 0.6574, "offsetStart": 50, "offsetEnd": 57}, "context": "Comment esp\u00e9rer la perfection d'un logiciel comme Windows XP contenant 40 millions de lignes de code, co\u00e9crites par une arm\u00e9e de programmeurs ? ", "mentionContextAttributes": {"used": {"value": false, "score": 0.029524266719818115}, "created": {"value": false, "score": 4.649162292480469e-06}, "shared": {"value": false, "score": 8.58306884765625e-06}}, "documentContextAttributes": {"used": {"value": false, "score": 0.029524266719818115}, "created": {"value": false, "score": 4.649162292480469e-06}, "shared": {"value": false, "score": 8.58306884765625e-06}}}], "references": [], "runtime": 62424, "id": "a1c2dec3bd48c80e7bffdac776f85280a48e763f", "metadata": {"id": "a1c2dec3bd48c80e7bffdac776f85280a48e763f"}, "original_file_path": "../../datalake/Samuel/SOFTware-Sync/data/xml_files/hal-03117322.grobid.tei.xml", "file_name": "hal-03117322.grobid.tei.xml"}