{"application": "software-mentions", "version": "0.8.0", "date": "2024-04-12T17:20+0000", "md5": "6A340EAC6205B0D04729BEC5A9DCF592", "mentions": [{"type": "software", "software-type": "software", "software-name": {"rawForm": "LSAWfP", "normalizedForm": "LSAWfP", "offsetStart": 0, "offsetEnd": 6}, "context": "LSAWfP is built in a more traditional way and then, unlike the artifact-centric approaches, it allows process modelling independently of a workflow execution technique.", "mentionContextAttributes": {"used": {"value": false, "score": 4.6312808990478516e-05}, "created": {"value": false, "score": 0.017271816730499268}, "shared": {"value": false, "score": 2.980232238769531e-07}}, "documentContextAttributes": {"used": {"value": true, "score": 0.7517659664154053}, "created": {"value": true, "score": 0.9999369978904724}, "shared": {"value": false, "score": 4.5299530029296875e-06}}}, {"type": "software", "software-type": "software", "software-name": {"rawForm": "LSAWfP", "normalizedForm": "LSAWfP", "offsetStart": 0, "offsetEnd": 6}, "context": "LSAWfP is particularly interested in administrative process 2 modelling as this type of process is the most frequently encountered in organizations [9,10].", "mentionContextAttributes": {"used": {"value": false, "score": 0.00019860267639160156}, "created": {"value": false, "score": 2.7835369110107422e-05}, "shared": {"value": false, "score": 2.980232238769531e-07}}, "documentContextAttributes": {"used": {"value": true, "score": 0.7517659664154053}, "created": {"value": true, "score": 0.9999369978904724}, "shared": {"value": false, "score": 4.5299530029296875e-06}}}, {"type": "software", "software-type": "software", "software-name": {"rawForm": "LSAWfP", "normalizedForm": "LSAWfP", "offsetStart": 0, "offsetEnd": 6}, "context": "LSAWfP therefore differs from the majority of artifact-centric languages.", "mentionContextAttributes": {"used": {"value": false, "score": 0.0003352165222167969}, "created": {"value": false, "score": 1.1980533599853516e-05}, "shared": {"value": false, "score": 5.364418029785156e-07}}, "documentContextAttributes": {"used": {"value": true, "score": 0.7517659664154053}, "created": {"value": true, "score": 0.9999369978904724}, "shared": {"value": false, "score": 4.5299530029296875e-06}}}, {"type": "software", "software-type": "software", "software-name": {"rawForm": "LSAWfP", "normalizedForm": "LSAWfP", "offsetStart": 0, "offsetEnd": 6}, "context": "LSAWfP and workflow patterns: one avenue we are currently exploring is that of measuring the expressiveness of LSAWfP in relation to workflow patterns [39].", "mentionContextAttributes": {"used": {"value": false, "score": 0.0005005002021789551}, "created": {"value": false, "score": 0.019594430923461914}, "shared": {"value": false, "score": 2.980232238769531e-07}}, "documentContextAttributes": {"used": {"value": true, "score": 0.7517659664154053}, "created": {"value": true, "score": 0.9999369978904724}, "shared": {"value": false, "score": 4.5299530029296875e-06}}}, {"type": "software", "software-type": "software", "software-name": {"rawForm": "LSAWfP", "normalizedForm": "LSAWfP", "offsetStart": 3, "offsetEnd": 9}, "context": "In LSAWfP, the execution scenarios of a given administrative process are represented by a finite set S 1 ad , . . .", "mentionContextAttributes": {"used": {"value": false, "score": 0.008749961853027344}, "created": {"value": false, "score": 1.913309097290039e-05}, "shared": {"value": false, "score": 1.7881393432617188e-07}}, "documentContextAttributes": {"used": {"value": true, "score": 0.7517659664154053}, "created": {"value": true, "score": 0.9999369978904724}, "shared": {"value": false, "score": 4.5299530029296875e-06}}}, {"type": "software", "software-type": "software", "software-name": {"rawForm": "LSAWfP", "normalizedForm": "LSAWfP", "offsetStart": 3, "offsetEnd": 9}, "context": "In LSAWfP, this requirement is treated as first-order concern with the help of a model called \"accreditation\", which allows to materialize the perception of each actor on the processes and their data.", "mentionContextAttributes": {"used": {"value": false, "score": 0.00032079219818115234}, "created": {"value": false, "score": 0.0005840063095092773}, "shared": {"value": false, "score": 2.980232238769531e-07}}, "documentContextAttributes": {"used": {"value": true, "score": 0.7517659664154053}, "created": {"value": true, "score": 0.9999369978904724}, "shared": {"value": false, "score": 4.5299530029296875e-06}}}, {"type": "software", "software-type": "software", "software-name": {"rawForm": "LSAWfP", "normalizedForm": "LSAWfP", "offsetStart": 4, "offsetEnd": 10}, "context": "The LSAWfP language as presented here, is not perfect.", "mentionContextAttributes": {"used": {"value": false, "score": 0.0006104707717895508}, "created": {"value": false, "score": 0.19418352842330933}, "shared": {"value": false, "score": 2.980232238769531e-07}}, "documentContextAttributes": {"used": {"value": true, "score": 0.7517659664154053}, "created": {"value": true, "score": 0.9999369978904724}, "shared": {"value": false, "score": 4.5299530029296875e-06}}}, {"type": "software", "software-type": "software", "software-name": {"rawForm": "LSAWfP", "normalizedForm": "LSAWfP", "offsetStart": 6, "offsetEnd": 12}, "context": "Since LSAWfP also has a solid mathematical foundation, we have no doubt about its applicability in practice.", "mentionContextAttributes": {"used": {"value": false, "score": 0.00010710954666137695}, "created": {"value": false, "score": 0.02159184217453003}, "shared": {"value": false, "score": 4.172325134277344e-07}}, "documentContextAttributes": {"used": {"value": true, "score": 0.7517659664154053}, "created": {"value": true, "score": 0.9999369978904724}, "shared": {"value": false, "score": 4.5299530029296875e-06}}}, {"type": "software", "software-type": "software", "software-name": {"rawForm": "LSAWfP", "normalizedForm": "LSAWfP", "offsetStart": 7, "offsetEnd": 13}, "context": "To use LSAWfP, the process to be modelled must be well understood by the designer; its tasks and their sequences, the data they produce and the actors taking part in their execution must be known in advance (administrative processes).", "mentionContextAttributes": {"used": {"value": false, "score": 0.0312158465385437}, "created": {"value": false, "score": 4.4405460357666016e-05}, "shared": {"value": false, "score": 4.172325134277344e-07}}, "documentContextAttributes": {"used": {"value": true, "score": 0.7517659664154053}, "created": {"value": true, "score": 0.9999369978904724}, "shared": {"value": false, "score": 4.5299530029296875e-06}}}, {"type": "software", "software-type": "software", "software-name": {"rawForm": "LSAWfP", "normalizedForm": "LSAWfP", "offsetStart": 7, "offsetEnd": 13}, "context": "As for LSAWfP, they use an attributed grammar (named Guarded Attribute Grammar -GAG -) as the mathematical foundation of their model.", "mentionContextAttributes": {"used": {"value": false, "score": 0.0020350217819213867}, "created": {"value": false, "score": 0.00023627281188964844}, "shared": {"value": false, "score": 2.980232238769531e-07}}, "documentContextAttributes": {"used": {"value": true, "score": 0.7517659664154053}, "created": {"value": true, "score": 0.9999369978904724}, "shared": {"value": false, "score": 4.5299530029296875e-06}}}, {"type": "software", "software-type": "software", "software-name": {"rawForm": "LSAWfP", "normalizedForm": "LSAWfP", "offsetStart": 9, "offsetEnd": 15}, "context": "In fact, LSAWfP allows the workflow models designers, to simply express each actor's accreditations for each task in a process, by the means of a inspired by that used in UNIX-like operating systems for the expression of users' rights.", "mentionContextAttributes": {"used": {"value": false, "score": 8.493661880493164e-05}, "created": {"value": false, "score": 0.0009092092514038086}, "shared": {"value": false, "score": 6.556510925292969e-07}}, "documentContextAttributes": {"used": {"value": true, "score": 0.7517659664154053}, "created": {"value": true, "score": 0.9999369978904724}, "shared": {"value": false, "score": 4.5299530029296875e-06}}}, {"type": "software", "software-type": "software", "software-name": {"rawForm": "LSAWfP", "normalizedForm": "LSAWfP", "offsetStart": 10, "offsetEnd": 16}, "context": "Moreover, LSAWfP allows to model the main characteris-", "mentionContextAttributes": {"used": {"value": false, "score": 2.6524066925048828e-05}, "created": {"value": false, "score": 0.00042933225631713867}, "shared": {"value": false, "score": 2.980232238769531e-07}}, "documentContextAttributes": {"used": {"value": true, "score": 0.7517659664154053}, "created": {"value": true, "score": 0.9999369978904724}, "shared": {"value": false, "score": 4.5299530029296875e-06}}}, {"type": "software", "software-type": "software", "software-name": {"rawForm": "LSAWfP", "normalizedForm": "LSAWfP", "offsetStart": 11, "offsetEnd": 17}, "context": "Therefore, LSAWfP uses the scenario as the modelling unit: a given process modelling consists to the modelling of each of its execution scenarios.", "mentionContextAttributes": {"used": {"value": false, "score": 0.006487727165222168}, "created": {"value": false, "score": 2.2113323211669922e-05}, "shared": {"value": false, "score": 2.980232238769531e-07}}, "documentContextAttributes": {"used": {"value": true, "score": 0.7517659664154053}, "created": {"value": true, "score": 0.9999369978904724}, "shared": {"value": false, "score": 4.5299530029296875e-06}}}, {"type": "software", "software-type": "software", "software-name": {"rawForm": "LSAWfP", "normalizedForm": "LSAWfP", "offsetStart": 11, "offsetEnd": 17}, "context": "Thus, with LSAWfP, the model (subsequently called a Grammatical Model of Administrative Workflow Process -GMAWfP -) of a given administrative process P ad is an executable grammatical specification given by a triplet", "mentionContextAttributes": {"used": {"value": false, "score": 0.0011261701583862305}, "created": {"value": false, "score": 6.03795051574707e-05}, "shared": {"value": false, "score": 2.980232238769531e-07}}, "documentContextAttributes": {"used": {"value": true, "score": 0.7517659664154053}, "created": {"value": true, "score": 0.9999369978904724}, "shared": {"value": false, "score": 4.5299530029296875e-06}}}, {"type": "software", "software-type": "software", "software-name": {"rawForm": "LSAWfP", "normalizedForm": "LSAWfP", "offsetStart": 13, "offsetEnd": 19}, "context": "The language LSAWfP has several interesting features in addition to its expressiveness; in particular:", "mentionContextAttributes": {"used": {"value": false, "score": 0.0001289844512939453}, "created": {"value": false, "score": 0.0005470514297485352}, "shared": {"value": false, "score": 6.556510925292969e-07}}, "documentContextAttributes": {"used": {"value": true, "score": 0.7517659664154053}, "created": {"value": true, "score": 0.9999369978904724}, "shared": {"value": false, "score": 4.5299530029296875e-06}}}, {"type": "software", "software-type": "software", "software-name": {"rawForm": "LSAWfP", "normalizedForm": "LSAWfP", "offsetStart": 22, "offsetEnd": 28}, "context": "The expressiveness of LSAWfP does not allow the designer to specify such aspects.", "mentionContextAttributes": {"used": {"value": false, "score": 0.00026023387908935547}, "created": {"value": false, "score": 8.219480514526367e-05}, "shared": {"value": false, "score": 2.980232238769531e-07}}, "documentContextAttributes": {"used": {"value": true, "score": 0.7517659664154053}, "created": {"value": true, "score": 0.9999369978904724}, "shared": {"value": false, "score": 4.5299530029296875e-06}}}, {"type": "software", "software-type": "software", "software-name": {"rawForm": "LSAWfP", "normalizedForm": "LSAWfP", "offsetStart": 23, "offsetEnd": 29}, "context": "-The expressiveness of LSAWfP has been analysed on basic routings and its applicability has been established on some examples of processes among which, the one described in this paper.", "mentionContextAttributes": {"used": {"value": false, "score": 0.0030956268310546875}, "created": {"value": false, "score": 0.00189286470413208}, "shared": {"value": false, "score": 2.980232238769531e-07}}, "documentContextAttributes": {"used": {"value": true, "score": 0.7517659664154053}, "created": {"value": true, "score": 0.9999369978904724}, "shared": {"value": false, "score": 4.5299530029296875e-06}}}, {"type": "software", "software-type": "software", "software-name": {"rawForm": "LSAWfP", "normalizedForm": "LSAWfP", "offsetStart": 27, "offsetEnd": 33}, "context": "Once the GMWf is obtained, LSAWfP propose to add organizational information (organizational model) modelled by two lists: L P k which contains actors involved in the process and L A k which contains their accreditations.", "mentionContextAttributes": {"used": {"value": false, "score": 0.13290667533874512}, "created": {"value": false, "score": 3.844499588012695e-05}, "shared": {"value": false, "score": 1.7881393432617188e-07}}, "documentContextAttributes": {"used": {"value": true, "score": 0.7517659664154053}, "created": {"value": true, "score": 0.9999369978904724}, "shared": {"value": false, "score": 4.5299530029296875e-06}}}, {"type": "software", "software-type": "software", "software-name": {"rawForm": "LSAWfP", "normalizedForm": "LSAWfP", "offsetStart": 27, "offsetEnd": 33}, "context": "Thus, we can conclude that LSAWfP has the major expected characteristics of a workflow language according to [1].", "mentionContextAttributes": {"used": {"value": false, "score": 0.0014778971672058105}, "created": {"value": false, "score": 5.185604095458984e-06}, "shared": {"value": false, "score": 1.7881393432617188e-07}}, "documentContextAttributes": {"used": {"value": true, "score": 0.7517659664154053}, "created": {"value": true, "score": 0.9999369978904724}, "shared": {"value": false, "score": 4.5299530029296875e-06}}}, {"type": "software", "software-type": "software", "software-name": {"rawForm": "LSAWfP", "normalizedForm": "LSAWfP", "offsetStart": 31, "offsetEnd": 37}, "context": "To summarise, we state that in LSAWfP, an administrative process P ad is specified using a triplet W f = (G, L P k , L A k ) called a Grammatical Model of Administrative Workflow Process (GMAWfP) and composed of: a GMWf, a list of actors and a list of their accreditations.", "mentionContextAttributes": {"used": {"value": true, "score": 0.7517659664154053}, "created": {"value": false, "score": 4.947185516357422e-06}, "shared": {"value": false, "score": 5.364418029785156e-07}}, "documentContextAttributes": {"used": {"value": true, "score": 0.7517659664154053}, "created": {"value": true, "score": 0.9999369978904724}, "shared": {"value": false, "score": 4.5299530029296875e-06}}}, {"type": "software", "software-type": "software", "software-name": {"rawForm": "LSAWfP", "normalizedForm": "LSAWfP", "offsetStart": 31, "offsetEnd": 37}, "context": "To model a given process using LSAWfP, one must start from a textual description of the process and perform the four activities illustrated in Figure 3. First, the set of tasks and their execution precedence relationships must be identified in order to produce a finite set of representative artifacts following the approach presented in section 3.2.1.", "mentionContextAttributes": {"used": {"value": false, "score": 0.007575571537017822}, "created": {"value": false, "score": 0.00019669532775878906}, "shared": {"value": false, "score": 6.556510925292969e-07}}, "documentContextAttributes": {"used": {"value": true, "score": 0.7517659664154053}, "created": {"value": true, "score": 0.9999369978904724}, "shared": {"value": false, "score": 4.5299530029296875e-06}}}, {"type": "software", "software-type": "software", "wikidataId": "Q11368", "wikipediaExternalRef": 21347364, "lang": "en", "confidence": 0.6955, "software-name": {"rawForm": "UNIX", "normalizedForm": "UNIX", "wikidataId": "Q11368", "wikipediaExternalRef": 21347364, "lang": "en", "confidence": 0.6955, "offsetStart": 34, "offsetEnd": 38}, "context": "It is inspired by the one used in UNIX-like operating systems. ", "mentionContextAttributes": {"used": {"value": false, "score": 0.0006126761436462402}, "created": {"value": false, "score": 0.016022145748138428}, "shared": {"value": false, "score": 4.172325134277344e-07}}, "documentContextAttributes": {"used": {"value": false, "score": 0.0006126761436462402}, "created": {"value": false, "score": 0.016022145748138428}, "shared": {"value": false, "score": 5.960464477539062e-07}}}, {"type": "software", "software-type": "software", "software-name": {"rawForm": "LSAWfP", "normalizedForm": "LSAWfP", "offsetStart": 38, "offsetEnd": 44}, "context": "This is more than enough to show that LSAWfP cares about processes' data (this is one of this paper's goals).", "mentionContextAttributes": {"used": {"value": false, "score": 0.0005651712417602539}, "created": {"value": false, "score": 0.0259859561920166}, "shared": {"value": false, "score": 1.7881393432617188e-07}}, "documentContextAttributes": {"used": {"value": true, "score": 0.7517659664154053}, "created": {"value": true, "score": 0.9999369978904724}, "shared": {"value": false, "score": 4.5299530029296875e-06}}}, {"type": "software", "software-type": "software", "software-name": {"rawForm": "LSAWfP", "normalizedForm": "LSAWfP", "offsetStart": 39, "offsetEnd": 45}, "context": "It would certainly be easier to handle LSAWfP if we had a (graphical) tool to assist in the design and validation of its instances.", "mentionContextAttributes": {"used": {"value": false, "score": 0.0037357211112976074}, "created": {"value": false, "score": 0.0011649727821350098}, "shared": {"value": false, "score": 4.172325134277344e-07}}, "documentContextAttributes": {"used": {"value": true, "score": 0.7517659664154053}, "created": {"value": true, "score": 0.9999369978904724}, "shared": {"value": false, "score": 4.5299530029296875e-06}}}, {"type": "software", "software-type": "software", "software-name": {"rawForm": "LSAWfP", "normalizedForm": "LSAWfP", "offsetStart": 40, "offsetEnd": 46}, "context": "The modelling approach (methodology) of LSAWfP can be described as follows: from the observation that one can analyse the textual description of a given administrative process to exhibit all its possible representative scenarios leading to its business goals, LSAWfP proposes to model each of these scenarios by an annotated tree called a representative artifact in which, each node corresponds to a task of the process, and each hierarchical decomposition (a node and its sons) represents a scheduling of these tasks.", "mentionContextAttributes": {"used": {"value": false, "score": 0.014248549938201904}, "created": {"value": false, "score": 0.0003688931465148926}, "shared": {"value": false, "score": 3.2782554626464844e-06}}, "documentContextAttributes": {"used": {"value": true, "score": 0.7517659664154053}, "created": {"value": true, "score": 0.9999369978904724}, "shared": {"value": false, "score": 4.5299530029296875e-06}}}, {"type": "software", "software-type": "software", "software-name": {"rawForm": "LSAWfP", "normalizedForm": "LSAWfP", "offsetStart": 40, "offsetEnd": 46}, "context": "Like any traditional workflow language, LSAWfP allows to specify basic flows (sequential, parallel, alternative and iterative) that are generally found in workflow models; particularly, it focuses on the modelling of each of the process scenarios using an artifact.", "mentionContextAttributes": {"used": {"value": false, "score": 3.6776065826416016e-05}, "created": {"value": false, "score": 0.0010572075843811035}, "shared": {"value": false, "score": 6.556510925292969e-07}}, "documentContextAttributes": {"used": {"value": true, "score": 0.7517659664154053}, "created": {"value": true, "score": 0.9999369978904724}, "shared": {"value": false, "score": 4.5299530029296875e-06}}}, {"type": "software", "software-type": "software", "software-name": {"rawForm": "LSAWfP", "normalizedForm": "LSAWfP", "offsetStart": 43, "offsetEnd": 49}, "context": "Opposed to traditional workflow languages, LSAWfP provides coherent tools to model both processes' lifecycle model, information model and organizational model.", "mentionContextAttributes": {"used": {"value": false, "score": 1.8656253814697266e-05}, "created": {"value": false, "score": 0.03287613391876221}, "shared": {"value": false, "score": 4.172325134277344e-07}}, "documentContextAttributes": {"used": {"value": true, "score": 0.7517659664154053}, "created": {"value": true, "score": 0.9999369978904724}, "shared": {"value": false, "score": 4.5299530029296875e-06}}}, {"type": "software", "software-type": "software", "software-name": {"rawForm": "LSAWfP", "normalizedForm": "LSAWfP", "offsetStart": 45, "offsetEnd": 51}, "context": "In this section, we present the new language LSAWfP that allows to specify administrative workflow processes independently of a workflow execution technique, and with the use of scenario as modelling unit.", "mentionContextAttributes": {"used": {"value": false, "score": 6.276369094848633e-05}, "created": {"value": true, "score": 0.9998576641082764}, "shared": {"value": false, "score": 4.172325134277344e-07}}, "documentContextAttributes": {"used": {"value": true, "score": 0.7517659664154053}, "created": {"value": true, "score": 0.9999369978904724}, "shared": {"value": false, "score": 4.5299530029296875e-06}}}, {"type": "software", "software-type": "software", "software-name": {"rawForm": "LSAWfP", "normalizedForm": "LSAWfP", "offsetStart": 48, "offsetEnd": 54}, "context": "-The organizational and informational models of LSAWfP formalized in this paper are quite simple.", "mentionContextAttributes": {"used": {"value": false, "score": 0.00015544891357421875}, "created": {"value": true, "score": 0.7238240838050842}, "shared": {"value": false, "score": 2.980232238769531e-07}}, "documentContextAttributes": {"used": {"value": true, "score": 0.7517659664154053}, "created": {"value": true, "score": 0.9999369978904724}, "shared": {"value": false, "score": 4.5299530029296875e-06}}}, {"type": "software", "software-type": "software", "software-name": {"rawForm": "LSAWfP", "normalizedForm": "LSAWfP", "offsetStart": 51, "offsetEnd": 57}, "context": "We also presented some of the work associated with LSAWfP that are currently in progress.", "mentionContextAttributes": {"used": {"value": false, "score": 0.000933527946472168}, "created": {"value": true, "score": 0.9973263144493103}, "shared": {"value": false, "score": 1.2516975402832031e-06}}, "documentContextAttributes": {"used": {"value": true, "score": 0.7517659664154053}, "created": {"value": true, "score": 0.9999369978904724}, "shared": {"value": false, "score": 4.5299530029296875e-06}}}, {"type": "software", "software-type": "software", "software-name": {"rawForm": "LSAWfP", "normalizedForm": "LSAWfP", "offsetStart": 55, "offsetEnd": 61}, "context": "In Table 2, we make a preliminary comparative study of LSAWfP with some of the workflow languages (those that we find best related to LSAWfP) presented in section 2.2.", "mentionContextAttributes": {"used": {"value": false, "score": 0.10508739948272705}, "created": {"value": false, "score": 0.003034651279449463}, "shared": {"value": false, "score": 2.980232238769531e-07}}, "documentContextAttributes": {"used": {"value": true, "score": 0.7517659664154053}, "created": {"value": true, "score": 0.9999369978904724}, "shared": {"value": false, "score": 4.5299530029296875e-06}}}, {"type": "software", "software-type": "software", "software-name": {"rawForm": "LSAWfP", "normalizedForm": "LSAWfP", "offsetStart": 63, "offsetEnd": 69}, "context": "In this paper, we have proposed a new workflow language called LSAWfP which allows, through a simple grammar-based formalism, to specify administrative business processes.", "mentionContextAttributes": {"used": {"value": false, "score": 6.312131881713867e-05}, "created": {"value": true, "score": 0.9999369978904724}, "shared": {"value": false, "score": 8.940696716308594e-07}}, "documentContextAttributes": {"used": {"value": true, "score": 0.7517659664154053}, "created": {"value": true, "score": 0.9999369978904724}, "shared": {"value": false, "score": 4.5299530029296875e-06}}}, {"type": "software", "software-type": "software", "software-name": {"rawForm": "LSAWfP", "normalizedForm": "LSAWfP", "offsetStart": 65, "offsetEnd": 71}, "context": "Work delegation can be the subject of more elaborate work on the LSAWfP organizational model.", "mentionContextAttributes": {"used": {"value": false, "score": 5.59687614440918e-05}, "created": {"value": true, "score": 0.937728762626648}, "shared": {"value": false, "score": 2.980232238769531e-07}}, "documentContextAttributes": {"used": {"value": true, "score": 0.7517659664154053}, "created": {"value": true, "score": 0.9999369978904724}, "shared": {"value": false, "score": 4.5299530029296875e-06}}}, {"type": "software", "software-type": "software", "software-name": {"rawForm": "LSAWfP", "normalizedForm": "LSAWfP", "offsetStart": 69, "offsetEnd": 75}, "context": "In this section, we present some of the work being currently done on LSAWfP.", "mentionContextAttributes": {"used": {"value": false, "score": 0.0002924203872680664}, "created": {"value": true, "score": 0.9996424913406372}, "shared": {"value": false, "score": 5.364418029785156e-07}}, "documentContextAttributes": {"used": {"value": true, "score": 0.7517659664154053}, "created": {"value": true, "score": 0.9999369978904724}, "shared": {"value": false, "score": 4.5299530029296875e-06}}}, {"type": "software", "software-type": "software", "software-name": {"rawForm": "LSAWfP", "normalizedForm": "LSAWfP", "offsetStart": 95, "offsetEnd": 101}, "context": "This paper presents a new Language for the Specification of Administrative Workflow Processes (LSAWfP) based on the concept of attributed grammars.", "mentionContextAttributes": {"used": {"value": false, "score": 4.357099533081055e-05}, "created": {"value": true, "score": 0.9998095035552979}, "shared": {"value": false, "score": 4.172325134277344e-07}}, "documentContextAttributes": {"used": {"value": true, "score": 0.7517659664154053}, "created": {"value": true, "score": 0.9999369978904724}, "shared": {"value": false, "score": 4.5299530029296875e-06}}}, {"type": "software", "software-type": "software", "software-name": {"rawForm": "LSAWfP", "normalizedForm": "LSAWfP", "offsetStart": 98, "offsetEnd": 104}, "context": "In this section we discuss the specification of processes-related data (the information model) in LSAWfP.", "mentionContextAttributes": {"used": {"value": false, "score": 0.001440584659576416}, "created": {"value": true, "score": 0.999674916267395}, "shared": {"value": false, "score": 2.980232238769531e-07}}, "documentContextAttributes": {"used": {"value": true, "score": 0.7517659664154053}, "created": {"value": true, "score": 0.9999369978904724}, "shared": {"value": false, "score": 4.5299530029296875e-06}}}, {"type": "software", "software-type": "software", "software-name": {"rawForm": "LSAWfP", "normalizedForm": "LSAWfP", "offsetStart": 111, "offsetEnd": 117}, "context": "LSAWfP and workflow patterns: one avenue we are currently exploring is that of measuring the expressiveness of LSAWfP in relation to workflow patterns [39].", "mentionContextAttributes": {"used": {"value": false, "score": 0.0005005002021789551}, "created": {"value": false, "score": 0.019594430923461914}, "shared": {"value": false, "score": 2.980232238769531e-07}}, "documentContextAttributes": {"used": {"value": true, "score": 0.7517659664154053}, "created": {"value": true, "score": 0.9999369978904724}, "shared": {"value": false, "score": 4.5299530029296875e-06}}}, {"type": "software", "software-type": "software", "software-name": {"rawForm": "LSAWfP", "normalizedForm": "LSAWfP", "offsetStart": 120, "offsetEnd": 126}, "context": "Moreover, it seems equally important to more precisely describe the model for executing business processes specified in LSAWfP and briefly presented in section 4. In our opinion, this is just a few of the many studies that must be carried out following the one presented in this paper.", "mentionContextAttributes": {"used": {"value": false, "score": 0.000263214111328125}, "created": {"value": false, "score": 0.07467913627624512}, "shared": {"value": false, "score": 7.748603820800781e-07}}, "documentContextAttributes": {"used": {"value": true, "score": 0.7517659664154053}, "created": {"value": true, "score": 0.9999369978904724}, "shared": {"value": false, "score": 4.5299530029296875e-06}}}, {"type": "software", "software-type": "software", "software-name": {"rawForm": "LSAWfP", "normalizedForm": "LSAWfP", "offsetStart": 134, "offsetEnd": 140}, "context": "In Table 2, we make a preliminary comparative study of LSAWfP with some of the workflow languages (those that we find best related to LSAWfP) presented in section 2.2.", "mentionContextAttributes": {"used": {"value": false, "score": 0.10508739948272705}, "created": {"value": false, "score": 0.003034651279449463}, "shared": {"value": false, "score": 2.980232238769531e-07}}, "documentContextAttributes": {"used": {"value": true, "score": 0.7517659664154053}, "created": {"value": true, "score": 0.9999369978904724}, "shared": {"value": false, "score": 4.5299530029296875e-06}}}, {"type": "software", "software-type": "software", "software-name": {"rawForm": "LSAWfP", "normalizedForm": "LSAWfP", "offsetStart": 142, "offsetEnd": 148}, "context": "Figure 4 gives for each type of basic control flow its BPMN notation and the corresponding notations (artifact and associated productions) in LSAWfP as described below:", "mentionContextAttributes": {"used": {"value": false, "score": 0.4694882035255432}, "created": {"value": false, "score": 2.4020671844482422e-05}, "shared": {"value": false, "score": 2.980232238769531e-07}}, "documentContextAttributes": {"used": {"value": true, "score": 0.7517659664154053}, "created": {"value": true, "score": 0.9999369978904724}, "shared": {"value": false, "score": 4.5299530029296875e-06}}}, {"type": "software", "software-type": "software", "wikidataId": "Q11368", "wikipediaExternalRef": 21347364, "lang": "en", "confidence": 0.6955, "software-name": {"rawForm": "UNIX", "normalizedForm": "UNIX", "wikidataId": "Q11368", "wikipediaExternalRef": 21347364, "lang": "en", "confidence": 0.6955, "offsetStart": 171, "offsetEnd": 175}, "context": "In fact, LSAWfP allows the workflow models designers, to simply express each actor's accreditations for each task in a process, by the means of a inspired by that used in UNIX-like operating systems for the expression of users' rights. ", "mentionContextAttributes": {"used": {"value": false, "score": 8.487701416015625e-05}, "created": {"value": false, "score": 0.0009092092514038086}, "shared": {"value": false, "score": 5.960464477539062e-07}}, "documentContextAttributes": {"used": {"value": false, "score": 0.0006126761436462402}, "created": {"value": false, "score": 0.016022145748138428}, "shared": {"value": false, "score": 5.960464477539062e-07}}}, {"type": "software", "software-type": "software", "software-name": {"rawForm": "LSAWfP", "normalizedForm": "LSAWfP", "offsetStart": 194, "offsetEnd": 200}, "context": "To conduct this study, it is necessary to study in detail the different workflow patterns proposed in [39], then find examples of processes highlighting these patterns and finally, find out how LSAWfP can help to model these processes.", "mentionContextAttributes": {"used": {"value": false, "score": 0.0016165971755981445}, "created": {"value": false, "score": 0.005103886127471924}, "shared": {"value": false, "score": 2.384185791015625e-07}}, "documentContextAttributes": {"used": {"value": true, "score": 0.7517659664154053}, "created": {"value": true, "score": 0.9999369978904724}, "shared": {"value": false, "score": 4.5299530029296875e-06}}}, {"type": "software", "software-type": "software", "software-name": {"rawForm": "LSAWfP", "normalizedForm": "LSAWfP", "offsetStart": 236, "offsetEnd": 242}, "context": "-The sequential flow between two tasks A and B can be expressed either by a production p of the form p \u2236 A \u2192 B, or by a production q of the form q \u2236 S \u2192 A B in which S is a (re)structuring symbol (see Figure 4 As defined in this paper, LSAWfP (like traditional workflow languages) is only interested in modelling the inherent characteristics of administrative processes: i.e. tasks and their scheduling, data produced and consumed by tasks, actors in charge of executing the tasks and their roles.", "mentionContextAttributes": {"used": {"value": false, "score": 0.028018474578857422}, "created": {"value": false, "score": 1.1324882507324219e-05}, "shared": {"value": false, "score": 4.5299530029296875e-06}}, "documentContextAttributes": {"used": {"value": true, "score": 0.7517659664154053}, "created": {"value": true, "score": 0.9999369978904724}, "shared": {"value": false, "score": 4.5299530029296875e-06}}}, {"type": "software", "software-type": "software", "software-name": {"rawForm": "LSAWfP", "normalizedForm": "LSAWfP", "offsetStart": 260, "offsetEnd": 266}, "context": "The modelling approach (methodology) of LSAWfP can be described as follows: from the observation that one can analyse the textual description of a given administrative process to exhibit all its possible representative scenarios leading to its business goals, LSAWfP proposes to model each of these scenarios by an annotated tree called a representative artifact in which, each node corresponds to a task of the process, and each hierarchical decomposition (a node and its sons) represents a scheduling of these tasks.", "mentionContextAttributes": {"used": {"value": false, "score": 0.014248549938201904}, "created": {"value": false, "score": 0.00036895275115966797}, "shared": {"value": false, "score": 3.2186508178710938e-06}}, "documentContextAttributes": {"used": {"value": true, "score": 0.7517659664154053}, "created": {"value": true, "score": 0.9999369978904724}, "shared": {"value": false, "score": 4.5299530029296875e-06}}}, {"type": "software", "software-type": "software", "software-name": {"rawForm": "Workflow Management System (WfMS)", "normalizedForm": "Workflow Management System (WfMS)", "offsetStart": 263, "offsetEnd": 296}, "context": "To automate business processes, workflow technology provides a clear framework composed of two major entities: (1) a workflow language for the description of such processes in a (generally graphical) format that can be interpreted by (2) a software system called Workflow Management System (WfMS). ", "mentionContextAttributes": {"used": {"value": false, "score": 6.42538070678711e-05}, "created": {"value": false, "score": 0.0039035677909851074}, "shared": {"value": false, "score": 3.2186508178710938e-06}}, "documentContextAttributes": {"used": {"value": false, "score": 6.42538070678711e-05}, "created": {"value": false, "score": 0.0039035677909851074}, "shared": {"value": false, "score": 3.2186508178710938e-06}}}, {"type": "software", "software-type": "software", "software-name": {"rawForm": "LSAWfP", "normalizedForm": "LSAWfP", "offsetStart": 322, "offsetEnd": 328}, "context": "The purpose of this figure is to show the independence of our running example from a specific workflow language; in addition, we want the reader to bear in mind what the two workflow languages used in this figure offer in terms of process modelling tools and methodology in order to better understand the contributions of LSAWfP.", "mentionContextAttributes": {"used": {"value": false, "score": 0.014638841152191162}, "created": {"value": false, "score": 0.036263883113861084}, "shared": {"value": false, "score": 1.1920928955078125e-06}}, "documentContextAttributes": {"used": {"value": true, "score": 0.7517659664154053}, "created": {"value": true, "score": 0.9999369978904724}, "shared": {"value": false, "score": 4.5299530029296875e-06}}}], "references": [], "runtime": 138277, "id": "f40093dc9d0e93c974af960e3d3d01c26142b5c6", "metadata": {"id": "f40093dc9d0e93c974af960e3d3d01c26142b5c6"}, "original_file_path": "../../datalake/Samuel/SOFTware-Sync/data/xml_not_sofctied/hal-02977704.grobid.tei.xml", "file_name": "hal-02977704.grobid.tei.xml"}