{"application": "software-mentions", "version": "0.8.0", "date": "2024-04-15T07:23+0000", "md5": "4EDE74864A80BF1CB25E3884893BA5BD", "mentions": [{"type": "software", "software-type": "software", "software-name": {"rawForm": "PyTorch", "normalizedForm": "PyTorch", "offsetStart": 106, "offsetEnd": 113}, "context": "Instead of initializing the parameters with random values, we used the pre-trained weights available from PyTorch's model zoo.", "mentionContextAttributes": {"used": {"value": true, "score": 0.9999727010726929}, "created": {"value": false, "score": 0.00014960765838623047}, "shared": {"value": false, "score": 1.1920928955078125e-07}}, "documentContextAttributes": {"used": {"value": true, "score": 0.9999727010726929}, "created": {"value": false, "score": 0.0003693103790283203}, "shared": {"value": false, "score": 0.000432431697845459}}}, {"type": "software", "software-type": "software", "software-name": {"rawForm": "PyTorch", "normalizedForm": "PyTorch", "offsetStart": 107, "offsetEnd": 114}, "context": "Moreover, pre-trained parameters can be easily found for most Deep Learning frameworks, in particular, for PyTorch (https://pytorch.org/), ", "mentionContextAttributes": {"used": {"value": false, "score": 5.352497100830078e-05}, "created": {"value": false, "score": 0.0003693103790283203}, "shared": {"value": false, "score": 0.000432431697845459}}, "documentContextAttributes": {"used": {"value": true, "score": 0.9999727010726929}, "created": {"value": false, "score": 0.0003693103790283203}, "shared": {"value": false, "score": 0.000432431697845459}}}], "references": [], "runtime": 50648, "id": "770090c10dbdbf13fb71f230df4c3f1158e9f2e5", "metadata": {"id": "770090c10dbdbf13fb71f230df4c3f1158e9f2e5"}, "original_file_path": "../../datalake/Samuel/SOFTware-Sync/data/xml_not_sofctied/hal-02137748.grobid.tei.xml", "file_name": "hal-02137748.grobid.tei.xml"}