{"application": "software-mentions", "version": "0.8.0", "date": "2024-04-12T16:12+0000", "md5": "84DCCC016B914BFD627374229728729E", "mentions": [{"type": "software", "software-type": "software", "software-name": {"rawForm": "OpenEnclave SDK", "normalizedForm": "OpenEnclave SDK", "offsetStart": 48, "offsetEnd": 66}, "publisher": {"rawForm": "Intel", "normalizedForm": "Intel", "offsetStart": 32, "offsetEnd": 37}, "context": "We implement a PDMS platform on Intel SGX using OpenEnclave SDK [3], using SQLite as personal database hold in the Core. Figure 1 shows execution times for a typical aggregation query on tabular data with different data set sizes. ", "mentionContextAttributes": {"used": {"value": false, "score": 0.017502009868621826}, "created": {"value": false, "score": 0.07903414964675903}, "shared": {"value": false, "score": 4.76837158203125e-07}}, "documentContextAttributes": {"used": {"value": false, "score": 0.017502009868621826}, "created": {"value": false, "score": 0.07903414964675903}, "shared": {"value": false, "score": 4.76837158203125e-07}}}, {"type": "software", "software-type": "software", "software-name": {"rawForm": "Ryoan", "normalizedForm": "Ryoan", "offsetStart": 72, "offsetEnd": 81}, "context": "Such in-enclave sandbox can be obtained using existing software such as Ryoan [2] or SGXJail [10] which provide means to restrict enclave operations (bounded address space and filtered syscalls).", "mentionContextAttributes": {"used": {"value": false, "score": 0.00019127130508422852}, "created": {"value": false, "score": 0.00010001659393310547}, "shared": {"value": false, "score": 3.5762786865234375e-07}}, "documentContextAttributes": {"used": {"value": false, "score": 0.00019127130508422852}, "created": {"value": false, "score": 0.00010001659393310547}, "shared": {"value": false, "score": 3.5762786865234375e-07}}}, {"type": "software", "software-type": "software", "software-name": {"rawForm": "SQLite", "normalizedForm": "SQLite", "offsetStart": 75, "offsetEnd": 81}, "context": "We implement a PDMS platform on Intel SGX using OpenEnclave SDK [3], using SQLite as personal database hold in the Core. Figure 1 shows execution times for a typical aggregation query on tabular data with different data set sizes. ", "mentionContextAttributes": {"used": {"value": false, "score": 0.017502009868621826}, "created": {"value": false, "score": 0.07903414964675903}, "shared": {"value": false, "score": 4.76837158203125e-07}}, "documentContextAttributes": {"used": {"value": false, "score": 0.017502009868621826}, "created": {"value": false, "score": 0.07903414964675903}, "shared": {"value": false, "score": 4.76837158203125e-07}}}, {"type": "software", "software-type": "software", "software-name": {"rawForm": "SGXJail", "normalizedForm": "SGXJail", "offsetStart": 85, "offsetEnd": 97}, "context": "Such in-enclave sandbox can be obtained using existing software such as Ryoan [2] or SGXJail [10] which provide means to restrict enclave operations (bounded address space and filtered syscalls).", "mentionContextAttributes": {"used": {"value": false, "score": 0.00019127130508422852}, "created": {"value": false, "score": 0.00010001659393310547}, "shared": {"value": false, "score": 3.5762786865234375e-07}}, "documentContextAttributes": {"used": {"value": false, "score": 0.00019127130508422852}, "created": {"value": false, "score": 0.00010001659393310547}, "shared": {"value": false, "score": 3.5762786865234375e-07}}}], "references": [], "runtime": 74587, "id": "77c8a6d18def532cad072c63f7efafc3fa4ceb76", "metadata": {"id": "77c8a6d18def532cad072c63f7efafc3fa4ceb76"}, "original_file_path": "../../datalake/Samuel/SOFTware-Sync/data/xml_files/hal-03536381.grobid.tei.xml", "file_name": "hal-03536381.grobid.tei.xml"}