{"application": "software-mentions", "version": "0.8.0", "date": "2024-04-12T17:24+0000", "md5": "F0F763492470013C19D062E0A0D0E283", "mentions": [{"type": "software", "software-type": "software", "software-name": {"rawForm": "Cozy", "normalizedForm": "Cozy", "offsetStart": 0, "offsetEnd": 4}, "context": "Cozy), expert users can opt for a self-hosted instance, which is close to the home cloud approach considered in Section 2.2. ", "mentionContextAttributes": {"used": {"value": false, "score": 7.18235969543457e-05}, "created": {"value": false, "score": 7.933378219604492e-05}, "shared": {"value": false, "score": 6.556510925292969e-07}}, "documentContextAttributes": {"used": {"value": false, "score": 0.011092782020568848}, "created": {"value": false, "score": 0.0009452700614929199}, "shared": {"value": false, "score": 0.006965994834899902}}}, {"type": "software", "software-type": "software", "software-name": {"rawForm": "MyDex", "normalizedForm": "MyDex", "offsetStart": 0, "offsetEnd": 5}, "context": "MyDex also offers a zero-knowledge service following privacy-by-design principles, but the system is here separated in two parts: (i) a front-end service which is in charge of retrieving the private keys from the users at connection time, encrypting and decrypting the personal data of the client during the session, and expunging the keys at disconnection; and (ii) a back-end service which stores collections of encrypted files. ", "mentionContextAttributes": {"used": {"value": false, "score": 0.00180894136428833}, "created": {"value": false, "score": 0.0002740621566772461}, "shared": {"value": false, "score": 1.424551010131836e-05}}, "documentContextAttributes": {"used": {"value": false, "score": 0.00180894136428833}, "created": {"value": false, "score": 0.1928955316543579}, "shared": {"value": false, "score": 0.0784345269203186}}}, {"type": "software", "software-type": "software", "software-name": {"rawForm": "Meeco", "normalizedForm": "Meeco", "offsetStart": 0, "offsetEnd": 5}, "context": "Meeco, BitsAbout.Me or Camilistore/Perkeep to name a few.", "mentionContextAttributes": {"used": {"value": false, "score": 0.00032007694244384766}, "created": {"value": false, "score": 0.00010162591934204102}, "shared": {"value": false, "score": 5.364418029785156e-07}}, "documentContextAttributes": {"used": {"value": false, "score": 0.09109467267990112}, "created": {"value": false, "score": 0.0002847909927368164}, "shared": {"value": false, "score": 0.024425208568572998}}}, {"type": "software", "software-type": "software", "software-name": {"rawForm": "Amber", "normalizedForm": "Amber", "offsetStart": 0, "offsetEnd": 5}, "context": "Amber [22] separates web services from data processing by introducing a data-sharing model relying on secure distributed query mechanisms implementing a reduced subset of SQL.", "mentionContextAttributes": {"used": {"value": false, "score": 6.03795051574707e-05}, "created": {"value": false, "score": 0.007522463798522949}, "shared": {"value": false, "score": 7.748603820800781e-07}}, "documentContextAttributes": {"used": {"value": false, "score": 6.03795051574707e-05}, "created": {"value": false, "score": 0.007522463798522949}, "shared": {"value": false, "score": 7.748603820800781e-07}}, "references": [{"label": "[22]", "normalizedForm": "[22]", "refKey": 22, "offsetStart": 110854, "offsetEnd": 110858}]}, {"type": "software", "software-type": "software", "software-name": {"rawForm": "OpenPDS", "normalizedForm": "OpenPDS", "offsetStart": 0, "offsetEnd": 7}, "context": "OpenPDS is a personal cloud solution which allows a user to accumulate personal data about her (e.g., web or shopping preferences, location traces) on her device (e.g., smartphone) and which provides a privacy preserving framework to explore this data. ", "mentionContextAttributes": {"used": {"value": false, "score": 6.145238876342773e-05}, "created": {"value": false, "score": 0.0685417652130127}, "shared": {"value": false, "score": 0.0013053417205810547}}, "documentContextAttributes": {"used": {"value": false, "score": 0.006827235221862793}, "created": {"value": false, "score": 0.0685417652130127}, "shared": {"value": false, "score": 0.0013053417205810547}}}, {"type": "software", "software-type": "software", "software-name": {"rawForm": "BitsAbout", "normalizedForm": "BitsAbout", "offsetStart": 0, "offsetEnd": 9}, "context": "BitsAbout.Me to only cite a few) propose a centralized web hosting of personal data combined with a rich set of services to collect personal data from various sources, store them and cross-exploit them. ", "mentionContextAttributes": {"used": {"value": false, "score": 0.00016689300537109375}, "created": {"value": false, "score": 0.02296280860900879}, "shared": {"value": false, "score": 1.245737075805664e-05}}, "documentContextAttributes": {"used": {"value": false, "score": 0.021203339099884033}, "created": {"value": false, "score": 0.02296280860900879}, "shared": {"value": false, "score": 0.0007991194725036621}}}, {"type": "software", "software-type": "software", "software-name": {"rawForm": "CozyCloud", "normalizedForm": "CozyCloud", "offsetStart": 0, "offsetEnd": 9}, "context": "CozyCloud also follows the current security best practices in terms of users' passwords, connections and data at rest encryption. ", "mentionContextAttributes": {"used": {"value": false, "score": 0.0001156926155090332}, "created": {"value": false, "score": 6.562471389770508e-05}, "shared": {"value": false, "score": 5.304813385009766e-06}}, "documentContextAttributes": {"used": {"value": false, "score": 0.011092782020568848}, "created": {"value": false, "score": 0.02225703001022339}, "shared": {"value": false, "score": 0.058776915073394775}}}, {"type": "software", "software-type": "software", "software-name": {"rawForm": "CozyCloud", "normalizedForm": "CozyCloud", "offsetStart": 0, "offsetEnd": 9}, "context": "CozyCloud follows a similar principle, following the motto that 'users will stay because they can leave'. ", "mentionContextAttributes": {"used": {"value": false, "score": 8.159875869750977e-05}, "created": {"value": false, "score": 0.00034439563751220703}, "shared": {"value": false, "score": 4.947185516357422e-06}}, "documentContextAttributes": {"used": {"value": false, "score": 0.011092782020568848}, "created": {"value": false, "score": 0.02225703001022339}, "shared": {"value": false, "score": 0.058776915073394775}}}, {"type": "software", "software-type": "software", "software-name": {"rawForm": "BitsAbout", "normalizedForm": "BitsAbout", "offsetStart": 0, "offsetEnd": 9}, "context": "BitsAbout.Me also provides data collectors but focusses instead on the web activity trails of the user and targets personal information such as Google geolocation histories, Facebook 'likes' graphs and YouTube histories.", "mentionContextAttributes": {"used": {"value": false, "score": 6.753206253051758e-05}, "created": {"value": false, "score": 9.530782699584961e-05}, "shared": {"value": false, "score": 2.5570392608642578e-05}}, "documentContextAttributes": {"used": {"value": false, "score": 0.021203339099884033}, "created": {"value": false, "score": 0.02296280860900879}, "shared": {"value": false, "score": 0.0007991194725036621}}}, {"type": "software", "software-type": "software", "software-name": {"rawForm": "BitsAbout", "normalizedForm": "BitsAbout", "offsetStart": 0, "offsetEnd": 9}, "context": "BitsAbout.Me declares that the decryption keys are expunged from its servers at user's disconnection and therefore the server can only access the data during the time of a session.", "mentionContextAttributes": {"used": {"value": false, "score": 0.021203339099884033}, "created": {"value": false, "score": 6.335973739624023e-05}, "shared": {"value": false, "score": 6.490945816040039e-05}}, "documentContextAttributes": {"used": {"value": false, "score": 0.021203339099884033}, "created": {"value": false, "score": 0.02296280860900879}, "shared": {"value": false, "score": 0.0007991194725036621}}}, {"type": "software", "software-type": "software", "software-name": {"rawForm": "Meeco", "normalizedForm": "Meeco", "offsetStart": 3, "offsetEnd": 8}, "context": "In Meeco, personal data is organized within life-tiles, i.e., datasets defined by the user which gather specific personal information or files uploaded by the user (e.g., photos taken around Christmas in a life-tile entitled 'Christmas'), and web-tiles, i.e., user defined goals (e.g., purchase intents) or user's activities on specified websites (e.g., amazon.com).", "mentionContextAttributes": {"used": {"value": false, "score": 0.09109467267990112}, "created": {"value": false, "score": 9.59634780883789e-06}, "shared": {"value": false, "score": 2.086162567138672e-06}}, "documentContextAttributes": {"used": {"value": false, "score": 0.09109467267990112}, "created": {"value": false, "score": 0.0002847909927368164}, "shared": {"value": false, "score": 0.024425208568572998}}}, {"type": "software", "software-type": "software", "software-name": {"rawForm": "CozyCloud", "normalizedForm": "CozyCloud", "offsetStart": 3, "offsetEnd": 12}, "context": "In CozyCloud, the apps interact with the Cozy data system to access documents stored in a CouchDB engine, where each document is stored in a JSON format with an associated 'doctype' family (e.g., bank, photos, bills, etc.). ", "mentionContextAttributes": {"used": {"value": false, "score": 0.011092782020568848}, "created": {"value": false, "score": 0.0005183815956115723}, "shared": {"value": false, "score": 1.2695789337158203e-05}}, "documentContextAttributes": {"used": {"value": false, "score": 0.011092782020568848}, "created": {"value": false, "score": 0.02225703001022339}, "shared": {"value": false, "score": 0.058776915073394775}}}, {"type": "software", "software-type": "software", "software-name": {"rawForm": "CozyCloud", "normalizedForm": "CozyCloud", "offsetStart": 3, "offsetEnd": 12}, "context": "In CozyCloud and Meeco, the user's personal cloud is hosted and secured by the cloud service provider on behalf of the personal cloud owner (e.g., using server-side encryption). ", "mentionContextAttributes": {"used": {"value": false, "score": 0.006066799163818359}, "created": {"value": false, "score": 0.00011414289474487305}, "shared": {"value": false, "score": 0.024425208568572998}}, "documentContextAttributes": {"used": {"value": false, "score": 0.011092782020568848}, "created": {"value": false, "score": 0.02225703001022339}, "shared": {"value": false, "score": 0.058776915073394775}}}, {"type": "software", "software-type": "software", "wikidataId": "Q1632657", "wikipediaExternalRef": 15124880, "lang": "en", "confidence": 0.691, "software-name": {"rawForm": "SpiderOak", "normalizedForm": "SpiderOak", "wikidataId": "Q1632657", "wikipediaExternalRef": 15124880, "lang": "en", "confidence": 0.691, "offsetStart": 3, "offsetEnd": 12}, "context": "In SpiderOak, the personal cloud provider knows the number of encrypted data blocks produced by a given user, but not their content nor the associated metadata information (e.g., folder or file names). ", "mentionContextAttributes": {"used": {"value": false, "score": 0.0007895827293395996}, "created": {"value": false, "score": 5.131959915161133e-05}, "shared": {"value": false, "score": 1.6093254089355469e-06}}, "documentContextAttributes": {"used": {"value": false, "score": 0.0007895827293395996}, "created": {"value": false, "score": 0.1928955316543579}, "shared": {"value": false, "score": 2.008676528930664e-05}}}, {"type": "software", "software-type": "software", "software-name": {"rawForm": "BitsAbout", "normalizedForm": "BitsAbout", "offsetStart": 3, "offsetEnd": 12}, "context": "In BitsAbout.Me, a Personal Data Store is dedicated to each user and is hosted encrypted in a datacenter in the EU or Switzerland (chosen for the high level of legal privacy protection offered by the GDPR and Swiss laws).", "mentionContextAttributes": {"used": {"value": false, "score": 0.005672872066497803}, "created": {"value": false, "score": 0.0008026957511901855}, "shared": {"value": false, "score": 0.00023174285888671875}}, "documentContextAttributes": {"used": {"value": false, "score": 0.021203339099884033}, "created": {"value": false, "score": 0.02296280860900879}, "shared": {"value": false, "score": 0.0007991194725036621}}}, {"type": "software", "software-type": "software", "software-name": {"rawForm": "BitsAbout", "normalizedForm": "BitsAbout", "offsetStart": 7, "offsetEnd": 16}, "context": "Meeco, BitsAbout.Me or Camilistore/Perkeep to name a few.", "mentionContextAttributes": {"used": {"value": false, "score": 0.00032007694244384766}, "created": {"value": false, "score": 0.00010162591934204102}, "shared": {"value": false, "score": 5.364418029785156e-07}}, "documentContextAttributes": {"used": {"value": false, "score": 0.021203339099884033}, "created": {"value": false, "score": 0.02296280860900879}, "shared": {"value": false, "score": 0.0007991194725036621}}}, {"type": "software", "software-type": "software", "software-name": {"rawForm": "CozyCloud", "normalizedForm": "CozyCloud", "offsetStart": 13, "offsetEnd": 22}, "context": "For example, CozyCloud (through the 'CozyCollect' application) and Digi.me provide their users with a catalog of connectors to retrieve many kinds of personal data, including financial data (e.g., from banks or PayPal), administrative data (e.g., electricity or telco bills and consumption traces, insurance contracts), social network data (e.g., from Facebook or Pinterest accounts), music (e.g., Spotify), medical information (e.g., from social security institutions, hospitals, or Blue Button compliant sites) or fitness data (e.g., Fitbit), to cite only a few. ", "mentionContextAttributes": {"used": {"value": false, "score": 0.0011385679244995117}, "created": {"value": false, "score": 8.052587509155273e-05}, "shared": {"value": false, "score": 0.00029397010803222656}}, "documentContextAttributes": {"used": {"value": false, "score": 0.011092782020568848}, "created": {"value": false, "score": 0.02225703001022339}, "shared": {"value": false, "score": 0.058776915073394775}}}, {"type": "software", "software-type": "software", "software-name": {"rawForm": "CozyCloud", "normalizedForm": "CozyCloud", "offsetStart": 13, "offsetEnd": 22}, "context": "For example, CozyCloud's applications and data system code are open source. ", "mentionContextAttributes": {"used": {"value": false, "score": 0.0004013180732727051}, "created": {"value": false, "score": 6.181001663208008e-05}, "shared": {"value": false, "score": 0.058776915073394775}}, "documentContextAttributes": {"used": {"value": false, "score": 0.011092782020568848}, "created": {"value": false, "score": 0.02225703001022339}, "shared": {"value": false, "score": 0.058776915073394775}}}, {"type": "software", "software-type": "software", "software-name": {"rawForm": "Meeco", "normalizedForm": "Meeco", "offsetStart": 14, "offsetEnd": 19}, "context": "For instance, Meeco has chosen a cloud server in Australia to comply with the strict local privacy regulations, while Cozy can be deployed using any cloud service provider.", "mentionContextAttributes": {"used": {"value": false, "score": 0.00010949373245239258}, "created": {"value": false, "score": 0.0002422332763671875}, "shared": {"value": false, "score": 0.006965994834899902}}, "documentContextAttributes": {"used": {"value": false, "score": 0.09109467267990112}, "created": {"value": false, "score": 0.0002847909927368164}, "shared": {"value": false, "score": 0.024425208568572998}}}, {"type": "software", "software-type": "software", "software-name": {"rawForm": "OpenPDS", "normalizedForm": "OpenPDS", "offsetStart": 16, "offsetEnd": 23}, "context": "Data sharing in OpenPDS is based on a framework called Safe Answer [27], a query-answering system used to analyze (i.e., cross-compute) the personal data collected by the individual and minimize the information about the data exposed to third parties or applications.", "mentionContextAttributes": {"used": {"value": false, "score": 0.006827235221862793}, "created": {"value": false, "score": 0.005753219127655029}, "shared": {"value": false, "score": 1.0132789611816406e-06}}, "documentContextAttributes": {"used": {"value": false, "score": 0.006827235221862793}, "created": {"value": false, "score": 0.0685417652130127}, "shared": {"value": false, "score": 0.0013053417205810547}}}, {"type": "software", "software-type": "software", "software-name": {"rawForm": "Meeco", "normalizedForm": "Meeco", "offsetStart": 17, "offsetEnd": 22}, "context": "In CozyCloud and Meeco, the user's personal cloud is hosted and secured by the cloud service provider on behalf of the personal cloud owner (e.g., using server-side encryption). ", "mentionContextAttributes": {"used": {"value": false, "score": 0.006066799163818359}, "created": {"value": false, "score": 0.00011414289474487305}, "shared": {"value": false, "score": 0.024425208568572998}}, "documentContextAttributes": {"used": {"value": false, "score": 0.09109467267990112}, "created": {"value": false, "score": 0.0002847909927368164}, "shared": {"value": false, "score": 0.024425208568572998}}}, {"type": "software", "software-type": "software", "software-name": {"rawForm": "DataBox", "normalizedForm": "DataBox", "offsetStart": 18, "offsetEnd": 25}, "context": "In the same vein, DataBox [23,39] proposes techniques inspired by the Human-Data Interaction (HDI) paradigm to enable individuals to understand what data is collected about them and how it is processed.", "mentionContextAttributes": {"used": {"value": false, "score": 7.075071334838867e-05}, "created": {"value": true, "score": 0.8646891713142395}, "shared": {"value": false, "score": 4.172325134277344e-07}}, "documentContextAttributes": {"used": {"value": false, "score": 0.0008068680763244629}, "created": {"value": true, "score": 0.8646891713142395}, "shared": {"value": false, "score": 2.9206275939941406e-06}}, "references": [{"label": "39]", "normalizedForm": "39]", "refKey": 39, "offsetStart": 27092, "offsetEnd": 27095}, {"label": "[23,", "normalizedForm": "[23", "refKey": 23, "offsetStart": 27088, "offsetEnd": 27092}]}, {"type": "software", "software-type": "software", "software-name": {"rawForm": "OpenPDS", "normalizedForm": "OpenPDS", "offsetStart": 18, "offsetEnd": 25}, "context": "The focus of both OpenPDS and DataBox is not on security and enforcement, but on the study of the aforementioned functionalities under the angle of new privacy models and edge computing.", "mentionContextAttributes": {"used": {"value": false, "score": 0.00018095970153808594}, "created": {"value": false, "score": 0.0047568678855896}, "shared": {"value": false, "score": 7.748603820800781e-07}}, "documentContextAttributes": {"used": {"value": false, "score": 0.006827235221862793}, "created": {"value": false, "score": 0.0685417652130127}, "shared": {"value": false, "score": 0.0013053417205810547}}}, {"type": "software", "software-type": "software", "software-name": {"rawForm": "Meeco", "normalizedForm": "Meeco", "offsetStart": 20, "offsetEnd": 25}, "context": "As explained above, Meeco or BitsAbout.Me argue that the location of their servers is chosen for the high level of legal privacy protection, and Digi.me lets users select the cloud storage of their choice.", "mentionContextAttributes": {"used": {"value": false, "score": 0.0006229281425476074}, "created": {"value": false, "score": 0.0002847909927368164}, "shared": {"value": false, "score": 0.0007991194725036621}}, "documentContextAttributes": {"used": {"value": false, "score": 0.09109467267990112}, "created": {"value": false, "score": 0.0002847909927368164}, "shared": {"value": false, "score": 0.024425208568572998}}}, {"type": "software", "software-type": "software", "software-name": {"rawForm": "Helixee", "normalizedForm": "Helixee", "offsetStart": 22, "offsetEnd": 29}, "context": "Other solutions, like Helixee, directly integrate the disk drive into the plug.", "mentionContextAttributes": {"used": {"value": false, "score": 4.70280647277832e-05}, "created": {"value": false, "score": 0.3659536838531494}, "shared": {"value": false, "score": 5.364418029785156e-07}}, "documentContextAttributes": {"used": {"value": false, "score": 9.077787399291992e-05}, "created": {"value": false, "score": 0.3659536838531494}, "shared": {"value": false, "score": 3.999471664428711e-05}}}, {"type": "software", "software-type": "software", "software-name": {"rawForm": "CloudLocker", "normalizedForm": "CloudLocker", "offsetStart": 24, "offsetEnd": 35}, "context": "Home cloud plugs (e.g., CloudLocker, Helixee) go further in this direction by offering a dedicated box that can store TBs of data, run a server and simply be plugged on an individual's home internet gateway, alleviating the burden of installing and administering a server. ", "mentionContextAttributes": {"used": {"value": false, "score": 9.077787399291992e-05}, "created": {"value": false, "score": 0.001933455467224121}, "shared": {"value": false, "score": 3.999471664428711e-05}}, "documentContextAttributes": {"used": {"value": false, "score": 0.00018286705017089844}, "created": {"value": false, "score": 0.03523629903793335}, "shared": {"value": false, "score": 0.00015044212341308594}}}, {"type": "software", "software-type": "software", "software-name": {"rawForm": "Amber", "normalizedForm": "Amber", "offsetStart": 26, "offsetEnd": 35}, "context": "For example, systems like Amber [22], DIY [40] and \uf070Box [34] consider isolating and sandboxing application subparts to increase security and user's control with untrusted applications. ", "mentionContextAttributes": {"used": {"value": false, "score": 5.823373794555664e-05}, "created": {"value": false, "score": 9.125471115112305e-05}, "shared": {"value": false, "score": 2.980232238769531e-07}}, "documentContextAttributes": {"used": {"value": false, "score": 6.03795051574707e-05}, "created": {"value": false, "score": 0.007522463798522949}, "shared": {"value": false, "score": 7.748603820800781e-07}}, "references": [{"label": "[40]", "normalizedForm": "[40]", "refKey": 40, "offsetStart": 110705, "offsetEnd": 110709}]}, {"type": "software", "software-type": "software", "software-name": {"rawForm": "BitsAbout", "normalizedForm": "BitsAbout", "offsetStart": 29, "offsetEnd": 38}, "context": "As explained above, Meeco or BitsAbout.Me argue that the location of their servers is chosen for the high level of legal privacy protection, and Digi.me lets users select the cloud storage of their choice.", "mentionContextAttributes": {"used": {"value": false, "score": 0.0006229281425476074}, "created": {"value": false, "score": 0.0002847909927368164}, "shared": {"value": false, "score": 0.0007991194725036621}}, "documentContextAttributes": {"used": {"value": false, "score": 0.021203339099884033}, "created": {"value": false, "score": 0.02296280860900879}, "shared": {"value": false, "score": 0.0007991194725036621}}}, {"type": "software", "software-type": "software", "software-name": {"rawForm": "DataBox", "normalizedForm": "DataBox", "offsetStart": 30, "offsetEnd": 37}, "context": "The focus of both OpenPDS and DataBox is not on security and enforcement, but on the study of the aforementioned functionalities under the angle of new privacy models and edge computing.", "mentionContextAttributes": {"used": {"value": false, "score": 0.00018095970153808594}, "created": {"value": false, "score": 0.0047568678855896}, "shared": {"value": false, "score": 7.748603820800781e-07}}, "documentContextAttributes": {"used": {"value": false, "score": 0.0008068680763244629}, "created": {"value": true, "score": 0.8646891713142395}, "shared": {"value": false, "score": 2.9206275939941406e-06}}, "references": [{"label": "39]", "normalizedForm": "39]", "refKey": 39}, {"label": "[23,", "normalizedForm": "[23", "refKey": 23}]}, {"type": "software", "software-type": "software", "software-name": {"rawForm": "Helixee", "normalizedForm": "Helixee", "offsetStart": 37, "offsetEnd": 44}, "context": "Home cloud plugs (e.g., CloudLocker, Helixee) go further in this direction by offering a dedicated box that can store TBs of data, run a server and simply be plugged on an individual's home internet gateway, alleviating the burden of installing and administering a server. ", "mentionContextAttributes": {"used": {"value": false, "score": 9.077787399291992e-05}, "created": {"value": false, "score": 0.001933455467224121}, "shared": {"value": false, "score": 3.999471664428711e-05}}, "documentContextAttributes": {"used": {"value": false, "score": 9.077787399291992e-05}, "created": {"value": false, "score": 0.3659536838531494}, "shared": {"value": false, "score": 3.999471664428711e-05}}}, {"type": "software", "software-type": "software", "software-name": {"rawForm": "OpenPDS", "normalizedForm": "OpenPDS", "offsetStart": 37, "offsetEnd": 48}, "context": "Home cloud software solutions (e.g., OpenPDS [27], DataBox [23,39]) build upon the paradigm of local/edge computing by considering that the raw personal data should remain stored physically close to the user. ", "mentionContextAttributes": {"used": {"value": false, "score": 4.3332576751708984e-05}, "created": {"value": false, "score": 0.0012274980545043945}, "shared": {"value": false, "score": 2.9206275939941406e-06}}, "documentContextAttributes": {"used": {"value": false, "score": 0.006827235221862793}, "created": {"value": false, "score": 0.0685417652130127}, "shared": {"value": false, "score": 0.0013053417205810547}}}, {"type": "software", "software-type": "software", "software-name": {"rawForm": "DIY", "normalizedForm": "DIY", "offsetStart": 38, "offsetEnd": 46}, "context": "For example, systems like Amber [22], DIY [40] and \uf070Box [34] consider isolating and sandboxing application subparts to increase security and user's control with untrusted applications. ", "mentionContextAttributes": {"used": {"value": false, "score": 5.823373794555664e-05}, "created": {"value": false, "score": 9.125471115112305e-05}, "shared": {"value": false, "score": 2.980232238769531e-07}}, "documentContextAttributes": {"used": {"value": false, "score": 5.823373794555664e-05}, "created": {"value": false, "score": 9.125471115112305e-05}, "shared": {"value": false, "score": 2.980232238769531e-07}}}, {"type": "software", "software-type": "software", "software-name": {"rawForm": "CozyCloud", "normalizedForm": "CozyCloud", "offsetStart": 39, "offsetEnd": 48}, "context": "Online personal cloud solutions (e.g., CozyCloud, Digi.me, ", "mentionContextAttributes": {"used": {"value": false, "score": 0.0001220703125}, "created": {"value": false, "score": 0.0003418922424316406}, "shared": {"value": false, "score": 1.2516975402832031e-06}}, "documentContextAttributes": {"used": {"value": false, "score": 0.011092782020568848}, "created": {"value": false, "score": 0.02225703001022339}, "shared": {"value": false, "score": 0.058776915073394775}}}, {"type": "software", "software-type": "software", "wikidataId": "Q1632657", "wikipediaExternalRef": 15124880, "lang": "en", "confidence": 0.691, "software-name": {"rawForm": "SpiderOak", "normalizedForm": "SpiderOak", "wikidataId": "Q1632657", "wikipediaExternalRef": 15124880, "lang": "en", "confidence": 0.691, "offsetStart": 39, "offsetEnd": 48}, "context": "Zero-knowledge personal clouds such as SpiderOak or Sync and to a certain extent MyDex or Digi.me mentioned above, propose architectural variations of the online Personal Cloud solutions in particular to mitigate some of the internal privacy issues raised by the strong assumption that the service provider is trusted.", "mentionContextAttributes": {"used": {"value": false, "score": 0.00012373924255371094}, "created": {"value": false, "score": 0.1928955316543579}, "shared": {"value": false, "score": 2.008676528930664e-05}}, "documentContextAttributes": {"used": {"value": false, "score": 0.0007895827293395996}, "created": {"value": false, "score": 0.1928955316543579}, "shared": {"value": false, "score": 2.008676528930664e-05}}}, {"type": "software", "software-type": "software", "software-name": {"rawForm": "Cozy", "normalizedForm": "Cozy", "offsetStart": 41, "offsetEnd": 45}, "context": "In CozyCloud, the apps interact with the Cozy data system to access documents stored in a CouchDB engine, where each document is stored in a JSON format with an associated 'doctype' family (e.g., bank, photos, bills, etc.). ", "mentionContextAttributes": {"used": {"value": false, "score": 0.011092782020568848}, "created": {"value": false, "score": 0.0005183815956115723}, "shared": {"value": false, "score": 1.2695789337158203e-05}}, "documentContextAttributes": {"used": {"value": false, "score": 0.011092782020568848}, "created": {"value": false, "score": 0.0009452700614929199}, "shared": {"value": false, "score": 0.006965994834899902}}}, {"type": "software", "software-type": "software", "wikidataId": "Q1632657", "wikipediaExternalRef": 15124880, "lang": "en", "confidence": 0.691, "software-name": {"rawForm": "SpiderOak", "normalizedForm": "SpiderOak", "wikidataId": "Q1632657", "wikipediaExternalRef": 15124880, "lang": "en", "confidence": 0.691, "offsetStart": 42, "offsetEnd": 51}, "context": "Thus, most zero-knowledge solutions, like SpiderOak, propose point-in-time recovery, such that users can recover any previous version of their personal files at a given date in the past. ", "mentionContextAttributes": {"used": {"value": false, "score": 2.9861927032470703e-05}, "created": {"value": false, "score": 0.07273179292678833}, "shared": {"value": false, "score": 2.086162567138672e-06}}, "documentContextAttributes": {"used": {"value": false, "score": 0.0007895827293395996}, "created": {"value": false, "score": 0.1928955316543579}, "shared": {"value": false, "score": 2.008676528930664e-05}}}, {"type": "software", "software-type": "software", "software-name": {"rawForm": "Helixee 5", "normalizedForm": "Helixee 5", "offsetStart": 43, "offsetEnd": 52}, "context": "Home cloud plug solutions such as Lima 4 , Helixee 5 , CloudLocker 6 and MyCloud 7 , distinguish themselves from the previous approaches by providing solutions helping the users to self-host their personal data at home on a dedicated hardware platform. ", "mentionContextAttributes": {"used": {"value": false, "score": 0.00018286705017089844}, "created": {"value": false, "score": 0.03523629903793335}, "shared": {"value": false, "score": 0.00015044212341308594}}, "documentContextAttributes": {"used": {"value": false, "score": 0.00018286705017089844}, "created": {"value": false, "score": 0.03523629903793335}, "shared": {"value": false, "score": 0.00015044212341308594}}}, {"type": "software", "software-type": "software", "wikidataId": "Q1632657", "wikipediaExternalRef": 15124880, "lang": "en", "confidence": 0.691, "software-name": {"rawForm": "SpiderOak", "normalizedForm": "SpiderOak", "wikidataId": "Q1632657", "wikipediaExternalRef": 15124880, "lang": "en", "confidence": 0.691, "offsetStart": 47, "offsetEnd": 60}, "context": "Zero-knowledge personal cloud solutions (e.g., SpiderOak [26], Sync) mitigate this strong trust assumption by offering a fully encrypted (yet still centralized) data store, but impose a new responsibility (managing the encryption keys) on the individuals, thus trading user friendliness and rich services for improved security. ", "mentionContextAttributes": {"used": {"value": false, "score": 0.000141143798828125}, "created": {"value": false, "score": 0.03997248411178589}, "shared": {"value": false, "score": 1.6093254089355469e-06}}, "documentContextAttributes": {"used": {"value": false, "score": 0.0007895827293395996}, "created": {"value": false, "score": 0.1928955316543579}, "shared": {"value": false, "score": 2.008676528930664e-05}}}, {"type": "software", "software-type": "software", "software-name": {"rawForm": "Digi.me", "normalizedForm": "Digi.me", "offsetStart": 50, "offsetEnd": 57}, "context": "Online personal cloud solutions (e.g., CozyCloud, Digi.me, ", "mentionContextAttributes": {"used": {"value": false, "score": 0.0001220703125}, "created": {"value": false, "score": 0.0003418922424316406}, "shared": {"value": false, "score": 1.2516975402832031e-06}}, "documentContextAttributes": {"used": {"value": false, "score": 0.0001220703125}, "created": {"value": false, "score": 0.0003418922424316406}, "shared": {"value": false, "score": 1.2516975402832031e-06}}}, {"type": "software", "software-type": "software", "software-name": {"rawForm": "DataBox", "normalizedForm": "DataBox", "offsetStart": 51, "offsetEnd": 65}, "context": "Home cloud software solutions (e.g., OpenPDS [27], DataBox [23,39]) build upon the paradigm of local/edge computing by considering that the raw personal data should remain stored physically close to the user. ", "mentionContextAttributes": {"used": {"value": false, "score": 4.3332576751708984e-05}, "created": {"value": false, "score": 0.0012274980545043945}, "shared": {"value": false, "score": 2.9206275939941406e-06}}, "documentContextAttributes": {"used": {"value": false, "score": 0.0008068680763244629}, "created": {"value": true, "score": 0.8646891713142395}, "shared": {"value": false, "score": 2.9206275939941406e-06}}, "references": [{"label": "39]", "normalizedForm": "39]", "refKey": 39}, {"label": "[23,", "normalizedForm": "[23", "refKey": 23}]}, {"type": "software", "software-type": "software", "wikidataId": "Q1632657", "wikipediaExternalRef": 15124880, "lang": "en", "confidence": 0.691, "software-name": {"rawForm": "SpiderOak", "normalizedForm": "SpiderOak", "wikidataId": "Q1632657", "wikipediaExternalRef": 15124880, "lang": "en", "confidence": 0.691, "offsetStart": 52, "offsetEnd": 61}, "context": "A recent analysis of the threat model considered by SpiderOak (which applies to the zero-knowledge personal cloud providers as discussed here) is presented in [26].", "mentionContextAttributes": {"used": {"value": false, "score": 0.00035560131072998047}, "created": {"value": false, "score": 0.0002574920654296875}, "shared": {"value": false, "score": 2.980232238769531e-07}}, "documentContextAttributes": {"used": {"value": false, "score": 0.0007895827293395996}, "created": {"value": false, "score": 0.1928955316543579}, "shared": {"value": false, "score": 2.008676528930664e-05}}}, {"type": "software", "software-type": "software", "software-name": {"rawForm": "CloudLocker", "normalizedForm": "CloudLocker", "offsetStart": 55, "offsetEnd": 66}, "context": "Home cloud plug solutions such as Lima 4 , Helixee 5 , CloudLocker 6 and MyCloud 7 , distinguish themselves from the previous approaches by providing solutions helping the users to self-host their personal data at home on a dedicated hardware platform. ", "mentionContextAttributes": {"used": {"value": false, "score": 0.00018286705017089844}, "created": {"value": false, "score": 0.03523629903793335}, "shared": {"value": false, "score": 0.00015044212341308594}}, "documentContextAttributes": {"used": {"value": false, "score": 0.00018286705017089844}, "created": {"value": false, "score": 0.03523629903793335}, "shared": {"value": false, "score": 0.00015044212341308594}}}, {"type": "software", "software-type": "software", "software-name": {"rawForm": "Cozy", "normalizedForm": "Cozy", "offsetStart": 59, "offsetEnd": 63}, "context": "The list of existing doctypes are defined and published by Cozy such that Cozy app developers can conform to a common scheme and easily identify the documents of interest (e.g., a finance app may be granted access to all the 'bank' and 'bills' doctypes and cross-exploit them to link each bill to a corresponding bank transaction record). ", "mentionContextAttributes": {"used": {"value": false, "score": 0.010600686073303223}, "created": {"value": false, "score": 0.0009452700614929199}, "shared": {"value": false, "score": 1.7285346984863281e-06}}, "documentContextAttributes": {"used": {"value": false, "score": 0.011092782020568848}, "created": {"value": false, "score": 0.0009452700614929199}, "shared": {"value": false, "score": 0.006965994834899902}}}, {"type": "software", "software-type": "software", "software-name": {"rawForm": "Linux", "normalizedForm": "Linux", "offsetStart": 60, "offsetEnd": 65}, "context": "Isolation is usually provided by an operating system (e.g., Linux, seL4, etc.), a virtual machine monitor (VMM or hypervisor, e.g., XEN, KVM) or a container manager (e.g., Docker, Kubernetes). ", "mentionContextAttributes": {"used": {"value": false, "score": 0.0024872422218322754}, "created": {"value": false, "score": 0.0003230571746826172}, "shared": {"value": false, "score": 2.205371856689453e-06}}, "documentContextAttributes": {"used": {"value": false, "score": 0.0024872422218322754}, "created": {"value": false, "score": 0.0003230571746826172}, "shared": {"value": false, "score": 2.205371856689453e-06}}}, {"type": "software", "software-type": "software", "software-name": {"rawForm": "CozyCloud", "normalizedForm": "CozyCloud", "offsetStart": 60, "offsetEnd": 69}, "context": "Many online personal cloud solutions flourish today such as CozyCloud, Digi.me,", "mentionContextAttributes": {"used": {"value": false, "score": 0.00016808509826660156}, "created": {"value": false, "score": 0.02225703001022339}, "shared": {"value": false, "score": 4.947185516357422e-06}}, "documentContextAttributes": {"used": {"value": false, "score": 0.011092782020568848}, "created": {"value": false, "score": 0.02225703001022339}, "shared": {"value": false, "score": 0.058776915073394775}}}, {"type": "software", "software-type": "software", "software-name": {"rawForm": "seL4", "normalizedForm": "seL4", "offsetStart": 67, "offsetEnd": 71}, "context": "Isolation is usually provided by an operating system (e.g., Linux, seL4, etc.), a virtual machine monitor (VMM or hypervisor, e.g., XEN, KVM) or a container manager (e.g., Docker, Kubernetes). ", "mentionContextAttributes": {"used": {"value": false, "score": 0.0024872422218322754}, "created": {"value": false, "score": 0.0003230571746826172}, "shared": {"value": false, "score": 2.205371856689453e-06}}, "documentContextAttributes": {"used": {"value": false, "score": 0.0024872422218322754}, "created": {"value": false, "score": 0.0003230571746826172}, "shared": {"value": false, "score": 2.205371856689453e-06}}}, {"type": "software", "software-type": "software", "software-name": {"rawForm": "OpenPDS", "normalizedForm": "OpenPDS", "offsetStart": 69, "offsetEnd": 81}, "context": "Some remarkable representatives of home cloud software solutions are OpenPDS [27] and DataBox [23,39]. ", "mentionContextAttributes": {"used": {"value": false, "score": 0.0008068680763244629}, "created": {"value": false, "score": 0.00012636184692382812}, "shared": {"value": false, "score": 1.8477439880371094e-06}}, "documentContextAttributes": {"used": {"value": false, "score": 0.006827235221862793}, "created": {"value": false, "score": 0.0685417652130127}, "shared": {"value": false, "score": 0.0013053417205810547}}}, {"type": "software", "software-type": "software", "wikidataId": "Q23909112", "wikipediaExternalRef": 50294511, "lang": "en", "confidence": 0.4721, "software-name": {"rawForm": "MyCloud", "normalizedForm": "MyCloud", "wikidataId": "Q23909112", "wikipediaExternalRef": 50294511, "lang": "en", "confidence": 0.4721, "offsetStart": 73, "offsetEnd": 80}, "context": "Home cloud plug solutions such as Lima 4 , Helixee 5 , CloudLocker 6 and MyCloud 7 , distinguish themselves from the previous approaches by providing solutions helping the users to self-host their personal data at home on a dedicated hardware platform. ", "mentionContextAttributes": {"used": {"value": false, "score": 0.00018286705017089844}, "created": {"value": false, "score": 0.03523629903793335}, "shared": {"value": false, "score": 0.00015044212341308594}}, "documentContextAttributes": {"used": {"value": false, "score": 0.00018286705017089844}, "created": {"value": false, "score": 0.03523629903793335}, "shared": {"value": false, "score": 0.00015044212341308594}}}, {"type": "software", "software-type": "software", "software-name": {"rawForm": "Cozy", "normalizedForm": "Cozy", "offsetStart": 74, "offsetEnd": 78}, "context": "The list of existing doctypes are defined and published by Cozy such that Cozy app developers can conform to a common scheme and easily identify the documents of interest (e.g., a finance app may be granted access to all the 'bank' and 'bills' doctypes and cross-exploit them to link each bill to a corresponding bank transaction record). ", "mentionContextAttributes": {"used": {"value": false, "score": 0.010600686073303223}, "created": {"value": false, "score": 0.0009452700614929199}, "shared": {"value": false, "score": 1.7285346984863281e-06}}, "documentContextAttributes": {"used": {"value": false, "score": 0.011092782020568848}, "created": {"value": false, "score": 0.0009452700614929199}, "shared": {"value": false, "score": 0.006965994834899902}}}, {"type": "software", "software-type": "software", "software-name": {"rawForm": "PlugDB", "normalizedForm": "PlugDB", "offsetStart": 74, "offsetEnd": 80}, "context": "The data storage module incorporates an embedded database engine based on PlugDB [10,11,33] which manages an encrypted database hosting the personal data on a large Flash memory (GBs microSD card) and a recovery procedure based on the protocol described in Section 4.2.2.", "mentionContextAttributes": {"used": {"value": false, "score": 0.03835242986679077}, "created": {"value": false, "score": 0.00043255090713500977}, "shared": {"value": false, "score": 7.748603820800781e-07}}, "documentContextAttributes": {"used": {"value": true, "score": 0.6066243052482605}, "created": {"value": false, "score": 0.00043255090713500977}, "shared": {"value": false, "score": 1.7881393432617188e-06}}, "references": [{"label": "11,", "normalizedForm": "11", "refKey": 11, "offsetStart": 105207, "offsetEnd": 105210}, {"label": "33]", "normalizedForm": "33]", "refKey": 33, "offsetStart": 105210, "offsetEnd": 105213}, {"label": "[10,", "normalizedForm": "[10", "refKey": 10, "offsetStart": 105203, "offsetEnd": 105207}]}, {"type": "software", "software-type": "software", "software-name": {"rawForm": "Weboob", "normalizedForm": "Weboob", "offsetStart": 76, "offsetEnd": 82}, "context": "Usually, data collectors rely on web scrapping technologies (e.g., Cheerio, Weboob) which act on the behalf of the user on a target website to collect their personal data. ", "mentionContextAttributes": {"used": {"value": false, "score": 0.00015878677368164062}, "created": {"value": false, "score": 0.0005126595497131348}, "shared": {"value": false, "score": 1.1265277862548828e-05}}, "documentContextAttributes": {"used": {"value": false, "score": 0.00015878677368164062}, "created": {"value": false, "score": 0.0005126595497131348}, "shared": {"value": false, "score": 1.1265277862548828e-05}}}, {"type": "software", "software-type": "software", "software-name": {"rawForm": "MirageOS", "normalizedForm": "MirageOS", "offsetStart": 77, "offsetEnd": 85}, "context": "The software architecture of Databox advocates the use of Docker containers (MirageOS unikernel being mentioned as a long-term alternative) to isolate certain data computations on the raw data.", "mentionContextAttributes": {"used": {"value": false, "score": 5.632638931274414e-05}, "created": {"value": false, "score": 0.03257793188095093}, "shared": {"value": false, "score": 4.172325134277344e-07}}, "documentContextAttributes": {"used": {"value": false, "score": 9.936094284057617e-05}, "created": {"value": false, "score": 0.03257793188095093}, "shared": {"value": false, "score": 5.364418029785156e-07}}}, {"type": "software", "software-type": "software", "software-name": {"rawForm": "MyDex", "normalizedForm": "MyDex", "offsetStart": 81, "offsetEnd": 86}, "context": "Governmental programs like MyData.org in Finland, MesInfos.fing.org in France or MyDex.org in the UK, target the same objective.", "mentionContextAttributes": {"used": {"value": false, "score": 0.0002619028091430664}, "created": {"value": false, "score": 0.00018548965454101562}, "shared": {"value": false, "score": 0.0784345269203186}}, "documentContextAttributes": {"used": {"value": false, "score": 0.00180894136428833}, "created": {"value": false, "score": 0.1928955316543579}, "shared": {"value": false, "score": 0.0784345269203186}}}, {"type": "software", "software-type": "software", "software-name": {"rawForm": "MyDex", "normalizedForm": "MyDex", "offsetStart": 81, "offsetEnd": 86}, "context": "Zero-knowledge personal clouds such as SpiderOak or Sync and to a certain extent MyDex or Digi.me mentioned above, propose architectural variations of the online Personal Cloud solutions in particular to mitigate some of the internal privacy issues raised by the strong assumption that the service provider is trusted.", "mentionContextAttributes": {"used": {"value": false, "score": 0.00012373924255371094}, "created": {"value": false, "score": 0.1928955316543579}, "shared": {"value": false, "score": 2.008676528930664e-05}}, "documentContextAttributes": {"used": {"value": false, "score": 0.00180894136428833}, "created": {"value": false, "score": 0.1928955316543579}, "shared": {"value": false, "score": 0.0784345269203186}}}, {"type": "software", "software-type": "software", "software-name": {"rawForm": "Google Drive", "normalizedForm": "Google Drive", "offsetStart": 83, "offsetEnd": 95}, "context": "In Digi.me, data is encrypted and stored where the user whishes (e.g., on Dropbox, Google Drive or MS OneDrive). ", "mentionContextAttributes": {"used": {"value": false, "score": 0.002920806407928467}, "created": {"value": false, "score": 2.7239322662353516e-05}, "shared": {"value": false, "score": 6.586313247680664e-05}}, "documentContextAttributes": {"used": {"value": false, "score": 0.002920806407928467}, "created": {"value": false, "score": 2.7239322662353516e-05}, "shared": {"value": false, "score": 6.586313247680664e-05}}}, {"type": "software", "software-type": "software", "software-name": {"rawForm": "DataBox", "normalizedForm": "DataBox", "offsetStart": 86, "offsetEnd": 100}, "context": "Some remarkable representatives of home cloud software solutions are OpenPDS [27] and DataBox [23,39]. ", "mentionContextAttributes": {"used": {"value": false, "score": 0.0008068680763244629}, "created": {"value": false, "score": 0.00012636184692382812}, "shared": {"value": false, "score": 1.8477439880371094e-06}}, "documentContextAttributes": {"used": {"value": false, "score": 0.0008068680763244629}, "created": {"value": true, "score": 0.8646891713142395}, "shared": {"value": false, "score": 2.9206275939941406e-06}}, "references": [{"label": "39]", "normalizedForm": "39]", "refKey": 39}, {"label": "[23,", "normalizedForm": "[23", "refKey": 23}]}, {"type": "software", "software-type": "software", "software-name": {"rawForm": "SQL", "normalizedForm": "SQL", "offsetStart": 90, "offsetEnd": 93}, "context": "Different algorithms and computing paradigms have been studied on this architecture, from SQL aggregates [53] to special aggregation in a mobile participatory sensing context [52].", "mentionContextAttributes": {"used": {"value": false, "score": 0.0004851222038269043}, "created": {"value": false, "score": 0.0014628767967224121}, "shared": {"value": false, "score": 1.7881393432617188e-07}}, "documentContextAttributes": {"used": {"value": false, "score": 0.00445324182510376}, "created": {"value": false, "score": 0.34338176250457764}, "shared": {"value": false, "score": 7.748603820800781e-07}}}, {"type": "software", "software-type": "software", "software-name": {"rawForm": "CouchDB", "normalizedForm": "CouchDB", "offsetStart": 90, "offsetEnd": 97}, "context": "In CozyCloud, the apps interact with the Cozy data system to access documents stored in a CouchDB engine, where each document is stored in a JSON format with an associated 'doctype' family (e.g., bank, photos, bills, etc.). ", "mentionContextAttributes": {"used": {"value": false, "score": 0.011092782020568848}, "created": {"value": false, "score": 0.0005183815956115723}, "shared": {"value": false, "score": 1.2695789337158203e-05}}, "documentContextAttributes": {"used": {"value": false, "score": 0.011092782020568848}, "created": {"value": false, "score": 0.0005183815956115723}, "shared": {"value": false, "score": 1.2695789337158203e-05}}}, {"type": "software", "software-type": "software", "wikidataId": "Q1632657", "wikipediaExternalRef": 15124880, "lang": "en", "confidence": 0.691, "software-name": {"rawForm": "SpiderOak", "normalizedForm": "SpiderOak", "wikidataId": "Q1632657", "wikipediaExternalRef": 15124880, "lang": "en", "confidence": 0.691, "offsetStart": 99, "offsetEnd": 108}, "context": "One should be careful to choose a backup scheme that preserves integrity as well as secrecy (e.g., SpiderOak backup service [26], see Section 2.2).", "mentionContextAttributes": {"used": {"value": false, "score": 6.312131881713867e-05}, "created": {"value": false, "score": 2.855062484741211e-05}, "shared": {"value": false, "score": 2.980232238769531e-07}}, "documentContextAttributes": {"used": {"value": false, "score": 0.0007895827293395996}, "created": {"value": false, "score": 0.1928955316543579}, "shared": {"value": false, "score": 2.008676528930664e-05}}}, {"type": "software", "software-type": "software", "software-name": {"rawForm": "MS OneDrive", "normalizedForm": "MS OneDrive", "offsetStart": 99, "offsetEnd": 110}, "context": "In Digi.me, data is encrypted and stored where the user whishes (e.g., on Dropbox, Google Drive or MS OneDrive). ", "mentionContextAttributes": {"used": {"value": false, "score": 0.002920806407928467}, "created": {"value": false, "score": 2.7239322662353516e-05}, "shared": {"value": false, "score": 6.586313247680664e-05}}, "documentContextAttributes": {"used": {"value": false, "score": 0.002920806407928467}, "created": {"value": false, "score": 2.7239322662353516e-05}, "shared": {"value": false, "score": 6.586313247680664e-05}}}, {"type": "software", "software-type": "software", "software-name": {"rawForm": "CozyCloud", "normalizedForm": "CozyCloud", "offsetStart": 115, "offsetEnd": 124}, "context": "In some cases, users can choose to have their personal cloud instance hosted directly by the cloud provider (e.g., CozyCloud) or by any other trusted third party of their choice (e.g., OVH, Dropbox, etc.). ", "mentionContextAttributes": {"used": {"value": false, "score": 0.0007375478744506836}, "created": {"value": false, "score": 0.0001461505889892578}, "shared": {"value": false, "score": 0.0311431884765625}}, "documentContextAttributes": {"used": {"value": false, "score": 0.011092782020568848}, "created": {"value": false, "score": 0.02225703001022339}, "shared": {"value": false, "score": 0.058776915073394775}}}, {"type": "software", "software-type": "software", "software-name": {"rawForm": "Cozy", "normalizedForm": "Cozy", "offsetStart": 118, "offsetEnd": 122}, "context": "For instance, Meeco has chosen a cloud server in Australia to comply with the strict local privacy regulations, while Cozy can be deployed using any cloud service provider. ", "mentionContextAttributes": {"used": {"value": false, "score": 0.00010949373245239258}, "created": {"value": false, "score": 0.0002422332763671875}, "shared": {"value": false, "score": 0.006965994834899902}}, "documentContextAttributes": {"used": {"value": false, "score": 0.011092782020568848}, "created": {"value": false, "score": 0.0009452700614929199}, "shared": {"value": false, "score": 0.006965994834899902}}}, {"type": "software", "software-type": "software", "software-name": {"rawForm": "seL", "normalizedForm": "seL", "offsetStart": 128, "offsetEnd": 131}, "context": "Existing solutions rely on reducing the attack surface by minimizing the code which is part of the TCB (e.g., microkernels like seL4 and unikernels like MirageOS) or by hardening it (e.g., by adding access control, an IDS or a firewall [31]). ", "mentionContextAttributes": {"used": {"value": false, "score": 9.936094284057617e-05}, "created": {"value": false, "score": 2.4974346160888672e-05}, "shared": {"value": false, "score": 5.364418029785156e-07}}, "documentContextAttributes": {"used": {"value": false, "score": 9.936094284057617e-05}, "created": {"value": false, "score": 2.4974346160888672e-05}, "shared": {"value": false, "score": 5.364418029785156e-07}}}, {"type": "software", "software-type": "software", "software-name": {"rawForm": "Oracle M", "normalizedForm": "Oracle M", "offsetStart": 137, "offsetEnd": 145}, "context": "In the database area, there is an intense research agenda on data management for new and/or specialized hardware [6,35] and systems like Oracle M7 even start to provide hardware implementations of rich sets of database operations (SQL in silicon). ", "mentionContextAttributes": {"used": {"value": false, "score": 0.0002148151397705078}, "created": {"value": false, "score": 0.3433823585510254}, "shared": {"value": false, "score": 7.748603820800781e-07}}, "documentContextAttributes": {"used": {"value": false, "score": 0.0002148151397705078}, "created": {"value": false, "score": 0.3433823585510254}, "shared": {"value": false, "score": 7.748603820800781e-07}}}, {"type": "software", "software-type": "software", "software-name": {"rawForm": "SQL", "normalizedForm": "SQL", "offsetStart": 149, "offsetEnd": 152}, "context": "Typically, TrustedDB [15] considers a database running of a tamper proof dedicated secure hardware, Cypherbase [12] adjuncts a secure hardware to an SQL-Server database and EnclaveDB [42] considers a transactional database running inside an SGX enclave. ", "mentionContextAttributes": {"used": {"value": false, "score": 0.001078784465789795}, "created": {"value": false, "score": 8.285045623779297e-06}, "shared": {"value": false, "score": 4.172325134277344e-07}}, "documentContextAttributes": {"used": {"value": false, "score": 0.00445324182510376}, "created": {"value": false, "score": 0.34338176250457764}, "shared": {"value": false, "score": 7.748603820800781e-07}}}, {"type": "software", "software-type": "software", "software-name": {"rawForm": "MirageOS", "normalizedForm": "MirageOS", "offsetStart": 153, "offsetEnd": 161}, "context": "Existing solutions rely on reducing the attack surface by minimizing the code which is part of the TCB (e.g., microkernels like seL4 and unikernels like MirageOS) or by hardening it (e.g., by adding access control, an IDS or a firewall [31]). ", "mentionContextAttributes": {"used": {"value": false, "score": 9.936094284057617e-05}, "created": {"value": false, "score": 2.4974346160888672e-05}, "shared": {"value": false, "score": 5.364418029785156e-07}}, "documentContextAttributes": {"used": {"value": false, "score": 9.936094284057617e-05}, "created": {"value": false, "score": 0.03257793188095093}, "shared": {"value": false, "score": 5.364418029785156e-07}}}, {"type": "software", "software-type": "software", "software-name": {"rawForm": "SQL", "normalizedForm": "SQL", "offsetStart": 171, "offsetEnd": 174}, "context": "Amber [22] separates web services from data processing by introducing a data-sharing model relying on secure distributed query mechanisms implementing a reduced subset of SQL.", "mentionContextAttributes": {"used": {"value": false, "score": 6.03795051574707e-05}, "created": {"value": false, "score": 0.007522463798522949}, "shared": {"value": false, "score": 7.748603820800781e-07}}, "documentContextAttributes": {"used": {"value": false, "score": 0.00445324182510376}, "created": {"value": false, "score": 0.34338176250457764}, "shared": {"value": false, "score": 7.748603820800781e-07}}}, {"type": "software", "software-type": "software", "software-name": {"rawForm": "SeaFile", "normalizedForm": "SeaFile", "offsetStart": 172, "offsetEnd": 179}, "context": "They come as enterprise cloud tools either implemented as-a-service in the cloud or hosted on a server owned by the company and managed by internal administrators, such as SeaFile, Pydio, ownCloud/NextCloud, Sandstorm or Tonido/FileCloud. ", "mentionContextAttributes": {"used": {"value": false, "score": 0.00018143653869628906}, "created": {"value": false, "score": 0.0020714402198791504}, "shared": {"value": false, "score": 0.007924139499664307}}, "documentContextAttributes": {"used": {"value": false, "score": 0.00018143653869628906}, "created": {"value": false, "score": 0.0020714402198791504}, "shared": {"value": false, "score": 0.007924139499664307}}}, {"type": "software", "software-type": "software", "software-name": {"rawForm": "SQL", "normalizedForm": "SQL", "offsetStart": 177, "offsetEnd": 180}, "context": "Since collective data tasks cannot be operated inside an MCU which does not protect data confidentiality, they will be operated inside the secure element as simple sequences of SQL queries evaluated by the Core.", "mentionContextAttributes": {"used": {"value": false, "score": 0.00445324182510376}, "created": {"value": false, "score": 8.589029312133789e-05}, "shared": {"value": false, "score": 2.980232238769531e-07}}, "documentContextAttributes": {"used": {"value": false, "score": 0.00445324182510376}, "created": {"value": false, "score": 0.34338176250457764}, "shared": {"value": false, "score": 7.748603820800781e-07}}}, {"type": "software", "software-type": "software", "software-name": {"rawForm": "Pydio", "normalizedForm": "Pydio", "offsetStart": 181, "offsetEnd": 186}, "context": "They come as enterprise cloud tools either implemented as-a-service in the cloud or hosted on a server owned by the company and managed by internal administrators, such as SeaFile, Pydio, ownCloud/NextCloud, Sandstorm or Tonido/FileCloud. ", "mentionContextAttributes": {"used": {"value": false, "score": 0.00018143653869628906}, "created": {"value": false, "score": 0.0020714402198791504}, "shared": {"value": false, "score": 0.007924139499664307}}, "documentContextAttributes": {"used": {"value": false, "score": 0.00018143653869628906}, "created": {"value": false, "score": 0.0020714402198791504}, "shared": {"value": false, "score": 0.007924139499664307}}}, {"type": "software", "software-type": "software", "software-name": {"rawForm": "ownCloud/NextCloud", "normalizedForm": "ownCloud/NextCloud", "offsetStart": 188, "offsetEnd": 206}, "context": "They come as enterprise cloud tools either implemented as-a-service in the cloud or hosted on a server owned by the company and managed by internal administrators, such as SeaFile, Pydio, ownCloud/NextCloud, Sandstorm or Tonido/FileCloud. ", "mentionContextAttributes": {"used": {"value": false, "score": 0.00018143653869628906}, "created": {"value": false, "score": 0.0020714402198791504}, "shared": {"value": false, "score": 0.007924139499664307}}, "documentContextAttributes": {"used": {"value": false, "score": 0.00018143653869628906}, "created": {"value": false, "score": 0.0020714402198791504}, "shared": {"value": false, "score": 0.007924139499664307}}}, {"type": "software", "software-type": "software", "software-name": {"rawForm": "Sandstorm", "normalizedForm": "Sandstorm", "offsetStart": 208, "offsetEnd": 217}, "context": "They come as enterprise cloud tools either implemented as-a-service in the cloud or hosted on a server owned by the company and managed by internal administrators, such as SeaFile, Pydio, ownCloud/NextCloud, Sandstorm or Tonido/FileCloud. ", "mentionContextAttributes": {"used": {"value": false, "score": 0.00018143653869628906}, "created": {"value": false, "score": 0.0020714402198791504}, "shared": {"value": false, "score": 0.007924139499664307}}, "documentContextAttributes": {"used": {"value": false, "score": 0.00018143653869628906}, "created": {"value": false, "score": 0.0020714402198791504}, "shared": {"value": false, "score": 0.007924139499664307}}}, {"type": "software", "software-type": "software", "software-name": {"rawForm": "Tonido/FileCloud", "normalizedForm": "Tonido/FileCloud", "offsetStart": 221, "offsetEnd": 237}, "context": "They come as enterprise cloud tools either implemented as-a-service in the cloud or hosted on a server owned by the company and managed by internal administrators, such as SeaFile, Pydio, ownCloud/NextCloud, Sandstorm or Tonido/FileCloud. ", "mentionContextAttributes": {"used": {"value": false, "score": 0.00018149614334106445}, "created": {"value": false, "score": 0.002071380615234375}, "shared": {"value": false, "score": 0.007924079895019531}}, "documentContextAttributes": {"used": {"value": false, "score": 0.00018149614334106445}, "created": {"value": false, "score": 0.002071380615234375}, "shared": {"value": false, "score": 0.007924079895019531}}}, {"type": "software", "software-type": "software", "software-name": {"rawForm": "SQL", "normalizedForm": "SQL", "offsetStart": 231, "offsetEnd": 234}, "context": "In the database area, there is an intense research agenda on data management for new and/or specialized hardware [6,35] and systems like Oracle M7 even start to provide hardware implementations of rich sets of database operations (SQL in silicon). ", "mentionContextAttributes": {"used": {"value": false, "score": 0.0002148747444152832}, "created": {"value": false, "score": 0.34338176250457764}, "shared": {"value": false, "score": 7.152557373046875e-07}}, "documentContextAttributes": {"used": {"value": false, "score": 0.00445324182510376}, "created": {"value": false, "score": 0.34338176250457764}, "shared": {"value": false, "score": 7.748603820800781e-07}}}, {"type": "software", "software-type": "software", "software-name": {"rawForm": "PlugDB", "normalizedForm": "PlugDB", "offsetStart": 322, "offsetEnd": 329}, "context": "The database metadata are stored in the internal memory of the chip are thus become tamper resistant, and the database itself (the data, indexes, logs, etc.) is cryptographically protected and stored in an external Flash memory (e.g., a raw NAND Flash chip or a MicroSD card linked by a bus to the microcontroller like in PlugDB8 ).", "mentionContextAttributes": {"used": {"value": true, "score": 0.6066243052482605}, "created": {"value": false, "score": 8.20159912109375e-05}, "shared": {"value": false, "score": 1.7881393432617188e-06}}, "documentContextAttributes": {"used": {"value": true, "score": 0.6066243052482605}, "created": {"value": false, "score": 0.00043255090713500977}, "shared": {"value": false, "score": 1.7881393432617188e-06}}, "references": [{"label": "11,", "normalizedForm": "11", "refKey": 11}, {"label": "33]", "normalizedForm": "33]", "refKey": 33}, {"label": "[10,", "normalizedForm": "[10", "refKey": 10}]}, {"type": "software", "software-type": "software", "software-name": {"rawForm": "TrustVisor", "normalizedForm": "TrustVisor", "offsetStart": 461, "offsetEnd": 476}, "context": "Several conclusions can be drawn regarding the implementation of the logical architecture we envision: (i) it cannot be implemented using a single technology since none currently ensures all the required properties, and therefore has to combine several elements; (ii) the Core relying on isolation, confidentiality and attestation, can be run on a secure element or on SGX, or be implemented by a combination of execution environments (e.g., pioneer works like TrustVisor [38] propose a secure hypervisor based on combining a secure element with an hypervisor to provide confidentiality and attestation); and (iii) the data tasks needing peripherals isolation (i.e., decision-making) can only be run on TrustZone or a hypervisor/VMM.", "mentionContextAttributes": {"used": {"value": false, "score": 0.0025461316108703613}, "created": {"value": false, "score": 0.0015645623207092285}, "shared": {"value": false, "score": 3.933906555175781e-06}}, "documentContextAttributes": {"used": {"value": false, "score": 0.0025461316108703613}, "created": {"value": false, "score": 0.0015645623207092285}, "shared": {"value": false, "score": 3.933906555175781e-06}}}], "references": [{"refKey": 22, "tei": "<biblStruct xml:id=\"b22\">\n\t<analytic>\n\t\t<title level=\"a\" type=\"main\">Change From Within</title>\n\t\t<author>\n\t\t\t<persName><forename type=\"first\">T</forename><surname>Chajed</surname></persName>\n\t\t</author>\n\t\t<author>\n\t\t\t<persName><forename type=\"first\">J</forename><surname>Gjengset</surname></persName>\n\t\t</author>\n\t\t<author>\n\t\t\t<persName><forename type=\"first\">J</forename><surname>Van Den Hooff</surname></persName>\n\t\t</author>\n\t\t<author>\n\t\t\t<persName><forename type=\"first\">M</forename><forename type=\"middle\">F</forename><surname>Kaashoek</surname></persName>\n\t\t</author>\n\t\t<author>\n\t\t\t<persName><forename type=\"first\">J</forename><surname>Mickens</surname></persName>\n\t\t</author>\n\t\t<author>\n\t\t\t<persName><forename type=\"first\">R</forename><surname>Morris</surname></persName>\n\t\t</author>\n\t\t<author>\n\t\t\t<persName><forename type=\"first\">N</forename><surname>Zeldovich</surname></persName>\n\t\t</author>\n\t\t<author>\n\t\t\t<persName><surname>Amber</surname></persName>\n\t\t</author>\n\t\t<idno type=\"DOI\">10.4018/978-1-6684-3460-4.ch022</idno>\n\t</analytic>\n\t<monogr>\n\t\t<title level=\"m\">Teacher Reflections on Transitioning From K-12 to Higher Education Classrooms</title>\n\t\t<imprint>\n\t\t\t<publisher>IGI Global</publisher>\n\t\t\t<date type=\"published\" when=\"2022-04-15\">2015</date>\n\t\t\t<biblScope unit=\"page\" from=\"304\" to=\"315\" />\n\t\t</imprint>\n\t</monogr>\n</biblStruct>\n"}, {"refKey": 39, "tei": "<biblStruct xml:id=\"b39\">\n\t<monogr>\n\t\t<author>\n\t\t\t<persName><forename type=\"first\">R</forename><surname>Mortier</surname></persName>\n\t\t</author>\n\t\t<author>\n\t\t\t<persName><forename type=\"first\">H</forename><surname>Haddadi</surname></persName>\n\t\t</author>\n\t\t<author>\n\t\t\t<persName><forename type=\"first\">T</forename><surname>Henderson</surname></persName>\n\t\t</author>\n\t\t<author>\n\t\t\t<persName><forename type=\"first\">D</forename><surname>Mcauley</surname></persName>\n\t\t</author>\n\t\t<author>\n\t\t\t<persName><forename type=\"first\">J</forename><surname>Crowcroft</surname></persName>\n\t\t</author>\n\t\t<idno>SSRN 2508051</idno>\n\t\t<title level=\"m\">Human-data interaction: the human face of the datadriven society</title>\n\t\t<imprint>\n\t\t\t<date>2014</date>\n\t\t</imprint>\n\t</monogr>\n</biblStruct>\n"}, {"refKey": 23, "tei": "<biblStruct xml:id=\"b23\">\n\t<analytic>\n\t\t<title level=\"a\" type=\"main\">Personal Data: Thinking Inside the Box</title>\n\t\t<author>\n\t\t\t<persName><forename type=\"first\">Amir</forename><surname>Chaudhry</surname></persName>\n\t\t</author>\n\t\t<author>\n\t\t\t<persName><forename type=\"first\">Jon</forename><surname>Crowcroft</surname></persName>\n\t\t</author>\n\t\t<author>\n\t\t\t<persName><forename type=\"first\">Heidi</forename><surname>Howard</surname></persName>\n\t\t</author>\n\t\t<author>\n\t\t\t<persName><forename type=\"first\">Anil</forename><surname>Madhavapeddy</surname></persName>\n\t\t</author>\n\t\t<author>\n\t\t\t<persName><forename type=\"first\">Richard</forename><surname>Mortier</surname></persName>\n\t\t</author>\n\t\t<author>\n\t\t\t<persName><forename type=\"first\">Hamed</forename><surname>Haddadi</surname></persName>\n\t\t</author>\n\t\t<author>\n\t\t\t<persName><forename type=\"first\">Derek</forename><surname>Mcauley</surname></persName>\n\t\t</author>\n\t\t<idno type=\"DOI\">10.7146/aahcc.v1i1.21312</idno>\n\t</analytic>\n\t<monogr>\n\t\t<title level=\"j\">Aarhus Series on Human Centered Computing</title>\n\t\t<title level=\"j\" type=\"abbrev\">AAHCC</title>\n\t\t<idno type=\"ISSNe\">2445-7221</idno>\n\t\t<imprint>\n\t\t\t<biblScope unit=\"volume\">1</biblScope>\n\t\t\t<biblScope unit=\"issue\">1</biblScope>\n\t\t\t<biblScope unit=\"page\">4</biblScope>\n\t\t\t<date type=\"published\" when=\"2015-10-05\">2015</date>\n\t\t\t<publisher>Det Kgl. Bibliotek/Royal Danish Library</publisher>\n\t\t</imprint>\n\t</monogr>\n</biblStruct>\n"}, {"refKey": 40, "tei": "<biblStruct xml:id=\"b40\">\n\t<analytic>\n\t\t<title level=\"a\" type=\"main\">DIY Hosting for Online Privacy</title>\n\t\t<author>\n\t\t\t<persName><forename type=\"first\">Shoumik</forename><surname>Palkar</surname></persName>\n\t\t</author>\n\t\t<author>\n\t\t\t<persName><forename type=\"first\">Matei</forename><surname>Zaharia</surname></persName>\n\t\t</author>\n\t\t<idno type=\"DOI\">10.1145/3152434.3152459</idno>\n\t</analytic>\n\t<monogr>\n\t\t<title level=\"m\">Proceedings of the 16th ACM Workshop on Hot Topics in Networks</title>\n\t\t<meeting>the 16th ACM Workshop on Hot Topics in Networks</meeting>\n\t\t<imprint>\n\t\t\t<publisher>ACM</publisher>\n\t\t\t<date type=\"published\" when=\"2017-11-30\">2017</date>\n\t\t</imprint>\n\t</monogr>\n</biblStruct>\n"}, {"refKey": 11, "tei": "<biblStruct xml:id=\"b11\">\n\t<analytic>\n\t\t<title level=\"a\" type=\"main\">A scalable search engine for mass storage smart objects</title>\n\t\t<author>\n\t\t\t<persName><forename type=\"first\">Nicolas</forename><surname>Anciaux</surname></persName>\n\t\t</author>\n\t\t<author>\n\t\t\t<persName><forename type=\"first\">Saliha</forename><surname>Lallali</surname></persName>\n\t\t</author>\n\t\t<author>\n\t\t\t<persName><forename type=\"first\">Iulian</forename><forename type=\"middle\">Sandu</forename><surname>Popa</surname></persName>\n\t\t</author>\n\t\t<author>\n\t\t\t<persName><forename type=\"first\">Philippe</forename><surname>Pucheral</surname></persName>\n\t\t</author>\n\t\t<idno type=\"DOI\">10.14778/2777598.2777600</idno>\n\t</analytic>\n\t<monogr>\n\t\t<title level=\"j\">Proceedings of the VLDB Endowment</title>\n\t\t<title level=\"j\" type=\"abbrev\">Proc. VLDB Endow.</title>\n\t\t<idno type=\"ISSN\">2150-8097</idno>\n\t\t<imprint>\n\t\t\t<biblScope unit=\"volume\">8</biblScope>\n\t\t\t<biblScope unit=\"issue\">9</biblScope>\n\t\t\t<biblScope unit=\"page\" from=\"910\" to=\"921\" />\n\t\t\t<date type=\"published\" when=\"2015-05\">2015</date>\n\t\t\t<publisher>Association for Computing Machinery (ACM)</publisher>\n\t\t</imprint>\n\t</monogr>\n</biblStruct>\n"}, {"refKey": 33, "tei": "<biblStruct xml:id=\"b33\">\n\t<analytic>\n\t\t<title level=\"a\" type=\"main\">Supporting secure keyword search in the personal cloud</title>\n\t\t<author>\n\t\t\t<persName><forename type=\"first\">Saliha</forename><surname>Lallali</surname></persName>\n\t\t</author>\n\t\t<author>\n\t\t\t<persName><forename type=\"first\">Nicolas</forename><surname>Anciaux</surname></persName>\n\t\t</author>\n\t\t<author>\n\t\t\t<persName><forename type=\"first\">Iulian</forename><surname>Sandu Popa</surname></persName>\n\t\t</author>\n\t\t<author>\n\t\t\t<persName><forename type=\"first\">Philippe</forename><surname>Pucheral</surname></persName>\n\t\t</author>\n\t\t<idno type=\"DOI\">10.1016/j.is.2017.09.003</idno>\n\t</analytic>\n\t<monogr>\n\t\t<title level=\"j\">Information Systems</title>\n\t\t<title level=\"j\" type=\"abbrev\">Information Systems</title>\n\t\t<idno type=\"ISSN\">0306-4379</idno>\n\t\t<imprint>\n\t\t\t<biblScope unit=\"volume\">72</biblScope>\n\t\t\t<biblScope unit=\"page\" from=\"1\" to=\"26\" />\n\t\t\t<date type=\"published\" when=\"2017-12\">2017</date>\n\t\t\t<publisher>Elsevier BV</publisher>\n\t\t</imprint>\n\t</monogr>\n</biblStruct>\n"}, {"refKey": 10, "tei": "<biblStruct xml:id=\"b10\">\n\t<analytic>\n\t\t<title level=\"a\" type=\"main\">MILo-DB: a personal, secure and portable database machine</title>\n\t\t<author>\n\t\t\t<persName><forename type=\"first\">Nicolas</forename><surname>Anciaux</surname></persName>\n\t\t</author>\n\t\t<author>\n\t\t\t<persName><forename type=\"first\">Luc</forename><surname>Bouganim</surname></persName>\n\t\t</author>\n\t\t<author>\n\t\t\t<persName><forename type=\"first\">Philippe</forename><surname>Pucheral</surname></persName>\n\t\t</author>\n\t\t<author>\n\t\t\t<persName><forename type=\"first\">Yanli</forename><surname>Guo</surname></persName>\n\t\t</author>\n\t\t<author>\n\t\t\t<persName><forename type=\"first\">Lionel</forename><surname>Le Folgoc</surname></persName>\n\t\t</author>\n\t\t<author>\n\t\t\t<persName><forename type=\"first\">Shaoyi</forename><surname>Yin</surname></persName>\n\t\t</author>\n\t\t<idno type=\"DOI\">10.1007/s10619-012-7119-x</idno>\n\t</analytic>\n\t<monogr>\n\t\t<title level=\"j\">Distributed and Parallel Databases</title>\n\t\t<title level=\"j\" type=\"abbrev\">Distrib Parallel Databases</title>\n\t\t<idno type=\"ISSN\">0926-8782</idno>\n\t\t<idno type=\"ISSNe\">1573-7578</idno>\n\t\t<imprint>\n\t\t\t<biblScope unit=\"volume\">32</biblScope>\n\t\t\t<biblScope unit=\"issue\">1</biblScope>\n\t\t\t<biblScope unit=\"page\" from=\"37\" to=\"63\" />\n\t\t\t<date type=\"published\" when=\"2013-01-16\">2014</date>\n\t\t\t<publisher>Springer Science and Business Media LLC</publisher>\n\t\t</imprint>\n\t</monogr>\n</biblStruct>\n"}], "runtime": 121191, "id": "ac576545f527f8571985b1204a0414f47684fc96", "metadata": {"id": "ac576545f527f8571985b1204a0414f47684fc96"}, "original_file_path": "../../datalake/Samuel/SOFTware-Sync/data/xml_not_sofctied/hal-01898705.grobid.tei.xml", "file_name": "hal-01898705.grobid.tei.xml"}