{"application": "software-mentions", "version": "0.8.0", "date": "2024-04-15T07:28+0000", "md5": "1FDE847D26FD84A46BCC1054C6183E55", "mentions": [{"type": "software", "software-type": "software", "software-name": {"rawForm": "nltk", "normalizedForm": "nltk", "offsetStart": 12, "offsetEnd": 16}, "context": "https://www.nltk.org/_modules/nltk/wsd.html", "mentionContextAttributes": {"used": {"value": false, "score": 0.00015926361083984375}, "created": {"value": false, "score": 8.165836334228516e-06}, "shared": {"value": true, "score": 0.7743760943412781}}, "documentContextAttributes": {"used": {"value": true, "score": 0.9999927878379822}, "created": {"value": false, "score": 0.0002770423889160156}, "shared": {"value": true, "score": 0.7743760943412781}}}, {"type": "software", "software-type": "software", "software-name": {"rawForm": "nltk", "normalizedForm": "nltk", "offsetStart": 30, "offsetEnd": 34}, "context": "https://www.nltk.org/_modules/nltk/wsd.html", "mentionContextAttributes": {"used": {"value": false, "score": 0.00015926361083984375}, "created": {"value": false, "score": 8.165836334228516e-06}, "shared": {"value": true, "score": 0.7743760943412781}}, "documentContextAttributes": {"used": {"value": true, "score": 0.9999927878379822}, "created": {"value": false, "score": 0.0002770423889160156}, "shared": {"value": true, "score": 0.7743760943412781}}}, {"type": "software", "software-type": "software", "software-name": {"rawForm": "Google API", "normalizedForm": "Google API", "offsetStart": 52, "offsetEnd": 62}, "context": "But recall in WordNet is low, so as an alternative, Google API is used to get the distance between anaphor-antecedent. ", "mentionContextAttributes": {"used": {"value": false, "score": 0.002214372158050537}, "created": {"value": false, "score": 9.053945541381836e-05}, "shared": {"value": false, "score": 1.7881393432617188e-07}}, "documentContextAttributes": {"used": {"value": false, "score": 0.002214372158050537}, "created": {"value": false, "score": 9.053945541381836e-05}, "shared": {"value": false, "score": 1.7881393432617188e-07}}}, {"type": "software", "software-type": "software", "software-name": {"rawForm": "nltk", "normalizedForm": "nltk", "offsetStart": 53, "offsetEnd": 58}, "context": "We used python implementation of Lesk algorithm from nltk6 library to select the best sense from multiple senses of the mention. ", "mentionContextAttributes": {"used": {"value": true, "score": 0.9999927878379822}, "created": {"value": false, "score": 0.0002770423889160156}, "shared": {"value": false, "score": 2.980232238769531e-07}}, "documentContextAttributes": {"used": {"value": true, "score": 0.9999927878379822}, "created": {"value": false, "score": 0.0002770423889160156}, "shared": {"value": true, "score": 0.7743760943412781}}}, {"type": "software", "software-type": "software", "software-name": {"rawForm": "RESCAL", "normalizedForm": "RESCAL", "offsetStart": 92, "offsetEnd": 119}, "context": "In recent times, embedding algorithms specifically for knowledge graphs have been proposed -RESCAL (Nickel et al., 2011), DistMult (Yang et al., 2014), ComplEx (Trouillon et al., 2016), HolE (Nickel et al., 2016) learn embeddings for knowledge graph completion, (Bansal et al., 2019) propose A2N neighborhood attention-based technique, (Xu and Li, 2019) embed relations with dihedral groups whereas (Nathani et al., 2019) employ graph attention network to acquire embeddings. ", "mentionContextAttributes": {"used": {"value": false, "score": 0.0015153884887695312}, "created": {"value": false, "score": 0.07327383756637573}, "shared": {"value": false, "score": 1.1324882507324219e-06}}, "documentContextAttributes": {"used": {"value": false, "score": 0.0015153884887695312}, "created": {"value": false, "score": 0.07327383756637573}, "shared": {"value": false, "score": 1.1324882507324219e-06}}}, {"type": "software", "software-type": "software", "software-name": {"rawForm": "DistMult", "normalizedForm": "DistMult", "offsetStart": 122, "offsetEnd": 149}, "context": "In recent times, embedding algorithms specifically for knowledge graphs have been proposed -RESCAL (Nickel et al., 2011), DistMult (Yang et al., 2014), ComplEx (Trouillon et al., 2016), HolE (Nickel et al., 2016) learn embeddings for knowledge graph completion, (Bansal et al., 2019) propose A2N neighborhood attention-based technique, (Xu and Li, 2019) embed relations with dihedral groups whereas (Nathani et al., 2019) employ graph attention network to acquire embeddings. ", "mentionContextAttributes": {"used": {"value": false, "score": 0.0015153884887695312}, "created": {"value": false, "score": 0.07327383756637573}, "shared": {"value": false, "score": 1.1324882507324219e-06}}, "documentContextAttributes": {"used": {"value": false, "score": 0.0015153884887695312}, "created": {"value": false, "score": 0.07327383756637573}, "shared": {"value": false, "score": 1.1324882507324219e-06}}}, {"type": "software", "software-type": "software", "software-name": {"rawForm": "ComplEx", "normalizedForm": "ComplEx", "offsetStart": 152, "offsetEnd": 183}, "context": "In recent times, embedding algorithms specifically for knowledge graphs have been proposed -RESCAL (Nickel et al., 2011), DistMult (Yang et al., 2014), ComplEx (Trouillon et al., 2016), HolE (Nickel et al., 2016) learn embeddings for knowledge graph completion, (Bansal et al., 2019) propose A2N neighborhood attention-based technique, (Xu and Li, 2019) embed relations with dihedral groups whereas (Nathani et al., 2019) employ graph attention network to acquire embeddings. ", "mentionContextAttributes": {"used": {"value": false, "score": 0.0015153884887695312}, "created": {"value": false, "score": 0.07327383756637573}, "shared": {"value": false, "score": 1.1324882507324219e-06}}, "documentContextAttributes": {"used": {"value": false, "score": 0.0015153884887695312}, "created": {"value": false, "score": 0.07327383756637573}, "shared": {"value": false, "score": 1.1324882507324219e-06}}, "references": [{"label": "(Nickel et al., 2016)", "normalizedForm": "Nickel et al., 2016", "refKey": 27, "offsetStart": 12072, "offsetEnd": 12093}]}, {"type": "software", "software-type": "software", "software-name": {"rawForm": "HolE", "normalizedForm": "HolE", "offsetStart": 186, "offsetEnd": 212}, "context": "In recent times, embedding algorithms specifically for knowledge graphs have been proposed -RESCAL (Nickel et al., 2011), DistMult (Yang et al., 2014), ComplEx (Trouillon et al., 2016), HolE (Nickel et al., 2016) learn embeddings for knowledge graph completion, (Bansal et al., 2019) propose A2N neighborhood attention-based technique, (Xu and Li, 2019) embed relations with dihedral groups whereas (Nathani et al., 2019) employ graph attention network to acquire embeddings. ", "mentionContextAttributes": {"used": {"value": false, "score": 0.0015153884887695312}, "created": {"value": false, "score": 0.07327383756637573}, "shared": {"value": false, "score": 1.1324882507324219e-06}}, "documentContextAttributes": {"used": {"value": false, "score": 0.0015153884887695312}, "created": {"value": false, "score": 0.07327383756637573}, "shared": {"value": false, "score": 1.1324882507324219e-06}}}, {"type": "software", "software-type": "software", "software-name": {"rawForm": "GNOME", "normalizedForm": "GNOME", "offsetStart": 195, "offsetEnd": 200}, "context": "A pairwise model combining lexical semantic features as well as salience features to perform bridging resolution limited to mereological relations only is studied by (Poesio et al., 2004) on the GNOME corpus. ", "mentionContextAttributes": {"used": {"value": false, "score": 7.2479248046875e-05}, "created": {"value": false, "score": 9.548664093017578e-05}, "shared": {"value": false, "score": 2.384185791015625e-07}}, "documentContextAttributes": {"used": {"value": false, "score": 7.2479248046875e-05}, "created": {"value": false, "score": 9.548664093017578e-05}, "shared": {"value": false, "score": 2.384185791015625e-07}}}], "references": [{"refKey": 27, "tei": "<biblStruct xml:id=\"b27\">\n\t<analytic>\n\t\t<title level=\"a\" type=\"main\">Holographic Embeddings of Knowledge Graphs</title>\n\t\t<author>\n\t\t\t<persName><forename type=\"first\">Maximilian</forename><surname>Nickel</surname></persName>\n\t\t</author>\n\t\t<author>\n\t\t\t<persName><forename type=\"first\">Lorenzo</forename><surname>Rosasco</surname></persName>\n\t\t</author>\n\t\t<author>\n\t\t\t<persName><forename type=\"first\">Tomaso</forename><surname>Poggio</surname></persName>\n\t\t</author>\n\t\t<idno type=\"DOI\">10.1609/aaai.v30i1.10314</idno>\n\t</analytic>\n\t<monogr>\n\t\t<title level=\"j\">Proceedings of the AAAI Conference on Artificial Intelligence</title>\n\t\t<title level=\"j\" type=\"abbrev\">AAAI</title>\n\t\t<idno type=\"ISSN\">2159-5399</idno>\n\t\t<idno type=\"ISSNe\">2374-3468</idno>\n\t\t<imprint>\n\t\t\t<biblScope unit=\"volume\">30</biblScope>\n\t\t\t<biblScope unit=\"issue\">1</biblScope>\n\t\t\t<biblScope unit=\"page\">19551961</biblScope>\n\t\t\t<date type=\"published\" when=\"2016-03-02\">2016</date>\n\t\t\t<publisher>Association for the Advancement of Artificial Intelligence (AAAI)</publisher>\n\t\t</imprint>\n\t</monogr>\n</biblStruct>\n"}], "runtime": 81168, "id": "26bc89274e81abb3899cc86ce76293997bf46676", "metadata": {"id": "26bc89274e81abb3899cc86ce76293997bf46676"}, "original_file_path": "../../datalake/Samuel/SOFTware-Sync/data/xml_not_sofctied/hal-03001157.grobid.tei.xml", "file_name": "hal-03001157.grobid.tei.xml"}