{"application": "software-mentions", "version": "0.8.0", "date": "2024-04-12T15:50+0000", "md5": "B98C1077527EA8725573805DBE3CFB37", "mentions": [{"type": "software", "software-type": "software", "software-name": {"rawForm": "GeoSPARQL", "normalizedForm": "GeoSPARQL", "offsetStart": 0, "offsetEnd": 9}, "context": "GeoSPARQL is a standard to represent and query geospatial linked data.", "mentionContextAttributes": {"used": {"value": false, "score": 5.650520324707031e-05}, "created": {"value": false, "score": 0.0001965165138244629}, "shared": {"value": false, "score": 1.1920928955078125e-07}}, "documentContextAttributes": {"used": {"value": false, "score": 0.007338762283325195}, "created": {"value": true, "score": 0.7667279243469238}, "shared": {"value": false, "score": 3.5762786865234375e-07}}}, {"type": "software", "software-type": "software", "software-name": {"rawForm": "GeoSPARQL", "normalizedForm": "GeoSPARQL", "offsetStart": 6, "offsetEnd": 15}, "context": "Also, GeoSPARQL makes it possible to add several geometries to the same place. ", "mentionContextAttributes": {"used": {"value": false, "score": 7.748603820800781e-05}, "created": {"value": false, "score": 4.0650367736816406e-05}, "shared": {"value": false, "score": 2.384185791015625e-07}}, "documentContextAttributes": {"used": {"value": false, "score": 0.007338762283325195}, "created": {"value": true, "score": 0.7667279243469238}, "shared": {"value": false, "score": 3.5762786865234375e-07}}}, {"type": "software", "software-type": "software", "software-name": {"rawForm": "GeoSPARQL", "normalizedForm": "GeoSPARQL", "offsetStart": 13, "offsetEnd": 22}, "context": "Furthermore, GeoSPARQL defines spatial relations (e.g., geo:sfContains, geo:sfOverlaps) between spatial objects that facilitate geospatial applications. ", "mentionContextAttributes": {"used": {"value": false, "score": 5.984306335449219e-05}, "created": {"value": false, "score": 0.0002440810203552246}, "shared": {"value": false, "score": 2.384185791015625e-07}}, "documentContextAttributes": {"used": {"value": false, "score": 0.007338762283325195}, "created": {"value": true, "score": 0.7667279243469238}, "shared": {"value": false, "score": 3.5762786865234375e-07}}}, {"type": "software", "software-type": "software", "software-name": {"rawForm": "GeoSPARQL", "normalizedForm": "GeoSPARQL", "offsetStart": 32, "offsetEnd": 41}, "context": "We propose to add properties to GeoSPARQL vocabulary and to use RDF-star to express uncertainty.", "mentionContextAttributes": {"used": {"value": false, "score": 0.004950225353240967}, "created": {"value": true, "score": 0.7667279243469238}, "shared": {"value": false, "score": 1.1920928955078125e-07}}, "documentContextAttributes": {"used": {"value": false, "score": 0.007338762283325195}, "created": {"value": true, "score": 0.7667279243469238}, "shared": {"value": false, "score": 3.5762786865234375e-07}}}, {"type": "software", "software-type": "software", "software-name": {"rawForm": "GeoSPARQL", "normalizedForm": "GeoSPARQL", "offsetStart": 45, "offsetEnd": 54}, "context": "Comparing to other geographic vocabularies 1 GeoSPARQL offers a flexible way to represent extracted knowledge thanks to its small ontology.", "mentionContextAttributes": {"used": {"value": false, "score": 2.8371810913085938e-05}, "created": {"value": false, "score": 0.00021380186080932617}, "shared": {"value": false, "score": 2.384185791015625e-07}}, "documentContextAttributes": {"used": {"value": false, "score": 0.007338762283325195}, "created": {"value": true, "score": 0.7667279243469238}, "shared": {"value": false, "score": 3.5762786865234375e-07}}}, {"type": "software", "software-type": "software", "software-name": {"rawForm": "GeoSPARQL", "normalizedForm": "GeoSPARQL", "offsetStart": 78, "offsetEnd": 87}, "context": "A spatial object is anything being or having a shape or position according to GeoSPARQL.", "mentionContextAttributes": {"used": {"value": false, "score": 0.007338762283325195}, "created": {"value": false, "score": 0.0005921125411987305}, "shared": {"value": false, "score": 3.5762786865234375e-07}}, "documentContextAttributes": {"used": {"value": false, "score": 0.007338762283325195}, "created": {"value": true, "score": 0.7667279243469238}, "shared": {"value": false, "score": 3.5762786865234375e-07}}}], "references": [], "runtime": 66936, "id": "df8b2509e3db93932f46528646802c83befc8abf", "metadata": {"id": "df8b2509e3db93932f46528646802c83befc8abf"}, "original_file_path": "../../datalake/Samuel/SOFTware-Sync/data/xml_files/hal-03913504.grobid.tei.xml", "file_name": "hal-03913504.grobid.tei.xml"}