{"application": "software-mentions", "version": "0.8.0", "date": "2024-04-12T17:05+0000", "md5": "FEEE39FE0D120175DA93CB75123541BB", "mentions": [{"type": "software", "software-type": "software", "software-name": {"rawForm": "LifeCLEF", "normalizedForm": "LifeCLEF", "offsetStart": 0, "offsetEnd": 8}, "context": "LifeCLEF enlarged the evaluated challenge by considering animals in addition to plants, and audio and video contents in addition to images. ", "mentionContextAttributes": {"used": {"value": true, "score": 0.9995669722557068}, "created": {"value": false, "score": 0.00039309263229370117}, "shared": {"value": false, "score": 2.980232238769531e-07}}, "documentContextAttributes": {"used": {"value": true, "score": 0.9995669722557068}, "created": {"value": true, "score": 0.6420947313308716}, "shared": {"value": false, "score": 7.05718994140625e-05}}}, {"type": "software", "software-type": "software", "software-name": {"rawForm": "Pl@ntNetFranceRaw", "normalizedForm": "Pl@ntNetFranceRaw", "offsetStart": 1, "offsetEnd": 18}, "context": "-Pl@ntNetFranceRaw: 2,367,145 occurrences of plants that were collected via the Pl@ntNet application and automatically identified (using a convolutional neural network).", "mentionContextAttributes": {"used": {"value": true, "score": 0.9998705387115479}, "created": {"value": false, "score": 5.662441253662109e-06}, "shared": {"value": false, "score": 2.980232238769531e-07}}, "documentContextAttributes": {"used": {"value": true, "score": 0.9998705387115479}, "created": {"value": false, "score": 1.5437602996826172e-05}, "shared": {"value": false, "score": 2.980232238769531e-07}}}, {"type": "software", "software-type": "software", "software-name": {"rawForm": "PlantCLEF", "normalizedForm": "PlantCLEF", "offsetStart": 3, "offsetEnd": 12}, "version": {"rawForm": "2019", "normalizedForm": "2019"}, "context": "1. PlantCLEF focus on tropical flora: The main novelty of the 2019 edition of PlantCLEF is to focus the challenge on the flora of data deficient tropical regions, i.e. regions having the richest biodiversity but for which data availability is much lower than northern countries.", "mentionContextAttributes": {"used": {"value": false, "score": 0.0011442899703979492}, "created": {"value": false, "score": 0.0002048015594482422}, "shared": {"value": false, "score": 1.0132789611816406e-06}}, "documentContextAttributes": {"used": {"value": true, "score": 0.9983333945274353}, "created": {"value": false, "score": 0.0014469027519226074}, "shared": {"value": false, "score": 1.0132789611816406e-06}}}, {"type": "software", "software-type": "software", "software-name": {"rawForm": "PlantCLEF", "normalizedForm": "PlantCLEF", "offsetStart": 4, "offsetEnd": 13}, "version": {"rawForm": "2019", "normalizedForm": "2019"}, "context": "The PlantCLEF challenge considers the problem of classifying plant observations based on several images of the same individual plant rather than considering a classical single-image classification task. ", "mentionContextAttributes": {"used": {"value": false, "score": 0.0012927651405334473}, "created": {"value": false, "score": 0.00014328956604003906}, "shared": {"value": false, "score": 2.980232238769531e-07}}, "documentContextAttributes": {"used": {"value": true, "score": 0.9983333945274353}, "created": {"value": false, "score": 0.0014469027519226074}, "shared": {"value": false, "score": 1.0132789611816406e-06}}}, {"type": "software", "software-type": "software", "software-name": {"rawForm": "GeoLifeCLEF", "normalizedForm": "GeoLifeCLEF", "offsetStart": 4, "offsetEnd": 15}, "context": "The GeoLifeCLEF challenge was specifically created in 2018 to tackle this problem through a standalone task.", "mentionContextAttributes": {"used": {"value": false, "score": 0.0004813075065612793}, "created": {"value": false, "score": 0.3965919017791748}, "shared": {"value": false, "score": 4.172325134277344e-07}}, "documentContextAttributes": {"used": {"value": true, "score": 0.9985358119010925}, "created": {"value": true, "score": 0.9070166349411011}, "shared": {"value": false, "score": 2.682209014892578e-06}}}, {"type": "software", "software-type": "software", "software-name": {"rawForm": "PlantCLEF", "normalizedForm": "PlantCLEF", "offsetStart": 11, "offsetEnd": 20}, "version": {"rawForm": "2019", "normalizedForm": "2019"}, "context": "Within all PlantCLEF challenges, the use of this additional information was considered as part of the problem because it was judged as potentially useful for a real-world usage scenario.", "mentionContextAttributes": {"used": {"value": true, "score": 0.9982559084892273}, "created": {"value": false, "score": 6.240606307983398e-05}, "shared": {"value": false, "score": 1.7881393432617188e-07}}, "documentContextAttributes": {"used": {"value": true, "score": 0.9983333945274353}, "created": {"value": false, "score": 0.0014469027519226074}, "shared": {"value": false, "score": 1.0132789611816406e-06}}}, {"type": "software", "software-type": "software", "software-name": {"rawForm": "BirdCLEF", "normalizedForm": "BirdCLEF", "offsetStart": 13, "offsetEnd": 21}, "context": "In 2016, the BirdCLEF challenge was extended and also featured complex soundscape recordings in addition to the classical mono-species Xeno-Canto recordings. ", "mentionContextAttributes": {"used": {"value": false, "score": 0.0005158782005310059}, "created": {"value": false, "score": 0.0015081167221069336}, "shared": {"value": false, "score": 4.172325134277344e-07}}, "documentContextAttributes": {"used": {"value": true, "score": 0.998744785785675}, "created": {"value": false, "score": 0.011216044425964355}, "shared": {"value": false, "score": 3.039836883544922e-06}}}, {"type": "software", "software-type": "software", "software-name": {"rawForm": "eBird", "normalizedForm": "eBird", "offsetStart": 14, "offsetEnd": 19}, "context": "Additionally, eBird.org ", "mentionContextAttributes": {"used": {"value": false, "score": 0.06889206171035767}, "created": {"value": false, "score": 0.00031244754791259766}, "shared": {"value": false, "score": 0.0001399517059326172}}, "documentContextAttributes": {"used": {"value": false, "score": 0.06889206171035767}, "created": {"value": false, "score": 0.00031244754791259766}, "shared": {"value": false, "score": 0.0001399517059326172}}}, {"type": "software", "software-type": "software", "software-name": {"rawForm": "BirdCLEF", "normalizedForm": "BirdCLEF", "offsetStart": 15, "offsetEnd": 23}, "context": "The results of BirdCLEF have once again shown significant progress on a difficult task based on soundscapes even if the newly introduced North American soundscapes seems to be less complex than their South American counterparts.", "mentionContextAttributes": {"used": {"value": false, "score": 0.32894229888916016}, "created": {"value": false, "score": 0.0003198385238647461}, "shared": {"value": false, "score": 2.980232238769531e-07}}, "documentContextAttributes": {"used": {"value": true, "score": 0.998744785785675}, "created": {"value": false, "score": 0.011216044425964355}, "shared": {"value": false, "score": 3.039836883544922e-06}}}, {"type": "software", "software-type": "software", "software-name": {"rawForm": "GeoLifeCLEF", "normalizedForm": "GeoLifeCLEF", "offsetStart": 15, "offsetEnd": 26}, "context": "The results of GeoLifeCLEF, in particular, revealed for the first time that deep neural networks are able to transfer knowledge from a kingdom to another one in a very effective way.", "mentionContextAttributes": {"used": {"value": true, "score": 0.9906440377235413}, "created": {"value": false, "score": 0.01061403751373291}, "shared": {"value": false, "score": 4.172325134277344e-07}}, "documentContextAttributes": {"used": {"value": true, "score": 0.9985358119010925}, "created": {"value": true, "score": 0.9070166349411011}, "shared": {"value": false, "score": 2.682209014892578e-06}}}, {"type": "software", "software-type": "software", "software-name": {"rawForm": "GeoLifeCLEF", "normalizedForm": "GeoLifeCLEF", "offsetStart": 19, "offsetEnd": 30}, "context": "The originality of GeoLifeCLEF is to generalize such niche modeling approach to the use of an image-based environmental representation space. ", "mentionContextAttributes": {"used": {"value": false, "score": 0.00011605024337768555}, "created": {"value": false, "score": 0.44663065671920776}, "shared": {"value": false, "score": 5.364418029785156e-07}}, "documentContextAttributes": {"used": {"value": true, "score": 0.9985358119010925}, "created": {"value": true, "score": 0.9070166349411011}, "shared": {"value": false, "score": 2.682209014892578e-06}}}, {"type": "software", "software-type": "software", "software-name": {"rawForm": "BirdCLEF", "normalizedForm": "BirdCLEF", "offsetStart": 27, "offsetEnd": 35}, "context": "2. Big soundscape data for BirdCLEF: The main novelty of the 2019 edition of BirdCLEF is the introduction of a very large dataset of 350 hours of manually annotated soundscape recordings in addition to the historical mono-species recordings provided by the Xeno-canto community.", "mentionContextAttributes": {"used": {"value": false, "score": 0.00018358230590820312}, "created": {"value": false, "score": 0.0004462599754333496}, "shared": {"value": false, "score": 4.172325134277344e-07}}, "documentContextAttributes": {"used": {"value": true, "score": 0.998744785785675}, "created": {"value": false, "score": 0.011216044425964355}, "shared": {"value": false, "score": 3.039836883544922e-06}}}, {"type": "software", "software-type": "software", "software-name": {"rawForm": "BirdCLEF", "normalizedForm": "BirdCLEF", "offsetStart": 32, "offsetEnd": 40}, "context": "Unfortunately, past editions of BirdCLEF showed no significant improvements in that domain, despite excellent scores for mono-species recordings. ", "mentionContextAttributes": {"used": {"value": true, "score": 0.8983058929443359}, "created": {"value": false, "score": 3.0219554901123047e-05}, "shared": {"value": false, "score": 1.7881393432617188e-07}}, "documentContextAttributes": {"used": {"value": true, "score": 0.998744785785675}, "created": {"value": false, "score": 0.011216044425964355}, "shared": {"value": false, "score": 3.039836883544922e-06}}}, {"type": "software", "software-type": "software", "software-name": {"rawForm": "BirdCLEF", "normalizedForm": "BirdCLEF", "offsetStart": 35, "offsetEnd": 43}, "context": "Therefore, the 2019 edition of the BirdCLEF challenge mainly focused on this soundscape scenario but extended it to North American bird species for which the available data is considerably bigger.", "mentionContextAttributes": {"used": {"value": true, "score": 0.8919713497161865}, "created": {"value": false, "score": 0.0003235340118408203}, "shared": {"value": false, "score": 2.980232238769531e-07}}, "documentContextAttributes": {"used": {"value": true, "score": 0.998744785785675}, "created": {"value": false, "score": 0.011216044425964355}, "shared": {"value": false, "score": 3.039836883544922e-06}}}, {"type": "software", "software-type": "software", "software-name": {"rawForm": "GeoLifeCLEF", "normalizedForm": "GeoLifeCLEF", "offsetStart": 35, "offsetEnd": 46}, "context": "61 participants registered for the GeoLifeCLEF 2019 challenge and downloaded the dataset.", "mentionContextAttributes": {"used": {"value": true, "score": 0.9985358119010925}, "created": {"value": false, "score": 1.9252300262451172e-05}, "shared": {"value": false, "score": 2.682209014892578e-06}}, "documentContextAttributes": {"used": {"value": true, "score": 0.9985358119010925}, "created": {"value": true, "score": 0.9070166349411011}, "shared": {"value": false, "score": 2.682209014892578e-06}}}, {"type": "software", "software-type": "software", "software-name": {"rawForm": "BirdCLEF", "normalizedForm": "BirdCLEF", "offsetStart": 36, "offsetEnd": 44}, "context": "103 participants registered for the BirdCLEF 2019 challenge and downloaded the dataset. ", "mentionContextAttributes": {"used": {"value": true, "score": 0.998744785785675}, "created": {"value": false, "score": 1.0192394256591797e-05}, "shared": {"value": false, "score": 3.039836883544922e-06}}, "documentContextAttributes": {"used": {"value": true, "score": 0.998744785785675}, "created": {"value": false, "score": 0.011216044425964355}, "shared": {"value": false, "score": 3.039836883544922e-06}}}, {"type": "software", "software-type": "software", "software-name": {"rawForm": "Pl@ntNetFranceRaw", "normalizedForm": "Pl@ntNetFranceRaw", "offsetStart": 36, "offsetEnd": 53}, "context": "-Pl@ntNetFranceTrusted: a subset of Pl@ntNetFranceRaw including only the occurrences for which the prediction score (softmax output of the CNN) was higher than a threshold equal to 0.98.", "mentionContextAttributes": {"used": {"value": true, "score": 0.9652476906776428}, "created": {"value": false, "score": 3.039836883544922e-06}, "shared": {"value": false, "score": 1.7881393432617188e-07}}, "documentContextAttributes": {"used": {"value": true, "score": 0.9998705387115479}, "created": {"value": false, "score": 1.5437602996826172e-05}, "shared": {"value": false, "score": 2.980232238769531e-07}}}, {"type": "software", "software-type": "software", "software-name": {"rawForm": "GeoLifeCLEF", "normalizedForm": "GeoLifeCLEF", "offsetStart": 38, "offsetEnd": 49}, "context": "3. New data and evaluation metric for GeoLifeCLEF: The 2019 edition of the GeoLifeCLEF challenge tackles some of the methodological weaknesses that were revealed by the pilot 2018 edition and introduces a new big dataset fixing some issues of the previous one.", "mentionContextAttributes": {"used": {"value": false, "score": 0.0002887248992919922}, "created": {"value": false, "score": 0.001404881477355957}, "shared": {"value": false, "score": 6.556510925292969e-07}}, "documentContextAttributes": {"used": {"value": true, "score": 0.9985358119010925}, "created": {"value": true, "score": 0.9070166349411011}, "shared": {"value": false, "score": 2.682209014892578e-06}}}, {"type": "software", "software-type": "software", "software-name": {"rawForm": "Pl@ntNetFranceRaw", "normalizedForm": "Pl@ntNetFranceRaw", "offsetStart": 38, "offsetEnd": 55}, "context": "Also it would be important to compare Pl@ntNetFranceRaw and GBIFPlant-France data sets and their fusion, to deal for example with observers preferences bias towards species.", "mentionContextAttributes": {"used": {"value": true, "score": 0.9969542622566223}, "created": {"value": false, "score": 6.020069122314453e-06}, "shared": {"value": false, "score": 1.7881393432617188e-07}}, "documentContextAttributes": {"used": {"value": true, "score": 0.9998705387115479}, "created": {"value": false, "score": 1.5437602996826172e-05}, "shared": {"value": false, "score": 2.980232238769531e-07}}}, {"type": "software", "software-type": "software", "software-name": {"rawForm": "PlantCLEF", "normalizedForm": "PlantCLEF", "offsetStart": 40, "offsetEnd": 49}, "version": {"rawForm": "2019", "normalizedForm": "2019"}, "context": "The main novelty of the 2019 edition of PlantCLEF is to transpose this methodology to the flora of tropical regions, that is expected to be much more challenging because of the much lower amount of available training data for that species.", "mentionContextAttributes": {"used": {"value": false, "score": 0.0001919269561767578}, "created": {"value": false, "score": 0.0014469027519226074}, "shared": {"value": false, "score": 5.364418029785156e-07}}, "documentContextAttributes": {"used": {"value": true, "score": 0.9983333945274353}, "created": {"value": false, "score": 0.0014469027519226074}, "shared": {"value": false, "score": 1.0132789611816406e-06}}}, {"type": "software", "software-type": "software", "software-name": {"rawForm": "LifeCLEF", "normalizedForm": "LifeCLEF", "offsetStart": 42, "offsetEnd": 50}, "context": "The main novelties of the 2019 edition of LifeCLEF compared to the previous year are the following:", "mentionContextAttributes": {"used": {"value": false, "score": 0.2552787661552429}, "created": {"value": false, "score": 7.003545761108398e-05}, "shared": {"value": false, "score": 2.980232238769531e-07}}, "documentContextAttributes": {"used": {"value": true, "score": 0.9995669722557068}, "created": {"value": true, "score": 0.6420947313308716}, "shared": {"value": false, "score": 7.05718994140625e-05}}}, {"type": "software", "software-type": "software", "software-name": {"rawForm": "LifeCLEF", "normalizedForm": "LifeCLEF", "offsetStart": 45, "offsetEnd": 53}, "context": "We actually did show in previous editions of LifeCLEF that training deep learning models on such noisy big data is as effective as training models on cleaner but smaller expert data [14], [15]. ", "mentionContextAttributes": {"used": {"value": true, "score": 0.62430340051651}, "created": {"value": false, "score": 0.000278472900390625}, "shared": {"value": false, "score": 1.7881393432617188e-07}}, "documentContextAttributes": {"used": {"value": true, "score": 0.9995669722557068}, "created": {"value": true, "score": 0.6420947313308716}, "shared": {"value": false, "score": 7.05718994140625e-05}}}, {"type": "software", "software-type": "software", "software-name": {"rawForm": "PlantCLEF", "normalizedForm": "PlantCLEF", "offsetStart": 50, "offsetEnd": 59}, "version": {"rawForm": "2019", "normalizedForm": "2019", "offsetStart": 60, "offsetEnd": 64}, "context": "Regions of origin of the 10k species selected for PlantCLEF 2019: French Guiana, Suriname, Guyana, Brazil (states of Amapa, Para, Amazonas) the data set, but only 6 research groups succeeded in submitting runs, i.e. files containing the predictions of the system(s) they ran. ", "mentionContextAttributes": {"used": {"value": true, "score": 0.9983333945274353}, "created": {"value": false, "score": 1.5795230865478516e-05}, "shared": {"value": false, "score": 2.980232238769531e-07}}, "documentContextAttributes": {"used": {"value": true, "score": 0.9983333945274353}, "created": {"value": false, "score": 0.0014469027519226074}, "shared": {"value": false, "score": 1.0132789611816406e-06}}}, {"type": "software", "software-type": "software", "software-name": {"rawForm": "GBIFPlant", "normalizedForm": "GBIFPlant", "offsetStart": 60, "offsetEnd": 69}, "context": "Also it would be important to compare Pl@ntNetFranceRaw and GBIFPlant-France data sets and their fusion, to deal for example with observers preferences bias towards species.", "mentionContextAttributes": {"used": {"value": true, "score": 0.9969542622566223}, "created": {"value": false, "score": 6.020069122314453e-06}, "shared": {"value": false, "score": 1.7881393432617188e-07}}, "documentContextAttributes": {"used": {"value": true, "score": 0.9969542622566223}, "created": {"value": false, "score": 6.020069122314453e-06}, "shared": {"value": false, "score": 1.7881393432617188e-07}}}, {"type": "software", "software-type": "software", "software-name": {"rawForm": "GeoLifeCLEF", "normalizedForm": "GeoLifeCLEF", "offsetStart": 75, "offsetEnd": 86}, "context": "3. New data and evaluation metric for GeoLifeCLEF: The 2019 edition of the GeoLifeCLEF challenge tackles some of the methodological weaknesses that were revealed by the pilot 2018 edition and introduces a new big dataset fixing some issues of the previous one.", "mentionContextAttributes": {"used": {"value": false, "score": 0.0002887248992919922}, "created": {"value": false, "score": 0.001404881477355957}, "shared": {"value": false, "score": 6.556510925292969e-07}}, "documentContextAttributes": {"used": {"value": true, "score": 0.9985358119010925}, "created": {"value": true, "score": 0.9070166349411011}, "shared": {"value": false, "score": 2.682209014892578e-06}}}, {"type": "software", "software-type": "software", "software-name": {"rawForm": "BirdCLEF", "normalizedForm": "BirdCLEF", "offsetStart": 77, "offsetEnd": 85}, "context": "2. Big soundscape data for BirdCLEF: The main novelty of the 2019 edition of BirdCLEF is the introduction of a very large dataset of 350 hours of manually annotated soundscape recordings in addition to the historical mono-species recordings provided by the Xeno-canto community.", "mentionContextAttributes": {"used": {"value": false, "score": 0.00018358230590820312}, "created": {"value": false, "score": 0.0004462599754333496}, "shared": {"value": false, "score": 4.172325134277344e-07}}, "documentContextAttributes": {"used": {"value": true, "score": 0.998744785785675}, "created": {"value": false, "score": 0.011216044425964355}, "shared": {"value": false, "score": 3.039836883544922e-06}}}, {"type": "software", "software-type": "software", "software-name": {"rawForm": "PlantCLEF", "normalizedForm": "PlantCLEF", "offsetStart": 78, "offsetEnd": 87}, "version": {"rawForm": "2019", "normalizedForm": "2019"}, "context": "1. PlantCLEF focus on tropical flora: The main novelty of the 2019 edition of PlantCLEF is to focus the challenge on the flora of data deficient tropical regions, i.e. regions having the richest biodiversity but for which data availability is much lower than northern countries.", "mentionContextAttributes": {"used": {"value": false, "score": 0.0011442899703979492}, "created": {"value": false, "score": 0.0002048015594482422}, "shared": {"value": false, "score": 1.0132789611816406e-06}}, "documentContextAttributes": {"used": {"value": true, "score": 0.9983333945274353}, "created": {"value": false, "score": 0.0014469027519226074}, "shared": {"value": false, "score": 1.0132789611816406e-06}}}, {"type": "software", "software-type": "software", "software-name": {"rawForm": "LifeCLEF", "normalizedForm": "LifeCLEF", "offsetStart": 79, "offsetEnd": 88}, "context": "In order to measure the progress made in a sustainable and repeatable way, the LifeCLEF9 research platform was created in 2014 as a continuation of the plant identification task [20] that was run within the ImageCLEF lab10 the three years before [18,19,17]. ", "mentionContextAttributes": {"used": {"value": false, "score": 0.0014626383781433105}, "created": {"value": false, "score": 0.007606804370880127}, "shared": {"value": false, "score": 1.1324882507324219e-06}}, "documentContextAttributes": {"used": {"value": true, "score": 0.9995669722557068}, "created": {"value": true, "score": 0.6420947313308716}, "shared": {"value": false, "score": 7.05718994140625e-05}}}, {"type": "software", "software-type": "software", "software-name": {"rawForm": "Pl@ntNetFranceRaw", "normalizedForm": "Pl@ntNetFranceRaw", "offsetStart": 92, "offsetEnd": 109}, "context": "This performance gap might be also due to the fact that those models training included both Pl@ntNetFranceRaw and GBIFPlantFrance plant occurrences, whereas non-CNN methods only used Pl@ntNet occurrences.", "mentionContextAttributes": {"used": {"value": true, "score": 0.9930394887924194}, "created": {"value": false, "score": 1.5437602996826172e-05}, "shared": {"value": false, "score": 2.980232238769531e-07}}, "documentContextAttributes": {"used": {"value": true, "score": 0.9998705387115479}, "created": {"value": false, "score": 1.5437602996826172e-05}, "shared": {"value": false, "score": 2.980232238769531e-07}}}, {"type": "software", "software-type": "software", "software-name": {"rawForm": "BirdCLEF", "normalizedForm": "BirdCLEF", "offsetStart": 97, "offsetEnd": 105}, "context": "Thus, to allow a more accurate evaluation, new time-coded soundscapes were introduced within the BirdCLEF 2017 and 2018 challenges.", "mentionContextAttributes": {"used": {"value": false, "score": 0.0046433210372924805}, "created": {"value": false, "score": 0.011216044425964355}, "shared": {"value": false, "score": 1.7881393432617188e-07}}, "documentContextAttributes": {"used": {"value": true, "score": 0.998744785785675}, "created": {"value": false, "score": 0.011216044425964355}, "shared": {"value": false, "score": 3.039836883544922e-06}}}, {"type": "software", "software-type": "software", "software-name": {"rawForm": "GeoLifeCLEF", "normalizedForm": "GeoLifeCLEF", "offsetStart": 103, "offsetEnd": 114}, "context": "In 2018, a new challenge dedicated to the location-based prediction of species was finally introduced (GeoLifeCLEF). ", "mentionContextAttributes": {"used": {"value": false, "score": 0.00014400482177734375}, "created": {"value": true, "score": 0.9070166349411011}, "shared": {"value": false, "score": 1.7881393432617188e-07}}, "documentContextAttributes": {"used": {"value": true, "score": 0.9985358119010925}, "created": {"value": true, "score": 0.9070166349411011}, "shared": {"value": false, "score": 2.682209014892578e-06}}}, {"type": "software", "software-type": "software", "software-name": {"rawForm": "LifeCLEF", "normalizedForm": "LifeCLEF", "offsetStart": 121, "offsetEnd": 129}, "context": "In the following sections, we provide a synthesis of the methodology and main results of each of the three challenges of LifeCLEF2019.", "mentionContextAttributes": {"used": {"value": false, "score": 0.039467453956604004}, "created": {"value": true, "score": 0.6420947313308716}, "shared": {"value": false, "score": 1.7881393432617188e-07}}, "documentContextAttributes": {"used": {"value": true, "score": 0.9995669722557068}, "created": {"value": true, "score": 0.6420947313308716}, "shared": {"value": false, "score": 7.05718994140625e-05}}}, {"type": "software", "software-type": "software", "software-name": {"rawForm": "PlantCLEF", "normalizedForm": "PlantCLEF", "offsetStart": 127, "offsetEnd": 136}, "version": {"rawForm": "2019", "normalizedForm": "2019"}, "context": "The average number of images per species in that new data set is much lower than the data set used in the previous editions of PlantCLEF (about 1 vs. 3). ", "mentionContextAttributes": {"used": {"value": false, "score": 0.2914615273475647}, "created": {"value": false, "score": 1.8715858459472656e-05}, "shared": {"value": false, "score": 2.384185791015625e-07}}, "documentContextAttributes": {"used": {"value": true, "score": 0.9983333945274353}, "created": {"value": false, "score": 0.0014469027519226074}, "shared": {"value": false, "score": 1.0132789611816406e-06}}}, {"type": "software", "software-type": "software", "software-name": {"rawForm": "LifeCLEF", "normalizedForm": "LifeCLEF", "offsetStart": 152, "offsetEnd": 160}, "context": "We also we would like to thank the University of Montpellier and the Floris'Tic project (ANRU) who contributed to the funding of the 2019-th edition of LifeCLEF.", "mentionContextAttributes": {"used": {"value": false, "score": 0.09992629289627075}, "created": {"value": false, "score": 0.02283531427383423}, "shared": {"value": false, "score": 7.05718994140625e-05}}, "documentContextAttributes": {"used": {"value": true, "score": 0.9995669722557068}, "created": {"value": true, "score": 0.6420947313308716}, "shared": {"value": false, "score": 7.05718994140625e-05}}}, {"type": "software", "software-type": "software", "software-name": {"rawForm": "ExpertCLEF", "normalizedForm": "ExpertCLEF", "offsetStart": 174, "offsetEnd": 184}, "version": {"rawForm": "2018", "normalizedForm": "2018", "offsetStart": 185, "offsetEnd": 193}, "context": "The best of the experts, actually recognized by peers as the most expert in the world of the Guyanese flora, reached a top1 of 0.675 (against 0.96 for the best expert during ExpertCLEF 2018 [15]). ", "mentionContextAttributes": {"used": {"value": true, "score": 0.9994346499443054}, "created": {"value": false, "score": 1.3113021850585938e-05}, "shared": {"value": false, "score": 1.1920928955078125e-07}}, "documentContextAttributes": {"used": {"value": true, "score": 0.9994346499443054}, "created": {"value": false, "score": 1.3113021850585938e-05}, "shared": {"value": false, "score": 1.1920928955078125e-07}}, "references": [{"label": "[15]", "normalizedForm": "[15]", "refKey": 15, "offsetStart": 9811, "offsetEnd": 9815}]}, {"type": "software", "software-type": "software", "software-name": {"rawForm": "ImageCLEF", "normalizedForm": "ImageCLEF", "offsetStart": 207, "offsetEnd": 216}, "context": "In order to measure the progress made in a sustainable and repeatable way, the LifeCLEF9 research platform was created in 2014 as a continuation of the plant identification task [20] that was run within the ImageCLEF lab10 the three years before [18,19,17]. ", "mentionContextAttributes": {"used": {"value": false, "score": 0.0014625787734985352}, "created": {"value": false, "score": 0.007606863975524902}, "shared": {"value": false, "score": 1.0728836059570312e-06}}, "documentContextAttributes": {"used": {"value": false, "score": 0.0014625787734985352}, "created": {"value": false, "score": 0.007606863975524902}, "shared": {"value": false, "score": 1.0728836059570312e-06}}}, {"type": "software", "software-type": "software", "software-name": {"rawForm": "PlantCLEF", "normalizedForm": "PlantCLEF", "offsetStart": 221, "offsetEnd": 230}, "version": {"rawForm": "2019", "normalizedForm": "2019"}, "context": "Moreover, there is a strong disparity in results between participants despite the use of popular and recent Convolutional Neural Networks (DensetNet, ResNet, Inception-ResNet-V2, Inception-V4), while during the last four PlantCLEF editions a homogenization of high results forming a \"skyline\" has often been observed. ", "mentionContextAttributes": {"used": {"value": false, "score": 0.04027915000915527}, "created": {"value": false, "score": 2.574920654296875e-05}, "shared": {"value": false, "score": 8.344650268554688e-07}}, "documentContextAttributes": {"used": {"value": true, "score": 0.9983333945274353}, "created": {"value": false, "score": 0.0014469027519226074}, "shared": {"value": false, "score": 1.0132789611816406e-06}}}], "references": [{"refKey": 15, "tei": "<biblStruct xml:id=\"b15\">\n\t<analytic>\n\t\t<title level=\"a\" type=\"main\">Deep learning for plant identification: how the web can compete with human experts</title>\n\t\t<author>\n\t\t\t<persName><forename type=\"first\">Herv\u00e9</forename><surname>Go\u00ebau</surname></persName>\n\t\t</author>\n\t\t<author>\n\t\t\t<persName><forename type=\"first\">Alexis</forename><surname>Joly</surname></persName>\n\t\t</author>\n\t\t<author>\n\t\t\t<persName><forename type=\"first\">Pierre</forename><surname>Bonnet</surname></persName>\n\t\t</author>\n\t\t<author>\n\t\t\t<persName><forename type=\"first\">Mario</forename><surname>Lasseck</surname></persName>\n\t\t</author>\n\t\t<author>\n\t\t\t<persName><forename type=\"first\">Milan</forename><surname>\u0160ulc</surname></persName>\n\t\t\t<idno type=\"ORCID\">0000-0002-6321-0131</idno>\n\t\t</author>\n\t\t<author>\n\t\t\t<persName><forename type=\"first\">Siang</forename><forename type=\"middle\">Thye</forename><surname>Hang</surname></persName>\n\t\t</author>\n\t\t<idno type=\"DOI\">10.3897/biss.2.25637</idno>\n\t</analytic>\n\t<monogr>\n\t\t<title level=\"j\">Biodiversity Information Science and Standards</title>\n\t\t<title level=\"j\" type=\"abbrev\">BISS</title>\n\t\t<idno type=\"ISSNe\">2535-0897</idno>\n\t\t<imprint>\n\t\t\t<biblScope unit=\"volume\">2</biblScope>\n\t\t\t<biblScope unit=\"page\">e25637</biblScope>\n\t\t\t<date type=\"published\" when=\"2018-05-23\">2018</date>\n\t\t\t<publisher>Pensoft Publishers</publisher>\n\t\t</imprint>\n\t</monogr>\n</biblStruct>\n"}], "runtime": 75519, "id": "4d7b4aefb1da4459e50e8cdb430f3265074f6c7a", "metadata": {"id": "4d7b4aefb1da4459e50e8cdb430f3265074f6c7a"}, "original_file_path": "../../datalake/Samuel/SOFTware-Sync/data/xml_not_sofctied/hal-02281455.grobid.tei.xml", "file_name": "hal-02281455.grobid.tei.xml"}