{"application": "software-mentions", "version": "0.8.0", "date": "2024-04-12T17:18+0000", "md5": "A865EEF79762BE798ECBA5FCC045F519", "mentions": [{"type": "software", "software-type": "software", "software-name": {"rawForm": "Dexteris", "normalizedForm": "Dexteris", "offsetStart": 0, "offsetEnd": 8}, "context": "Dexteris is a prototype, and it runs entirely in the browser as a clientside application. ", "mentionContextAttributes": {"used": {"value": false, "score": 5.2869319915771484e-05}, "created": {"value": true, "score": 0.6494596004486084}, "shared": {"value": false, "score": 2.3245811462402344e-06}}, "documentContextAttributes": {"used": {"value": true, "score": 0.9999814629554749}, "created": {"value": true, "score": 0.9999346137046814}, "shared": {"value": true, "score": 0.8375871181488037}}}, {"type": "software", "software-type": "software", "software-name": {"rawForm": "printJSON", "normalizedForm": "printJSON", "offsetStart": 0, "offsetEnd": 9}, "context": "printJSON( for * in parseCSV(file <example_input.csv>) ", "mentionContextAttributes": {"used": {"value": true, "score": 0.7967684864997864}, "created": {"value": false, "score": 1.9669532775878906e-06}, "shared": {"value": false, "score": 7.748603820800781e-07}}, "documentContextAttributes": {"used": {"value": true, "score": 0.7967684864997864}, "created": {"value": false, "score": 1.6748905181884766e-05}, "shared": {"value": false, "score": 1.0669231414794922e-05}}}, {"type": "software", "software-type": "software", "software-name": {"rawForm": "Dexteris", "normalizedForm": "Dexteris", "offsetStart": 6, "offsetEnd": 14}, "context": "Using Dexteris. ", "mentionContextAttributes": {"used": {"value": true, "score": 0.9999814629554749}, "created": {"value": false, "score": 4.7266483306884766e-05}, "shared": {"value": false, "score": 1.7285346984863281e-06}}, "documentContextAttributes": {"used": {"value": true, "score": 0.9999814629554749}, "created": {"value": true, "score": 0.9999346137046814}, "shared": {"value": true, "score": 0.8375871181488037}}}, {"type": "software", "software-type": "software", "software-name": {"rawForm": "Dexteris", "normalizedForm": "Dexteris", "offsetStart": 10, "offsetEnd": 18}, "context": "Using the Dexteris tool that implements our approach, it is possible to build the above JSONiq program by starting from the input file, and then by applying suggested elementary transformations one after another.", "mentionContextAttributes": {"used": {"value": false, "score": 0.001776576042175293}, "created": {"value": false, "score": 0.1430114507675171}, "shared": {"value": false, "score": 2.980232238769531e-07}}, "documentContextAttributes": {"used": {"value": true, "score": 0.9999814629554749}, "created": {"value": true, "score": 0.9999346137046814}, "shared": {"value": true, "score": 0.8375871181488037}}}, {"type": "software", "software-type": "software", "software-name": {"rawForm": "Dexteris", "normalizedForm": "Dexteris", "offsetStart": 15, "offsetEnd": 23}, "context": "In the future, Dexteris will be improved by covering the missing JSONiq constructs, and extending the set of functions and supported data formats.", "mentionContextAttributes": {"used": {"value": false, "score": 8.744001388549805e-05}, "created": {"value": false, "score": 0.025201797485351562}, "shared": {"value": false, "score": 1.7881393432617188e-07}}, "documentContextAttributes": {"used": {"value": true, "score": 0.9999814629554749}, "created": {"value": true, "score": 0.9999346137046814}, "shared": {"value": true, "score": 0.8375871181488037}}}, {"type": "software", "software-type": "implicit", "software-name": {"rawForm": "program", "normalizedForm": "program", "offsetStart": 17, "offsetEnd": 24}, "language": {"rawForm": "Python", "normalizedForm": "Python", "wikidataId": "Q28865", "offsetStart": 10, "offsetEnd": 16}, "context": "A concise Python program that performs the transformation is about 30 lines. ", "mentionContextAttributes": {"used": {"value": false, "score": 0.0001862049102783203}, "created": {"value": false, "score": 0.001274406909942627}, "shared": {"value": false, "score": 6.556510925292969e-07}}, "documentContextAttributes": {"used": {"value": true, "score": 0.9998980164527893}, "created": {"value": false, "score": 0.0013843178749084473}, "shared": {"value": false, "score": 6.556510925292969e-07}}}, {"type": "software", "software-type": "software", "software-name": {"rawForm": "ChatGPT", "normalizedForm": "ChatGPT", "offsetStart": 17, "offsetEnd": 24}, "context": "Programming with ChatGPT. ", "mentionContextAttributes": {"used": {"value": false, "score": 0.0004999041557312012}, "created": {"value": false, "score": 0.0006310343742370605}, "shared": {"value": false, "score": 2.4437904357910156e-06}}, "documentContextAttributes": {"used": {"value": true, "score": 0.9980491995811462}, "created": {"value": false, "score": 0.05392467975616455}, "shared": {"value": false, "score": 2.4437904357910156e-06}}}, {"type": "software", "software-type": "software", "software-name": {"rawForm": "printJSON", "normalizedForm": "printJSON", "offsetStart": 18, "offsetEnd": 27}, "context": "Finally, function printJSON turns the JSON result, a sequence of JSON objects, into a raw string in JSON format, ready for writing into a file.", "mentionContextAttributes": {"used": {"value": false, "score": 0.026844322681427002}, "created": {"value": false, "score": 1.6748905181884766e-05}, "shared": {"value": false, "score": 6.556510925292969e-07}}, "documentContextAttributes": {"used": {"value": true, "score": 0.7967684864997864}, "created": {"value": false, "score": 1.6748905181884766e-05}, "shared": {"value": false, "score": 1.0669231414794922e-05}}}, {"type": "software", "software-type": "software", "software-name": {"rawForm": "XQuery", "normalizedForm": "XQuery", "offsetStart": 21, "offsetEnd": 27}, "context": "Notable examples are XQuery for XML data [14], JSONiq for JSON data [7] -which was strongly inspired by XQuery -, and formula languages that back graphical tools, such as the M language in Power BI [2]. ", "mentionContextAttributes": {"used": {"value": false, "score": 0.00012022256851196289}, "created": {"value": false, "score": 0.0001399517059326172}, "shared": {"value": false, "score": 4.172325134277344e-07}}, "documentContextAttributes": {"used": {"value": true, "score": 0.766146719455719}, "created": {"value": false, "score": 0.0001399517059326172}, "shared": {"value": false, "score": 4.172325134277344e-07}}}, {"type": "software", "software-type": "software", "software-name": {"rawForm": "XQuery", "normalizedForm": "XQuery", "offsetStart": 24, "offsetEnd": 30}, "context": "They are inherited from XQuery [14], and they are analogous to clauses found in SQL and SPARQL. ", "mentionContextAttributes": {"used": {"value": true, "score": 0.766146719455719}, "created": {"value": false, "score": 2.676248550415039e-05}, "shared": {"value": false, "score": 2.980232238769531e-07}}, "documentContextAttributes": {"used": {"value": true, "score": 0.766146719455719}, "created": {"value": false, "score": 0.0001399517059326172}, "shared": {"value": false, "score": 4.172325134277344e-07}}}, {"type": "software", "software-type": "software", "software-name": {"rawForm": "XQuery", "normalizedForm": "XQuery", "offsetStart": 28, "offsetEnd": 34}, "context": "JSONiq is to JSON data what XQuery is to XML, and what SQL is to relational data.", "mentionContextAttributes": {"used": {"value": false, "score": 0.030332446098327637}, "created": {"value": false, "score": 1.0311603546142578e-05}, "shared": {"value": false, "score": 2.980232238769531e-07}}, "documentContextAttributes": {"used": {"value": true, "score": 0.766146719455719}, "created": {"value": false, "score": 0.0001399517059326172}, "shared": {"value": false, "score": 4.172325134277344e-07}}}, {"type": "software", "software-type": "software", "software-name": {"rawForm": "Dexteris", "normalizedForm": "Dexteris", "offsetStart": 32, "offsetEnd": 40}, "context": "We have defined and implemented Dexteris, a tool for data exploration and transformation based on the N<A>F design pattern. ", "mentionContextAttributes": {"used": {"value": false, "score": 7.683038711547852e-05}, "created": {"value": true, "score": 0.9999346137046814}, "shared": {"value": false, "score": 1.7881393432617188e-07}}, "documentContextAttributes": {"used": {"value": true, "score": 0.9999814629554749}, "created": {"value": true, "score": 0.9999346137046814}, "shared": {"value": true, "score": 0.8375871181488037}}}, {"type": "software", "software-type": "software", "software-name": {"rawForm": "ChatGPT", "normalizedForm": "ChatGPT", "offsetStart": 34, "offsetEnd": 41}, "context": "Compared to plain programming, or ChatGPT-assisted programming, it features a safer and more robust process.", "mentionContextAttributes": {"used": {"value": false, "score": 3.153085708618164e-05}, "created": {"value": false, "score": 0.0064508914947509766}, "shared": {"value": false, "score": 6.556510925292969e-07}}, "documentContextAttributes": {"used": {"value": true, "score": 0.9980491995811462}, "created": {"value": false, "score": 0.05392467975616455}, "shared": {"value": false, "score": 2.4437904357910156e-06}}}, {"type": "software", "software-type": "software", "software-name": {"rawForm": "Dexteris", "normalizedForm": "Dexteris", "offsetStart": 35, "offsetEnd": 43}, "context": "Figure 2 shows a screenshot of the Dexteris tool.", "mentionContextAttributes": {"used": {"value": false, "score": 0.03661906719207764}, "created": {"value": false, "score": 0.00010567903518676758}, "shared": {"value": false, "score": 1.3709068298339844e-06}}, "documentContextAttributes": {"used": {"value": true, "score": 0.9999814629554749}, "created": {"value": true, "score": 0.9999346137046814}, "shared": {"value": true, "score": 0.8375871181488037}}}, {"type": "software", "software-type": "software", "software-name": {"rawForm": "Dexteris", "normalizedForm": "Dexteris", "offsetStart": 38, "offsetEnd": 46}, "context": "Comparing the user experience between Dexteris, plain programming, and ChatGPT reveals the strengths and weaknesses of our approach.", "mentionContextAttributes": {"used": {"value": false, "score": 0.0003123283386230469}, "created": {"value": false, "score": 0.0016922950744628906}, "shared": {"value": false, "score": 2.980232238769531e-07}}, "documentContextAttributes": {"used": {"value": true, "score": 0.9999814629554749}, "created": {"value": true, "score": 0.9999346137046814}, "shared": {"value": true, "score": 0.8375871181488037}}}, {"type": "software", "software-type": "implicit", "software-name": {"rawForm": "program", "normalizedForm": "program", "offsetStart": 45, "offsetEnd": 52}, "language": {"rawForm": "Python", "normalizedForm": "Python"}, "context": "On each turn, we tested the generated Python program, sometimes correcting it for obvious small errors (e.g., field names). ", "mentionContextAttributes": {"used": {"value": true, "score": 0.9998980164527893}, "created": {"value": false, "score": 0.0004851222038269043}, "shared": {"value": false, "score": 1.7881393432617188e-07}}, "documentContextAttributes": {"used": {"value": true, "score": 0.9998980164527893}, "created": {"value": false, "score": 0.0013843178749084473}, "shared": {"value": false, "score": 6.556510925292969e-07}}}, {"type": "software", "software-type": "software", "software-name": {"rawForm": "Dexteris", "normalizedForm": "Dexteris", "offsetStart": 48, "offsetEnd": 56}, "context": "Moreover, we do not know of tools comparable to Dexteris, tools that would support the design of almost arbitrarily complex transformations without requiring the user to write some code at some point.", "mentionContextAttributes": {"used": {"value": false, "score": 2.568960189819336e-05}, "created": {"value": false, "score": 0.14152830839157104}, "shared": {"value": false, "score": 6.556510925292969e-07}}, "documentContextAttributes": {"used": {"value": true, "score": 0.9999814629554749}, "created": {"value": true, "score": 0.9999346137046814}, "shared": {"value": true, "score": 0.8375871181488037}}}, {"type": "software", "software-type": "software", "software-name": {"rawForm": "Scratch", "normalizedForm": "Scratch", "offsetStart": 60, "offsetEnd": 67}, "context": "The closest work to ours is probably the educative platform Scratch by MIT [12], which enables users to build arbitrarily complex programs in a purely graphical way, by assembling blocks with syntax-based shapes. ", "mentionContextAttributes": {"used": {"value": false, "score": 4.7266483306884766e-05}, "created": {"value": true, "score": 0.981903612613678}, "shared": {"value": false, "score": 3.993511199951172e-06}}, "documentContextAttributes": {"used": {"value": false, "score": 4.7266483306884766e-05}, "created": {"value": true, "score": 0.981903612613678}, "shared": {"value": false, "score": 3.993511199951172e-06}}, "references": [{"label": "[12]", "normalizedForm": "[12]", "refKey": 11, "offsetStart": 8803, "offsetEnd": 8807}]}, {"type": "software", "software-type": "software", "software-name": {"rawForm": "ChatGPT", "normalizedForm": "ChatGPT", "offsetStart": 69, "offsetEnd": 76}, "context": "On the weakness side, our approach is not immediately usable, unlike ChatGPT, although it provides more control and does not expose the user to a general programming language.", "mentionContextAttributes": {"used": {"value": false, "score": 2.9027462005615234e-05}, "created": {"value": false, "score": 0.05392467975616455}, "shared": {"value": false, "score": 7.748603820800781e-07}}, "documentContextAttributes": {"used": {"value": true, "score": 0.9980491995811462}, "created": {"value": false, "score": 0.05392467975616455}, "shared": {"value": false, "score": 2.4437904357910156e-06}}}, {"type": "software", "software-type": "software", "software-name": {"rawForm": "ChatGPT", "normalizedForm": "ChatGPT", "offsetStart": 71, "offsetEnd": 78}, "context": "Comparing the user experience between Dexteris, plain programming, and ChatGPT reveals the strengths and weaknesses of our approach.", "mentionContextAttributes": {"used": {"value": false, "score": 0.0003123283386230469}, "created": {"value": false, "score": 0.0016922950744628906}, "shared": {"value": false, "score": 2.980232238769531e-07}}, "documentContextAttributes": {"used": {"value": true, "score": 0.9980491995811462}, "created": {"value": false, "score": 0.05392467975616455}, "shared": {"value": false, "score": 2.4437904357910156e-06}}}, {"type": "software", "software-type": "software", "software-name": {"rawForm": "Dexteris", "normalizedForm": "Dexteris", "offsetStart": 73, "offsetEnd": 81}, "context": "After opening the input file and parsing it as JSON data, the results in Dexteris shows a sequence of JSON objects. ", "mentionContextAttributes": {"used": {"value": true, "score": 0.9968748688697815}, "created": {"value": false, "score": 1.615285873413086e-05}, "shared": {"value": false, "score": 1.7881393432617188e-07}}, "documentContextAttributes": {"used": {"value": true, "score": 0.9999814629554749}, "created": {"value": true, "score": 0.9999346137046814}, "shared": {"value": true, "score": 0.8375871181488037}}}, {"type": "software", "software-type": "software", "software-name": {"rawForm": "Dexteris", "normalizedForm": "Dexteris", "offsetStart": 74, "offsetEnd": 82}, "context": "This approach is available online as a client-side web application, named Dexteris. ", "mentionContextAttributes": {"used": {"value": false, "score": 3.403425216674805e-05}, "created": {"value": true, "score": 0.631648063659668}, "shared": {"value": true, "score": 0.8375871181488037}}, "documentContextAttributes": {"used": {"value": true, "score": 0.9999814629554749}, "created": {"value": true, "score": 0.9999346137046814}, "shared": {"value": true, "score": 0.8375871181488037}}}, {"type": "software", "software-type": "software", "software-name": {"rawForm": "ChatGPT", "normalizedForm": "ChatGPT", "offsetStart": 75, "offsetEnd": 86}, "context": "We compare the user experience and result with plain programming and using ChatGPT [11], which is known for its capability to generate code from textual prompts in a versatile and multi-turn way.", "mentionContextAttributes": {"used": {"value": false, "score": 0.1479891538619995}, "created": {"value": false, "score": 8.994340896606445e-05}, "shared": {"value": false, "score": 6.556510925292969e-07}}, "documentContextAttributes": {"used": {"value": true, "score": 0.9980491995811462}, "created": {"value": false, "score": 0.05392467975616455}, "shared": {"value": false, "score": 2.4437904357910156e-06}}}, {"type": "software", "software-type": "software", "wikidataId": "Q698", "wikipediaExternalRef": 210892, "lang": "en", "confidence": 0.8759, "software-name": {"rawForm": "Firefox", "normalizedForm": "Firefox", "wikidataId": "Q698", "wikipediaExternalRef": 210892, "lang": "en", "confidence": 0.8759, "offsetStart": 86, "offsetEnd": 93}, "version": {"rawForm": "88.0.1", "normalizedForm": "88.0.1", "offsetStart": 94, "offsetEnd": 100}, "publisher": {"rawForm": "Fedora", "normalizedForm": "Fedora", "offsetStart": 104, "offsetEnd": 110}, "context": "The smallest Mintaka file is 3.8M, and the 280kB output is generated in about 1.5s in Firefox 88.0.1 on Fedora 32 with an Intel Core i7x12 and 16GB RAM. ", "mentionContextAttributes": {"used": {"value": true, "score": 0.7542883157730103}, "created": {"value": false, "score": 6.276369094848633e-05}, "shared": {"value": false, "score": 1.2516975402832031e-06}}, "documentContextAttributes": {"used": {"value": true, "score": 0.7542883157730103}, "created": {"value": false, "score": 6.276369094848633e-05}, "shared": {"value": false, "score": 1.2516975402832031e-06}}}, {"type": "software", "software-type": "software", "software-name": {"rawForm": "XQuery", "normalizedForm": "XQuery", "offsetStart": 104, "offsetEnd": 110}, "context": "Notable examples are XQuery for XML data [14], JSONiq for JSON data [7] -which was strongly inspired by XQuery -, and formula languages that back graphical tools, such as the M language in Power BI [2]. ", "mentionContextAttributes": {"used": {"value": false, "score": 0.00012022256851196289}, "created": {"value": false, "score": 0.0001399517059326172}, "shared": {"value": false, "score": 4.172325134277344e-07}}, "documentContextAttributes": {"used": {"value": true, "score": 0.766146719455719}, "created": {"value": false, "score": 0.0001399517059326172}, "shared": {"value": false, "score": 4.172325134277344e-07}}}, {"type": "software", "software-type": "software", "software-name": {"rawForm": "ChatGPT", "normalizedForm": "ChatGPT", "offsetStart": 106, "offsetEnd": 113}, "context": "Section 7 evaluates the strengths and weaknesses of our approach, comparing it with plain programming and ChatGPT-assisted programming. ", "mentionContextAttributes": {"used": {"value": false, "score": 0.0021860599517822266}, "created": {"value": false, "score": 0.0002650022506713867}, "shared": {"value": false, "score": 1.7881393432617188e-07}}, "documentContextAttributes": {"used": {"value": true, "score": 0.9980491995811462}, "created": {"value": false, "score": 0.05392467975616455}, "shared": {"value": false, "score": 2.4437904357910156e-06}}}, {"type": "software", "software-type": "software", "software-name": {"rawForm": "ChatGPT", "normalizedForm": "ChatGPT", "offsetStart": 111, "offsetEnd": 118}, "context": "Its strengths and weaknesses are evaluated on a representative use case, and compared to plain programming and ChatGPT-assisted programming.", "mentionContextAttributes": {"used": {"value": true, "score": 0.9980491995811462}, "created": {"value": false, "score": 5.40614128112793e-05}, "shared": {"value": false, "score": 2.980232238769531e-07}}, "documentContextAttributes": {"used": {"value": true, "score": 0.9980491995811462}, "created": {"value": false, "score": 0.05392467975616455}, "shared": {"value": false, "score": 2.4437904357910156e-06}}}, {"type": "software", "software-type": "implicit", "software-name": {"rawForm": "programs", "normalizedForm": "programs", "offsetStart": 129, "offsetEnd": 137}, "language": {"rawForm": "Python", "normalizedForm": "Python"}, "context": "Supplementary materials are available online2 for the motivating example and evaluation use case (input and output files, Python programs and JSONiq queries, chat logs, and a Dexteris screencast).", "mentionContextAttributes": {"used": {"value": false, "score": 0.00021910667419433594}, "created": {"value": false, "score": 0.0001666545867919922}, "shared": {"value": false, "score": 0.0001690387725830078}}, "documentContextAttributes": {"used": {"value": false, "score": 0.032849013805389404}, "created": {"value": false, "score": 0.0001666545867919922}, "shared": {"value": false, "score": 0.0001690387725830078}}}, {"type": "software", "software-type": "implicit", "software-name": {"rawForm": "program", "normalizedForm": "program", "offsetStart": 172, "offsetEnd": 179}, "language": {"rawForm": "Python", "normalizedForm": "Python", "wikidataId": "Q28865", "offsetStart": 191, "offsetEnd": 197}, "context": "On a first attempt3 , we gave it a representative excerpt of the JSON file (2 questions of different types), and the expected output, then we asked it to generate a Python program to do the translation. ", "mentionContextAttributes": {"used": {"value": true, "score": 0.9990788698196411}, "created": {"value": false, "score": 0.0013843178749084473}, "shared": {"value": false, "score": 4.172325134277344e-07}}, "documentContextAttributes": {"used": {"value": true, "score": 0.9998980164527893}, "created": {"value": false, "score": 0.0013843178749084473}, "shared": {"value": false, "score": 6.556510925292969e-07}}}, {"type": "software", "software-type": "software", "software-name": {"rawForm": "Dexteris", "normalizedForm": "Dexteris", "offsetStart": 175, "offsetEnd": 183}, "context": "Supplementary materials are available online2 for the motivating example and evaluation use case (input and output files, Python programs and JSONiq queries, chat logs, and a Dexteris screencast).", "mentionContextAttributes": {"used": {"value": false, "score": 0.00021910667419433594}, "created": {"value": false, "score": 0.0001666545867919922}, "shared": {"value": false, "score": 0.0001690387725830078}}, "documentContextAttributes": {"used": {"value": true, "score": 0.9999814629554749}, "created": {"value": true, "score": 0.9999346137046814}, "shared": {"value": true, "score": 0.8375871181488037}}}, {"type": "software", "software-type": "software", "software-name": {"rawForm": "Dexteris", "normalizedForm": "Dexteris", "offsetStart": 241, "offsetEnd": 250}, "context": "1. a guided query builder approach to data exploration and transformation, based on the N<A>F design pattern, where arbitrary computations can be achieved, and only primitive inputs are required from end-users; 2. an online prototype called Dexteris1 , running as a client-side web application.", "mentionContextAttributes": {"used": {"value": false, "score": 3.546476364135742e-05}, "created": {"value": true, "score": 0.5074057579040527}, "shared": {"value": false, "score": 1.7344951629638672e-05}}, "documentContextAttributes": {"used": {"value": true, "score": 0.9999814629554749}, "created": {"value": true, "score": 0.9999346137046814}, "shared": {"value": true, "score": 0.8375871181488037}}}, {"type": "software", "software-type": "software", "software-name": {"rawForm": "printJSON", "normalizedForm": "printJSON", "offsetStart": 305, "offsetEnd": 314}, "context": "/ parseCSV(\u2022) / for * in \u2022 / {\"id\": ()} / $(project id) / \"name\": () / $(project name) / up / let $project := \u2022 / $members / split(\u2022, ()) / \", \" / up / for $member in \u2022 / group by $member / {\"member\": ()} / $member / \"projects\": () / $project / [ \u2022 ] / \"project number\": () / $project / count(\u2022) / up 6 / printJSON(\u2022)", "mentionContextAttributes": {"used": {"value": false, "score": 0.2352060079574585}, "created": {"value": false, "score": 2.086162567138672e-06}, "shared": {"value": false, "score": 1.0669231414794922e-05}}, "documentContextAttributes": {"used": {"value": true, "score": 0.7967684864997864}, "created": {"value": false, "score": 1.6748905181884766e-05}, "shared": {"value": false, "score": 1.0669231414794922e-05}}}, {"type": "software", "software-type": "implicit", "software-name": {"rawForm": "programs", "normalizedForm": "programs", "offsetStart": 815, "offsetEnd": 823}, "language": {"rawForm": "Python", "normalizedForm": "Python", "wikidataId": "Q28865", "offsetStart": 808, "offsetEnd": 814}, "context": "safeness: the program (the JSONiq query) is valid at all time, there are no issues with syntax errors or runtime errors; program introspection: every part of the program can be introspected (and modified) by moving the focus around, like consulting values extracted from the inputs, verifying some sub-computation, or unfolding an iteration; data-centric view: no need to go forth and back between the data and the program, no need to switch between the programming language and textual prompts, the data are right there and determine what program constructions can be inserted, e.g. a JSON list suggests to insert an iteration, only the variables that are in scope and of the right type are suggested; robustness: peculiar cases in the input data are smoothly handled whereas they trigger runtime errors in Python programs, human-or machinegenerated, e.g. an empty sequence is generated in case of a missing field.", "mentionContextAttributes": {"used": {"value": false, "score": 0.032849013805389404}, "created": {"value": false, "score": 3.337860107421875e-06}, "shared": {"value": false, "score": 2.7418136596679688e-06}}, "documentContextAttributes": {"used": {"value": false, "score": 0.032849013805389404}, "created": {"value": false, "score": 0.0001666545867919922}, "shared": {"value": false, "score": 0.0001690387725830078}}}], "references": [{"refKey": 11, "tei": "<biblStruct xml:id=\"b11\">\n\t<analytic>\n\t\t<title level=\"a\" type=\"main\">Scratch: programming for all</title>\n\t\t<author>\n\t\t\t<persName><forename type=\"first\">M</forename><surname>Resnick</surname></persName>\n\t\t</author>\n\t\t<author>\n\t\t\t<persName><forename type=\"first\">J</forename><surname>Maloney</surname></persName>\n\t\t</author>\n\t\t<author>\n\t\t\t<persName><forename type=\"first\">A</forename><surname>Monroy-Hern\u00e1ndez</surname></persName>\n\t\t</author>\n\t\t<author>\n\t\t\t<persName><forename type=\"first\">N</forename><surname>Rusk</surname></persName>\n\t\t</author>\n\t\t<author>\n\t\t\t<persName><forename type=\"first\">E</forename><surname>Eastmond</surname></persName>\n\t\t</author>\n\t\t<author>\n\t\t\t<persName><forename type=\"first\">K</forename><surname>Brennan</surname></persName>\n\t\t</author>\n\t\t<author>\n\t\t\t<persName><forename type=\"first\">A</forename><surname>Millner</surname></persName>\n\t\t</author>\n\t\t<author>\n\t\t\t<persName><forename type=\"first\">E</forename><surname>Rosenbaum</surname></persName>\n\t\t</author>\n\t\t<author>\n\t\t\t<persName><forename type=\"first\">J</forename><surname>Silver</surname></persName>\n\t\t</author>\n\t\t<author>\n\t\t\t<persName><forename type=\"first\">B</forename><surname>Silverman</surname></persName>\n\t\t</author>\n\t</analytic>\n\t<monogr>\n\t\t<title level=\"j\">Communications of the ACM</title>\n\t\t<imprint>\n\t\t\t<biblScope unit=\"volume\">52</biblScope>\n\t\t\t<biblScope unit=\"issue\">11</biblScope>\n\t\t\t<biblScope unit=\"page\">67</biblScope>\n\t\t\t<date>2009</date>\n\t\t</imprint>\n\t</monogr>\n</biblStruct>\n"}], "runtime": 66183, "id": "49616984248a89174b428fa007aa3e3cc4f32b51", "metadata": {"id": "49616984248a89174b428fa007aa3e3cc4f32b51"}, "original_file_path": "../../datalake/Samuel/SOFTware-Sync/data/xml_not_sofctied/hal-04186117.grobid.tei.xml", "file_name": "hal-04186117.grobid.tei.xml"}