{"application": "software-mentions", "version": "0.8.0", "date": "2024-04-12T15:58+0000", "md5": "38A4E026F7C27E801945CC1256EEDDC6", "mentions": [{"type": "software", "software-type": "software", "software-name": {"rawForm": "signSGD", "normalizedForm": "signSGD", "offsetStart": 3, "offsetEnd": 14}, "context": "In signSGD [52], all the clients calculate the stochastic gradient based on a single mini-batch and then send the sign vector of this gradient to the server. ", "mentionContextAttributes": {"used": {"value": false, "score": 0.0038503408432006836}, "created": {"value": false, "score": 3.933906555175781e-06}, "shared": {"value": false, "score": 1.1920928955078125e-07}}, "documentContextAttributes": {"used": {"value": false, "score": 0.0038503408432006836}, "created": {"value": false, "score": 3.933906555175781e-06}, "shared": {"value": false, "score": 1.1920928955078125e-07}}}, {"type": "software", "software-type": "software", "wikidataId": "Q28470421", "wikipediaExternalRef": 51650259, "lang": "en", "confidence": 0.7419, "software-name": {"rawForm": "Keras", "normalizedForm": "Keras", "wikidataId": "Q28470421", "wikipediaExternalRef": 51650259, "lang": "en", "confidence": 0.7419, "offsetStart": 7, "offsetEnd": 12}, "version": {"rawForm": "2.2.0", "normalizedForm": "2.2.0", "offsetStart": 13, "offsetEnd": 23}, "context": "We use Keras 2.2.0 [40] with a TensorFlow backend 1.12.0 [41] and Numpy 1.14.3 [42] to implement our models and experiments. ", "mentionContextAttributes": {"used": {"value": true, "score": 0.9903169870376587}, "created": {"value": false, "score": 0.00010025501251220703}, "shared": {"value": false, "score": 1.1920928955078125e-07}}, "documentContextAttributes": {"used": {"value": true, "score": 0.9903169870376587}, "created": {"value": false, "score": 0.00010025501251220703}, "shared": {"value": false, "score": 1.1920928955078125e-07}}, "references": [{"label": "[40]", "normalizedForm": "[40]", "refKey": 40, "offsetStart": 33326, "offsetEnd": 33330}]}, {"type": "software", "software-type": "software", "software-name": {"rawForm": "Count-Sketch", "normalizedForm": "Count-Sketch", "offsetStart": 28, "offsetEnd": 45}, "context": "The authors proposed to use Count-Sketch [64] to retrieve the largest weights in the update vector on the server side. ", "mentionContextAttributes": {"used": {"value": true, "score": 0.9964156150817871}, "created": {"value": false, "score": 9.965896606445312e-05}, "shared": {"value": false, "score": 1.1920928955078125e-07}}, "documentContextAttributes": {"used": {"value": true, "score": 0.9964156150817871}, "created": {"value": false, "score": 9.965896606445312e-05}, "shared": {"value": false, "score": 1.1920928955078125e-07}}}, {"type": "software", "software-type": "software", "wikidataId": "Q21447895", "wikipediaExternalRef": 48508507, "lang": "en", "confidence": 0.9154, "software-name": {"rawForm": "TensorFlow", "normalizedForm": "TensorFlow", "wikidataId": "Q21447895", "wikipediaExternalRef": 48508507, "lang": "en", "confidence": 0.9154, "offsetStart": 31, "offsetEnd": 41}, "version": {"rawForm": "1.12.0", "normalizedForm": "1.12.0", "offsetStart": 50, "offsetEnd": 61}, "context": "We use Keras 2.2.0 [40] with a TensorFlow backend 1.12.0 [41] and Numpy 1.14.3 [42] to implement our models and experiments. ", "mentionContextAttributes": {"used": {"value": true, "score": 0.9903169870376587}, "created": {"value": false, "score": 0.00010025501251220703}, "shared": {"value": false, "score": 1.1920928955078125e-07}}, "documentContextAttributes": {"used": {"value": true, "score": 0.9903169870376587}, "created": {"value": false, "score": 0.00010025501251220703}, "shared": {"value": false, "score": 1.1920928955078125e-07}}, "references": [{"label": "[41]", "normalizedForm": "[41]", "refKey": 41, "offsetStart": 33364, "offsetEnd": 33368}]}, {"type": "software", "software-type": "software", "wikidataId": "Q381", "wikipediaExternalRef": 990298, "lang": "en", "confidence": 0.8775, "software-name": {"rawForm": "Ubuntu", "normalizedForm": "Ubuntu", "wikidataId": "Q381", "wikipediaExternalRef": 990298, "lang": "en", "confidence": 0.8775, "offsetStart": 51, "offsetEnd": 57}, "version": {"rawForm": ".04", "normalizedForm": ".04", "offsetStart": 60, "offsetEnd": 63}, "context": "Our experiments were performed on a server running Ubuntu 18.04 LTS equipped with a Intel(R) Xeon(R) Silver 4114 CPU @ 2.20GHz, 192GB RAM, and two NVIDIA Quadro P5000 GPU card of 16 Go each. ", "mentionContextAttributes": {"used": {"value": true, "score": 0.999915361404419}, "created": {"value": false, "score": 0.01847320795059204}, "shared": {"value": false, "score": 3.5762786865234375e-07}}, "documentContextAttributes": {"used": {"value": true, "score": 0.999915361404419}, "created": {"value": false, "score": 0.01847320795059204}, "shared": {"value": false, "score": 3.5762786865234375e-07}}}, {"type": "software", "software-type": "software", "wikidataId": "Q197520", "wikipediaExternalRef": 381782, "lang": "en", "confidence": 0.546, "software-name": {"rawForm": "Numpy", "normalizedForm": "Numpy", "wikidataId": "Q197520", "wikipediaExternalRef": 381782, "lang": "en", "confidence": 0.546, "offsetStart": 66, "offsetEnd": 71}, "context": "We use Keras 2.2.0 [40] with a TensorFlow backend 1.12.0 [41] and Numpy 1.14.3 [42] to implement our models and experiments. ", "mentionContextAttributes": {"used": {"value": true, "score": 0.9903169870376587}, "created": {"value": false, "score": 0.00010025501251220703}, "shared": {"value": false, "score": 1.1920928955078125e-07}}, "documentContextAttributes": {"used": {"value": true, "score": 0.9903169870376587}, "created": {"value": false, "score": 0.00010025501251220703}, "shared": {"value": false, "score": 1.1920928955078125e-07}}, "references": [{"label": "[42]", "normalizedForm": "[42]", "refKey": 42, "offsetStart": 33386, "offsetEnd": 33390}]}], "references": [{"refKey": 40, "tei": "<biblStruct xml:id=\"b40\">\n\t<monogr>\n\t\t<author>\n\t\t\t<persName><forename type=\"first\">Chollet</forename><surname>Franc</surname></persName>\n\t\t</author>\n\t\t<title level=\"m\">Keras</title>\n\t\t<imprint>\n\t\t\t<date>2015</date>\n\t\t</imprint>\n\t</monogr>\n</biblStruct>\n"}, {"refKey": 41, "tei": "<biblStruct xml:id=\"b41\">\n\t<analytic>\n\t\t<title level=\"a\" type=\"main\">TensorFlow: learning functions at scale</title>\n\t\t<author>\n\t\t\t<persName><forename type=\"first\">Mart\u00edn</forename><surname>Abadi</surname></persName>\n\t\t</author>\n\t\t<idno type=\"DOI\">10.1145/2951913.2976746</idno>\n\t</analytic>\n\t<monogr>\n\t\t<title level=\"m\">Proceedings of the 21st ACM SIGPLAN International Conference on Functional Programming</title>\n\t\t<title level=\"s\">Software available from tensorflow</title>\n\t\t<meeting>the 21st ACM SIGPLAN International Conference on Functional Programming</meeting>\n\t\t<imprint>\n\t\t\t<publisher>ACM</publisher>\n\t\t\t<date type=\"published\" when=\"2016-09-04\">2015</date>\n\t\t</imprint>\n\t</monogr>\n</biblStruct>\n"}, {"refKey": 42, "tei": "<biblStruct xml:id=\"b42\">\n\t<monogr>\n\t\t<author>\n\t\t\t<persName><forename type=\"first\">Travis</forename><forename type=\"middle\">E</forename><surname>Oliphant</surname></persName>\n\t\t</author>\n\t\t<title level=\"m\">A guide to NumPy</title>\n\t\t<imprint>\n\t\t\t<publisher>Trelgol Publishing USA</publisher>\n\t\t\t<date>2006</date>\n\t\t\t<biblScope unit=\"volume\">1</biblScope>\n\t\t</imprint>\n\t</monogr>\n</biblStruct>\n"}], "runtime": 50903, "id": "cc8500b22e0fa29f807dfe72efb8104d6b714b3a", "metadata": {"id": "cc8500b22e0fa29f807dfe72efb8104d6b714b3a"}, "original_file_path": "../../datalake/Samuel/SOFTware-Sync/data/xml_files/hal-03066941.grobid.tei.xml", "file_name": "hal-03066941.grobid.tei.xml"}