{"application": "software-mentions", "version": "0.8.0", "date": "2024-04-12T16:11+0000", "md5": "F7BC90A3BB2E0E8EF7A55612129D57EE", "mentions": [{"type": "software", "software-type": "software", "software-name": {"rawForm": "MediaBiasFactCheck", "normalizedForm": "MediaBiasFactCheck", "offsetStart": 0, "offsetEnd": 18}, "context": "MediaBiasFactCheck computes a media source's political bias taking into account bias by story selection, bias by omission, or bias by labeling, among others. ", "mentionContextAttributes": {"used": {"value": false, "score": 0.0012697577476501465}, "created": {"value": false, "score": 1.0609626770019531e-05}, "shared": {"value": false, "score": 2.2649765014648438e-06}}, "documentContextAttributes": {"used": {"value": false, "score": 0.3286285996437073}, "created": {"value": false, "score": 0.0014477372169494629}, "shared": {"value": false, "score": 1.0728836059570312e-05}}}, {"type": "software", "software-type": "software", "software-name": {"rawForm": "MediaBiasFactCheck", "normalizedForm": "MediaBiasFactCheck", "offsetStart": 80, "offsetEnd": 98}, "context": "We give each media outlet a label measuring its political leaning, according to MediaBiasFactCheck: center, left-center, right-center, left, right, questionable, and others. ", "mentionContextAttributes": {"used": {"value": false, "score": 0.3286285996437073}, "created": {"value": false, "score": 0.0014477372169494629}, "shared": {"value": false, "score": 1.0728836059570312e-05}}, "documentContextAttributes": {"used": {"value": false, "score": 0.3286285996437073}, "created": {"value": false, "score": 0.0014477372169494629}, "shared": {"value": false, "score": 1.0728836059570312e-05}}}, {"type": "software", "software-type": "software", "software-name": {"rawForm": "MGN ReLU", "normalizedForm": "MGN ReLU", "offsetStart": 87, "offsetEnd": 95}, "context": "Finally, we add the multi granularity model proposed in (Da San Martino et al., 2019), MGN ReLU. ", "mentionContextAttributes": {"used": {"value": false, "score": 0.0009862184524536133}, "created": {"value": true, "score": 0.9961984753608704}, "shared": {"value": false, "score": 2.384185791015625e-07}}, "documentContextAttributes": {"used": {"value": false, "score": 0.0009862184524536133}, "created": {"value": true, "score": 0.9961984753608704}, "shared": {"value": false, "score": 2.384185791015625e-07}}}], "references": [], "runtime": 61566, "id": "24f629dc9c3d2c32a26454c8b7e7a63a8a869885", "metadata": {"id": "24f629dc9c3d2c32a26454c8b7e7a63a8a869885"}, "original_file_path": "../../datalake/Samuel/SOFTware-Sync/data/xml_files/hal-03351621.grobid.tei.xml", "file_name": "hal-03351621.grobid.tei.xml"}