{"application": "software-mentions", "version": "0.8.0", "date": "2024-04-12T15:52+0000", "md5": "C779F682F5B5BE1E173DBB04ACFB1D3D", "mentions": [{"type": "software", "software-type": "software", "software-name": {"rawForm": "MaxHedge", "normalizedForm": "MaxHedge", "offsetStart": 0, "offsetEnd": 8}, "context": "MaxHedge maintains a vector \u03c9 \u2208 C where C := {x \u2208 [0, 1] n : x, z \u2264 1}.", "mentionContextAttributes": {"used": {"value": false, "score": 0.0002589225769042969}, "created": {"value": false, "score": 9.119510650634766e-06}, "shared": {"value": false, "score": 5.364418029785156e-07}}, "documentContextAttributes": {"used": {"value": true, "score": 0.9999482035636902}, "created": {"value": true, "score": 0.9999200701713562}, "shared": {"value": false, "score": 8.940696716308594e-07}}}, {"type": "software", "software-type": "software", "software-name": {"rawForm": "MaxHedge", "normalizedForm": "MaxHedge", "offsetStart": 28, "offsetEnd": 36}, "context": "After receiving r t and c t MaxHedge updates \u03c9 (from \u03c9 t to \u03c9 t+1 ) using Algorithm 2. Algorithm 2 also uses a \"learning rate\" \u03b7t which is defined from \u03b7t-1 . ", "mentionContextAttributes": {"used": {"value": true, "score": 0.594586968421936}, "created": {"value": false, "score": 4.231929779052734e-06}, "shared": {"value": false, "score": 2.980232238769531e-07}}, "documentContextAttributes": {"used": {"value": true, "score": 0.9999482035636902}, "created": {"value": true, "score": 0.9999200701713562}, "shared": {"value": false, "score": 8.940696716308594e-07}}}, {"type": "software", "software-type": "software", "software-name": {"rawForm": "MaxHedge", "normalizedForm": "MaxHedge", "offsetStart": 34, "offsetEnd": 42}, "context": "We initialise \u03c9 1 \u2190 0. On trial t MaxHedge (randomly) constructs X t from \u03c9 t using Algorithm 1.", "mentionContextAttributes": {"used": {"value": true, "score": 0.9802883267402649}, "created": {"value": false, "score": 8.404254913330078e-06}, "shared": {"value": false, "score": 1.7881393432617188e-07}}, "documentContextAttributes": {"used": {"value": true, "score": 0.9999482035636902}, "created": {"value": true, "score": 0.9999200701713562}, "shared": {"value": false, "score": 8.940696716308594e-07}}}, {"type": "software", "software-type": "software", "software-name": {"rawForm": "MaxHedge", "normalizedForm": "MaxHedge", "offsetStart": 37, "offsetEnd": 45}, "context": "We now present our learning strategy MaxHedge, describing the two subroutines \"Algorithm 1\" and \"Algorithm 2\" (see the pseudocode below).", "mentionContextAttributes": {"used": {"value": false, "score": 0.00010460615158081055}, "created": {"value": true, "score": 0.9997122287750244}, "shared": {"value": false, "score": 2.980232238769531e-07}}, "documentContextAttributes": {"used": {"value": true, "score": 0.9999482035636902}, "created": {"value": true, "score": 0.9999200701713562}, "shared": {"value": false, "score": 8.940696716308594e-07}}}, {"type": "software", "software-type": "software", "software-name": {"rawForm": "MaxHedge", "normalizedForm": "MaxHedge", "offsetStart": 49, "offsetEnd": 57}, "context": "Some of the techniques behind the development of MaxHedge were inspired by [25].", "mentionContextAttributes": {"used": {"value": false, "score": 0.1433214545249939}, "created": {"value": false, "score": 0.11639821529388428}, "shared": {"value": false, "score": 2.980232238769531e-07}}, "documentContextAttributes": {"used": {"value": true, "score": 0.9999482035636902}, "created": {"value": true, "score": 0.9999200701713562}, "shared": {"value": false, "score": 8.940696716308594e-07}}}, {"type": "software", "software-type": "software", "software-name": {"rawForm": "MaxHedge", "normalizedForm": "MaxHedge", "offsetStart": 50, "offsetEnd": 58}, "context": "In this section we bound the cumulative profit of MaxHedge.", "mentionContextAttributes": {"used": {"value": true, "score": 0.9999482035636902}, "created": {"value": false, "score": 0.020715773105621338}, "shared": {"value": false, "score": 5.364418029785156e-07}}, "documentContextAttributes": {"used": {"value": true, "score": 0.9999482035636902}, "created": {"value": true, "score": 0.9999200701713562}, "shared": {"value": false, "score": 8.940696716308594e-07}}}, {"type": "software", "software-type": "software", "software-name": {"rawForm": "MaxHedge", "normalizedForm": "MaxHedge", "offsetStart": 53, "offsetEnd": 61}, "context": "In Section 3 we introduce the algorithms that define MaxHedge.", "mentionContextAttributes": {"used": {"value": false, "score": 5.2988529205322266e-05}, "created": {"value": true, "score": 0.9999200701713562}, "shared": {"value": false, "score": 2.980232238769531e-07}}, "documentContextAttributes": {"used": {"value": true, "score": 0.9999482035636902}, "created": {"value": true, "score": 0.9999200701713562}, "shared": {"value": false, "score": 8.940696716308594e-07}}}, {"type": "software", "software-type": "software", "software-name": {"rawForm": "MaxHedge", "normalizedForm": "MaxHedge", "offsetStart": 59, "offsetEnd": 67}, "context": "They also have a significantly higher time complexity than MaxHedge in the case of zero reward.", "mentionContextAttributes": {"used": {"value": false, "score": 0.02661275863647461}, "created": {"value": false, "score": 1.0669231414794922e-05}, "shared": {"value": false, "score": 2.980232238769531e-07}}, "documentContextAttributes": {"used": {"value": true, "score": 0.9999482035636902}, "created": {"value": true, "score": 0.9999200701713562}, "shared": {"value": false, "score": 8.940696716308594e-07}}}, {"type": "software", "software-type": "software", "software-name": {"rawForm": "MaxHedge", "normalizedForm": "MaxHedge", "offsetStart": 59, "offsetEnd": 67}, "context": "In Section 4 we prove that the sets of actions selected by MaxHedge are feasible.", "mentionContextAttributes": {"used": {"value": true, "score": 0.9970098733901978}, "created": {"value": false, "score": 0.004296660423278809}, "shared": {"value": false, "score": 1.7881393432617188e-07}}, "documentContextAttributes": {"used": {"value": true, "score": 0.9999482035636902}, "created": {"value": true, "score": 0.9999200701713562}, "shared": {"value": false, "score": 8.940696716308594e-07}}}, {"type": "software", "software-type": "software", "software-name": {"rawForm": "MaxHedge", "normalizedForm": "MaxHedge", "offsetStart": 68, "offsetEnd": 76}, "context": "Given some set S with i\u2208S z i \u2264 1 the expected cumulative profit of MaxHedge is then bounded below by:", "mentionContextAttributes": {"used": {"value": true, "score": 0.7014845609664917}, "created": {"value": false, "score": 3.7550926208496094e-06}, "shared": {"value": false, "score": 2.980232238769531e-07}}, "documentContextAttributes": {"used": {"value": true, "score": 0.9999482035636902}, "created": {"value": true, "score": 0.9999200701713562}, "shared": {"value": false, "score": 8.940696716308594e-07}}}, {"type": "software", "software-type": "software", "software-name": {"rawForm": "MaxHedge", "normalizedForm": "MaxHedge", "offsetStart": 78, "offsetEnd": 86}, "context": "In this paper we provide a randomised quasi-linear time (per trial) algorithm MaxHedge that, for any set S \u2286 [n] with i\u2208S z i \u2264 1, obtains an expected cumulative profit bounded below by:", "mentionContextAttributes": {"used": {"value": false, "score": 0.0009377598762512207}, "created": {"value": true, "score": 0.9970731139183044}, "shared": {"value": false, "score": 4.172325134277344e-07}}, "documentContextAttributes": {"used": {"value": true, "score": 0.9999482035636902}, "created": {"value": true, "score": 0.9999200701713562}, "shared": {"value": false, "score": 8.940696716308594e-07}}}, {"type": "software", "software-type": "software", "software-name": {"rawForm": "MaxHedge", "normalizedForm": "MaxHedge", "offsetStart": 84, "offsetEnd": 92}, "context": "We proposed and rigorously analysed a very scalable and efficient learning strategy MaxHedge.", "mentionContextAttributes": {"used": {"value": false, "score": 9.387731552124023e-05}, "created": {"value": true, "score": 0.9999157786369324}, "shared": {"value": false, "score": 1.7881393432617188e-07}}, "documentContextAttributes": {"used": {"value": true, "score": 0.9999482035636902}, "created": {"value": true, "score": 0.9999200701713562}, "shared": {"value": false, "score": 8.940696716308594e-07}}}, {"type": "software", "software-type": "software", "software-name": {"rawForm": "MaxHedge", "normalizedForm": "MaxHedge", "offsetStart": 91, "offsetEnd": 99}, "context": "For our general problem we propose and rigorously analyse a very scalable algorithm called MaxHedge based on the complex interplay between satisfying the energy budget constraint and bounding the profit by a concave function, which in turn is related to the online gradient descent algorithm.", "mentionContextAttributes": {"used": {"value": false, "score": 0.00011092424392700195}, "created": {"value": true, "score": 0.999660849571228}, "shared": {"value": false, "score": 5.364418029785156e-07}}, "documentContextAttributes": {"used": {"value": true, "score": 0.9999482035636902}, "created": {"value": true, "score": 0.9999200701713562}, "shared": {"value": false, "score": 8.940696716308594e-07}}}, {"type": "software", "software-type": "software", "software-name": {"rawForm": "MaxHedge", "normalizedForm": "MaxHedge", "offsetStart": 167, "offsetEnd": 175}, "context": "Note that this is the special case of our problem when, for all i \u2208 [n] and t \u2208 [T ] we have z i = 0 and c t i \u2265 0. Given some set S the expected cumulative profit of MaxHedge is then bounded below by:", "mentionContextAttributes": {"used": {"value": true, "score": 0.7596796751022339}, "created": {"value": false, "score": 3.522634506225586e-05}, "shared": {"value": false, "score": 7.748603820800781e-07}}, "documentContextAttributes": {"used": {"value": true, "score": 0.9999482035636902}, "created": {"value": true, "score": 0.9999200701713562}, "shared": {"value": false, "score": 8.940696716308594e-07}}}, {"type": "software", "software-type": "software", "software-name": {"rawForm": "MaxHedge", "normalizedForm": "MaxHedge", "offsetStart": 172, "offsetEnd": 180}, "context": "Note that this is the special case of our problem when, for all i \u2208 [n] and t \u2208 [T ] we have c t i = 0. Given some set S with i\u2208S z i \u2264 1 the expected cumulative reward of MaxHedge is then bounded below by:", "mentionContextAttributes": {"used": {"value": true, "score": 0.8717727065086365}, "created": {"value": false, "score": 2.0325183868408203e-05}, "shared": {"value": false, "score": 8.940696716308594e-07}}, "documentContextAttributes": {"used": {"value": true, "score": 0.9999482035636902}, "created": {"value": true, "score": 0.9999200701713562}, "shared": {"value": false, "score": 8.940696716308594e-07}}}, {"type": "software", "software-type": "software", "software-name": {"rawForm": "MaxHedge", "normalizedForm": "MaxHedge", "offsetStart": 290, "offsetEnd": 298}, "context": "However, as we shall show in Appendix D, we could, for the facility location special case, combine much of the mechanics of our paper with the second algorithm of [3], essentially doing gradient ascent with the exact expected profit instead of an approximate expected profit (as is done in MaxHedge).", "mentionContextAttributes": {"used": {"value": true, "score": 0.9945588111877441}, "created": {"value": false, "score": 0.0032188892364501953}, "shared": {"value": false, "score": 2.980232238769531e-07}}, "documentContextAttributes": {"used": {"value": true, "score": 0.9999482035636902}, "created": {"value": true, "score": 0.9999200701713562}, "shared": {"value": false, "score": 8.940696716308594e-07}}}], "references": [], "runtime": 57025, "id": "6c7cfad06c7b6e12d1c3e1c0eb04b93abad5a2c4", "metadata": {"id": "6c7cfad06c7b6e12d1c3e1c0eb04b93abad5a2c4"}, "original_file_path": "../../datalake/Samuel/SOFTware-Sync/data/xml_files/hal-02376987.grobid.tei.xml", "file_name": "hal-02376987.grobid.tei.xml"}