{"application": "software-mentions", "version": "0.8.0", "date": "2024-04-12T17:25+0000", "md5": "EEBCAE59B80F608612B4CC5DE309D014", "mentions": [{"type": "software", "software-type": "software", "software-name": {"rawForm": "GUsT-3D", "normalizedForm": "GUsT-3D", "offsetStart": 4, "offsetEnd": 11}, "context": "The GUsT-3D system is developed on Unity using the C# language.", "mentionContextAttributes": {"used": {"value": false, "score": 0.022306978702545166}, "created": {"value": false, "score": 0.1653425097465515}, "shared": {"value": false, "score": 4.76837158203125e-07}}, "documentContextAttributes": {"used": {"value": false, "score": 0.022306978702545166}, "created": {"value": true, "score": 0.9998164772987366}, "shared": {"value": false, "score": 5.9604644775390625e-06}}}, {"type": "software", "software-type": "software", "software-name": {"rawForm": "GUsT-3D", "normalizedForm": "GUsT-3D", "offsetStart": 15, "offsetEnd": 22}, "context": "We created the GUsT-3D system to seek answers to the research questions. ", "mentionContextAttributes": {"used": {"value": false, "score": 6.628036499023438e-05}, "created": {"value": true, "score": 0.9998164772987366}, "shared": {"value": false, "score": 3.5762786865234375e-07}}, "documentContextAttributes": {"used": {"value": false, "score": 0.022306978702545166}, "created": {"value": true, "score": 0.9998164772987366}, "shared": {"value": false, "score": 5.9604644775390625e-06}}}, {"type": "software", "software-type": "software", "software-name": {"rawForm": "GUsT-3D", "normalizedForm": "GUsT-3D", "offsetStart": 23, "offsetEnd": 30}, "context": "In it's current state, GUsT-3D allows the creation of an ontology with layers and environment properties, annotation of objects composing the VR environment and the creation of scenarios : a list of tasks to achieve in a precise order with goals such as going somewhere, taking something, etc. Guidance of the user is based on the time spent on a task. ", "mentionContextAttributes": {"used": {"value": false, "score": 0.00025409460067749023}, "created": {"value": false, "score": 0.06205683946609497}, "shared": {"value": false, "score": 5.9604644775390625e-06}}, "documentContextAttributes": {"used": {"value": false, "score": 0.022306978702545166}, "created": {"value": true, "score": 0.9998164772987366}, "shared": {"value": false, "score": 5.9604644775390625e-06}}}, {"type": "software", "software-type": "software", "software-name": {"rawForm": "Blender", "normalizedForm": "Blender", "offsetStart": 167, "offsetEnd": 174}, "context": "Regarding experience with tools available on the market, the 6 participants declared having experience with Unity and some have experience with other software such as Blender and Unreal Engine. ", "mentionContextAttributes": {"used": {"value": true, "score": 0.9974749684333801}, "created": {"value": false, "score": 0.0005435347557067871}, "shared": {"value": false, "score": 1.2874603271484375e-05}}, "documentContextAttributes": {"used": {"value": true, "score": 0.9974749684333801}, "created": {"value": false, "score": 0.0005435347557067871}, "shared": {"value": false, "score": 1.2874603271484375e-05}}}, {"type": "software", "software-type": "software", "software-name": {"rawForm": "Unreal Engine", "normalizedForm": "Unreal Engine", "offsetStart": 179, "offsetEnd": 192}, "context": "Regarding experience with tools available on the market, the 6 participants declared having experience with Unity and some have experience with other software such as Blender and Unreal Engine. ", "mentionContextAttributes": {"used": {"value": true, "score": 0.9974749684333801}, "created": {"value": false, "score": 0.0005435347557067871}, "shared": {"value": false, "score": 1.2874603271484375e-05}}, "documentContextAttributes": {"used": {"value": true, "score": 0.9974749684333801}, "created": {"value": false, "score": 0.0005435347557067871}, "shared": {"value": false, "score": 1.2874603271484375e-05}}}], "references": [], "runtime": 25336, "id": "76955e46b1e1316879fa08ad31ed01948d92281c", "metadata": {"id": "76955e46b1e1316879fa08ad31ed01948d92281c"}, "original_file_path": "../../datalake/Samuel/SOFTware-Sync/data/xml_not_sofctied/hal-03698833.grobid.tei.xml", "file_name": "hal-03698833.grobid.tei.xml"}