{"application": "software-mentions", "version": "0.8.0", "date": "2024-04-12T15:58+0000", "md5": "D067859DEC580DB0DD84DDA7ECC701F7", "mentions": [{"type": "software", "software-type": "software", "software-name": {"rawForm": "Google Play Store", "normalizedForm": "Google Play Store", "offsetStart": 63, "offsetEnd": 80}, "context": "Recently, Okoyomon et al. [51] compare the privacy policies of Google Play Store apps with their behaviors and highlight the level of the defect in consent and lack of prioritizing user privacy. ", "mentionContextAttributes": {"used": {"value": false, "score": 0.1972079873085022}, "created": {"value": false, "score": 0.0001533031463623047}, "shared": {"value": false, "score": 7.987022399902344e-06}}, "documentContextAttributes": {"used": {"value": false, "score": 0.1972079873085022}, "created": {"value": false, "score": 0.0001533031463623047}, "shared": {"value": false, "score": 7.987022399902344e-06}}}, {"type": "software", "software-type": "software", "software-name": {"rawForm": "AnonyTL", "normalizedForm": "AnonyTL", "offsetStart": 72, "offsetEnd": 79}, "context": "The Manifest is specified using a dedicated language such as, e.g., the AnonyTL language [36] introduced by the AnonySense privacy-aware system for opportunistic sensing [37]. ", "mentionContextAttributes": {"used": {"value": false, "score": 0.008188605308532715}, "created": {"value": false, "score": 0.0015105009078979492}, "shared": {"value": false, "score": 2.384185791015625e-07}}, "documentContextAttributes": {"used": {"value": false, "score": 0.008188605308532715}, "created": {"value": false, "score": 0.0015105009078979492}, "shared": {"value": false, "score": 2.384185791015625e-07}}, "references": [{"label": "[36]", "normalizedForm": "[36]", "refKey": 36, "offsetStart": 10536, "offsetEnd": 10540}]}, {"type": "software", "software-type": "software", "software-name": {"rawForm": "AnonySense", "normalizedForm": "AnonySense", "offsetStart": 112, "offsetEnd": 122}, "context": "The Manifest is specified using a dedicated language such as, e.g., the AnonyTL language [36] introduced by the AnonySense privacy-aware system for opportunistic sensing [37]. ", "mentionContextAttributes": {"used": {"value": false, "score": 0.008188605308532715}, "created": {"value": false, "score": 0.0015105009078979492}, "shared": {"value": false, "score": 2.384185791015625e-07}}, "documentContextAttributes": {"used": {"value": false, "score": 0.008188605308532715}, "created": {"value": false, "score": 0.0015105009078979492}, "shared": {"value": false, "score": 2.384185791015625e-07}}}], "references": [{"refKey": 36, "tei": "<biblStruct xml:id=\"b36\">\n\t<monogr>\n\t\t<title level=\"m\">anonytl specification</title>\n\t\t<imprint/>\n\t</monogr>\n</biblStruct>\n"}], "runtime": 23353, "id": "88dc1a3873b8739e3c8b37e847f9a371ff471289", "metadata": {"id": "88dc1a3873b8739e3c8b37e847f9a371ff471289"}, "original_file_path": "../../datalake/Samuel/SOFTware-Sync/data/xml_files/hal-03097047.grobid.tei.xml", "file_name": "hal-03097047.grobid.tei.xml"}