{"application": "software-mentions", "version": "0.8.0", "date": "2024-04-12T16:15+0000", "md5": "B82A6F6CA938950C11C8217821775FDD", "mentions": [{"type": "software", "software-type": "software", "software-name": {"rawForm": "SPARTan", "normalizedForm": "SPARTan", "offsetStart": 10, "offsetEnd": 22}, "context": "Recently, SPARTan [10] proposed an algorithmic reformulation of PARAFAC2 to be faster and more memoryefficient. ", "mentionContextAttributes": {"used": {"value": false, "score": 8.952617645263672e-05}, "created": {"value": false, "score": 0.09094381332397461}, "shared": {"value": false, "score": 1.1920928955078125e-07}}, "documentContextAttributes": {"used": {"value": false, "score": 8.952617645263672e-05}, "created": {"value": false, "score": 0.09094381332397461}, "shared": {"value": false, "score": 1.1920928955078125e-07}}}, {"type": "software", "software-type": "software", "software-name": {"rawForm": "MedGraph", "normalizedForm": "MedGraph", "offsetStart": 14, "offsetEnd": 26}, "context": "For instance, MedGraph [6] proposes a supervised EMR embedding method that captures the visit-code associations, and the temporal sequencing of visits through a point process.", "mentionContextAttributes": {"used": {"value": false, "score": 5.424022674560547e-05}, "created": {"value": false, "score": 0.03242391347885132}, "shared": {"value": false, "score": 1.1920928955078125e-07}}, "documentContextAttributes": {"used": {"value": false, "score": 5.424022674560547e-05}, "created": {"value": false, "score": 0.03242391347885132}, "shared": {"value": false, "score": 1.1920928955078125e-07}}}, {"type": "software", "software-type": "software", "wikidataId": "Q47509047", "wikipediaExternalRef": 54022970, "lang": "en", "confidence": 0.7826, "software-name": {"rawForm": "PyTorch", "normalizedForm": "PyTorch", "wikidataId": "Q47509047", "wikipediaExternalRef": 54022970, "lang": "en", "confidence": 0.7826, "offsetStart": 29, "offsetEnd": 36}, "context": "It is implemented within the PyTorch framework. ", "mentionContextAttributes": {"used": {"value": false, "score": 0.0002517104148864746}, "created": {"value": false, "score": 0.4441676735877991}, "shared": {"value": false, "score": 1.6689300537109375e-06}}, "documentContextAttributes": {"used": {"value": false, "score": 0.0002517104148864746}, "created": {"value": false, "score": 0.4441676735877991}, "shared": {"value": false, "score": 1.6689300537109375e-06}}}], "references": [], "runtime": 79087, "id": "d39c72e6c478eaae5be3f9696bfc25404f2bc918", "metadata": {"id": "d39c72e6c478eaae5be3f9696bfc25404f2bc918"}, "original_file_path": "../../datalake/Samuel/SOFTware-Sync/data/xml_files/hal-03326636.grobid.tei.xml", "file_name": "hal-03326636.grobid.tei.xml"}