{"application": "software-mentions", "version": "0.8.0", "date": "2024-04-12T15:45+0000", "md5": "102B37E7339DFB9CBA678DBCCF5E24A8", "mentions": [{"type": "software", "software-type": "software", "software-name": {"rawForm": "COSSU", "normalizedForm": "COSSU", "offsetStart": 0, "offsetEnd": 5}, "context": "COSSU resorts to a greedy strategy to build the rule set R. Initially, R consists of the singleton rules (line 3). ", "mentionContextAttributes": {"used": {"value": false, "score": 0.025900602340698242}, "created": {"value": false, "score": 0.00030028820037841797}, "shared": {"value": false, "score": 2.980232238769531e-07}}, "documentContextAttributes": {"used": {"value": true, "score": 0.9999939799308777}, "created": {"value": true, "score": 0.9999381899833679}, "shared": {"value": false, "score": 4.172325134277344e-07}}}, {"type": "software", "software-type": "software", "software-name": {"rawForm": "COSSU", "normalizedForm": "COSSU", "offsetStart": 0, "offsetEnd": 5}, "context": "COSSU starts by extracting closed frequent subsequences by applying an off-the-shelf sequence miner [17] to the input sequence S with a minimum support threshold of 2. Sequential rules are then generated from the sequences by considering all possible partitionings into an antecedent and a non-empty consequent.", "mentionContextAttributes": {"used": {"value": true, "score": 0.7722048759460449}, "created": {"value": false, "score": 2.562999725341797e-06}, "shared": {"value": false, "score": 4.172325134277344e-07}}, "documentContextAttributes": {"used": {"value": true, "score": 0.9999939799308777}, "created": {"value": true, "score": 0.9999381899833679}, "shared": {"value": false, "score": 4.172325134277344e-07}}}, {"type": "software", "software-type": "software", "software-name": {"rawForm": "COSSU", "normalizedForm": "COSSU", "offsetStart": 4, "offsetEnd": 9}, "context": "Our COSSU (COmpact Sets of Sequential rUles) algorithm is outlined in Algorithm 1.", "mentionContextAttributes": {"used": {"value": false, "score": 0.0017027854919433594}, "created": {"value": true, "score": 0.932724118232727}, "shared": {"value": false, "score": 1.7881393432617188e-07}}, "documentContextAttributes": {"used": {"value": true, "score": 0.9999939799308777}, "created": {"value": true, "score": 0.9999381899833679}, "shared": {"value": false, "score": 4.172325134277344e-07}}}, {"type": "software", "software-type": "software", "software-name": {"rawForm": "COSSU", "normalizedForm": "COSSU", "offsetStart": 6, "offsetEnd": 11}, "context": "While COSSU is not designed specifically for these tasks, it still yields acceptable performance and reports rules that capture useful patterns in the data.", "mentionContextAttributes": {"used": {"value": false, "score": 3.5822391510009766e-05}, "created": {"value": false, "score": 0.06326985359191895}, "shared": {"value": false, "score": 1.7881393432617188e-07}}, "documentContextAttributes": {"used": {"value": true, "score": 0.9999939799308777}, "created": {"value": true, "score": 0.9999381899833679}, "shared": {"value": false, "score": 4.172325134277344e-07}}}, {"type": "software", "software-type": "software", "software-name": {"rawForm": "COSSU", "normalizedForm": "COSSU", "offsetStart": 15, "offsetEnd": 20}, "context": "We compare the COSSU classifier to (i) an SVM classifier trained on a bag-of-words representation of the text instances, (ii) an HMM-based classifier, and (iii) logistic regression trained on top of the BERT language model [20].", "mentionContextAttributes": {"used": {"value": true, "score": 0.9778034687042236}, "created": {"value": false, "score": 6.496906280517578e-06}, "shared": {"value": false, "score": 2.980232238769531e-07}}, "documentContextAttributes": {"used": {"value": true, "score": 0.9999939799308777}, "created": {"value": true, "score": 0.9999381899833679}, "shared": {"value": false, "score": 4.172325134277344e-07}}}, {"type": "software", "software-type": "software", "software-name": {"rawForm": "COSSU", "normalizedForm": "COSSU", "offsetStart": 21, "offsetEnd": 26}, "context": "To do so, we propose COSSU, an algorithm to mine small and meaningful sets of sequential rules.", "mentionContextAttributes": {"used": {"value": false, "score": 7.337331771850586e-05}, "created": {"value": true, "score": 0.9999381899833679}, "shared": {"value": false, "score": 1.7881393432617188e-07}}, "documentContextAttributes": {"used": {"value": true, "score": 0.9999939799308777}, "created": {"value": true, "score": 0.9999381899833679}, "shared": {"value": false, "score": 4.172325134277344e-07}}}, {"type": "software", "software-type": "software", "software-name": {"rawForm": "COSSU", "normalizedForm": "COSSU", "offsetStart": 21, "offsetEnd": 26}, "context": "We show in [19] that COSSU can distinguish between regularities and background noise in long sequences.", "mentionContextAttributes": {"used": {"value": false, "score": 0.00022125244140625}, "created": {"value": false, "score": 9.98377799987793e-05}, "shared": {"value": false, "score": 1.7881393432617188e-07}}, "documentContextAttributes": {"used": {"value": true, "score": 0.9999939799308777}, "created": {"value": true, "score": 0.9999381899833679}, "shared": {"value": false, "score": 4.172325134277344e-07}}}, {"type": "software", "software-type": "software", "software-name": {"rawForm": "COSSU", "normalizedForm": "COSSU", "offsetStart": 24, "offsetEnd": 29}, "context": "Then, we verify whether COSSU is able to recover the planted rules.", "mentionContextAttributes": {"used": {"value": true, "score": 0.9898966550827026}, "created": {"value": false, "score": 0.00017213821411132812}, "shared": {"value": false, "score": 1.7881393432617188e-07}}, "documentContextAttributes": {"used": {"value": true, "score": 0.9999939799308777}, "created": {"value": true, "score": 0.9999381899833679}, "shared": {"value": false, "score": 4.172325134277344e-07}}}, {"type": "software", "software-type": "software", "software-name": {"rawForm": "COSSU", "normalizedForm": "COSSU", "offsetStart": 26, "offsetEnd": 31}, "context": "Our evaluation shows that COSSU can successfully retrieve relevant sets of closed sequential rules from a long sequence.", "mentionContextAttributes": {"used": {"value": false, "score": 0.0461885929107666}, "created": {"value": false, "score": 0.0014091730117797852}, "shared": {"value": false, "score": 1.7881393432617188e-07}}, "documentContextAttributes": {"used": {"value": true, "score": 0.9999939799308777}, "created": {"value": true, "score": 0.9999381899833679}, "shared": {"value": false, "score": 4.172325134277344e-07}}}, {"type": "software", "software-type": "software", "software-name": {"rawForm": "COSSU", "normalizedForm": "COSSU", "offsetStart": 29, "offsetEnd": 34}, "context": "CONCLUSION We have presented COSSU, an algorithm to mine sequential rules from a long sequence of symbolic events.", "mentionContextAttributes": {"used": {"value": false, "score": 0.00016546249389648438}, "created": {"value": true, "score": 0.9997296333312988}, "shared": {"value": false, "score": 2.980232238769531e-07}}, "documentContextAttributes": {"used": {"value": true, "score": 0.9999939799308777}, "created": {"value": true, "score": 0.9999381899833679}, "shared": {"value": false, "score": 4.172325134277344e-07}}}, {"type": "software", "software-type": "software", "software-name": {"rawForm": "COSSU", "normalizedForm": "COSSU", "offsetStart": 31, "offsetEnd": 36}, "context": "Given a set of selected rules, COSSU must determine a suitable vector of weights w associated to the rules, so as to optimize the code length of both the model L(R) (complexity) and the sequence L(S|R) (fit).", "mentionContextAttributes": {"used": {"value": false, "score": 0.023897886276245117}, "created": {"value": false, "score": 2.2351741790771484e-05}, "shared": {"value": false, "score": 2.980232238769531e-07}}, "documentContextAttributes": {"used": {"value": true, "score": 0.9999939799308777}, "created": {"value": true, "score": 0.9999381899833679}, "shared": {"value": false, "score": 4.172325134277344e-07}}}, {"type": "software", "software-type": "software", "software-name": {"rawForm": "COSSU", "normalizedForm": "COSSU", "offsetStart": 33, "offsetEnd": 38}, "context": "Next, we used the rules mined by COSSU to predict the next event in the sequence and showed that the achieved performance competes with interpretable methods for nextelement prediction such as bigrams and Hidden Markov Models (HMM).", "mentionContextAttributes": {"used": {"value": true, "score": 0.9999939799308777}, "created": {"value": false, "score": 0.0003629922866821289}, "shared": {"value": false, "score": 1.7881393432617188e-07}}, "documentContextAttributes": {"used": {"value": true, "score": 0.9999939799308777}, "created": {"value": true, "score": 0.9999381899833679}, "shared": {"value": false, "score": 4.172325134277344e-07}}}, {"type": "software", "software-type": "software", "software-name": {"rawForm": "COSSU", "normalizedForm": "COSSU", "offsetStart": 35, "offsetEnd": 40}, "context": "We then extract sets of rules with COSSU on the resulting long sequence. ", "mentionContextAttributes": {"used": {"value": true, "score": 0.7800329327583313}, "created": {"value": false, "score": 0.0030617713928222656}, "shared": {"value": false, "score": 2.980232238769531e-07}}, "documentContextAttributes": {"used": {"value": true, "score": 0.9999939799308777}, "created": {"value": true, "score": 0.9999381899833679}, "shared": {"value": false, "score": 4.172325134277344e-07}}}, {"type": "software", "software-type": "software", "software-name": {"rawForm": "COSSU", "normalizedForm": "COSSU", "offsetStart": 39, "offsetEnd": 44}, "context": "Despite not being a native classifier, COSSU achieves the best performance on three of the experimental datasets, and exhibits comparable performance to HMM and state-of-theart text classifiers.", "mentionContextAttributes": {"used": {"value": false, "score": 0.001253664493560791}, "created": {"value": false, "score": 6.300210952758789e-05}, "shared": {"value": false, "score": 2.980232238769531e-07}}, "documentContextAttributes": {"used": {"value": true, "score": 0.9999939799308777}, "created": {"value": true, "score": 0.9999381899833679}, "shared": {"value": false, "score": 4.172325134277344e-07}}}, {"type": "software", "software-type": "software", "software-name": {"rawForm": "COSSU", "normalizedForm": "COSSU", "offsetStart": 41, "offsetEnd": 46}, "context": "Furthermore, and unlike its competitors, COSSU is inherently interpretable because its rules serve as an explicit explanation for the outcome of classification.", "mentionContextAttributes": {"used": {"value": false, "score": 9.077787399291992e-05}, "created": {"value": false, "score": 0.00015401840209960938}, "shared": {"value": false, "score": 4.172325134277344e-07}}, "documentContextAttributes": {"used": {"value": true, "score": 0.9999939799308777}, "created": {"value": true, "score": 0.9999381899833679}, "shared": {"value": false, "score": 4.172325134277344e-07}}}, {"type": "software", "software-type": "software", "software-name": {"rawForm": "COSSU", "normalizedForm": "COSSU", "offsetStart": 45, "offsetEnd": 50}, "context": "Given a sequence S over alphabet \u03a3 as input, COSSU returns a set of rules R in two phases. ", "mentionContextAttributes": {"used": {"value": false, "score": 0.020963728427886963}, "created": {"value": false, "score": 5.900859832763672e-06}, "shared": {"value": false, "score": 2.980232238769531e-07}}, "documentContextAttributes": {"used": {"value": true, "score": 0.9999939799308777}, "created": {"value": true, "score": 0.9999381899833679}, "shared": {"value": false, "score": 4.172325134277344e-07}}}, {"type": "software", "software-type": "software", "software-name": {"rawForm": "COSSU", "normalizedForm": "COSSU", "offsetStart": 48, "offsetEnd": 53}, "context": "For real data, we evaluate the rules learned by COSSU by using them as features in two classical machine learning tasks on long sequences: next event prediction and classification.", "mentionContextAttributes": {"used": {"value": true, "score": 0.9490221738815308}, "created": {"value": false, "score": 0.00022095441818237305}, "shared": {"value": false, "score": 1.1920928955078125e-07}}, "documentContextAttributes": {"used": {"value": true, "score": 0.9999939799308777}, "created": {"value": true, "score": 0.9999381899833679}, "shared": {"value": false, "score": 4.172325134277344e-07}}}, {"type": "software", "software-type": "software", "software-name": {"rawForm": "COSSU", "normalizedForm": "COSSU", "offsetStart": 66, "offsetEnd": 71}, "context": "In line with the MDL-based classifier proposed in [7], we can use COSSU to classify sequences as follows: For each class c, we build a training sequence by concatenating all the sequences labeled with c. ", "mentionContextAttributes": {"used": {"value": false, "score": 0.01960587501525879}, "created": {"value": false, "score": 0.017664015293121338}, "shared": {"value": false, "score": 2.384185791015625e-07}}, "documentContextAttributes": {"used": {"value": true, "score": 0.9999939799308777}, "created": {"value": true, "score": 0.9999381899833679}, "shared": {"value": false, "score": 4.172325134277344e-07}}}], "references": [], "runtime": 108637, "id": "30fae3b5a59dcdf8d9f1153e0205f9919a1bae3f", "metadata": {"id": "30fae3b5a59dcdf8d9f1153e0205f9919a1bae3f"}, "original_file_path": "../../datalake/Samuel/SOFTware-Sync/data/xml_files/hal-03494520.grobid.tei.xml", "file_name": "hal-03494520.grobid.tei.xml"}