{"application": "software-mentions", "version": "0.8.0", "date": "2024-04-12T16:08+0000", "md5": "D70DEDA5CFA4EC6B702ED0D2F72A2971", "mentions": [{"type": "software", "software-type": "software", "software-name": {"rawForm": "eAdvisor", "normalizedForm": "eAdvisor", "offsetStart": 10, "offsetEnd": 18}, "context": "LISSA and eAdvisor's main goal is to support the dialogue between students and advisors through visual descriptive dashboards, following principles from the Visual Learning Analytics community [58].", "mentionContextAttributes": {"used": {"value": false, "score": 0.0002827644348144531}, "created": {"value": false, "score": 0.000152587890625}, "shared": {"value": false, "score": 5.304813385009766e-06}}, "documentContextAttributes": {"used": {"value": false, "score": 0.0002827644348144531}, "created": {"value": false, "score": 0.008144140243530273}, "shared": {"value": false, "score": 5.304813385009766e-06}}}, {"type": "software", "software-type": "software", "software-name": {"rawForm": "eAdvisor", "normalizedForm": "eAdvisor", "offsetStart": 12, "offsetEnd": 24}, "context": "LISSA [15], eAdvisor [52], and LADA [26] are notable examples of tools that seek to support advisors in making more objective course recommendations. ", "mentionContextAttributes": {"used": {"value": false, "score": 3.618001937866211e-05}, "created": {"value": false, "score": 0.0002598762512207031}, "shared": {"value": false, "score": 1.7881393432617188e-07}}, "documentContextAttributes": {"used": {"value": false, "score": 0.0002827644348144531}, "created": {"value": false, "score": 0.008144140243530273}, "shared": {"value": false, "score": 5.304813385009766e-06}}}, {"type": "software", "software-type": "software", "software-name": {"rawForm": "Mobile Apps Development", "normalizedForm": "Mobile Apps Development", "offsetStart": 12, "offsetEnd": 35}, "context": "The Web and Mobile Apps Development course was also a popular choice: it was recommended 12 times to the average-and high-performing students, and 9 times to the lowperforming student. ", "mentionContextAttributes": {"used": {"value": true, "score": 0.568820595741272}, "created": {"value": false, "score": 0.00032329559326171875}, "shared": {"value": false, "score": 1.6093254089355469e-06}}, "documentContextAttributes": {"used": {"value": true, "score": 0.9998371601104736}, "created": {"value": false, "score": 0.02690988779067993}, "shared": {"value": false, "score": 7.212162017822266e-06}}}, {"type": "software", "software-type": "software", "software-name": {"rawForm": "iCoRA", "normalizedForm": "iCoRA", "offsetStart": 14, "offsetEnd": 19}, "context": "We configured iCoRA to log the advisors' interactions with the explanations of the predicted grades for the individual courses. ", "mentionContextAttributes": {"used": {"value": true, "score": 0.999959409236908}, "created": {"value": true, "score": 0.8811140060424805}, "shared": {"value": false, "score": 1.7881393432617188e-07}}, "documentContextAttributes": {"used": {"value": true, "score": 0.9999913573265076}, "created": {"value": true, "score": 0.9996955394744873}, "shared": {"value": false, "score": 2.205371856689453e-06}}, "references": [{"label": "[13]", "normalizedForm": "[13]", "refKey": 13}]}, {"type": "software", "software-type": "software", "software-name": {"rawForm": "iCoRA", "normalizedForm": "iCoRA", "offsetStart": 15, "offsetEnd": 20}, "context": "Figure 1 shows iCoRA's interface. ", "mentionContextAttributes": {"used": {"value": false, "score": 0.35525888204574585}, "created": {"value": false, "score": 9.119510650634766e-06}, "shared": {"value": false, "score": 7.748603820800781e-07}}, "documentContextAttributes": {"used": {"value": true, "score": 0.9999913573265076}, "created": {"value": true, "score": 0.9996955394744873}, "shared": {"value": false, "score": 2.205371856689453e-06}}, "references": [{"label": "[13]", "normalizedForm": "[13]", "refKey": 13}]}, {"type": "software", "software-type": "software", "software-name": {"rawForm": "iCoRA", "normalizedForm": "iCoRA", "offsetStart": 15, "offsetEnd": 20}, "context": "The effects of iCoRA on students, when they use it for term planning, have been previously investigated and reported in [41].", "mentionContextAttributes": {"used": {"value": false, "score": 0.008735120296478271}, "created": {"value": false, "score": 0.00016760826110839844}, "shared": {"value": false, "score": 2.980232238769531e-07}}, "documentContextAttributes": {"used": {"value": true, "score": 0.9999913573265076}, "created": {"value": true, "score": 0.9996955394744873}, "shared": {"value": false, "score": 2.205371856689453e-06}}, "references": [{"label": "[13]", "normalizedForm": "[13]", "refKey": 13}]}, {"type": "software", "software-type": "software", "software-name": {"rawForm": "eAdvisor", "normalizedForm": "eAdvisor", "offsetStart": 15, "offsetEnd": 23}, "context": "The support of eAdvisor includes automatic identification of students who are unlikely to succeed in their major, enabling advisors to provide additional academic support on enrollment options. ", "mentionContextAttributes": {"used": {"value": false, "score": 0.0001399517059326172}, "created": {"value": false, "score": 0.008144140243530273}, "shared": {"value": false, "score": 6.556510925292969e-07}}, "documentContextAttributes": {"used": {"value": false, "score": 0.0002827644348144531}, "created": {"value": false, "score": 0.008144140243530273}, "shared": {"value": false, "score": 5.304813385009766e-06}}}, {"type": "software", "software-type": "software", "software-name": {"rawForm": "iCoRA", "normalizedForm": "iCoRA", "offsetStart": 16, "offsetEnd": 21}, "context": "Introduction to iCoRA. ", "mentionContextAttributes": {"used": {"value": false, "score": 6.562471389770508e-05}, "created": {"value": false, "score": 0.010140776634216309}, "shared": {"value": false, "score": 1.2516975402832031e-06}}, "documentContextAttributes": {"used": {"value": true, "score": 0.9999913573265076}, "created": {"value": true, "score": 0.9996955394744873}, "shared": {"value": false, "score": 2.205371856689453e-06}}, "references": [{"label": "[13]", "normalizedForm": "[13]", "refKey": 13}]}, {"type": "software", "software-type": "software", "software-name": {"rawForm": "iCoRA", "normalizedForm": "iCoRA", "offsetStart": 16, "offsetEnd": 21}, "context": "The features of iCoRA respond to the perceived needs of the university's academic advisors.", "mentionContextAttributes": {"used": {"value": false, "score": 7.599592208862305e-05}, "created": {"value": false, "score": 0.0017375349998474121}, "shared": {"value": false, "score": 5.364418029785156e-07}}, "documentContextAttributes": {"used": {"value": true, "score": 0.9999913573265076}, "created": {"value": true, "score": 0.9996955394744873}, "shared": {"value": false, "score": 2.205371856689453e-06}}, "references": [{"label": "[13]", "normalizedForm": "[13]", "refKey": 13}]}, {"type": "software", "software-type": "software", "software-name": {"rawForm": "iCoRA", "normalizedForm": "iCoRA", "offsetStart": 17, "offsetEnd": 22}, "context": "For all of this, iCoRA takes a visual approach. ", "mentionContextAttributes": {"used": {"value": false, "score": 0.0008199810981750488}, "created": {"value": false, "score": 0.00038689374923706055}, "shared": {"value": false, "score": 5.364418029785156e-07}}, "documentContextAttributes": {"used": {"value": true, "score": 0.9999913573265076}, "created": {"value": true, "score": 0.9996955394744873}, "shared": {"value": false, "score": 2.205371856689453e-06}}, "references": [{"label": "[13]", "normalizedForm": "[13]", "refKey": 13}]}, {"type": "software", "software-type": "software", "software-name": {"rawForm": "iCoRA", "normalizedForm": "iCoRA", "offsetStart": 19, "offsetEnd": 24}, "context": "The development of iCoRA is motivated by a growing student population that imposes an ever-increasing load on the advisors.", "mentionContextAttributes": {"used": {"value": false, "score": 0.0001990795135498047}, "created": {"value": true, "score": 0.98766028881073}, "shared": {"value": false, "score": 1.4901161193847656e-06}}, "documentContextAttributes": {"used": {"value": true, "score": 0.9999913573265076}, "created": {"value": true, "score": 0.9996955394744873}, "shared": {"value": false, "score": 2.205371856689453e-06}}, "references": [{"label": "[13]", "normalizedForm": "[13]", "refKey": 13}]}, {"type": "software", "software-type": "software", "software-name": {"rawForm": "iCoRA", "normalizedForm": "iCoRA", "offsetStart": 19, "offsetEnd": 24}, "context": "Rather than seeing iCoRA as a tool to make the advising sessions shorter, the general opinion was the tool could indeed make the advising sessions longer, because it could motivate advisors to play around with the grade predictions until finding a course set that satisfies them: \"By having the ability to compose several sets, one could spend a lot of time trying to find suitable combinations for the student.\"", "mentionContextAttributes": {"used": {"value": false, "score": 0.3397517204284668}, "created": {"value": false, "score": 0.0019674301147460938}, "shared": {"value": false, "score": 1.3709068298339844e-06}}, "documentContextAttributes": {"used": {"value": true, "score": 0.9999913573265076}, "created": {"value": true, "score": 0.9996955394744873}, "shared": {"value": false, "score": 2.205371856689453e-06}}, "references": [{"label": "[13]", "normalizedForm": "[13]", "refKey": 13}]}, {"type": "software", "software-type": "software", "software-name": {"rawForm": "iCoRA", "normalizedForm": "iCoRA", "offsetStart": 25, "offsetEnd": 30}, "context": "We asked advisors to use iCoRA to recommend courses to three fictional students who were about to enroll in their fifth semester. ", "mentionContextAttributes": {"used": {"value": true, "score": 0.9998407363891602}, "created": {"value": false, "score": 0.05014556646347046}, "shared": {"value": false, "score": 4.172325134277344e-07}}, "documentContextAttributes": {"used": {"value": true, "score": 0.9999913573265076}, "created": {"value": true, "score": 0.9996955394744873}, "shared": {"value": false, "score": 2.205371856689453e-06}}, "references": [{"label": "[13]", "normalizedForm": "[13]", "refKey": 13}]}, {"type": "software", "software-type": "software", "software-name": {"rawForm": "iCoRA", "normalizedForm": "iCoRA", "offsetStart": 25, "offsetEnd": 30}, "context": "These modifications made iCoRA and the university's current advising tool comparable in terms of functionality, except for three additional features: iCoRA also provides course historical information, academic performance predictions, and explanations thereof. ", "mentionContextAttributes": {"used": {"value": false, "score": 0.0015749931335449219}, "created": {"value": false, "score": 0.004064202308654785}, "shared": {"value": false, "score": 1.6093254089355469e-06}}, "documentContextAttributes": {"used": {"value": true, "score": 0.9999913573265076}, "created": {"value": true, "score": 0.9996955394744873}, "shared": {"value": false, "score": 2.205371856689453e-06}}, "references": [{"label": "[13]", "normalizedForm": "[13]", "refKey": 13}]}, {"type": "software", "software-type": "software", "software-name": {"rawForm": "iCoRA", "normalizedForm": "iCoRA", "offsetStart": 26, "offsetEnd": 31}, "context": "Another important goal of iCoRA is to optimize the advising process, which often incurs time and financial resources from HEIs.", "mentionContextAttributes": {"used": {"value": false, "score": 7.56382942199707e-05}, "created": {"value": false, "score": 0.009317934513092041}, "shared": {"value": false, "score": 2.980232238769531e-07}}, "documentContextAttributes": {"used": {"value": true, "score": 0.9999913573265076}, "created": {"value": true, "score": 0.9996955394744873}, "shared": {"value": false, "score": 2.205371856689453e-06}}, "references": [{"label": "[13]", "normalizedForm": "[13]", "refKey": 13}]}, {"type": "software", "software-type": "software", "software-name": {"rawForm": "iCoRA", "normalizedForm": "iCoRA", "offsetStart": 26, "offsetEnd": 31}, "context": "This would require making iCoRA accessible to the students, and could potentially speed up the advisor-student dialogue.", "mentionContextAttributes": {"used": {"value": false, "score": 0.023439466953277588}, "created": {"value": false, "score": 0.008189797401428223}, "shared": {"value": false, "score": 7.748603820800781e-07}}, "documentContextAttributes": {"used": {"value": true, "score": 0.9999913573265076}, "created": {"value": true, "score": 0.9996955394744873}, "shared": {"value": false, "score": 2.205371856689453e-06}}, "references": [{"label": "[13]", "normalizedForm": "[13]", "refKey": 13}]}, {"type": "software", "software-type": "software", "software-name": {"rawForm": "iCoRA", "normalizedForm": "iCoRA", "offsetStart": 28, "offsetEnd": 33}, "context": "One of those mechanisms are iCoRA's explanations, to which advisors paid little attention as explained earlier.", "mentionContextAttributes": {"used": {"value": true, "score": 0.68507981300354}, "created": {"value": false, "score": 7.623434066772461e-05}, "shared": {"value": false, "score": 2.980232238769531e-07}}, "documentContextAttributes": {"used": {"value": true, "score": 0.9999913573265076}, "created": {"value": true, "score": 0.9996955394744873}, "shared": {"value": false, "score": 2.205371856689453e-06}}, "references": [{"label": "[13]", "normalizedForm": "[13]", "refKey": 13}]}, {"type": "software", "software-type": "software", "software-name": {"rawForm": "iCoRA", "normalizedForm": "iCoRA", "offsetStart": 29, "offsetEnd": 34}, "context": "All these comments highlight iCoRA's potential to make the advisor-advisee dialogue more effective, without replacing the advisors and without overriding the students' interests in, and affinities to, specific courses.", "mentionContextAttributes": {"used": {"value": false, "score": 0.00047916173934936523}, "created": {"value": false, "score": 0.019083023071289062}, "shared": {"value": false, "score": 5.364418029785156e-07}}, "documentContextAttributes": {"used": {"value": true, "score": 0.9999913573265076}, "created": {"value": true, "score": 0.9996955394744873}, "shared": {"value": false, "score": 2.205371856689453e-06}}, "references": [{"label": "[13]", "normalizedForm": "[13]", "refKey": 13}]}, {"type": "software", "software-type": "software", "software-name": {"rawForm": "iCoRA", "normalizedForm": "iCoRA", "offsetStart": 34, "offsetEnd": 39}, "context": "But the advisors did not only use iCoRA to overcome the lack of explicit personal circumstances.", "mentionContextAttributes": {"used": {"value": true, "score": 0.9999496340751648}, "created": {"value": false, "score": 1.5795230865478516e-05}, "shared": {"value": false, "score": 2.980232238769531e-07}}, "documentContextAttributes": {"used": {"value": true, "score": 0.9999913573265076}, "created": {"value": true, "score": 0.9996955394744873}, "shared": {"value": false, "score": 2.205371856689453e-06}}, "references": [{"label": "[13]", "normalizedForm": "[13]", "refKey": 13}]}, {"type": "software", "software-type": "software", "software-name": {"rawForm": "iCoRA", "normalizedForm": "iCoRA", "offsetStart": 37, "offsetEnd": 42}, "context": "One of these efforts is a tool named iCoRA [13], which enables the composition of course sets from those available for enrollment.", "mentionContextAttributes": {"used": {"value": false, "score": 7.337331771850586e-05}, "created": {"value": true, "score": 0.9885985255241394}, "shared": {"value": false, "score": 2.980232238769531e-07}}, "documentContextAttributes": {"used": {"value": true, "score": 0.9999913573265076}, "created": {"value": true, "score": 0.9996955394744873}, "shared": {"value": false, "score": 2.205371856689453e-06}}, "references": [{"label": "[13]", "normalizedForm": "[13]", "refKey": 13, "offsetStart": 20320, "offsetEnd": 20324}]}, {"type": "software", "software-type": "software", "software-name": {"rawForm": "iCoRA", "normalizedForm": "iCoRA", "offsetStart": 40, "offsetEnd": 45}, "context": "Some advisors, who advocated for making iCoRA available to the students, also expressed concerns on the implications of doing so.", "mentionContextAttributes": {"used": {"value": false, "score": 0.0030999183654785156}, "created": {"value": false, "score": 0.013888120651245117}, "shared": {"value": false, "score": 8.940696716308594e-07}}, "documentContextAttributes": {"used": {"value": true, "score": 0.9999913573265076}, "created": {"value": true, "score": 0.9996955394744873}, "shared": {"value": false, "score": 2.205371856689453e-06}}, "references": [{"label": "[13]", "normalizedForm": "[13]", "refKey": 13}]}, {"type": "software", "software-type": "software", "software-name": {"rawForm": "iCoRA", "normalizedForm": "iCoRA", "offsetStart": 43, "offsetEnd": 48}, "context": "As explained in Section 3.3, the design of iCoRA is the result of an iterative process that involved different stakeholders, including academic advisors [13].", "mentionContextAttributes": {"used": {"value": false, "score": 0.2947494387626648}, "created": {"value": false, "score": 0.029936552047729492}, "shared": {"value": false, "score": 2.980232238769531e-07}}, "documentContextAttributes": {"used": {"value": true, "score": 0.9999913573265076}, "created": {"value": true, "score": 0.9996955394744873}, "shared": {"value": false, "score": 2.205371856689453e-06}}, "references": [{"label": "[13]", "normalizedForm": "[13]", "refKey": 13}]}, {"type": "software", "software-type": "software", "software-name": {"rawForm": "iCoRA", "normalizedForm": "iCoRA", "offsetStart": 45, "offsetEnd": 50}, "context": "More specifically, they suggested augmenting iCoRA with the time schedules of the courses.", "mentionContextAttributes": {"used": {"value": false, "score": 0.009400725364685059}, "created": {"value": false, "score": 0.025720179080963135}, "shared": {"value": false, "score": 2.980232238769531e-07}}, "documentContextAttributes": {"used": {"value": true, "score": 0.9999913573265076}, "created": {"value": true, "score": 0.9996955394744873}, "shared": {"value": false, "score": 2.205371856689453e-06}}, "references": [{"label": "[13]", "normalizedForm": "[13]", "refKey": 13}]}, {"type": "software", "software-type": "software", "software-name": {"rawForm": "iCoRA", "normalizedForm": "iCoRA", "offsetStart": 46, "offsetEnd": 51}, "context": "To address our research questions, we adapted iCoRA to provide our participants with the data they normally have at hand during the advising sessions with students. ", "mentionContextAttributes": {"used": {"value": false, "score": 0.050963640213012695}, "created": {"value": true, "score": 0.9987726211547852}, "shared": {"value": false, "score": 2.980232238769531e-07}}, "documentContextAttributes": {"used": {"value": true, "score": 0.9999913573265076}, "created": {"value": true, "score": 0.9996955394744873}, "shared": {"value": false, "score": 2.205371856689453e-06}}, "references": [{"label": "[13]", "normalizedForm": "[13]", "refKey": 13}]}, {"type": "software", "software-type": "software", "software-name": {"rawForm": "iCoRA", "normalizedForm": "iCoRA", "offsetStart": 46, "offsetEnd": 51}, "context": "Despite the overall positive attitude towards iCoRA, the advisors expressed some concerns about the deployment of such a tool to support the advising sessions.", "mentionContextAttributes": {"used": {"value": false, "score": 0.3685097098350525}, "created": {"value": false, "score": 0.005687296390533447}, "shared": {"value": false, "score": 4.172325134277344e-07}}, "documentContextAttributes": {"used": {"value": true, "score": 0.9999913573265076}, "created": {"value": true, "score": 0.9996955394744873}, "shared": {"value": false, "score": 2.205371856689453e-06}}, "references": [{"label": "[13]", "normalizedForm": "[13]", "refKey": 13}]}, {"type": "software", "software-type": "software", "software-name": {"rawForm": "iCoRA", "normalizedForm": "iCoRA", "offsetStart": 47, "offsetEnd": 52}, "context": "All advisors looked at the grades predicted by iCoRA at some point during the study session, but the predictions were not taken into account in all the course recommendations tasks.", "mentionContextAttributes": {"used": {"value": true, "score": 0.9999868273735046}, "created": {"value": false, "score": 1.3887882232666016e-05}, "shared": {"value": false, "score": 1.7881393432617188e-07}}, "documentContextAttributes": {"used": {"value": true, "score": 0.9999913573265076}, "created": {"value": true, "score": 0.9996955394744873}, "shared": {"value": false, "score": 2.205371856689453e-06}}, "references": [{"label": "[13]", "normalizedForm": "[13]", "refKey": 13}]}, {"type": "software", "software-type": "software", "software-name": {"rawForm": "iCoRA", "normalizedForm": "iCoRA", "offsetStart": 49, "offsetEnd": 54}, "context": "In that regard, they all agreed that a tool like iCoRA is not meant to replace the advisors, but rather empower stakeholders with pertinent, more objective information beyond the vox populi.", "mentionContextAttributes": {"used": {"value": false, "score": 0.000316619873046875}, "created": {"value": false, "score": 0.0026346445083618164}, "shared": {"value": false, "score": 4.172325134277344e-07}}, "documentContextAttributes": {"used": {"value": true, "score": 0.9999913573265076}, "created": {"value": true, "score": 0.9996955394744873}, "shared": {"value": false, "score": 2.205371856689453e-06}}, "references": [{"label": "[13]", "normalizedForm": "[13]", "refKey": 13}]}, {"type": "software", "software-type": "software", "software-name": {"rawForm": "iCoRA", "normalizedForm": "iCoRA", "offsetStart": 51, "offsetEnd": 56}, "context": "To promote transparency in the prediction process, iCoRA also provides explanations for the predicted grades.", "mentionContextAttributes": {"used": {"value": false, "score": 7.337331771850586e-05}, "created": {"value": false, "score": 0.013380110263824463}, "shared": {"value": false, "score": 1.7881393432617188e-07}}, "documentContextAttributes": {"used": {"value": true, "score": 0.9999913573265076}, "created": {"value": true, "score": 0.9996955394744873}, "shared": {"value": false, "score": 2.205371856689453e-06}}, "references": [{"label": "[13]", "normalizedForm": "[13]", "refKey": 13}]}, {"type": "software", "software-type": "software", "software-name": {"rawForm": "iCoRA", "normalizedForm": "iCoRA", "offsetStart": 52, "offsetEnd": 57}, "context": "We did not consider the grades and GPA predicted by iCoRA in this analysis because, due to our experimental protocol, the prediction models across courses and student profiles had different difficulty levels: they had a different intercept (i.e., predicted grade at zero workload) and a different slope (i.e., the models penalized the grade differently for each additional hour of work).", "mentionContextAttributes": {"used": {"value": true, "score": 0.9999679923057556}, "created": {"value": false, "score": 6.377696990966797e-06}, "shared": {"value": false, "score": 5.364418029785156e-07}}, "documentContextAttributes": {"used": {"value": true, "score": 0.9999913573265076}, "created": {"value": true, "score": 0.9996955394744873}, "shared": {"value": false, "score": 2.205371856689453e-06}}, "references": [{"label": "[13]", "normalizedForm": "[13]", "refKey": 13}]}, {"type": "software", "software-type": "software", "software-name": {"rawForm": "iCoRA", "normalizedForm": "iCoRA", "offsetStart": 53, "offsetEnd": 58}, "context": "We conducted a study to investigate the influence of iCoRA's grade predictions on academic advisors when assisting students with different performance profiles in planning their upcoming term.", "mentionContextAttributes": {"used": {"value": true, "score": 0.9996122717857361}, "created": {"value": false, "score": 0.41170233488082886}, "shared": {"value": false, "score": 4.172325134277344e-07}}, "documentContextAttributes": {"used": {"value": true, "score": 0.9999913573265076}, "created": {"value": true, "score": 0.9996955394744873}, "shared": {"value": false, "score": 2.205371856689453e-06}}, "references": [{"label": "[13]", "normalizedForm": "[13]", "refKey": 13}]}, {"type": "software", "software-type": "software", "software-name": {"rawForm": "iCoRA", "normalizedForm": "iCoRA", "offsetStart": 55, "offsetEnd": 60}, "context": "Advisors were then asked to use our adapted version of iCoRA to recommend a course set for the upcoming academic term to each of our three fictional students. ", "mentionContextAttributes": {"used": {"value": true, "score": 0.9999613165855408}, "created": {"value": false, "score": 0.06844079494476318}, "shared": {"value": false, "score": 2.980232238769531e-07}}, "documentContextAttributes": {"used": {"value": true, "score": 0.9999913573265076}, "created": {"value": true, "score": 0.9996955394744873}, "shared": {"value": false, "score": 2.205371856689453e-06}}, "references": [{"label": "[13]", "normalizedForm": "[13]", "refKey": 13}]}, {"type": "software", "software-type": "software", "software-name": {"rawForm": "iCoRA", "normalizedForm": "iCoRA", "offsetStart": 55, "offsetEnd": 60}, "context": "In many cases, advisors' prior views not only overrode iCoRA's predictions, but also the course's workload and time commitment information the tool provided.", "mentionContextAttributes": {"used": {"value": true, "score": 0.9991598725318909}, "created": {"value": false, "score": 3.7610530853271484e-05}, "shared": {"value": false, "score": 2.980232238769531e-07}}, "documentContextAttributes": {"used": {"value": true, "score": 0.9999913573265076}, "created": {"value": true, "score": 0.9996955394744873}, "shared": {"value": false, "score": 2.205371856689453e-06}}, "references": [{"label": "[13]", "normalizedForm": "[13]", "refKey": 13}]}, {"type": "software", "software-type": "software", "software-name": {"rawForm": "iCoRA", "normalizedForm": "iCoRA", "offsetStart": 57, "offsetEnd": 62}, "context": "Finally, while our observations suggest that a tool like iCoRA may require the introduction of mechanisms to build trust, our study does not provide answers on how to design or implement those mechanisms.", "mentionContextAttributes": {"used": {"value": false, "score": 0.0001373291015625}, "created": {"value": true, "score": 0.6545217633247375}, "shared": {"value": false, "score": 5.364418029785156e-07}}, "documentContextAttributes": {"used": {"value": true, "score": 0.9999913573265076}, "created": {"value": true, "score": 0.9996955394744873}, "shared": {"value": false, "score": 2.205371856689453e-06}}, "references": [{"label": "[13]", "normalizedForm": "[13]", "refKey": 13}]}, {"type": "software", "software-type": "software", "software-name": {"rawForm": "iCoRA", "normalizedForm": "iCoRA", "offsetStart": 59, "offsetEnd": 64}, "context": "Finally the general consensus among advisors is that using iCoRA without prior preparation, would not reduce the duration of the advising sessions because, as we saw for the low-performing student, it encourages the advisors to invest more time and effort to find a well balanced set of courses.", "mentionContextAttributes": {"used": {"value": false, "score": 0.29685741662979126}, "created": {"value": false, "score": 0.0013461709022521973}, "shared": {"value": false, "score": 8.940696716308594e-07}}, "documentContextAttributes": {"used": {"value": true, "score": 0.9999913573265076}, "created": {"value": true, "score": 0.9996955394744873}, "shared": {"value": false, "score": 2.205371856689453e-06}}, "references": [{"label": "[13]", "normalizedForm": "[13]", "refKey": 13}]}, {"type": "software", "software-type": "software", "software-name": {"rawForm": "iCoRA", "normalizedForm": "iCoRA", "offsetStart": 59, "offsetEnd": 64}, "context": "We decided in favor of this design to study the effects of iCoRA in isolation, without the confounding factor that the students' unique circumstances may have introduced.", "mentionContextAttributes": {"used": {"value": false, "score": 0.18120884895324707}, "created": {"value": true, "score": 0.9952771067619324}, "shared": {"value": false, "score": 1.7881393432617188e-07}}, "documentContextAttributes": {"used": {"value": true, "score": 0.9999913573265076}, "created": {"value": true, "score": 0.9996955394744873}, "shared": {"value": false, "score": 2.205371856689453e-06}}, "references": [{"label": "[13]", "normalizedForm": "[13]", "refKey": 13}]}, {"type": "software", "software-type": "software", "software-name": {"rawForm": "iCoRA", "normalizedForm": "iCoRA", "offsetStart": 61, "offsetEnd": 66}, "context": "In most cases, the advisors did not question the validity of iCoRA's verdicts and assumed it was worth looking at the grade predictions for validating their recommendations.", "mentionContextAttributes": {"used": {"value": true, "score": 0.9999193549156189}, "created": {"value": false, "score": 2.4616718292236328e-05}, "shared": {"value": false, "score": 2.980232238769531e-07}}, "documentContextAttributes": {"used": {"value": true, "score": 0.9999913573265076}, "created": {"value": true, "score": 0.9996955394744873}, "shared": {"value": false, "score": 2.205371856689453e-06}}, "references": [{"label": "[13]", "normalizedForm": "[13]", "refKey": 13}]}, {"type": "software", "software-type": "software", "software-name": {"rawForm": "Mobile Apps Development", "normalizedForm": "Mobile Apps Development", "offsetStart": 61, "offsetEnd": 84}, "context": "Besides the short-term professional perspectives the Web and Mobile Apps Development course offers, this course is also a co-requisite 5 of Software Engineering II.", "mentionContextAttributes": {"used": {"value": false, "score": 0.0006985664367675781}, "created": {"value": false, "score": 0.02690988779067993}, "shared": {"value": false, "score": 7.212162017822266e-06}}, "documentContextAttributes": {"used": {"value": true, "score": 0.9998371601104736}, "created": {"value": false, "score": 0.02690988779067993}, "shared": {"value": false, "score": 7.212162017822266e-06}}}, {"type": "software", "software-type": "software", "software-name": {"rawForm": "iCoRA", "normalizedForm": "iCoRA", "offsetStart": 64, "offsetEnd": 69}, "context": "These comments, however, suggest that an eventual deployment of iCoRA (or a similar tool) in a real-life setting, will require additional actions and mechanisms to generate trust.", "mentionContextAttributes": {"used": {"value": false, "score": 0.00019741058349609375}, "created": {"value": false, "score": 0.008359968662261963}, "shared": {"value": false, "score": 4.172325134277344e-07}}, "documentContextAttributes": {"used": {"value": true, "score": 0.9999913573265076}, "created": {"value": true, "score": 0.9996955394744873}, "shared": {"value": false, "score": 2.205371856689453e-06}}, "references": [{"label": "[13]", "normalizedForm": "[13]", "refKey": 13}]}, {"type": "software", "software-type": "software", "software-name": {"rawForm": "iCoRA", "normalizedForm": "iCoRA", "offsetStart": 70, "offsetEnd": 75}, "context": "We run the explanation module on all the inputs traditionally used by iCoRA, namely the advisee's academic history, the selected courses' prerequisites, and the chosen academic load.", "mentionContextAttributes": {"used": {"value": true, "score": 0.985625147819519}, "created": {"value": false, "score": 0.18953871726989746}, "shared": {"value": false, "score": 2.980232238769531e-07}}, "documentContextAttributes": {"used": {"value": true, "score": 0.9999913573265076}, "created": {"value": true, "score": 0.9996955394744873}, "shared": {"value": false, "score": 2.205371856689453e-06}}, "references": [{"label": "[13]", "normalizedForm": "[13]", "refKey": 13}]}, {"type": "software", "software-type": "software", "software-name": {"rawForm": "iCoRA", "normalizedForm": "iCoRA", "offsetStart": 73, "offsetEnd": 78}, "context": "Finally, a few advisors advocated for comparisons between course sets in iCoRA to contrast the pros and cons of two (or more) recommendation strategies (e.g., one conservative versus one more challenging), and to provide alternative recommendations to the students-in case they change their minds or run into schedule constraints.", "mentionContextAttributes": {"used": {"value": false, "score": 0.0048004984855651855}, "created": {"value": false, "score": 0.0042095184326171875}, "shared": {"value": false, "score": 2.980232238769531e-07}}, "documentContextAttributes": {"used": {"value": true, "score": 0.9999913573265076}, "created": {"value": true, "score": 0.9996955394744873}, "shared": {"value": false, "score": 2.205371856689453e-06}}, "references": [{"label": "[13]", "normalizedForm": "[13]", "refKey": 13}]}, {"type": "software", "software-type": "software", "software-name": {"rawForm": "iCoRA", "normalizedForm": "iCoRA", "offsetStart": 78, "offsetEnd": 83}, "context": "Advisors also appreciated the data-supported advising paradigm implemented by iCoRA, which they deem to be a good asset for improving the quality of their course recommendations.", "mentionContextAttributes": {"used": {"value": false, "score": 0.44529610872268677}, "created": {"value": false, "score": 0.06173151731491089}, "shared": {"value": false, "score": 4.172325134277344e-07}}, "documentContextAttributes": {"used": {"value": true, "score": 0.9999913573265076}, "created": {"value": true, "score": 0.9996955394744873}, "shared": {"value": false, "score": 2.205371856689453e-06}}, "references": [{"label": "[13]", "normalizedForm": "[13]", "refKey": 13}]}, {"type": "software", "software-type": "software", "software-name": {"rawForm": "iCoRA", "normalizedForm": "iCoRA", "offsetStart": 80, "offsetEnd": 85}, "context": "Figure 3 shows the academic history of our three fictional students as shown in iCoRA. ", "mentionContextAttributes": {"used": {"value": true, "score": 0.8033786416053772}, "created": {"value": false, "score": 0.0008959770202636719}, "shared": {"value": false, "score": 5.364418029785156e-07}}, "documentContextAttributes": {"used": {"value": true, "score": 0.9999913573265076}, "created": {"value": true, "score": 0.9996955394744873}, "shared": {"value": false, "score": 2.205371856689453e-06}}, "references": [{"label": "[13]", "normalizedForm": "[13]", "refKey": 13}]}, {"type": "software", "software-type": "software", "software-name": {"rawForm": "iCoRA", "normalizedForm": "iCoRA", "offsetStart": 81, "offsetEnd": 86}, "context": "Our observations indicate that advisors had an overall positive attitude towards iCoRA.", "mentionContextAttributes": {"used": {"value": true, "score": 0.9999151825904846}, "created": {"value": false, "score": 0.0004871487617492676}, "shared": {"value": false, "score": 4.172325134277344e-07}}, "documentContextAttributes": {"used": {"value": true, "score": 0.9999913573265076}, "created": {"value": true, "score": 0.9996955394744873}, "shared": {"value": false, "score": 2.205371856689453e-06}}, "references": [{"label": "[13]", "normalizedForm": "[13]", "refKey": 13}]}, {"type": "software", "software-type": "software", "software-name": {"rawForm": "iCoRA", "normalizedForm": "iCoRA", "offsetStart": 82, "offsetEnd": 87}, "context": "We characterize the advisors' effort in terms of a) the time they interacted with iCoRA before submitting a course set recommendation, and b) the number of drag and drop operations this interaction incurred.", "mentionContextAttributes": {"used": {"value": true, "score": 0.9999716877937317}, "created": {"value": false, "score": 0.0002638101577758789}, "shared": {"value": false, "score": 1.7881393432617188e-07}}, "documentContextAttributes": {"used": {"value": true, "score": 0.9999913573265076}, "created": {"value": true, "score": 0.9996955394744873}, "shared": {"value": false, "score": 2.205371856689453e-06}}, "references": [{"label": "[13]", "normalizedForm": "[13]", "refKey": 13}]}, {"type": "software", "software-type": "software", "software-name": {"rawForm": "iCoRA", "normalizedForm": "iCoRA", "offsetStart": 85, "offsetEnd": 90}, "context": "By capitalizing on historical data about the different courses in the study program, iCoRA provides performance predictions for each of the recommended courses.", "mentionContextAttributes": {"used": {"value": false, "score": 0.00045675039291381836}, "created": {"value": false, "score": 0.00033533573150634766}, "shared": {"value": false, "score": 1.7881393432617188e-07}}, "documentContextAttributes": {"used": {"value": true, "score": 0.9999913573265076}, "created": {"value": true, "score": 0.9996955394744873}, "shared": {"value": false, "score": 2.205371856689453e-06}}, "references": [{"label": "[13]", "normalizedForm": "[13]", "refKey": 13}]}, {"type": "software", "software-type": "software", "software-name": {"rawForm": "iCoRA", "normalizedForm": "iCoRA", "offsetStart": 86, "offsetEnd": 91}, "context": "The study we report below aims to answer these questions in the interest of deploying iCoRA in a real-world setting.", "mentionContextAttributes": {"used": {"value": false, "score": 0.00014162063598632812}, "created": {"value": true, "score": 0.9919238686561584}, "shared": {"value": false, "score": 2.980232238769531e-07}}, "documentContextAttributes": {"used": {"value": true, "score": 0.9999913573265076}, "created": {"value": true, "score": 0.9996955394744873}, "shared": {"value": false, "score": 2.205371856689453e-06}}, "references": [{"label": "[13]", "normalizedForm": "[13]", "refKey": 13}]}, {"type": "software", "software-type": "software", "software-name": {"rawForm": "iCoRA", "normalizedForm": "iCoRA", "offsetStart": 102, "offsetEnd": 107}, "context": "With no exception, all advisors were enthusiastic about the perspective of having at hand a tool like iCoRA.", "mentionContextAttributes": {"used": {"value": true, "score": 0.8248128890991211}, "created": {"value": false, "score": 0.0010762810707092285}, "shared": {"value": false, "score": 5.364418029785156e-07}}, "documentContextAttributes": {"used": {"value": true, "score": 0.9999913573265076}, "created": {"value": true, "score": 0.9996955394744873}, "shared": {"value": false, "score": 2.205371856689453e-06}}, "references": [{"label": "[13]", "normalizedForm": "[13]", "refKey": 13}]}, {"type": "software", "software-type": "software", "software-name": {"rawForm": "iCoRA", "normalizedForm": "iCoRA", "offsetStart": 104, "offsetEnd": 109}, "context": "We begin describing the quantitative results derived from the advisors' decisions and interactions with iCoRA.", "mentionContextAttributes": {"used": {"value": true, "score": 0.9999468922615051}, "created": {"value": true, "score": 0.5264818668365479}, "shared": {"value": false, "score": 1.7881393432617188e-07}}, "documentContextAttributes": {"used": {"value": true, "score": 0.9999913573265076}, "created": {"value": true, "score": 0.9996955394744873}, "shared": {"value": false, "score": 2.205371856689453e-06}}, "references": [{"label": "[13]", "normalizedForm": "[13]", "refKey": 13}]}, {"type": "software", "software-type": "software", "software-name": {"rawForm": "iCoRA", "normalizedForm": "iCoRA", "offsetStart": 117, "offsetEnd": 122}, "context": "The experiment concluded with a semi-structured interview in which we asked participants about their perspectives on iCoRA.", "mentionContextAttributes": {"used": {"value": true, "score": 0.9998264312744141}, "created": {"value": false, "score": 0.005481302738189697}, "shared": {"value": false, "score": 4.172325134277344e-07}}, "documentContextAttributes": {"used": {"value": true, "score": 0.9999913573265076}, "created": {"value": true, "score": 0.9996955394744873}, "shared": {"value": false, "score": 2.205371856689453e-06}}, "references": [{"label": "[13]", "normalizedForm": "[13]", "refKey": 13}]}, {"type": "software", "software-type": "software", "software-name": {"rawForm": "iCoRA", "normalizedForm": "iCoRA", "offsetStart": 119, "offsetEnd": 124}, "context": "We recorded the courses that each student was advised to take, including any partial sets that the advisors built with iCoRA while making their recommendations.", "mentionContextAttributes": {"used": {"value": true, "score": 0.9999913573265076}, "created": {"value": false, "score": 7.790327072143555e-05}, "shared": {"value": false, "score": 2.980232238769531e-07}}, "documentContextAttributes": {"used": {"value": true, "score": 0.9999913573265076}, "created": {"value": true, "score": 0.9996955394744873}, "shared": {"value": false, "score": 2.205371856689453e-06}}, "references": [{"label": "[13]", "normalizedForm": "[13]", "refKey": 13}]}, {"type": "software", "software-type": "software", "software-name": {"rawForm": "iCoRA", "normalizedForm": "iCoRA", "offsetStart": 122, "offsetEnd": 127}, "context": "Albeit largely enthusiastic, our participants' responses to the tool also raised concerns on the implications of adopting iCoRA as part of the university's advising system.", "mentionContextAttributes": {"used": {"value": true, "score": 0.9903597831726074}, "created": {"value": false, "score": 0.11829239130020142}, "shared": {"value": false, "score": 5.364418029785156e-07}}, "documentContextAttributes": {"used": {"value": true, "score": 0.9999913573265076}, "created": {"value": true, "score": 0.9996955394744873}, "shared": {"value": false, "score": 2.205371856689453e-06}}, "references": [{"label": "[13]", "normalizedForm": "[13]", "refKey": 13}]}, {"type": "software", "software-type": "software", "software-name": {"rawForm": "iCoRA", "normalizedForm": "iCoRA", "offsetStart": 133, "offsetEnd": 138}, "context": "These investigations could take a comparative approach to uncover differences in the advising processes with and without a tool like iCoRA.", "mentionContextAttributes": {"used": {"value": true, "score": 0.9900582432746887}, "created": {"value": false, "score": 0.0025060176849365234}, "shared": {"value": false, "score": 2.980232238769531e-07}}, "documentContextAttributes": {"used": {"value": true, "score": 0.9999913573265076}, "created": {"value": true, "score": 0.9996955394744873}, "shared": {"value": false, "score": 2.205371856689453e-06}}, "references": [{"label": "[13]", "normalizedForm": "[13]", "refKey": 13}]}, {"type": "software", "software-type": "software", "software-name": {"rawForm": "iCoRA", "normalizedForm": "iCoRA", "offsetStart": 135, "offsetEnd": 140}, "context": "Some explicitly stated appreciating its functionality in comparison to the tool they currently use to conduct the advising sessions: \"[iCoRA] could be extremely useful because it goes one step further than what currently exists [for the advising sessions]\" [P11]; \"There was information that I did not know before and now, because of the tool, I do.", "mentionContextAttributes": {"used": {"value": false, "score": 0.007910192012786865}, "created": {"value": false, "score": 0.0013064146041870117}, "shared": {"value": false, "score": 2.205371856689453e-06}}, "documentContextAttributes": {"used": {"value": true, "score": 0.9999913573265076}, "created": {"value": true, "score": 0.9996955394744873}, "shared": {"value": false, "score": 2.205371856689453e-06}}, "references": [{"label": "[13]", "normalizedForm": "[13]", "refKey": 13}]}, {"type": "software", "software-type": "software", "software-name": {"rawForm": "iCoRA", "normalizedForm": "iCoRA", "offsetStart": 150, "offsetEnd": 155}, "context": "These modifications made iCoRA and the university's current advising tool comparable in terms of functionality, except for three additional features: iCoRA also provides course historical information, academic performance predictions, and explanations thereof. ", "mentionContextAttributes": {"used": {"value": false, "score": 0.0015749931335449219}, "created": {"value": false, "score": 0.004064202308654785}, "shared": {"value": false, "score": 1.6093254089355469e-06}}, "documentContextAttributes": {"used": {"value": true, "score": 0.9999913573265076}, "created": {"value": true, "score": 0.9996955394744873}, "shared": {"value": false, "score": 2.205371856689453e-06}}, "references": [{"label": "[13]", "normalizedForm": "[13]", "refKey": 13}]}, {"type": "software", "software-type": "software", "software-name": {"rawForm": "iCoRA", "normalizedForm": "iCoRA", "offsetStart": 150, "offsetEnd": 155}, "context": "We present in this section the findings of our qualitative analysis of the interview data and the video recordings of the advisors' interactions with iCoRA.", "mentionContextAttributes": {"used": {"value": true, "score": 0.9999802708625793}, "created": {"value": true, "score": 0.9996955394744873}, "shared": {"value": false, "score": 1.7881393432617188e-07}}, "documentContextAttributes": {"used": {"value": true, "score": 0.9999913573265076}, "created": {"value": true, "score": 0.9996955394744873}, "shared": {"value": false, "score": 2.205371856689453e-06}}, "references": [{"label": "[13]", "normalizedForm": "[13]", "refKey": 13}]}, {"type": "software", "software-type": "software", "software-name": {"rawForm": "iCoRA", "normalizedForm": "iCoRA", "offsetStart": 155, "offsetEnd": 160}, "context": "[P04]; \"Obviously, we want to understand trends and the tool provides a lot of information for that [...] However, there is no qualitative information [in iCoRA], only quantitative data.", "mentionContextAttributes": {"used": {"value": false, "score": 0.0017376542091369629}, "created": {"value": false, "score": 5.060434341430664e-05}, "shared": {"value": false, "score": 2.980232238769531e-07}}, "documentContextAttributes": {"used": {"value": true, "score": 0.9999913573265076}, "created": {"value": true, "score": 0.9996955394744873}, "shared": {"value": false, "score": 2.205371856689453e-06}}, "references": [{"label": "[13]", "normalizedForm": "[13]", "refKey": 13}]}, {"type": "software", "software-type": "software", "software-name": {"rawForm": "iCoRA", "normalizedForm": "iCoRA", "offsetStart": 166, "offsetEnd": 171}, "context": "After providing consent and filling out a questionnaire about demographics and academic advising experience, each participant watched a 6-minute video that explained iCoRA's GUI. ", "mentionContextAttributes": {"used": {"value": true, "score": 0.9998730421066284}, "created": {"value": false, "score": 7.414817810058594e-05}, "shared": {"value": false, "score": 3.5762786865234375e-07}}, "documentContextAttributes": {"used": {"value": true, "score": 0.9999913573265076}, "created": {"value": true, "score": 0.9996955394744873}, "shared": {"value": false, "score": 2.205371856689453e-06}}, "references": [{"label": "[13]", "normalizedForm": "[13]", "refKey": 13}]}, {"type": "software", "software-type": "software", "software-name": {"rawForm": "iCoRA", "normalizedForm": "iCoRA", "offsetStart": 174, "offsetEnd": 179}, "context": "In regards to RQ1, the qualitative analysis presented in Section 5.2.2 suggests that, in general, the advisors' opinion and experience prevailed over the predictions made by iCoRA.", "mentionContextAttributes": {"used": {"value": true, "score": 0.9999713897705078}, "created": {"value": false, "score": 7.271766662597656e-06}, "shared": {"value": false, "score": 1.1920928955078125e-07}}, "documentContextAttributes": {"used": {"value": true, "score": 0.9999913573265076}, "created": {"value": true, "score": 0.9996955394744873}, "shared": {"value": false, "score": 2.205371856689453e-06}}, "references": [{"label": "[13]", "normalizedForm": "[13]", "refKey": 13}]}, {"type": "software", "software-type": "software", "software-name": {"rawForm": "iCoRA", "normalizedForm": "iCoRA", "offsetStart": 203, "offsetEnd": 208}, "context": "We build upon the quantitative and qualitative analyses presented in the previous section and structure our analysis in terms of the advisors' strategy to make recommendations and their attitude towards iCoRA.", "mentionContextAttributes": {"used": {"value": true, "score": 0.8840880990028381}, "created": {"value": false, "score": 0.29525959491729736}, "shared": {"value": false, "score": 2.384185791015625e-07}}, "documentContextAttributes": {"used": {"value": true, "score": 0.9999913573265076}, "created": {"value": true, "score": 0.9996955394744873}, "shared": {"value": false, "score": 2.205371856689453e-06}}, "references": [{"label": "[13]", "normalizedForm": "[13]", "refKey": 13}]}, {"type": "software", "software-type": "software", "software-name": {"rawForm": "iCoRA", "normalizedForm": "iCoRA", "offsetStart": 207, "offsetEnd": 212}, "context": "It follows that appropriate human judgment should not be replaced by a grade prediction tool, because advising students implies integrating non-quantitative information that cannot be handled by a tool like iCoRA.", "mentionContextAttributes": {"used": {"value": false, "score": 0.0001169443130493164}, "created": {"value": false, "score": 0.00019735097885131836}, "shared": {"value": false, "score": 2.384185791015625e-07}}, "documentContextAttributes": {"used": {"value": true, "score": 0.9999913573265076}, "created": {"value": true, "score": 0.9996955394744873}, "shared": {"value": false, "score": 2.205371856689453e-06}}, "references": [{"label": "[13]", "normalizedForm": "[13]", "refKey": 13}]}, {"type": "software", "software-type": "software", "software-name": {"rawForm": "iCoRA", "normalizedForm": "iCoRA", "offsetStart": 210, "offsetEnd": 215}, "context": "These observations provide a broader interpretation of the quantitative results presented earlier, as they uncover subjective factors that advisors brought into their decision process and their perspectives on iCoRA.", "mentionContextAttributes": {"used": {"value": true, "score": 0.9998525381088257}, "created": {"value": false, "score": 9.274482727050781e-05}, "shared": {"value": false, "score": 2.384185791015625e-07}}, "documentContextAttributes": {"used": {"value": true, "score": 0.9999913573265076}, "created": {"value": true, "score": 0.9996955394744873}, "shared": {"value": false, "score": 2.205371856689453e-06}}, "references": [{"label": "[13]", "normalizedForm": "[13]", "refKey": 13}]}, {"type": "software", "software-type": "software", "software-name": {"rawForm": "Mobile Apps Development", "normalizedForm": "Mobile Apps Development", "offsetStart": 211, "offsetEnd": 234}, "context": "Such criteria prevailed, even if we consider that students are not obliged to take the courses in a specific order, and even when the tool presented pessimistic predictions: \"This student must take the 'Web and Mobile Apps Development' course.", "mentionContextAttributes": {"used": {"value": true, "score": 0.9945014715194702}, "created": {"value": false, "score": 0.0008255839347839355}, "shared": {"value": false, "score": 7.152557373046875e-07}}, "documentContextAttributes": {"used": {"value": true, "score": 0.9998371601104736}, "created": {"value": false, "score": 0.02690988779067993}, "shared": {"value": false, "score": 7.212162017822266e-06}}}, {"type": "software", "software-type": "software", "software-name": {"rawForm": "Mobile Apps Development", "normalizedForm": "Mobile Apps Development", "offsetStart": 249, "offsetEnd": 272}, "context": "For instance, the Algorithm Analysis course ranked the most popular in the recommendations for the high-performing student (13 out of 15 times), whereas it was recommended only 5 times to the lowperforming student-always in combination with Web and Mobile Apps Development. ", "mentionContextAttributes": {"used": {"value": true, "score": 0.9998371601104736}, "created": {"value": false, "score": 4.661083221435547e-05}, "shared": {"value": false, "score": 3.5762786865234375e-07}}, "documentContextAttributes": {"used": {"value": true, "score": 0.9998371601104736}, "created": {"value": false, "score": 0.02690988779067993}, "shared": {"value": false, "score": 7.212162017822266e-06}}}], "references": [{"refKey": 13, "tei": "<biblStruct xml:id=\"b13\">\n\t<analytic>\n\t\t<title level=\"a\" type=\"main\">Pharmacological treatment of ADHD: an evidence map using minerva database, a new tool for clinical psychopharmacology research</title>\n\t\t<author>\n\t\t\t<persName><forename type=\"first\">Jaime</forename><surname>Castells</surname></persName>\n\t\t</author>\n\t\t<author>\n\t\t\t<persName><forename type=\"first\">Poul</forename><surname>Mohammad</surname></persName>\n\t\t</author>\n\t\t<author>\n\t\t\t<persName><forename type=\"first\">Luis</forename><surname>Doust</surname></persName>\n\t\t</author>\n\t\t<author>\n\t\t\t<persName><forename type=\"first\">Gonzalo</forename><surname>Gal\u00e1rraga</surname></persName>\n\t\t</author>\n\t\t<author>\n\t\t\t<persName><forename type=\"first\">Margarita</forename><surname>Gabriel M\u00e9ndez</surname></persName>\n\t\t</author>\n\t\t<author>\n\t\t\t<persName><forename type=\"first\">Alberto</forename><surname>Ortiz-Rojas</surname></persName>\n\t\t</author>\n\t\t<author>\n\t\t\t<persName><surname>Jim\u00e9nez</surname></persName>\n\t\t</author>\n\t\t<idno type=\"DOI\">10.26226/morressier.5b68175fb56e9b005965c60d</idno>\n\t</analytic>\n\t<monogr>\n\t\t<title level=\"m\">Proceedings of the Workshop on Adoption, Adaptation and Pilots of Learning Analytics in Underrepresented Regions, co-located with the 15th European Conference on Technology Enhanced Learning 2020 (ECTEL</title>\n\t\t<meeting>the Workshop on Adoption, Adaptation and Pilots of Learning Analytics in Underrepresented Regions, co-located with the 15th European Conference on Technology Enhanced Learning 2020 (ECTEL</meeting>\n\t\t<imprint>\n\t\t\t<publisher>Morressier</publisher>\n\t\t\t<date type=\"published\" when=\"2018-10-05\">2020. 2020</date>\n\t\t</imprint>\n\t</monogr>\n</biblStruct>\n"}], "runtime": 79377, "id": "6c4780a42fb31ef9c8e9d95a7e48a8a1c9e14493", "metadata": {"id": "6c4780a42fb31ef9c8e9d95a7e48a8a1c9e14493"}, "original_file_path": "../../datalake/Samuel/SOFTware-Sync/data/xml_files/hal-04132566.grobid.tei.xml", "file_name": "hal-04132566.grobid.tei.xml"}