{"application": "software-mentions", "version": "0.8.0", "date": "2024-04-12T15:59+0000", "md5": "4B6D296096B56678871A559A97DC78A8", "mentions": [{"type": "software", "software-type": "software", "software-name": {"rawForm": "GenAddr", "normalizedForm": "GenAddr", "offsetStart": 0, "offsetEnd": 7}, "context": "GenAddr will generate addresses to represent the tape associated with its fifth argument. ", "mentionContextAttributes": {"used": {"value": false, "score": 0.0015249848365783691}, "created": {"value": false, "score": 0.008145809173583984}, "shared": {"value": false, "score": 2.980232238769531e-07}}, "documentContextAttributes": {"used": {"value": true, "score": 0.9783183932304382}, "created": {"value": false, "score": 0.008145809173583984}, "shared": {"value": false, "score": 7.152557373046875e-07}}}, {"type": "software", "software-type": "software", "software-name": {"rawForm": "GenAddr", "normalizedForm": "GenAddr", "offsetStart": 0, "offsetEnd": 7}, "context": "GenAddr(c p , c n , a 1 , . . .", "mentionContextAttributes": {"used": {"value": true, "score": 0.9783183932304382}, "created": {"value": false, "score": 4.708766937255859e-06}, "shared": {"value": false, "score": 4.172325134277344e-07}}, "documentContextAttributes": {"used": {"value": true, "score": 0.9783183932304382}, "created": {"value": false, "score": 0.008145809173583984}, "shared": {"value": false, "score": 7.152557373046875e-07}}}, {"type": "software", "software-type": "software", "software-name": {"rawForm": "GenAddr", "normalizedForm": "GenAddr", "offsetStart": 0, "offsetEnd": 7}, "context": "GenAddr(c p , c n , a 1 , . . .", "mentionContextAttributes": {"used": {"value": true, "score": 0.9783183932304382}, "created": {"value": false, "score": 4.708766937255859e-06}, "shared": {"value": false, "score": 4.172325134277344e-07}}, "documentContextAttributes": {"used": {"value": true, "score": 0.9783183932304382}, "created": {"value": false, "score": 0.008145809173583984}, "shared": {"value": false, "score": 7.152557373046875e-07}}}, {"type": "software", "software-type": "software", "software-name": {"rawForm": "GenAddr", "normalizedForm": "GenAddr", "offsetStart": 2, "offsetEnd": 9}, "context": "\u2022 GenAddr is an auxiliary predicate used to generated an exponential number of addresses.", "mentionContextAttributes": {"used": {"value": true, "score": 0.7881351709365845}, "created": {"value": false, "score": 4.5239925384521484e-05}, "shared": {"value": false, "score": 1.7881393432617188e-07}}, "documentContextAttributes": {"used": {"value": true, "score": 0.9783183932304382}, "created": {"value": false, "score": 0.008145809173583984}, "shared": {"value": false, "score": 7.152557373046875e-07}}}, {"type": "software", "software-type": "software", "software-name": {"rawForm": "ProjMap", "normalizedForm": "ProjMap", "offsetStart": 12, "offsetEnd": 19}, "context": "Reducing to ProjMap.", "mentionContextAttributes": {"used": {"value": false, "score": 0.001628279685974121}, "created": {"value": false, "score": 5.21540641784668e-05}, "shared": {"value": false, "score": 1.1324882507324219e-06}}, "documentContextAttributes": {"used": {"value": true, "score": 0.9975271224975586}, "created": {"value": false, "score": 6.61015510559082e-05}, "shared": {"value": false, "score": 1.1324882507324219e-06}}}, {"type": "software", "software-type": "software", "software-name": {"rawForm": "AtomMap", "normalizedForm": "AtomMap", "offsetStart": 15, "offsetEnd": 22}, "context": "Disclose C (\u2205, AtomMap) and Disclose C (Fr1LTGD, ProjMap) are both NP-hard.", "mentionContextAttributes": {"used": {"value": false, "score": 0.06831032037734985}, "created": {"value": false, "score": 1.6868114471435547e-05}, "shared": {"value": false, "score": 4.172325134277344e-07}}, "documentContextAttributes": {"used": {"value": true, "score": 0.9461884498596191}, "created": {"value": false, "score": 0.44000738859176636}, "shared": {"value": false, "score": 4.172325134277344e-07}}}, {"type": "software", "software-type": "software", "software-name": {"rawForm": "ProjMaps", "normalizedForm": "ProjMaps", "offsetStart": 18, "offsetEnd": 26}, "context": "Now that maps are ProjMaps and each GTGD has at most two atoms in their body, we can apply the rewriting presented in Theorem 2. Notice that each GTGD will be rewritten to a bounded number of GTGDs, and the rewriting of the maps will be trivial.", "mentionContextAttributes": {"used": {"value": false, "score": 0.2185402512550354}, "created": {"value": false, "score": 5.1915645599365234e-05}, "shared": {"value": false, "score": 7.748603820800781e-07}}, "documentContextAttributes": {"used": {"value": false, "score": 0.40816372632980347}, "created": {"value": false, "score": 0.00117415189743042}, "shared": {"value": false, "score": 7.748603820800781e-07}}}, {"type": "software", "software-type": "software", "software-name": {"rawForm": "GuardedMap", "normalizedForm": "GuardedMap", "offsetStart": 20, "offsetEnd": 30}, "context": "Disclose C (IncDep, GuardedMap) is EXPTIME-hard even in bounded arity.", "mentionContextAttributes": {"used": {"value": true, "score": 0.722735583782196}, "created": {"value": false, "score": 8.404254913330078e-06}, "shared": {"value": false, "score": 2.980232238769531e-07}}, "documentContextAttributes": {"used": {"value": true, "score": 0.999505341053009}, "created": {"value": false, "score": 2.9027462005615234e-05}, "shared": {"value": false, "score": 2.980232238769531e-07}}}, {"type": "software", "software-type": "software", "software-name": {"rawForm": "AtomMap", "normalizedForm": "AtomMap", "offsetStart": 26, "offsetEnd": 33}, "context": "The rules are atomic (M \u2208 AtomMap) if each \u03c6 consists of a single atom, and they are projection maps (M \u2208 ProjMap) if each \u03c6 is a single atom with no repeated variables. ", "mentionContextAttributes": {"used": {"value": false, "score": 0.21802520751953125}, "created": {"value": false, "score": 2.378225326538086e-05}, "shared": {"value": false, "score": 2.980232238769531e-07}}, "documentContextAttributes": {"used": {"value": true, "score": 0.9461884498596191}, "created": {"value": false, "score": 0.44000738859176636}, "shared": {"value": false, "score": 4.172325134277344e-07}}}, {"type": "software", "software-type": "software", "software-name": {"rawForm": "GuardedMap", "normalizedForm": "GuardedMap", "offsetStart": 27, "offsetEnd": 37}, "context": "The rules are guarded (M \u2208 GuardedMap) if for every rule, there exists an atom in the antecedent \u03c6 that contains all the variables of \u03c6. ", "mentionContextAttributes": {"used": {"value": false, "score": 0.018702924251556396}, "created": {"value": false, "score": 1.150369644165039e-05}, "shared": {"value": false, "score": 2.980232238769531e-07}}, "documentContextAttributes": {"used": {"value": true, "score": 0.999505341053009}, "created": {"value": false, "score": 2.9027462005615234e-05}, "shared": {"value": false, "score": 2.980232238769531e-07}}}, {"type": "software", "software-type": "software", "software-name": {"rawForm": "GenAddr", "normalizedForm": "GenAddr", "offsetStart": 29, "offsetEnd": 36}, "context": ", a 2k , r, z, y 0 , y 1 ) \u2192 GenAddr(c p , c n , a 1 , . . .", "mentionContextAttributes": {"used": {"value": true, "score": 0.9497491717338562}, "created": {"value": false, "score": 8.881092071533203e-06}, "shared": {"value": false, "score": 2.980232238769531e-07}}, "documentContextAttributes": {"used": {"value": true, "score": 0.9783183932304382}, "created": {"value": false, "score": 0.008145809173583984}, "shared": {"value": false, "score": 7.152557373046875e-07}}}, {"type": "software", "software-type": "software", "software-name": {"rawForm": "AtomMap", "normalizedForm": "AtomMap", "offsetStart": 30, "offsetEnd": 37}, "context": "The problem Disclose C (LTGD, AtomMap) is in EXPTIME.", "mentionContextAttributes": {"used": {"value": true, "score": 0.9461884498596191}, "created": {"value": false, "score": 2.6881694793701172e-05}, "shared": {"value": false, "score": 1.7881393432617188e-07}}, "documentContextAttributes": {"used": {"value": true, "score": 0.9461884498596191}, "created": {"value": false, "score": 0.44000738859176636}, "shared": {"value": false, "score": 4.172325134277344e-07}}}, {"type": "software", "software-type": "software", "software-name": {"rawForm": "GuardedMap", "normalizedForm": "GuardedMap", "offsetStart": 31, "offsetEnd": 41}, "context": "Theorem 6. Disclose C (IncDep, GuardedMap) and Disclose C (GTGD, ProjMap) are 2EXPTIME-hard, and are EXPTIME-hard even in bounded arity.", "mentionContextAttributes": {"used": {"value": true, "score": 0.7785356044769287}, "created": {"value": false, "score": 4.231929779052734e-06}, "shared": {"value": false, "score": 1.7881393432617188e-07}}, "documentContextAttributes": {"used": {"value": true, "score": 0.999505341053009}, "created": {"value": false, "score": 2.9027462005615234e-05}, "shared": {"value": false, "score": 2.980232238769531e-07}}}, {"type": "software", "software-type": "software", "software-name": {"rawForm": "GuardedMap", "normalizedForm": "GuardedMap", "offsetStart": 31, "offsetEnd": 41}, "context": "Corollary 4. Disclose C (GTGD, GuardedMap) reduces to Disclose C (GTGD, ProjMap).", "mentionContextAttributes": {"used": {"value": true, "score": 0.9975271224975586}, "created": {"value": false, "score": 1.7344951629638672e-05}, "shared": {"value": false, "score": 2.980232238769531e-07}}, "documentContextAttributes": {"used": {"value": true, "score": 0.999505341053009}, "created": {"value": false, "score": 2.9027462005615234e-05}, "shared": {"value": false, "score": 2.980232238769531e-07}}}, {"type": "software", "software-type": "software", "software-name": {"rawForm": "ProjMap", "normalizedForm": "ProjMap", "offsetStart": 49, "offsetEnd": 56}, "context": "Disclose C (\u2205, AtomMap) and Disclose C (Fr1LTGD, ProjMap) are both NP-hard.", "mentionContextAttributes": {"used": {"value": false, "score": 0.06831032037734985}, "created": {"value": false, "score": 1.6868114471435547e-05}, "shared": {"value": false, "score": 4.172325134277344e-07}}, "documentContextAttributes": {"used": {"value": true, "score": 0.9975271224975586}, "created": {"value": false, "score": 6.61015510559082e-05}, "shared": {"value": false, "score": 1.1324882507324219e-06}}}, {"type": "software", "software-type": "software", "software-name": {"rawForm": "ProjMap", "normalizedForm": "ProjMap", "offsetStart": 65, "offsetEnd": 72}, "context": "Theorem 6. Disclose C (IncDep, GuardedMap) and Disclose C (GTGD, ProjMap) are 2EXPTIME-hard, and are EXPTIME-hard even in bounded arity.", "mentionContextAttributes": {"used": {"value": true, "score": 0.7785356044769287}, "created": {"value": false, "score": 4.231929779052734e-06}, "shared": {"value": false, "score": 1.7881393432617188e-07}}, "documentContextAttributes": {"used": {"value": true, "score": 0.9975271224975586}, "created": {"value": false, "score": 6.61015510559082e-05}, "shared": {"value": false, "score": 1.1324882507324219e-06}}}, {"type": "software", "software-type": "software", "software-name": {"rawForm": "ProjMap", "normalizedForm": "ProjMap", "offsetStart": 66, "offsetEnd": 73}, "context": "Using Corollary 4, we can reduce the problem to Disclose C (GTGD, ProjMap).", "mentionContextAttributes": {"used": {"value": false, "score": 0.03021913766860962}, "created": {"value": false, "score": 6.61015510559082e-05}, "shared": {"value": false, "score": 1.7881393432617188e-07}}, "documentContextAttributes": {"used": {"value": true, "score": 0.9975271224975586}, "created": {"value": false, "score": 6.61015510559082e-05}, "shared": {"value": false, "score": 1.1324882507324219e-06}}}, {"type": "software", "software-type": "software", "software-name": {"rawForm": "ProjMap", "normalizedForm": "ProjMap", "offsetStart": 66, "offsetEnd": 73}, "context": "A.6 Proof of Theorem 5: Disclosure for UID Source Constraints and ProjMap is PTIME", "mentionContextAttributes": {"used": {"value": true, "score": 0.8615140914916992}, "created": {"value": false, "score": 7.68899917602539e-06}, "shared": {"value": false, "score": 2.980232238769531e-07}}, "documentContextAttributes": {"used": {"value": true, "score": 0.9975271224975586}, "created": {"value": false, "score": 6.61015510559082e-05}, "shared": {"value": false, "score": 1.1324882507324219e-06}}}, {"type": "software", "software-type": "software", "software-name": {"rawForm": "ProjMap", "normalizedForm": "ProjMap", "offsetStart": 72, "offsetEnd": 79}, "context": "Corollary 4. Disclose C (GTGD, GuardedMap) reduces to Disclose C (GTGD, ProjMap).", "mentionContextAttributes": {"used": {"value": true, "score": 0.9975271224975586}, "created": {"value": false, "score": 1.7344951629638672e-05}, "shared": {"value": false, "score": 2.980232238769531e-07}}, "documentContextAttributes": {"used": {"value": true, "score": 0.9975271224975586}, "created": {"value": false, "score": 6.61015510559082e-05}, "shared": {"value": false, "score": 1.1324882507324219e-06}}}, {"type": "software", "software-type": "software", "software-name": {"rawForm": "GuardedMap", "normalizedForm": "GuardedMap", "offsetStart": 79, "offsetEnd": 89}, "context": "Corollary 2. If we bound the arity of schema relations, then Disclose C (GTGD, GuardedMap) is in EXPTIME.", "mentionContextAttributes": {"used": {"value": true, "score": 0.999505341053009}, "created": {"value": false, "score": 2.9027462005615234e-05}, "shared": {"value": false, "score": 1.7881393432617188e-07}}, "documentContextAttributes": {"used": {"value": true, "score": 0.999505341053009}, "created": {"value": false, "score": 2.9027462005615234e-05}, "shared": {"value": false, "score": 2.980232238769531e-07}}}, {"type": "software", "software-type": "software", "software-name": {"rawForm": "GuardedMap", "normalizedForm": "GuardedMap", "offsetStart": 79, "offsetEnd": 89}, "context": "If we fix the maximal arity of relations in the schema, then Disclose C (GTGD, GuardedMap) is in EXPTIME.", "mentionContextAttributes": {"used": {"value": true, "score": 0.8849722743034363}, "created": {"value": false, "score": 2.0682811737060547e-05}, "shared": {"value": false, "score": 1.7881393432617188e-07}}, "documentContextAttributes": {"used": {"value": true, "score": 0.999505341053009}, "created": {"value": false, "score": 2.9027462005615234e-05}, "shared": {"value": false, "score": 2.980232238769531e-07}}}, {"type": "software", "software-type": "software", "software-name": {"rawForm": "ProjMap", "normalizedForm": "ProjMap", "offsetStart": 85, "offsetEnd": 92}, "context": "The argument above uses IncDeps and GuardedMaps, but we can simplify the mappings to ProjMap using GTGDs.", "mentionContextAttributes": {"used": {"value": true, "score": 0.8867505788803101}, "created": {"value": false, "score": 1.2218952178955078e-05}, "shared": {"value": false, "score": 2.980232238769531e-07}}, "documentContextAttributes": {"used": {"value": true, "score": 0.9975271224975586}, "created": {"value": false, "score": 6.61015510559082e-05}, "shared": {"value": false, "score": 1.1324882507324219e-06}}}, {"type": "software", "software-type": "software", "software-name": {"rawForm": "ProjMap", "normalizedForm": "ProjMap", "offsetStart": 98, "offsetEnd": 105}, "context": "This gives us a good upper bound in one of the most basic cases: Corollary 3. Disclose C (IncDep, ProjMap) is in PSPACE.", "mentionContextAttributes": {"used": {"value": true, "score": 0.911469042301178}, "created": {"value": false, "score": 5.334615707397461e-05}, "shared": {"value": false, "score": 1.7881393432617188e-07}}, "documentContextAttributes": {"used": {"value": true, "score": 0.9975271224975586}, "created": {"value": false, "score": 6.61015510559082e-05}, "shared": {"value": false, "score": 1.1324882507324219e-06}}}, {"type": "software", "software-type": "software", "software-name": {"rawForm": "ProjMap", "normalizedForm": "ProjMap", "offsetStart": 106, "offsetEnd": 113}, "context": "The rules are atomic (M \u2208 AtomMap) if each \u03c6 consists of a single atom, and they are projection maps (M \u2208 ProjMap) if each \u03c6 is a single atom with no repeated variables. ", "mentionContextAttributes": {"used": {"value": false, "score": 0.21802520751953125}, "created": {"value": false, "score": 2.378225326538086e-05}, "shared": {"value": false, "score": 2.980232238769531e-07}}, "documentContextAttributes": {"used": {"value": true, "score": 0.9975271224975586}, "created": {"value": false, "score": 6.61015510559082e-05}, "shared": {"value": false, "score": 1.1324882507324219e-06}}}, {"type": "software", "software-type": "software", "software-name": {"rawForm": "ProjMap", "normalizedForm": "ProjMap", "offsetStart": 122, "offsetEnd": 129}, "context": "We can show that restricting to UIDs while having only projection maps leads to tractability: Theorem 5. Disclose C (UID, ProjMap) is in PTIME.", "mentionContextAttributes": {"used": {"value": false, "score": 0.018593907356262207}, "created": {"value": false, "score": 1.5616416931152344e-05}, "shared": {"value": false, "score": 2.384185791015625e-07}}, "documentContextAttributes": {"used": {"value": true, "score": 0.9975271224975586}, "created": {"value": false, "score": 6.61015510559082e-05}, "shared": {"value": false, "score": 1.1324882507324219e-06}}}, {"type": "software", "software-type": "software", "software-name": {"rawForm": "ProjMaps", "normalizedForm": "ProjMaps", "offsetStart": 137, "offsetEnd": 145}, "context": "Recall that Theorem 5 shows that we can get tractability by simultaneously restricting our constraints to be UIDs and our mappings to be ProjMaps.", "mentionContextAttributes": {"used": {"value": false, "score": 0.000991225242614746}, "created": {"value": false, "score": 0.00117415189743042}, "shared": {"value": false, "score": 1.1920928955078125e-07}}, "documentContextAttributes": {"used": {"value": false, "score": 0.40816372632980347}, "created": {"value": false, "score": 0.00117415189743042}, "shared": {"value": false, "score": 7.748603820800781e-07}}}, {"type": "software", "software-type": "software", "software-name": {"rawForm": "GenAddr", "normalizedForm": "GenAddr", "offsetStart": 139, "offsetEnd": 146}, "context": ", a k with a i \u2208 {y 0 , y 1 } for any i, are generated, where all nulls from v, v prev and v next are fresh (thanks to the rules involving GenAddr).", "mentionContextAttributes": {"used": {"value": true, "score": 0.8403646945953369}, "created": {"value": false, "score": 1.9073486328125e-05}, "shared": {"value": false, "score": 7.152557373046875e-07}}, "documentContextAttributes": {"used": {"value": true, "score": 0.9783183932304382}, "created": {"value": false, "score": 0.008145809173583984}, "shared": {"value": false, "score": 7.152557373046875e-07}}}, {"type": "software", "software-type": "software", "software-name": {"rawForm": "AtomMaps", "normalizedForm": "AtomMaps", "offsetStart": 140, "offsetEnd": 148}, "context": "In this section we will exhibit a instance D on which query evaluation is NP-hard, but where D can be the result of the visible chase using AtomMaps but no constraints, or with a visible chase using Fr1LTGD constraints and ProjMaps. ", "mentionContextAttributes": {"used": {"value": false, "score": 0.40816372632980347}, "created": {"value": false, "score": 6.794929504394531e-05}, "shared": {"value": false, "score": 2.384185791015625e-07}}, "documentContextAttributes": {"used": {"value": false, "score": 0.40816372632980347}, "created": {"value": false, "score": 6.794929504394531e-05}, "shared": {"value": false, "score": 2.384185791015625e-07}}}, {"type": "software", "software-type": "software", "software-name": {"rawForm": "ProjMaps", "normalizedForm": "ProjMaps", "offsetStart": 223, "offsetEnd": 231}, "context": "In this section we will exhibit a instance D on which query evaluation is NP-hard, but where D can be the result of the visible chase using AtomMaps but no constraints, or with a visible chase using Fr1LTGD constraints and ProjMaps. ", "mentionContextAttributes": {"used": {"value": false, "score": 0.40816372632980347}, "created": {"value": false, "score": 6.794929504394531e-05}, "shared": {"value": false, "score": 2.384185791015625e-07}}, "documentContextAttributes": {"used": {"value": false, "score": 0.40816372632980347}, "created": {"value": false, "score": 0.00117415189743042}, "shared": {"value": false, "score": 7.748603820800781e-07}}}, {"type": "software", "software-type": "software", "software-name": {"rawForm": "AtomMap", "normalizedForm": "AtomMap", "offsetStart": 224, "offsetEnd": 231}, "context": "We can combine this result with recent work on finegrained complexity of GTGDs to improve the doubly exponential upper bound of Corollary 1 for linear TGD source constraints and atomic mappings: Theorem 4. Disclose C (LTGD, AtomMap) is in EXPTIME.", "mentionContextAttributes": {"used": {"value": false, "score": 0.0019488334655761719}, "created": {"value": false, "score": 0.44000738859176636}, "shared": {"value": false, "score": 3.5762786865234375e-07}}, "documentContextAttributes": {"used": {"value": true, "score": 0.9461884498596191}, "created": {"value": false, "score": 0.44000738859176636}, "shared": {"value": false, "score": 4.172325134277344e-07}}}], "references": [], "runtime": 99827, "id": "567b01ce3424052d5556f45d1bbc876f015e8dac", "metadata": {"id": "567b01ce3424052d5556f45d1bbc876f015e8dac"}, "original_file_path": "../../datalake/Samuel/SOFTware-Sync/data/xml_files/hal-02145369.grobid.tei.xml", "file_name": "hal-02145369.grobid.tei.xml"}