{"application": "software-mentions", "version": "0.8.0", "date": "2024-04-12T17:07+0000", "md5": "D6FEC03DDFCE4F3AEA24383C299EF96B", "mentions": [{"type": "software", "software-type": "software", "wikidataId": "Q1026367", "wikipediaExternalRef": 33490859, "lang": "en", "confidence": 0.9138, "software-name": {"rawForm": "scikit-learn", "normalizedForm": "scikit-learn", "wikidataId": "Q1026367", "wikipediaExternalRef": 33490859, "lang": "en", "confidence": 0.9138, "offsetStart": 52, "offsetEnd": 64}, "version": {"rawForm": "1.2.1.", "normalizedForm": "1.2.1", "offsetStart": 85, "offsetEnd": 91}, "context": "The implementation was realized in Python using the scikit-learn library 35 (version 1.2.1.) ", "mentionContextAttributes": {"used": {"value": true, "score": 0.9998315572738647}, "created": {"value": false, "score": 0.004353821277618408}, "shared": {"value": false, "score": 3.5762786865234375e-07}}, "documentContextAttributes": {"used": {"value": true, "score": 0.9998315572738647}, "created": {"value": false, "score": 0.004353821277618408}, "shared": {"value": false, "score": 3.5762786865234375e-07}}, "references": [{"label": "35", "normalizedForm": "35", "refKey": 36, "offsetStart": 16858, "offsetEnd": 16860}]}, {"type": "software", "software-type": "software", "wikidataId": "Q25304899", "wikipediaExternalRef": 49703421, "lang": "en", "confidence": 0.8541, "software-name": {"rawForm": "statsmodels", "normalizedForm": "statsmodels", "wikidataId": "Q25304899", "wikipediaExternalRef": 49703421, "lang": "en", "confidence": 0.8541, "offsetStart": 54, "offsetEnd": 65}, "context": "Statistical analyses were performed using the Python 'statsmodels' , 'scipy' and 'scikit_posthocs' libraries.", "mentionContextAttributes": {"used": {"value": true, "score": 0.9999977350234985}, "created": {"value": false, "score": 1.7881393432617188e-06}, "shared": {"value": false, "score": 1.1920928955078125e-07}}, "documentContextAttributes": {"used": {"value": true, "score": 0.9999977350234985}, "created": {"value": false, "score": 1.7881393432617188e-06}, "shared": {"value": false, "score": 1.1920928955078125e-07}}}, {"type": "software", "software-type": "software", "wikidataId": "Q197492", "wikipediaExternalRef": 263472, "lang": "en", "confidence": 0.6768, "software-name": {"rawForm": "scipy", "normalizedForm": "scipy", "wikidataId": "Q197492", "wikipediaExternalRef": 263472, "lang": "en", "confidence": 0.6768, "offsetStart": 70, "offsetEnd": 75}, "context": "Statistical analyses were performed using the Python 'statsmodels' , 'scipy' and 'scikit_posthocs' libraries.", "mentionContextAttributes": {"used": {"value": true, "score": 0.9999977350234985}, "created": {"value": false, "score": 1.7881393432617188e-06}, "shared": {"value": false, "score": 1.1920928955078125e-07}}, "documentContextAttributes": {"used": {"value": true, "score": 0.9999977350234985}, "created": {"value": false, "score": 1.7881393432617188e-06}, "shared": {"value": false, "score": 1.1920928955078125e-07}}}, {"type": "software", "software-type": "software", "software-name": {"rawForm": "scikit_posthocs", "normalizedForm": "scikit_posthocs", "offsetStart": 82, "offsetEnd": 97}, "context": "Statistical analyses were performed using the Python 'statsmodels' , 'scipy' and 'scikit_posthocs' libraries.", "mentionContextAttributes": {"used": {"value": true, "score": 0.9999977350234985}, "created": {"value": false, "score": 1.7881393432617188e-06}, "shared": {"value": false, "score": 1.1920928955078125e-07}}, "documentContextAttributes": {"used": {"value": true, "score": 0.9999977350234985}, "created": {"value": false, "score": 1.7881393432617188e-06}, "shared": {"value": false, "score": 1.1920928955078125e-07}}}], "references": [{"refKey": 36, "tei": "<biblStruct xml:id=\"b36\">\n\t<analytic>\n\t\t<title level=\"a\" type=\"main\">Scikit-learn: Machine learning in Python</title>\n\t\t<author>\n\t\t\t<persName><forename type=\"first\">F</forename><surname>Pedregosa</surname></persName>\n\t\t</author>\n\t\t<idno type=\"DOI\">10.48550/arXiv.1201.0490</idno>\n\t</analytic>\n\t<monogr>\n\t\t<title level=\"j\">J. Mach. Learn. Res</title>\n\t\t<imprint>\n\t\t\t<biblScope unit=\"volume\">12</biblScope>\n\t\t\t<biblScope unit=\"page\">2830</biblScope>\n\t\t\t<date>2011</date>\n\t\t</imprint>\n\t</monogr>\n</biblStruct>\n"}], "runtime": 15249, "id": "74b042bb418288b8e939b1769b569c31a288da81", "metadata": {"id": "74b042bb418288b8e939b1769b569c31a288da81"}, "original_file_path": "../../datalake/Samuel/SOFTware-Sync/data/xml_not_sofctied/hal-04320566.grobid.tei.xml", "file_name": "hal-04320566.grobid.tei.xml"}