{"application": "software-mentions", "version": "0.8.0", "date": "2024-04-15T07:11+0000", "md5": "7326DB97F2F46E74F90A3C95C0FB0934", "mentions": [{"type": "software", "software-type": "software", "wikidataId": "Q47509047", "wikipediaExternalRef": 54022970, "lang": "en", "confidence": 0.7826, "software-name": {"rawForm": "PyTorch", "normalizedForm": "PyTorch", "wikidataId": "Q47509047", "wikipediaExternalRef": 54022970, "lang": "en", "confidence": 0.7826, "offsetStart": 7, "offsetEnd": 36}, "context": "We use PyTorch (Paszke et al., 2019) and the pre-trained BERT model (Devlin et al., 2019;Wolf et al., 2020). ", "mentionContextAttributes": {"used": {"value": true, "score": 0.9909542202949524}, "created": {"value": false, "score": 0.0001537799835205078}, "shared": {"value": false, "score": 3.5762786865234375e-07}}, "documentContextAttributes": {"used": {"value": true, "score": 0.9909542202949524}, "created": {"value": false, "score": 0.0001537799835205078}, "shared": {"value": false, "score": 3.5762786865234375e-07}}}], "references": [], "runtime": 114213, "id": "ebb30a35c0312da02e866e5ee81d1664c6c6df4f", "metadata": {"id": "ebb30a35c0312da02e866e5ee81d1664c6c6df4f"}, "original_file_path": "../../datalake/Samuel/SOFTware-Sync/data/xml_not_sofctied/hal-03351649.grobid.tei.xml", "file_name": "hal-03351649.grobid.tei.xml"}