{"application": "software-mentions", "version": "0.8.0", "date": "2024-04-15T07:17+0000", "md5": "681392A66FCFA3329554C4BD026B2E77", "mentions": [{"type": "software", "software-type": "software", "software-name": {"rawForm": "LibriSpeech", "normalizedForm": "LibriSpeech", "offsetStart": 38, "offsetEnd": 49}, "context": "Due to space limitations, we focus on LibriSpeech here. ", "mentionContextAttributes": {"used": {"value": false, "score": 0.027004897594451904}, "created": {"value": true, "score": 0.9274762868881226}, "shared": {"value": false, "score": 4.172325134277344e-07}}, "documentContextAttributes": {"used": {"value": true, "score": 0.9909550547599792}, "created": {"value": true, "score": 0.9274762868881226}, "shared": {"value": false, "score": 4.172325134277344e-07}}}, {"type": "software", "software-type": "software", "software-name": {"rawForm": "ASVeval", "normalizedForm": "ASVeval", "offsetStart": 40, "offsetEnd": 47}, "context": "Although we use Kaldi [24] to implement ASVeval, we do not use it to compute the EER. ", "mentionContextAttributes": {"used": {"value": true, "score": 0.9996906518936157}, "created": {"value": false, "score": 2.6047229766845703e-05}, "shared": {"value": false, "score": 1.7881393432617188e-07}}, "documentContextAttributes": {"used": {"value": true, "score": 0.9998738765716553}, "created": {"value": false, "score": 7.69495964050293e-05}, "shared": {"value": false, "score": 2.980232238769531e-07}}}, {"type": "software", "software-type": "software", "software-name": {"rawForm": "ASVeval", "normalizedForm": "ASVeval", "offsetStart": 41, "offsetEnd": 48}, "context": "Instead we use the PLDA scores output by ASVeval as inputs to the cllr toolkit3 to compute the ROCCH-EER [25]. ", "mentionContextAttributes": {"used": {"value": true, "score": 0.9998738765716553}, "created": {"value": false, "score": 2.562999725341797e-06}, "shared": {"value": false, "score": 1.7881393432617188e-07}}, "documentContextAttributes": {"used": {"value": true, "score": 0.9998738765716553}, "created": {"value": false, "score": 7.69495964050293e-05}, "shared": {"value": false, "score": 2.980232238769531e-07}}}, {"type": "software", "software-type": "software", "software-name": {"rawForm": "ASVeval", "normalizedForm": "ASVeval", "offsetStart": 70, "offsetEnd": 77}, "context": "The EER is computed from the distribution of PLDA scores generated by ASVeval. ", "mentionContextAttributes": {"used": {"value": true, "score": 0.9980579018592834}, "created": {"value": false, "score": 6.258487701416016e-06}, "shared": {"value": false, "score": 1.7881393432617188e-07}}, "documentContextAttributes": {"used": {"value": true, "score": 0.9998738765716553}, "created": {"value": false, "score": 7.69495964050293e-05}, "shared": {"value": false, "score": 2.980232238769531e-07}}}, {"type": "software", "software-type": "software", "software-name": {"rawForm": "LibriSpeech", "normalizedForm": "LibriSpeech", "offsetStart": 78, "offsetEnd": 94}, "context": "2 VoxCeleb-1,2 [20,21] and the train-clean-100 and train-other-500 subsets of LibriSpeech [22] and LibriTTS [23] are used to train the models described in Section 2. The development and test sets are built from LibriSpeech dev-clean and test-clean, respectively. ", "mentionContextAttributes": {"used": {"value": true, "score": 0.9909548759460449}, "created": {"value": false, "score": 3.3974647521972656e-06}, "shared": {"value": false, "score": 2.980232238769531e-07}}, "documentContextAttributes": {"used": {"value": true, "score": 0.9909550547599792}, "created": {"value": true, "score": 0.9274762868881226}, "shared": {"value": false, "score": 4.172325134277344e-07}}}, {"type": "software", "software-type": "software", "software-name": {"rawForm": "LibriTTS", "normalizedForm": "LibriTTS", "offsetStart": 99, "offsetEnd": 112}, "context": "2 VoxCeleb-1,2 [20,21] and the train-clean-100 and train-other-500 subsets of LibriSpeech [22] and LibriTTS [23] are used to train the models described in Section 2. The development and test sets are built from LibriSpeech dev-clean and test-clean, respectively. ", "mentionContextAttributes": {"used": {"value": true, "score": 0.9909548759460449}, "created": {"value": false, "score": 3.3974647521972656e-06}, "shared": {"value": false, "score": 2.980232238769531e-07}}, "documentContextAttributes": {"used": {"value": true, "score": 0.9909548759460449}, "created": {"value": false, "score": 3.3974647521972656e-06}, "shared": {"value": false, "score": 2.980232238769531e-07}}}, {"type": "software", "software-type": "software", "software-name": {"rawForm": "ASVeval", "normalizedForm": "ASVeval", "offsetStart": 124, "offsetEnd": 131}, "context": "In all scenarios, the attacker implements the attack using a pretrained x-vector-PLDA based Automatic Speaker Verification (ASVeval) system.", "mentionContextAttributes": {"used": {"value": false, "score": 0.1776866316795349}, "created": {"value": false, "score": 7.69495964050293e-05}, "shared": {"value": false, "score": 2.980232238769531e-07}}, "documentContextAttributes": {"used": {"value": true, "score": 0.9998738765716553}, "created": {"value": false, "score": 7.69495964050293e-05}, "shared": {"value": false, "score": 2.980232238769531e-07}}}, {"type": "software", "software-type": "software", "software-name": {"rawForm": "LibriSpeech", "normalizedForm": "LibriSpeech", "offsetStart": 147, "offsetEnd": 158}, "context": "The final scenario is the one in which the user is most vul- 2 The VoicePrivacy Challenge involves development and evaluation sets built from both LibriSpeech and VCTK. ", "mentionContextAttributes": {"used": {"value": false, "score": 0.011993825435638428}, "created": {"value": false, "score": 0.0003033876419067383}, "shared": {"value": false, "score": 2.980232238769531e-07}}, "documentContextAttributes": {"used": {"value": true, "score": 0.9909550547599792}, "created": {"value": true, "score": 0.9274762868881226}, "shared": {"value": false, "score": 4.172325134277344e-07}}}, {"type": "software", "software-type": "software", "software-name": {"rawForm": "LibriSpeech", "normalizedForm": "LibriSpeech", "offsetStart": 211, "offsetEnd": 222}, "context": "2 VoxCeleb-1,2 [20,21] and the train-clean-100 and train-other-500 subsets of LibriSpeech [22] and LibriTTS [23] are used to train the models described in Section 2. The development and test sets are built from LibriSpeech dev-clean and test-clean, respectively. ", "mentionContextAttributes": {"used": {"value": true, "score": 0.9909550547599792}, "created": {"value": false, "score": 3.337860107421875e-06}, "shared": {"value": false, "score": 2.384185791015625e-07}}, "documentContextAttributes": {"used": {"value": true, "score": 0.9909550547599792}, "created": {"value": true, "score": 0.9274762868881226}, "shared": {"value": false, "score": 4.172325134277344e-07}}}], "references": [], "runtime": 75171, "id": "16913e821b51c5b10d071d05e258f68f16125bc0", "metadata": {"id": "16913e821b51c5b10d071d05e258f68f16125bc0"}, "original_file_path": "../../datalake/Samuel/SOFTware-Sync/data/xml_not_sofctied/hal-02610447.grobid.tei.xml", "file_name": "hal-02610447.grobid.tei.xml"}