{"application": "software-mentions", "version": "0.8.0", "date": "2024-04-12T17:13+0000", "md5": "C39AA4FCCDC6C95F2DC2FC0CA536C748", "mentions": [{"type": "software", "software-type": "software", "wikidataId": "Q28402217", "wikipediaExternalRef": 51285316, "lang": "en", "confidence": 0.7339, "software-name": {"rawForm": "GQL", "normalizedForm": "GQL", "wikidataId": "Q28402217", "wikipediaExternalRef": 51285316, "lang": "en", "confidence": 0.7339, "offsetStart": 0, "offsetEnd": 3}, "context": "GQL allows returning paths and lists as query answers. ", "mentionContextAttributes": {"used": {"value": false, "score": 4.869699478149414e-05}, "created": {"value": false, "score": 0.0005280375480651855}, "shared": {"value": false, "score": 5.364418029785156e-07}}, "documentContextAttributes": {"used": {"value": true, "score": 0.9966461658477783}, "created": {"value": true, "score": 0.9998104572296143}, "shared": {"value": false, "score": 2.676248550415039e-05}}, "references": [{"label": "[36]", "normalizedForm": "[36]", "refKey": 37}]}, {"type": "software", "software-type": "software", "wikidataId": "Q28402217", "wikipediaExternalRef": 51285316, "lang": "en", "confidence": 0.7339, "software-name": {"rawForm": "GQL", "normalizedForm": "GQL", "wikidataId": "Q28402217", "wikipediaExternalRef": 51285316, "lang": "en", "confidence": 0.7339, "offsetStart": 0, "offsetEnd": 3}, "context": "GQL allows more complex path modes than described here. ", "mentionContextAttributes": {"used": {"value": false, "score": 3.713369369506836e-05}, "created": {"value": false, "score": 0.00014925003051757812}, "shared": {"value": false, "score": 7.748603820800781e-07}}, "documentContextAttributes": {"used": {"value": true, "score": 0.9966461658477783}, "created": {"value": true, "score": 0.9998104572296143}, "shared": {"value": false, "score": 2.676248550415039e-05}}, "references": [{"label": "[36]", "normalizedForm": "[36]", "refKey": 37}]}, {"type": "software", "software-type": "software", "wikidataId": "Q28402217", "wikipediaExternalRef": 51285316, "lang": "en", "confidence": 0.7339, "software-name": {"rawForm": "GQL", "normalizedForm": "GQL", "wikidataId": "Q28402217", "wikipediaExternalRef": 51285316, "lang": "en", "confidence": 0.7339, "offsetStart": 0, "offsetEnd": 3}, "context": "GQL (Graph Query Language) is being developed as a new ISO standard for graph query languages to play the same role for graph databases as SQL plays for relational.", "mentionContextAttributes": {"used": {"value": false, "score": 7.516145706176758e-05}, "created": {"value": false, "score": 0.3901177644729614}, "shared": {"value": false, "score": 5.781650543212891e-06}}, "documentContextAttributes": {"used": {"value": true, "score": 0.9966461658477783}, "created": {"value": true, "score": 0.9998104572296143}, "shared": {"value": false, "score": 2.676248550415039e-05}}, "references": [{"label": "[36]", "normalizedForm": "[36]", "refKey": 37}]}, {"type": "software", "software-type": "software", "wikidataId": "Q28402217", "wikipediaExternalRef": 51285316, "lang": "en", "confidence": 0.7339, "software-name": {"rawForm": "GQL", "normalizedForm": "GQL", "wikidataId": "Q28402217", "wikipediaExternalRef": 51285316, "lang": "en", "confidence": 0.7339, "offsetStart": 0, "offsetEnd": 3}, "context": "GQL, a standalone language for querying property graphs, that is expected to be published in late 2023 or early 2024.", "mentionContextAttributes": {"used": {"value": false, "score": 0.00016427040100097656}, "created": {"value": false, "score": 0.3939220905303955}, "shared": {"value": false, "score": 2.676248550415039e-05}}, "documentContextAttributes": {"used": {"value": true, "score": 0.9966461658477783}, "created": {"value": true, "score": 0.9998104572296143}, "shared": {"value": false, "score": 2.676248550415039e-05}}, "references": [{"label": "[36]", "normalizedForm": "[36]", "refKey": 37}]}, {"type": "software", "software-type": "software", "wikidataId": "Q28402217", "wikipediaExternalRef": 51285316, "lang": "en", "confidence": 0.7339, "software-name": {"rawForm": "GQL", "normalizedForm": "GQL", "wikidataId": "Q28402217", "wikipediaExternalRef": 51285316, "lang": "en", "confidence": 0.7339, "offsetStart": 0, "offsetEnd": 3}, "context": "GQL's TRAIL differs from Cypher's trail semantics [18,17].", "mentionContextAttributes": {"used": {"value": false, "score": 0.43104779720306396}, "created": {"value": false, "score": 1.6093254089355469e-06}, "shared": {"value": false, "score": 2.980232238769531e-07}}, "documentContextAttributes": {"used": {"value": true, "score": 0.9966461658477783}, "created": {"value": true, "score": 0.9998104572296143}, "shared": {"value": false, "score": 2.676248550415039e-05}}, "references": [{"label": "[36]", "normalizedForm": "[36]", "refKey": 37}]}, {"type": "software", "software-type": "software", "wikidataId": "Q28402217", "wikipediaExternalRef": 51285316, "lang": "en", "confidence": 0.7339, "software-name": {"rawForm": "GQL", "normalizedForm": "GQL", "wikidataId": "Q28402217", "wikipediaExternalRef": 51285316, "lang": "en", "confidence": 0.7339, "offsetStart": 0, "offsetEnd": 3}, "context": "GQL's rules are more involved, in that they allow TRAIL and ACYCLIC to be used inside patterns.", "mentionContextAttributes": {"used": {"value": false, "score": 0.0008017420768737793}, "created": {"value": false, "score": 4.0590763092041016e-05}, "shared": {"value": false, "score": 2.980232238769531e-07}}, "documentContextAttributes": {"used": {"value": true, "score": 0.9966461658477783}, "created": {"value": true, "score": 0.9998104572296143}, "shared": {"value": false, "score": 2.676248550415039e-05}}, "references": [{"label": "[36]", "normalizedForm": "[36]", "refKey": 37}]}, {"type": "software", "software-type": "software", "wikidataId": "Q28402217", "wikipediaExternalRef": 51285316, "lang": "en", "confidence": 0.7339, "software-name": {"rawForm": "GQL", "normalizedForm": "GQL", "wikidataId": "Q28402217", "wikipediaExternalRef": 51285316, "lang": "en", "confidence": 0.7339, "offsetStart": 0, "offsetEnd": 3}, "context": "GQL has a facility to run subqueries through the CALL Q clause, the semantics of which is roughly as follows: for each binding \u00b5 in the input table, Q G ({\u00b5}) is evaluated in a sub-process, and the resulting table is left-joined with the current working table.", "mentionContextAttributes": {"used": {"value": false, "score": 0.003943920135498047}, "created": {"value": false, "score": 7.218122482299805e-05}, "shared": {"value": false, "score": 6.556510925292969e-07}}, "documentContextAttributes": {"used": {"value": true, "score": 0.9966461658477783}, "created": {"value": true, "score": 0.9998104572296143}, "shared": {"value": false, "score": 2.676248550415039e-05}}, "references": [{"label": "[36]", "normalizedForm": "[36]", "refKey": 37}]}, {"type": "software", "software-type": "software", "wikidataId": "Q28402217", "wikipediaExternalRef": 51285316, "lang": "en", "confidence": 0.7339, "software-name": {"rawForm": "GQL", "normalizedForm": "GQL", "wikidataId": "Q28402217", "wikipediaExternalRef": 51285316, "lang": "en", "confidence": 0.7339, "offsetStart": 0, "offsetEnd": 3}, "context": "GQL largely follows Cypher, which means its updates and transaction processing facilities need to be designed with care and subjected to the same research scrutiny as their relational counterpart.", "mentionContextAttributes": {"used": {"value": false, "score": 0.0001316070556640625}, "created": {"value": false, "score": 0.00026488304138183594}, "shared": {"value": false, "score": 2.980232238769531e-07}}, "documentContextAttributes": {"used": {"value": true, "score": 0.9966461658477783}, "created": {"value": true, "score": 0.9998104572296143}, "shared": {"value": false, "score": 2.676248550415039e-05}}, "references": [{"label": "[36]", "normalizedForm": "[36]", "refKey": 37}]}, {"type": "software", "software-type": "software", "wikidataId": "Q28402217", "wikipediaExternalRef": 51285316, "lang": "en", "confidence": 0.7339, "software-name": {"rawForm": "GQL", "normalizedForm": "GQL", "wikidataId": "Q28402217", "wikipediaExternalRef": 51285316, "lang": "en", "confidence": 0.7339, "offsetStart": 0, "offsetEnd": 3}, "context": "GQL, as its precursors including Cypher, is a very good tool for turning graphs into relations.", "mentionContextAttributes": {"used": {"value": false, "score": 3.5703182220458984e-05}, "created": {"value": false, "score": 0.01085740327835083}, "shared": {"value": false, "score": 2.980232238769531e-07}}, "documentContextAttributes": {"used": {"value": true, "score": 0.9966461658477783}, "created": {"value": true, "score": 0.9998104572296143}, "shared": {"value": false, "score": 2.676248550415039e-05}}, "references": [{"label": "[36]", "normalizedForm": "[36]", "refKey": 37}]}, {"type": "software", "software-type": "software", "wikidataId": "Q28402217", "wikipediaExternalRef": 51285316, "lang": "en", "confidence": 0.7339, "software-name": {"rawForm": "GQL", "normalizedForm": "GQL", "wikidataId": "Q28402217", "wikipediaExternalRef": 51285316, "lang": "en", "confidence": 0.7339, "offsetStart": 3, "offsetEnd": 6}, "context": "In GQL Standard, pattern matching computes a set of consistent path bindings, while our semantics computes a set of path/binding pairs, and the results are bags formed by projecting away paths. ", "mentionContextAttributes": {"used": {"value": false, "score": 0.0010854601860046387}, "created": {"value": false, "score": 0.00011986494064331055}, "shared": {"value": false, "score": 5.364418029785156e-07}}, "documentContextAttributes": {"used": {"value": true, "score": 0.9966461658477783}, "created": {"value": true, "score": 0.9998104572296143}, "shared": {"value": false, "score": 2.676248550415039e-05}}, "references": [{"label": "[36]", "normalizedForm": "[36]", "refKey": 37}]}, {"type": "software", "software-type": "software", "wikidataId": "Q28402217", "wikipediaExternalRef": 51285316, "lang": "en", "confidence": 0.7339, "software-name": {"rawForm": "GQL", "normalizedForm": "GQL", "wikidataId": "Q28402217", "wikipediaExternalRef": 51285316, "lang": "en", "confidence": 0.7339, "offsetStart": 3, "offsetEnd": 6}, "context": "In GQL, the comma performs a join on the results of the two path patterns.", "mentionContextAttributes": {"used": {"value": false, "score": 0.005028963088989258}, "created": {"value": false, "score": 1.4841556549072266e-05}, "shared": {"value": false, "score": 2.980232238769531e-07}}, "documentContextAttributes": {"used": {"value": true, "score": 0.9966461658477783}, "created": {"value": true, "score": 0.9998104572296143}, "shared": {"value": false, "score": 2.676248550415039e-05}}, "references": [{"label": "[36]", "normalizedForm": "[36]", "refKey": 37}]}, {"type": "software", "software-type": "software", "wikidataId": "Q28402217", "wikipediaExternalRef": 51285316, "lang": "en", "confidence": 0.7339, "software-name": {"rawForm": "GQL", "normalizedForm": "GQL", "wikidataId": "Q28402217", "wikipediaExternalRef": 51285316, "lang": "en", "confidence": 0.7339, "offsetStart": 3, "offsetEnd": 6}, "context": "In GQL, such patterns are called graph patterns.", "mentionContextAttributes": {"used": {"value": false, "score": 0.0006061792373657227}, "created": {"value": false, "score": 0.0005111098289489746}, "shared": {"value": false, "score": 2.980232238769531e-07}}, "documentContextAttributes": {"used": {"value": true, "score": 0.9966461658477783}, "created": {"value": true, "score": 0.9998104572296143}, "shared": {"value": false, "score": 2.676248550415039e-05}}, "references": [{"label": "[36]", "normalizedForm": "[36]", "refKey": 37}]}, {"type": "software", "software-type": "software", "wikidataId": "Q28402217", "wikipediaExternalRef": 51285316, "lang": "en", "confidence": 0.7339, "software-name": {"rawForm": "GQL", "normalizedForm": "GQL", "wikidataId": "Q28402217", "wikipediaExternalRef": 51285316, "lang": "en", "confidence": 0.7339, "offsetStart": 3, "offsetEnd": 6}, "context": "In GQL philosophy, the leftmost x will be bound to a node and the rightmost x will be bound to a list of nodes, which is a type mismatch.", "mentionContextAttributes": {"used": {"value": false, "score": 0.0011125802993774414}, "created": {"value": false, "score": 7.158517837524414e-05}, "shared": {"value": false, "score": 1.3709068298339844e-06}}, "documentContextAttributes": {"used": {"value": true, "score": 0.9966461658477783}, "created": {"value": true, "score": 0.9998104572296143}, "shared": {"value": false, "score": 2.676248550415039e-05}}, "references": [{"label": "[36]", "normalizedForm": "[36]", "refKey": 37}]}, {"type": "software", "software-type": "software", "wikidataId": "Q28402217", "wikipediaExternalRef": 51285316, "lang": "en", "confidence": 0.7339, "software-name": {"rawForm": "GQL", "normalizedForm": "GQL", "wikidataId": "Q28402217", "wikipediaExternalRef": 51285316, "lang": "en", "confidence": 0.7339, "offsetStart": 3, "offsetEnd": 6}, "context": "In GQL Standard, however, the above query is legal, because the evaluation of WHERE conditions is postponed for as long as possible.", "mentionContextAttributes": {"used": {"value": false, "score": 0.013272523880004883}, "created": {"value": false, "score": 3.9517879486083984e-05}, "shared": {"value": false, "score": 2.980232238769531e-07}}, "documentContextAttributes": {"used": {"value": true, "score": 0.9966461658477783}, "created": {"value": true, "score": 0.9998104572296143}, "shared": {"value": false, "score": 2.676248550415039e-05}}, "references": [{"label": "[36]", "normalizedForm": "[36]", "refKey": 37}]}, {"type": "software", "software-type": "software", "wikidataId": "Q28402217", "wikipediaExternalRef": 51285316, "lang": "en", "confidence": 0.7339, "software-name": {"rawForm": "GQL", "normalizedForm": "GQL", "wikidataId": "Q28402217", "wikipediaExternalRef": 51285316, "lang": "en", "confidence": 0.7339, "offsetStart": 3, "offsetEnd": 6}, "context": "In GQL, this is handled with a notion of working record.", "mentionContextAttributes": {"used": {"value": false, "score": 0.0008257031440734863}, "created": {"value": false, "score": 0.0008279681205749512}, "shared": {"value": false, "score": 4.172325134277344e-07}}, "documentContextAttributes": {"used": {"value": true, "score": 0.9966461658477783}, "created": {"value": true, "score": 0.9998104572296143}, "shared": {"value": false, "score": 2.676248550415039e-05}}, "references": [{"label": "[36]", "normalizedForm": "[36]", "refKey": 37}]}, {"type": "software", "software-type": "software", "wikidataId": "Q28402217", "wikipediaExternalRef": 51285316, "lang": "en", "confidence": 0.7339, "software-name": {"rawForm": "GQL", "normalizedForm": "GQL", "wikidataId": "Q28402217", "wikipediaExternalRef": 51285316, "lang": "en", "confidence": 0.7339, "offsetStart": 4, "offsetEnd": 7}, "context": "The GQL Standard imposes restrictions on the syntax that aim at preventing unexpected behavior, and that we generally did not describe.", "mentionContextAttributes": {"used": {"value": false, "score": 0.003827214241027832}, "created": {"value": false, "score": 0.007914483547210693}, "shared": {"value": false, "score": 5.364418029785156e-07}}, "documentContextAttributes": {"used": {"value": true, "score": 0.9966461658477783}, "created": {"value": true, "score": 0.9998104572296143}, "shared": {"value": false, "score": 2.676248550415039e-05}}, "references": [{"label": "[36]", "normalizedForm": "[36]", "refKey": 37}]}, {"type": "software", "software-type": "software", "wikidataId": "Q28402217", "wikipediaExternalRef": 51285316, "lang": "en", "confidence": 0.7339, "software-name": {"rawForm": "GQL", "normalizedForm": "GQL", "wikidataId": "Q28402217", "wikipediaExternalRef": 51285316, "lang": "en", "confidence": 0.7339, "offsetStart": 4, "offsetEnd": 7}, "context": "The GQL Standard includes a lot of syntactic sugar that we disregarded.", "mentionContextAttributes": {"used": {"value": true, "score": 0.9966461658477783}, "created": {"value": false, "score": 0.0002859830856323242}, "shared": {"value": false, "score": 2.980232238769531e-07}}, "documentContextAttributes": {"used": {"value": true, "score": 0.9966461658477783}, "created": {"value": true, "score": 0.9998104572296143}, "shared": {"value": false, "score": 2.676248550415039e-05}}, "references": [{"label": "[36]", "normalizedForm": "[36]", "refKey": 37}]}, {"type": "software", "software-type": "software", "wikidataId": "Q28402217", "wikipediaExternalRef": 51285316, "lang": "en", "confidence": 0.7339, "software-name": {"rawForm": "GQL", "normalizedForm": "GQL", "wikidataId": "Q28402217", "wikipediaExternalRef": 51285316, "lang": "en", "confidence": 0.7339, "offsetStart": 4, "offsetEnd": 7}, "context": "The GQL Standard includes several clauses similar to RETURN, such as YIELD, PROJECT, and SELECT.", "mentionContextAttributes": {"used": {"value": false, "score": 0.0032444000244140625}, "created": {"value": false, "score": 6.35981559753418e-05}, "shared": {"value": false, "score": 4.172325134277344e-07}}, "documentContextAttributes": {"used": {"value": true, "score": 0.9966461658477783}, "created": {"value": true, "score": 0.9998104572296143}, "shared": {"value": false, "score": 2.676248550415039e-05}}, "references": [{"label": "[36]", "normalizedForm": "[36]", "refKey": 37}]}, {"type": "software", "software-type": "software", "wikidataId": "Q28402217", "wikipediaExternalRef": 51285316, "lang": "en", "confidence": 0.7339, "software-name": {"rawForm": "GQL", "normalizedForm": "GQL", "wikidataId": "Q28402217", "wikipediaExternalRef": 51285316, "lang": "en", "confidence": 0.7339, "offsetStart": 4, "offsetEnd": 7}, "context": "The GQL Standard will feature two kinds of aggregation.", "mentionContextAttributes": {"used": {"value": false, "score": 0.00021195411682128906}, "created": {"value": false, "score": 0.00019359588623046875}, "shared": {"value": false, "score": 1.7881393432617188e-07}}, "documentContextAttributes": {"used": {"value": true, "score": 0.9966461658477783}, "created": {"value": true, "score": 0.9998104572296143}, "shared": {"value": false, "score": 2.676248550415039e-05}}, "references": [{"label": "[36]", "normalizedForm": "[36]", "refKey": 37}]}, {"type": "software", "software-type": "software", "wikidataId": "Q28402217", "wikipediaExternalRef": 51285316, "lang": "en", "confidence": 0.7339, "software-name": {"rawForm": "GQL", "normalizedForm": "GQL", "wikidataId": "Q28402217", "wikipediaExternalRef": 51285316, "lang": "en", "confidence": 0.7339, "offsetStart": 6, "offsetEnd": 9}, "context": "Since GQL is a complex language, there are many such places in which fundamental research can either help to validate the current design decisions or propose alternatives.", "mentionContextAttributes": {"used": {"value": false, "score": 3.165006637573242e-05}, "created": {"value": false, "score": 0.006004452705383301}, "shared": {"value": false, "score": 5.364418029785156e-07}}, "documentContextAttributes": {"used": {"value": true, "score": 0.9966461658477783}, "created": {"value": true, "score": 0.9998104572296143}, "shared": {"value": false, "score": 2.676248550415039e-05}}, "references": [{"label": "[36]", "normalizedForm": "[36]", "refKey": 37}]}, {"type": "software", "software-type": "software", "wikidataId": "Q28402217", "wikipediaExternalRef": 51285316, "lang": "en", "confidence": 0.7339, "software-name": {"rawForm": "GQL", "normalizedForm": "GQL", "wikidataId": "Q28402217", "wikipediaExternalRef": 51285316, "lang": "en", "confidence": 0.7339, "offsetStart": 10, "offsetEnd": 13}, "context": "Note that GQL partially eliminates duplicates during pattern matching, which is reflected here by the semantics of graph patterns: \u03a0 G is a set of path/binding pairs, while MATCH \u03a0 G returns a bag of bindings by projecting out the paths (see the definition of MATCH \u03a0 G in Section 4.5).", "mentionContextAttributes": {"used": {"value": false, "score": 0.0015887618064880371}, "created": {"value": false, "score": 3.272294998168945e-05}, "shared": {"value": false, "score": 5.364418029785156e-07}}, "documentContextAttributes": {"used": {"value": true, "score": 0.9966461658477783}, "created": {"value": true, "score": 0.9998104572296143}, "shared": {"value": false, "score": 2.676248550415039e-05}}, "references": [{"label": "[36]", "normalizedForm": "[36]", "refKey": 37}]}, {"type": "software", "software-type": "software", "wikidataId": "Q28402217", "wikipediaExternalRef": 51285316, "lang": "en", "confidence": 0.7339, "software-name": {"rawForm": "GQL", "normalizedForm": "GQL", "wikidataId": "Q28402217", "wikipediaExternalRef": 51285316, "lang": "en", "confidence": 0.7339, "offsetStart": 11, "offsetEnd": 14}, "context": "As seen in GQL's influence graph [19], the language draws inspiration from regular path queries [11,30], STRUQL [14], GXPath [27], and regular queries [32].", "mentionContextAttributes": {"used": {"value": false, "score": 0.03519362211227417}, "created": {"value": false, "score": 8.165836334228516e-06}, "shared": {"value": false, "score": 1.7881393432617188e-07}}, "documentContextAttributes": {"used": {"value": true, "score": 0.9966461658477783}, "created": {"value": true, "score": 0.9998104572296143}, "shared": {"value": false, "score": 2.676248550415039e-05}}, "references": [{"label": "[36]", "normalizedForm": "[36]", "refKey": 37}]}, {"type": "software", "software-type": "software", "wikidataId": "Q28402217", "wikipediaExternalRef": 51285316, "lang": "en", "confidence": 0.7339, "software-name": {"rawForm": "GQL", "normalizedForm": "GQL", "wikidataId": "Q28402217", "wikipediaExternalRef": 51285316, "lang": "en", "confidence": 0.7339, "offsetStart": 12, "offsetEnd": 15}, "context": "Thus, while GQL is a graph query language, it uses tables to represent intermediate and end-results of queries.", "mentionContextAttributes": {"used": {"value": false, "score": 0.00012129545211791992}, "created": {"value": false, "score": 0.00017642974853515625}, "shared": {"value": false, "score": 2.980232238769531e-07}}, "documentContextAttributes": {"used": {"value": true, "score": 0.9966461658477783}, "created": {"value": true, "score": 0.9998104572296143}, "shared": {"value": false, "score": 2.676248550415039e-05}}, "references": [{"label": "[36]", "normalizedForm": "[36]", "refKey": 37}]}, {"type": "software", "software-type": "software", "software-name": {"rawForm": "MATCH", "normalizedForm": "MATCH", "offsetStart": 13, "offsetEnd": 18}, "context": "For example, MATCH (a:%) matches nodes with at least one label and MATCH (a:!%) matches node with no labels.", "mentionContextAttributes": {"used": {"value": false, "score": 0.012875497341156006}, "created": {"value": false, "score": 3.516674041748047e-06}, "shared": {"value": false, "score": 2.980232238769531e-07}}, "documentContextAttributes": {"used": {"value": true, "score": 0.9995813965797424}, "created": {"value": false, "score": 0.3048209547996521}, "shared": {"value": false, "score": 1.1324882507324219e-06}}}, {"type": "software", "software-type": "software", "wikidataId": "Q28402217", "wikipediaExternalRef": 51285316, "lang": "en", "confidence": 0.7339, "software-name": {"rawForm": "GQL", "normalizedForm": "GQL", "wikidataId": "Q28402217", "wikipediaExternalRef": 51285316, "lang": "en", "confidence": 0.7339, "offsetStart": 17, "offsetEnd": 20}, "context": "We do not follow GQL letter to letter, for two reasons.", "mentionContextAttributes": {"used": {"value": false, "score": 0.10610741376876831}, "created": {"value": false, "score": 0.00010627508163452148}, "shared": {"value": false, "score": 2.4437904357910156e-06}}, "documentContextAttributes": {"used": {"value": true, "score": 0.9966461658477783}, "created": {"value": true, "score": 0.9998104572296143}, "shared": {"value": false, "score": 2.676248550415039e-05}}, "references": [{"label": "[36]", "normalizedForm": "[36]", "refKey": 37}]}, {"type": "software", "software-type": "software", "wikidataId": "Q28402217", "wikipediaExternalRef": 51285316, "lang": "en", "confidence": 0.7339, "software-name": {"rawForm": "GQL", "normalizedForm": "GQL", "wikidataId": "Q28402217", "wikipediaExternalRef": 51285316, "lang": "en", "confidence": 0.7339, "offsetStart": 17, "offsetEnd": 20}, "context": "Hence, while the GQL query MATCH TRAIL ()-[e1]->(), TRAIL ()-[e2]->() will return bindings in which e1 and e2 are equal, the Cypher query MATCH ()-[e1]>(), ()-[e2]->() would not; the latter behaviour is captured by the GQL query MATCH DIFFERENT EDGES ()-[e1]>(), ()-[e2]->().", "mentionContextAttributes": {"used": {"value": true, "score": 0.9906761646270752}, "created": {"value": false, "score": 2.3245811462402344e-06}, "shared": {"value": false, "score": 1.1324882507324219e-06}}, "documentContextAttributes": {"used": {"value": true, "score": 0.9966461658477783}, "created": {"value": true, "score": 0.9998104572296143}, "shared": {"value": false, "score": 2.676248550415039e-05}}, "references": [{"label": "[36]", "normalizedForm": "[36]", "refKey": 37}]}, {"type": "software", "software-type": "software", "wikidataId": "Q28402217", "wikipediaExternalRef": 51285316, "lang": "en", "confidence": 0.7339, "software-name": {"rawForm": "GQL", "normalizedForm": "GQL", "wikidataId": "Q28402217", "wikipediaExternalRef": 51285316, "lang": "en", "confidence": 0.7339, "offsetStart": 19, "offsetEnd": 22}, "context": "The full syntax of GQL queries is given in Figure 2 with G a set of property graphs, and the following pairwise disjoint countable sets: L of labels, K of keys, Const of value constants with a designated value null, and Vars of variables.", "mentionContextAttributes": {"used": {"value": false, "score": 0.16666948795318604}, "created": {"value": false, "score": 0.00011497735977172852}, "shared": {"value": false, "score": 5.364418029785156e-07}}, "documentContextAttributes": {"used": {"value": true, "score": 0.9966461658477783}, "created": {"value": true, "score": 0.9998104572296143}, "shared": {"value": false, "score": 2.676248550415039e-05}}, "references": [{"label": "[36]", "normalizedForm": "[36]", "refKey": 37}]}, {"type": "software", "software-type": "software", "wikidataId": "Q28402217", "wikipediaExternalRef": 51285316, "lang": "en", "confidence": 0.7339, "software-name": {"rawForm": "GQL", "normalizedForm": "GQL", "wikidataId": "Q28402217", "wikipediaExternalRef": 51285316, "lang": "en", "confidence": 0.7339, "offsetStart": 19, "offsetEnd": 22}, "context": "In some cases, the GQL standard describes how they should be treated, in others, they are implementation-dependent.", "mentionContextAttributes": {"used": {"value": false, "score": 0.001488804817199707}, "created": {"value": false, "score": 7.659196853637695e-05}, "shared": {"value": false, "score": 5.364418029785156e-07}}, "documentContextAttributes": {"used": {"value": true, "score": 0.9966461658477783}, "created": {"value": true, "score": 0.9998104572296143}, "shared": {"value": false, "score": 2.676248550415039e-05}}, "references": [{"label": "[36]", "normalizedForm": "[36]", "refKey": 37}]}, {"type": "software", "software-type": "software", "wikidataId": "Q28402217", "wikipediaExternalRef": 51285316, "lang": "en", "confidence": 0.7339, "software-name": {"rawForm": "GQL", "normalizedForm": "GQL", "wikidataId": "Q28402217", "wikipediaExternalRef": 51285316, "lang": "en", "confidence": 0.7339, "offsetStart": 19, "offsetEnd": 22}, "context": "are not allowed in GQL.", "mentionContextAttributes": {"used": {"value": false, "score": 0.024048566818237305}, "created": {"value": false, "score": 0.00016760826110839844}, "shared": {"value": false, "score": 2.682209014892578e-06}}, "documentContextAttributes": {"used": {"value": true, "score": 0.9966461658477783}, "created": {"value": true, "score": 0.9998104572296143}, "shared": {"value": false, "score": 2.676248550415039e-05}}, "references": [{"label": "[36]", "normalizedForm": "[36]", "refKey": 37}]}, {"type": "software", "software-type": "software", "software-name": {"rawForm": "MATCH", "normalizedForm": "MATCH", "offsetStart": 22, "offsetEnd": 27}, "context": "For example, consider MATCH ()-[]->(a) | (a)-[]->() on a graph with a single node u and a single (looping) edge. ", "mentionContextAttributes": {"used": {"value": false, "score": 0.026041686534881592}, "created": {"value": false, "score": 2.104043960571289e-05}, "shared": {"value": false, "score": 4.172325134277344e-07}}, "documentContextAttributes": {"used": {"value": true, "score": 0.9995813965797424}, "created": {"value": false, "score": 0.3048209547996521}, "shared": {"value": false, "score": 1.1324882507324219e-06}}}, {"type": "software", "software-type": "software", "wikidataId": "Q28402217", "wikipediaExternalRef": 51285316, "lang": "en", "confidence": 0.7339, "software-name": {"rawForm": "GQL", "normalizedForm": "GQL", "wikidataId": "Q28402217", "wikipediaExternalRef": 51285316, "lang": "en", "confidence": 0.7339, "offsetStart": 23, "offsetEnd": 26}, "context": "Also we note that many GQL features, even those described here, are optional, and not every implementation is obliged to have them all.", "mentionContextAttributes": {"used": {"value": false, "score": 0.0001373291015625}, "created": {"value": false, "score": 0.0029529333114624023}, "shared": {"value": false, "score": 5.364418029785156e-07}}, "documentContextAttributes": {"used": {"value": true, "score": 0.9966461658477783}, "created": {"value": true, "score": 0.9998104572296143}, "shared": {"value": false, "score": 2.676248550415039e-05}}, "references": [{"label": "[36]", "normalizedForm": "[36]", "refKey": 37}]}, {"type": "software", "software-type": "software", "wikidataId": "Q28402217", "wikipediaExternalRef": 51285316, "lang": "en", "confidence": 0.7339, "software-name": {"rawForm": "GQL", "normalizedForm": "GQL", "wikidataId": "Q28402217", "wikipediaExternalRef": 51285316, "lang": "en", "confidence": 0.7339, "offsetStart": 24, "offsetEnd": 27}, "context": "Another mode present in GQL is SIMPLE: it is similar to ACYCLIC but allows the first and the last node on a path to be the same, i.e., a simple cycle. ", "mentionContextAttributes": {"used": {"value": false, "score": 6.002187728881836e-05}, "created": {"value": false, "score": 0.000857234001159668}, "shared": {"value": false, "score": 4.172325134277344e-07}}, "documentContextAttributes": {"used": {"value": true, "score": 0.9966461658477783}, "created": {"value": true, "score": 0.9998104572296143}, "shared": {"value": false, "score": 2.676248550415039e-05}}, "references": [{"label": "[36]", "normalizedForm": "[36]", "refKey": 37}]}, {"type": "software", "software-type": "software", "wikidataId": "Q28402217", "wikipediaExternalRef": 51285316, "lang": "en", "confidence": 0.7339, "software-name": {"rawForm": "GQL", "normalizedForm": "GQL", "wikidataId": "Q28402217", "wikipediaExternalRef": 51285316, "lang": "en", "confidence": 0.7339, "offsetStart": 25, "offsetEnd": 28}, "context": "When evaluating a query, GQL keeps track of the working graph, which is the current graph in the database on which we do pattern matching and the working table, which contains intermediate results of the query, up to the current evaluation point.", "mentionContextAttributes": {"used": {"value": false, "score": 0.00146406888961792}, "created": {"value": false, "score": 3.784894943237305e-05}, "shared": {"value": false, "score": 4.172325134277344e-07}}, "documentContextAttributes": {"used": {"value": true, "score": 0.9966461658477783}, "created": {"value": true, "score": 0.9998104572296143}, "shared": {"value": false, "score": 2.676248550415039e-05}}, "references": [{"label": "[36]", "normalizedForm": "[36]", "refKey": 37}]}, {"type": "software", "software-type": "software", "wikidataId": "Q28402217", "wikipediaExternalRef": 51285316, "lang": "en", "confidence": 0.7339, "software-name": {"rawForm": "GQL", "normalizedForm": "GQL", "wikidataId": "Q28402217", "wikipediaExternalRef": 51285316, "lang": "en", "confidence": 0.7339, "offsetStart": 26, "offsetEnd": 29}, "context": "The latter corresponds to GQL's match mode DIFFERENT EDGES, which is omitted in this digest.", "mentionContextAttributes": {"used": {"value": true, "score": 0.8826144337654114}, "created": {"value": false, "score": 6.854534149169922e-06}, "shared": {"value": false, "score": 2.980232238769531e-07}}, "documentContextAttributes": {"used": {"value": true, "score": 0.9966461658477783}, "created": {"value": true, "score": 0.9998104572296143}, "shared": {"value": false, "score": 2.676248550415039e-05}}, "references": [{"label": "[36]", "normalizedForm": "[36]", "refKey": 37}]}, {"type": "software", "software-type": "software", "wikidataId": "Q28402217", "wikipediaExternalRef": 51285316, "lang": "en", "confidence": 0.7339, "software-name": {"rawForm": "GQL", "normalizedForm": "GQL", "wikidataId": "Q28402217", "wikipediaExternalRef": 51285316, "lang": "en", "confidence": 0.7339, "offsetStart": 26, "offsetEnd": 29}, "context": "Graph database updates in GQL are outside the scope of this paper.", "mentionContextAttributes": {"used": {"value": false, "score": 0.0436854362487793}, "created": {"value": false, "score": 0.0005553960800170898}, "shared": {"value": false, "score": 3.635883331298828e-06}}, "documentContextAttributes": {"used": {"value": true, "score": 0.9966461658477783}, "created": {"value": true, "score": 0.9998104572296143}, "shared": {"value": false, "score": 2.676248550415039e-05}}, "references": [{"label": "[36]", "normalizedForm": "[36]", "refKey": 37}]}, {"type": "software", "software-type": "software", "software-name": {"rawForm": "MATCH", "normalizedForm": "MATCH", "offsetStart": 27, "offsetEnd": 32}, "context": "Hence, while the GQL query MATCH TRAIL ()-[e1]->(), TRAIL ()-[e2]->() will return bindings in which e1 and e2 are equal, the Cypher query MATCH ()-[e1]>(), ()-[e2]->() would not; the latter behaviour is captured by the GQL query MATCH DIFFERENT EDGES ()-[e1]>(), ()-[e2]->().", "mentionContextAttributes": {"used": {"value": true, "score": 0.9906761646270752}, "created": {"value": false, "score": 2.3245811462402344e-06}, "shared": {"value": false, "score": 1.1324882507324219e-06}}, "documentContextAttributes": {"used": {"value": true, "score": 0.9995813965797424}, "created": {"value": false, "score": 0.3048209547996521}, "shared": {"value": false, "score": 1.1324882507324219e-06}}}, {"type": "software", "software-type": "software", "wikidataId": "Q28402217", "wikipediaExternalRef": 51285316, "lang": "en", "confidence": 0.7339, "software-name": {"rawForm": "GQL", "normalizedForm": "GQL", "wikidataId": "Q28402217", "wikipediaExternalRef": 51285316, "lang": "en", "confidence": 0.7339, "offsetStart": 29, "offsetEnd": 32}, "context": "For simplicity, we described GQL as if it was following set semantics but, in reality, GQL uses bags just like Cypher and SQL.", "mentionContextAttributes": {"used": {"value": false, "score": 0.004891157150268555}, "created": {"value": false, "score": 0.002580702304840088}, "shared": {"value": false, "score": 2.980232238769531e-07}}, "documentContextAttributes": {"used": {"value": true, "score": 0.9966461658477783}, "created": {"value": true, "score": 0.9998104572296143}, "shared": {"value": false, "score": 2.676248550415039e-05}}, "references": [{"label": "[36]", "normalizedForm": "[36]", "refKey": 37}]}, {"type": "software", "software-type": "software", "wikidataId": "Q28402217", "wikipediaExternalRef": 51285316, "lang": "en", "confidence": 0.7339, "software-name": {"rawForm": "GQL", "normalizedForm": "GQL", "wikidataId": "Q28402217", "wikipediaExternalRef": 51285316, "lang": "en", "confidence": 0.7339, "offsetStart": 29, "offsetEnd": 32}, "context": "We explained in Remark 9 how GQL currently forbids concatenating patterns that contain different kinds of variables.", "mentionContextAttributes": {"used": {"value": false, "score": 0.0005289912223815918}, "created": {"value": false, "score": 0.012957632541656494}, "shared": {"value": false, "score": 2.980232238769531e-07}}, "documentContextAttributes": {"used": {"value": true, "score": 0.9966461658477783}, "created": {"value": true, "score": 0.9998104572296143}, "shared": {"value": false, "score": 2.676248550415039e-05}}, "references": [{"label": "[36]", "normalizedForm": "[36]", "refKey": 37}]}, {"type": "software", "software-type": "software", "wikidataId": "Q28402217", "wikipediaExternalRef": 51285316, "lang": "en", "confidence": 0.7339, "software-name": {"rawForm": "GQL", "normalizedForm": "GQL", "wikidataId": "Q28402217", "wikipediaExternalRef": 51285316, "lang": "en", "confidence": 0.7339, "offsetStart": 30, "offsetEnd": 33}, "context": "This pattern is disallowed in GQL because the leftmost x is a singleton variable, whereas the rightmost x is a group variable.", "mentionContextAttributes": {"used": {"value": false, "score": 0.02107977867126465}, "created": {"value": false, "score": 2.4616718292236328e-05}, "shared": {"value": false, "score": 4.172325134277344e-07}}, "documentContextAttributes": {"used": {"value": true, "score": 0.9966461658477783}, "created": {"value": true, "score": 0.9998104572296143}, "shared": {"value": false, "score": 2.676248550415039e-05}}, "references": [{"label": "[36]", "normalizedForm": "[36]", "refKey": 37}]}, {"type": "software", "software-type": "software", "wikidataId": "Q28402217", "wikipediaExternalRef": 51285316, "lang": "en", "confidence": 0.7339, "software-name": {"rawForm": "GQL", "normalizedForm": "GQL", "wikidataId": "Q28402217", "wikipediaExternalRef": 51285316, "lang": "en", "confidence": 0.7339, "offsetStart": 31, "offsetEnd": 34}, "context": "The paper focuses on read-only GQL queries, to which we will simply refer as GQL queries.", "mentionContextAttributes": {"used": {"value": false, "score": 0.00023174285888671875}, "created": {"value": true, "score": 0.9998011589050293}, "shared": {"value": false, "score": 5.364418029785156e-07}}, "documentContextAttributes": {"used": {"value": true, "score": 0.9966461658477783}, "created": {"value": true, "score": 0.9998104572296143}, "shared": {"value": false, "score": 2.676248550415039e-05}}, "references": [{"label": "[36]", "normalizedForm": "[36]", "refKey": 37}]}, {"type": "software", "software-type": "software", "wikidataId": "Q28402217", "wikipediaExternalRef": 51285316, "lang": "en", "confidence": 0.7339, "software-name": {"rawForm": "GQL", "normalizedForm": "GQL", "wikidataId": "Q28402217", "wikipediaExternalRef": 51285316, "lang": "en", "confidence": 0.7339, "offsetStart": 31, "offsetEnd": 34}, "context": "Apart from this recent work on GQL, we note that academic foundations already influenced its design process.", "mentionContextAttributes": {"used": {"value": false, "score": 0.00011676549911499023}, "created": {"value": true, "score": 0.9988473057746887}, "shared": {"value": false, "score": 5.364418029785156e-07}}, "documentContextAttributes": {"used": {"value": true, "score": 0.9966461658477783}, "created": {"value": true, "score": 0.9998104572296143}, "shared": {"value": false, "score": 2.676248550415039e-05}}, "references": [{"label": "[36]", "normalizedForm": "[36]", "refKey": 37}]}, {"type": "software", "software-type": "software", "wikidataId": "Q28402217", "wikipediaExternalRef": 51285316, "lang": "en", "confidence": 0.7339, "software-name": {"rawForm": "GQL", "normalizedForm": "GQL", "wikidataId": "Q28402217", "wikipediaExternalRef": 51285316, "lang": "en", "confidence": 0.7339, "offsetStart": 33, "offsetEnd": 36}, "context": "The graph database model used by GQL is simply a collection of one or more property graphs.", "mentionContextAttributes": {"used": {"value": false, "score": 0.014540493488311768}, "created": {"value": false, "score": 7.969141006469727e-05}, "shared": {"value": false, "score": 1.7881393432617188e-07}}, "documentContextAttributes": {"used": {"value": true, "score": 0.9966461658477783}, "created": {"value": true, "score": 0.9998104572296143}, "shared": {"value": false, "score": 2.676248550415039e-05}}, "references": [{"label": "[36]", "normalizedForm": "[36]", "refKey": 37}]}, {"type": "software", "software-type": "software", "software-name": {"rawForm": "MATCH", "normalizedForm": "MATCH", "offsetStart": 34, "offsetEnd": 39}, "context": "After evaluating the pattern, the MATCH statement makes the natural join of table (2)  The output is similar to the output of the previous example, but this time we have the entire path instead of the list of nodes in each answer.", "mentionContextAttributes": {"used": {"value": true, "score": 0.9145044684410095}, "created": {"value": false, "score": 4.589557647705078e-06}, "shared": {"value": false, "score": 5.364418029785156e-07}}, "documentContextAttributes": {"used": {"value": true, "score": 0.9995813965797424}, "created": {"value": false, "score": 0.3048209547996521}, "shared": {"value": false, "score": 1.1324882507324219e-06}}}, {"type": "software", "software-type": "software", "wikidataId": "Q28402217", "wikipediaExternalRef": 51285316, "lang": "en", "confidence": 0.7339, "software-name": {"rawForm": "GQL", "normalizedForm": "GQL", "wikidataId": "Q28402217", "wikipediaExternalRef": 51285316, "lang": "en", "confidence": 0.7339, "offsetStart": 36, "offsetEnd": 39}, "context": "These tables are our abstraction of GQL's working tables.", "mentionContextAttributes": {"used": {"value": true, "score": 0.8734526038169861}, "created": {"value": false, "score": 0.0020323991775512695}, "shared": {"value": false, "score": 2.980232238769531e-07}}, "documentContextAttributes": {"used": {"value": true, "score": 0.9966461658477783}, "created": {"value": true, "score": 0.9998104572296143}, "shared": {"value": false, "score": 2.676248550415039e-05}}, "references": [{"label": "[36]", "normalizedForm": "[36]", "refKey": 37}]}, {"type": "software", "software-type": "software", "wikidataId": "Q28402217", "wikipediaExternalRef": 51285316, "lang": "en", "confidence": 0.7339, "software-name": {"rawForm": "GQL", "normalizedForm": "GQL", "wikidataId": "Q28402217", "wikipediaExternalRef": 51285316, "lang": "en", "confidence": 0.7339, "offsetStart": 37, "offsetEnd": 40}, "context": "This clause is the main workhorse of GQL, and it tells us to do the matching of the pattern onto the working graph.", "mentionContextAttributes": {"used": {"value": false, "score": 0.0005744695663452148}, "created": {"value": false, "score": 0.017708957195281982}, "shared": {"value": false, "score": 2.980232238769531e-07}}, "documentContextAttributes": {"used": {"value": true, "score": 0.9966461658477783}, "created": {"value": true, "score": 0.9998104572296143}, "shared": {"value": false, "score": 2.676248550415039e-05}}, "references": [{"label": "[36]", "normalizedForm": "[36]", "refKey": 37}]}, {"type": "software", "software-type": "software", "wikidataId": "Q28402217", "wikipediaExternalRef": 51285316, "lang": "en", "confidence": 0.7339, "software-name": {"rawForm": "GQL", "normalizedForm": "GQL", "wikidataId": "Q28402217", "wikipediaExternalRef": 51285316, "lang": "en", "confidence": 0.7339, "offsetStart": 39, "offsetEnd": 42}, "context": "Such patterns, called path patterns in GQL, are the main building block of GQL queries, and they roughly correspond to regular path queries (RPQs), which have been well studied in the research literature [30].", "mentionContextAttributes": {"used": {"value": false, "score": 0.00036722421646118164}, "created": {"value": false, "score": 0.0005477666854858398}, "shared": {"value": false, "score": 5.364418029785156e-07}}, "documentContextAttributes": {"used": {"value": true, "score": 0.9966461658477783}, "created": {"value": true, "score": 0.9998104572296143}, "shared": {"value": false, "score": 2.676248550415039e-05}}, "references": [{"label": "[36]", "normalizedForm": "[36]", "refKey": 37}]}, {"type": "software", "software-type": "software", "wikidataId": "Q28402217", "wikipediaExternalRef": 51285316, "lang": "en", "confidence": 0.7339, "software-name": {"rawForm": "GQL", "normalizedForm": "GQL", "wikidataId": "Q28402217", "wikipediaExternalRef": 51285316, "lang": "en", "confidence": 0.7339, "offsetStart": 39, "offsetEnd": 42}, "context": "For the pattern matching facilities of GQL, shared with SQL/PGQ, some early results are available [16].", "mentionContextAttributes": {"used": {"value": false, "score": 0.1272687315940857}, "created": {"value": false, "score": 7.808208465576172e-06}, "shared": {"value": false, "score": 1.7881393432617188e-07}}, "documentContextAttributes": {"used": {"value": true, "score": 0.9966461658477783}, "created": {"value": true, "score": 0.9998104572296143}, "shared": {"value": false, "score": 2.676248550415039e-05}}, "references": [{"label": "[36]", "normalizedForm": "[36]", "refKey": 37}]}, {"type": "software", "software-type": "software", "wikidataId": "Q28402217", "wikipediaExternalRef": 51285316, "lang": "en", "confidence": 0.7339, "software-name": {"rawForm": "GQL", "normalizedForm": "GQL", "wikidataId": "Q28402217", "wikipediaExternalRef": 51285316, "lang": "en", "confidence": 0.7339, "offsetStart": 40, "offsetEnd": 43}, "context": "In \u03c0 G , G denotes the working graph in GQL parlance (specified by the keyword USE), and the pairs (p, \u00b5) model what is computed over this working graph.", "mentionContextAttributes": {"used": {"value": true, "score": 0.9747975468635559}, "created": {"value": false, "score": 5.424022674560547e-06}, "shared": {"value": false, "score": 6.556510925292969e-07}}, "documentContextAttributes": {"used": {"value": true, "score": 0.9966461658477783}, "created": {"value": true, "score": 0.9998104572296143}, "shared": {"value": false, "score": 2.676248550415039e-05}}, "references": [{"label": "[36]", "normalizedForm": "[36]", "refKey": 37}]}, {"type": "software", "software-type": "software", "software-name": {"rawForm": "MATCH", "normalizedForm": "MATCH", "offsetStart": 40, "offsetEnd": 45}, "context": "Using WHERE, this could be rewritten as MATCH (a WHERE a:YachtClub OR (a:Person AND NOT a:Account))", "mentionContextAttributes": {"used": {"value": true, "score": 0.9995813965797424}, "created": {"value": false, "score": 1.9669532775878906e-06}, "shared": {"value": false, "score": 4.172325134277344e-07}}, "documentContextAttributes": {"used": {"value": true, "score": 0.9995813965797424}, "created": {"value": false, "score": 0.3048209547996521}, "shared": {"value": false, "score": 1.1324882507324219e-06}}}, {"type": "software", "software-type": "software", "software-name": {"rawForm": "MATCH", "normalizedForm": "MATCH", "offsetStart": 41, "offsetEnd": 46}, "context": "As an example, the semantics of LET x=42 MATCH (a WHERE a.amount=x) is undefined.", "mentionContextAttributes": {"used": {"value": false, "score": 0.002814173698425293}, "created": {"value": false, "score": 2.205371856689453e-06}, "shared": {"value": false, "score": 2.980232238769531e-07}}, "documentContextAttributes": {"used": {"value": true, "score": 0.9995813965797424}, "created": {"value": false, "score": 0.3048209547996521}, "shared": {"value": false, "score": 1.1324882507324219e-06}}}, {"type": "software", "software-type": "software", "wikidataId": "Q28402217", "wikipediaExternalRef": 51285316, "lang": "en", "confidence": 0.7339, "software-name": {"rawForm": "GQL", "normalizedForm": "GQL", "wikidataId": "Q28402217", "wikipediaExternalRef": 51285316, "lang": "en", "confidence": 0.7339, "offsetStart": 42, "offsetEnd": 45}, "context": "At a high level, when evaluating a query, GQL keeps track of three things: (i) the working graph, which is the property graph we are using to match our patterns currently; (ii) the working table, that stores the information computed thus far; and (iii) the working record, which contains the tuple of the result we are currently using.", "mentionContextAttributes": {"used": {"value": false, "score": 0.0035737156867980957}, "created": {"value": false, "score": 2.378225326538086e-05}, "shared": {"value": false, "score": 1.2516975402832031e-06}}, "documentContextAttributes": {"used": {"value": true, "score": 0.9966461658477783}, "created": {"value": true, "score": 0.9998104572296143}, "shared": {"value": false, "score": 2.676248550415039e-05}}, "references": [{"label": "[36]", "normalizedForm": "[36]", "refKey": 37}]}, {"type": "software", "software-type": "software", "wikidataId": "Q28402217", "wikipediaExternalRef": 51285316, "lang": "en", "confidence": 0.7339, "software-name": {"rawForm": "GQL", "normalizedForm": "GQL", "wikidataId": "Q28402217", "wikipediaExternalRef": 51285316, "lang": "en", "confidence": 0.7339, "offsetStart": 42, "offsetEnd": 45}, "context": "The reader must bear in mind that, as the GQL Standard is roughly one year from publication in its final form, many aspects of the language may still change in a way that depends on the work of the Committee, and thus is impossible to predict.", "mentionContextAttributes": {"used": {"value": false, "score": 0.0002607107162475586}, "created": {"value": false, "score": 0.0005587339401245117}, "shared": {"value": false, "score": 3.2782554626464844e-06}}, "documentContextAttributes": {"used": {"value": true, "score": 0.9966461658477783}, "created": {"value": true, "score": 0.9998104572296143}, "shared": {"value": false, "score": 2.676248550415039e-05}}, "references": [{"label": "[36]", "normalizedForm": "[36]", "refKey": 37}]}, {"type": "software", "software-type": "software", "wikidataId": "Q28402217", "wikipediaExternalRef": 51285316, "lang": "en", "confidence": 0.7339, "software-name": {"rawForm": "GQL", "normalizedForm": "GQL", "wikidataId": "Q28402217", "wikipediaExternalRef": 51285316, "lang": "en", "confidence": 0.7339, "offsetStart": 47, "offsetEnd": 50}, "context": "We follow the formal definition adapted by the GQL Standard [20] to handle databases that contain multiple graphs.", "mentionContextAttributes": {"used": {"value": false, "score": 0.002212822437286377}, "created": {"value": false, "score": 0.0005508661270141602}, "shared": {"value": false, "score": 2.980232238769531e-07}}, "documentContextAttributes": {"used": {"value": true, "score": 0.9966461658477783}, "created": {"value": true, "score": 0.9998104572296143}, "shared": {"value": false, "score": 2.676248550415039e-05}}, "references": [{"label": "[20]", "normalizedForm": "[20]", "refKey": 21, "offsetStart": 16597, "offsetEnd": 16601}]}, {"type": "software", "software-type": "software", "wikidataId": "Q28402217", "wikipediaExternalRef": 51285316, "lang": "en", "confidence": 0.7339, "software-name": {"rawForm": "GQL", "normalizedForm": "GQL", "wikidataId": "Q28402217", "wikipediaExternalRef": 51285316, "lang": "en", "confidence": 0.7339, "offsetStart": 48, "offsetEnd": 51}, "context": "It provides a significant simplification of the GQL Standard, which at the same time covers its key features, and yet is sufficiently simple to provide its formal semantics, thereby enabling its further study and opening up new avenues of research on graph query languages.", "mentionContextAttributes": {"used": {"value": false, "score": 4.5239925384521484e-05}, "created": {"value": false, "score": 0.005593299865722656}, "shared": {"value": false, "score": 2.4437904357910156e-06}}, "documentContextAttributes": {"used": {"value": true, "score": 0.9966461658477783}, "created": {"value": true, "score": 0.9998104572296143}, "shared": {"value": false, "score": 2.676248550415039e-05}}, "references": [{"label": "[36]", "normalizedForm": "[36]", "refKey": 37}]}, {"type": "software", "software-type": "software", "wikidataId": "Q28402217", "wikipediaExternalRef": 51285316, "lang": "en", "confidence": 0.7339, "software-name": {"rawForm": "GQL", "normalizedForm": "GQL", "wikidataId": "Q28402217", "wikipediaExternalRef": 51285316, "lang": "en", "confidence": 0.7339, "offsetStart": 48, "offsetEnd": 51}, "context": "The two graph languages currently standardized -GQL and SQL/PGQ -share their pattern matching facilities, which constitute the key part of any graph language.", "mentionContextAttributes": {"used": {"value": false, "score": 0.00041419267654418945}, "created": {"value": false, "score": 0.00040405988693237305}, "shared": {"value": false, "score": 6.556510925292969e-07}}, "documentContextAttributes": {"used": {"value": true, "score": 0.9966461658477783}, "created": {"value": true, "score": 0.9998104572296143}, "shared": {"value": false, "score": 2.676248550415039e-05}}, "references": [{"label": "[36]", "normalizedForm": "[36]", "refKey": 37}]}, {"type": "software", "software-type": "software", "wikidataId": "Q28402217", "wikipediaExternalRef": 51285316, "lang": "en", "confidence": 0.7339, "software-name": {"rawForm": "GQL", "normalizedForm": "GQL", "wikidataId": "Q28402217", "wikipediaExternalRef": 51285316, "lang": "en", "confidence": 0.7339, "offsetStart": 51, "offsetEnd": 54}, "context": "In this section we present the formal semantics of GQL.", "mentionContextAttributes": {"used": {"value": false, "score": 0.00041919946670532227}, "created": {"value": true, "score": 0.9998104572296143}, "shared": {"value": false, "score": 4.172325134277344e-07}}, "documentContextAttributes": {"used": {"value": true, "score": 0.9966461658477783}, "created": {"value": true, "score": 0.9998104572296143}, "shared": {"value": false, "score": 2.676248550415039e-05}}, "references": [{"label": "[36]", "normalizedForm": "[36]", "refKey": 37}]}, {"type": "software", "software-type": "software", "wikidataId": "Q28402217", "wikipediaExternalRef": 51285316, "lang": "en", "confidence": 0.7339, "software-name": {"rawForm": "GQL", "normalizedForm": "GQL", "wikidataId": "Q28402217", "wikipediaExternalRef": 51285316, "lang": "en", "confidence": 0.7339, "offsetStart": 52, "offsetEnd": 55}, "context": "In this section we give a high-level description of GQL queries and their evaluation.", "mentionContextAttributes": {"used": {"value": false, "score": 0.007981061935424805}, "created": {"value": false, "score": 0.020318269729614258}, "shared": {"value": false, "score": 2.980232238769531e-07}}, "documentContextAttributes": {"used": {"value": true, "score": 0.9966461658477783}, "created": {"value": true, "score": 0.9998104572296143}, "shared": {"value": false, "score": 2.676248550415039e-05}}, "references": [{"label": "[36]", "normalizedForm": "[36]", "refKey": 37}]}, {"type": "software", "software-type": "software", "wikidataId": "Q28402217", "wikipediaExternalRef": 51285316, "lang": "en", "confidence": 0.7339, "software-name": {"rawForm": "GQL", "normalizedForm": "GQL", "wikidataId": "Q28402217", "wikipediaExternalRef": 51285316, "lang": "en", "confidence": 0.7339, "offsetStart": 53, "offsetEnd": 56}, "context": "We only allow a single label in descriptors, but the GQL Standard allows complex label expressions, as in MATCH (a:YachtClub|(Person&!Account)).", "mentionContextAttributes": {"used": {"value": false, "score": 0.00043064355850219727}, "created": {"value": false, "score": 0.00018548965454101562}, "shared": {"value": false, "score": 5.364418029785156e-07}}, "documentContextAttributes": {"used": {"value": true, "score": 0.9966461658477783}, "created": {"value": true, "score": 0.9998104572296143}, "shared": {"value": false, "score": 2.676248550415039e-05}}, "references": [{"label": "[36]", "normalizedForm": "[36]", "refKey": 37}]}, {"type": "software", "software-type": "software", "wikidataId": "Q28402217", "wikipediaExternalRef": 51285316, "lang": "en", "confidence": 0.7339, "software-name": {"rawForm": "GQL", "normalizedForm": "GQL", "wikidataId": "Q28402217", "wikipediaExternalRef": 51285316, "lang": "en", "confidence": 0.7339, "offsetStart": 54, "offsetEnd": 57}, "context": "They come with a formal grammar that is a fragment of GQL's grammar, and a formal semantics, that is suitable as a starting point of new research in graph query languages.", "mentionContextAttributes": {"used": {"value": false, "score": 2.759695053100586e-05}, "created": {"value": false, "score": 0.07006120681762695}, "shared": {"value": false, "score": 2.8014183044433594e-06}}, "documentContextAttributes": {"used": {"value": true, "score": 0.9966461658477783}, "created": {"value": true, "score": 0.9998104572296143}, "shared": {"value": false, "score": 2.676248550415039e-05}}, "references": [{"label": "[36]", "normalizedForm": "[36]", "refKey": 37}]}, {"type": "software", "software-type": "software", "wikidataId": "Q28402217", "wikipediaExternalRef": 51285316, "lang": "en", "confidence": 0.7339, "software-name": {"rawForm": "GQL", "normalizedForm": "GQL", "wikidataId": "Q28402217", "wikipediaExternalRef": 51285316, "lang": "en", "confidence": 0.7339, "offsetStart": 54, "offsetEnd": 57}, "context": "In Section 4, we also discuss a third ingredient that GQL keeps track of, namely the working record.", "mentionContextAttributes": {"used": {"value": false, "score": 0.0009803175926208496}, "created": {"value": true, "score": 0.9291535019874573}, "shared": {"value": false, "score": 5.364418029785156e-07}}, "documentContextAttributes": {"used": {"value": true, "score": 0.9966461658477783}, "created": {"value": true, "score": 0.9998104572296143}, "shared": {"value": false, "score": 2.676248550415039e-05}}, "references": [{"label": "[36]", "normalizedForm": "[36]", "refKey": 37}]}, {"type": "software", "software-type": "software", "wikidataId": "Q28402217", "wikipediaExternalRef": 51285316, "lang": "en", "confidence": 0.7339, "software-name": {"rawForm": "GQL", "normalizedForm": "GQL", "wikidataId": "Q28402217", "wikipediaExternalRef": 51285316, "lang": "en", "confidence": 0.7339, "offsetStart": 55, "offsetEnd": 58}, "context": "FSWG then produced a theoretical reconstruction of the GQL and PGQ pattern language [16].", "mentionContextAttributes": {"used": {"value": true, "score": 0.6626255512237549}, "created": {"value": false, "score": 0.0005214810371398926}, "shared": {"value": false, "score": 1.7881393432617188e-07}}, "documentContextAttributes": {"used": {"value": true, "score": 0.9966461658477783}, "created": {"value": true, "score": 0.9998104572296143}, "shared": {"value": false, "score": 2.676248550415039e-05}}, "references": [{"label": "[36]", "normalizedForm": "[36]", "refKey": 37}]}, {"type": "software", "software-type": "software", "wikidataId": "Q28402217", "wikipediaExternalRef": 51285316, "lang": "en", "confidence": 0.7339, "software-name": {"rawForm": "GQL", "normalizedForm": "GQL", "wikidataId": "Q28402217", "wikipediaExternalRef": 51285316, "lang": "en", "confidence": 0.7339, "offsetStart": 56, "offsetEnd": 59}, "context": "In pursuing the goal of introducing the key features of GQL to the research community, we inevitably had to make decisions that resulted in discrepancies between our presentation and the 500+ pages of the forthcoming Standard.", "mentionContextAttributes": {"used": {"value": false, "score": 0.013674676418304443}, "created": {"value": true, "score": 0.9927687644958496}, "shared": {"value": false, "score": 4.172325134277344e-07}}, "documentContextAttributes": {"used": {"value": true, "score": 0.9966461658477783}, "created": {"value": true, "score": 0.9998104572296143}, "shared": {"value": false, "score": 2.676248550415039e-05}}, "references": [{"label": "[36]", "normalizedForm": "[36]", "refKey": 37}]}, {"type": "software", "software-type": "software", "wikidataId": "Q28402217", "wikipediaExternalRef": 51285316, "lang": "en", "confidence": 0.7339, "software-name": {"rawForm": "GQL", "normalizedForm": "GQL", "wikidataId": "Q28402217", "wikipediaExternalRef": 51285316, "lang": "en", "confidence": 0.7339, "offsetStart": 59, "offsetEnd": 62}, "context": "It is not yet clear whether such a query is allowed in the GQL Standard or not.", "mentionContextAttributes": {"used": {"value": false, "score": 0.002492249011993408}, "created": {"value": false, "score": 0.00039905309677124023}, "shared": {"value": false, "score": 2.980232238769531e-07}}, "documentContextAttributes": {"used": {"value": true, "score": 0.9966461658477783}, "created": {"value": true, "score": 0.9998104572296143}, "shared": {"value": false, "score": 2.676248550415039e-05}}, "references": [{"label": "[36]", "normalizedForm": "[36]", "refKey": 37}]}, {"type": "software", "software-type": "software", "software-name": {"rawForm": "MATCH", "normalizedForm": "MATCH", "offsetStart": 61, "offsetEnd": 66}, "context": "In line 2, we have our path pattern, preceded by the keyword MATCH.", "mentionContextAttributes": {"used": {"value": false, "score": 0.014625310897827148}, "created": {"value": false, "score": 0.3048209547996521}, "shared": {"value": false, "score": 5.364418029785156e-07}}, "documentContextAttributes": {"used": {"value": true, "score": 0.9995813965797424}, "created": {"value": false, "score": 0.3048209547996521}, "shared": {"value": false, "score": 1.1324882507324219e-06}}}, {"type": "software", "software-type": "software", "wikidataId": "Q28402217", "wikipediaExternalRef": 51285316, "lang": "en", "confidence": 0.7339, "software-name": {"rawForm": "GQL", "normalizedForm": "GQL", "wikidataId": "Q28402217", "wikipediaExternalRef": 51285316, "lang": "en", "confidence": 0.7339, "offsetStart": 62, "offsetEnd": 65}, "context": "The paper concentrates on pattern matching features shared by GQL and SQL/PGQ, as well as querying facilities of GQL.", "mentionContextAttributes": {"used": {"value": false, "score": 0.00033676624298095703}, "created": {"value": false, "score": 0.15478742122650146}, "shared": {"value": false, "score": 2.980232238769531e-07}}, "documentContextAttributes": {"used": {"value": true, "score": 0.9966461658477783}, "created": {"value": true, "score": 0.9998104572296143}, "shared": {"value": false, "score": 2.676248550415039e-05}}, "references": [{"label": "[36]", "normalizedForm": "[36]", "refKey": 37}]}, {"type": "software", "software-type": "software", "software-name": {"rawForm": "MATCH", "normalizedForm": "MATCH", "offsetStart": 67, "offsetEnd": 72}, "context": "For example, MATCH (a:%) matches nodes with at least one label and MATCH (a:!%) matches node with no labels.", "mentionContextAttributes": {"used": {"value": false, "score": 0.012875497341156006}, "created": {"value": false, "score": 3.516674041748047e-06}, "shared": {"value": false, "score": 2.980232238769531e-07}}, "documentContextAttributes": {"used": {"value": true, "score": 0.9995813965797424}, "created": {"value": false, "score": 0.3048209547996521}, "shared": {"value": false, "score": 1.1324882507324219e-06}}}, {"type": "software", "software-type": "software", "wikidataId": "Q28402217", "wikipediaExternalRef": 51285316, "lang": "en", "confidence": 0.7339, "software-name": {"rawForm": "GQL", "normalizedForm": "GQL", "wikidataId": "Q28402217", "wikipediaExternalRef": 51285316, "lang": "en", "confidence": 0.7339, "offsetStart": 68, "offsetEnd": 71}, "context": "This paper is the next installment in the effort to distill PGQ and GQL standards for the research community.", "mentionContextAttributes": {"used": {"value": false, "score": 0.00022554397583007812}, "created": {"value": true, "score": 0.9955527186393738}, "shared": {"value": false, "score": 2.980232238769531e-07}}, "documentContextAttributes": {"used": {"value": true, "score": 0.9966461658477783}, "created": {"value": true, "score": 0.9998104572296143}, "shared": {"value": false, "score": 2.676248550415039e-05}}, "references": [{"label": "[36]", "normalizedForm": "[36]", "refKey": 37}]}, {"type": "software", "software-type": "software", "wikidataId": "Q28402217", "wikipediaExternalRef": 51285316, "lang": "en", "confidence": 0.7339, "software-name": {"rawForm": "GQL", "normalizedForm": "GQL", "wikidataId": "Q28402217", "wikipediaExternalRef": 51285316, "lang": "en", "confidence": 0.7339, "offsetStart": 70, "offsetEnd": 73}, "context": "Consequently, our semantics might sometimes return fewer results than GQL's, but the difference only affects multiplicity.", "mentionContextAttributes": {"used": {"value": false, "score": 0.13580244779586792}, "created": {"value": false, "score": 3.165006637573242e-05}, "shared": {"value": false, "score": 2.980232238769531e-07}}, "documentContextAttributes": {"used": {"value": true, "score": 0.9966461658477783}, "created": {"value": true, "score": 0.9998104572296143}, "shared": {"value": false, "score": 2.676248550415039e-05}}, "references": [{"label": "[36]", "normalizedForm": "[36]", "refKey": 37}]}, {"type": "software", "software-type": "software", "wikidataId": "Q28402217", "wikipediaExternalRef": 51285316, "lang": "en", "confidence": 0.7339, "software-name": {"rawForm": "GQL", "normalizedForm": "GQL", "wikidataId": "Q28402217", "wikipediaExternalRef": 51285316, "lang": "en", "confidence": 0.7339, "offsetStart": 75, "offsetEnd": 78}, "context": "Such patterns, called path patterns in GQL, are the main building block of GQL queries, and they roughly correspond to regular path queries (RPQs), which have been well studied in the research literature [30].", "mentionContextAttributes": {"used": {"value": false, "score": 0.00036722421646118164}, "created": {"value": false, "score": 0.0005477666854858398}, "shared": {"value": false, "score": 5.364418029785156e-07}}, "documentContextAttributes": {"used": {"value": true, "score": 0.9966461658477783}, "created": {"value": true, "score": 0.9998104572296143}, "shared": {"value": false, "score": 2.676248550415039e-05}}, "references": [{"label": "[36]", "normalizedForm": "[36]", "refKey": 37}]}, {"type": "software", "software-type": "software", "wikidataId": "Q28402217", "wikipediaExternalRef": 51285316, "lang": "en", "confidence": 0.7339, "software-name": {"rawForm": "GQL", "normalizedForm": "GQL", "wikidataId": "Q28402217", "wikipediaExternalRef": 51285316, "lang": "en", "confidence": 0.7339, "offsetStart": 76, "offsetEnd": 79}, "context": "Here we have described a basic language for graphs, essentially the core of GQL, akin to relational algebra and calculus.", "mentionContextAttributes": {"used": {"value": false, "score": 3.784894943237305e-05}, "created": {"value": true, "score": 0.9997410774230957}, "shared": {"value": false, "score": 4.172325134277344e-07}}, "documentContextAttributes": {"used": {"value": true, "score": 0.9966461658477783}, "created": {"value": true, "score": 0.9998104572296143}, "shared": {"value": false, "score": 2.676248550415039e-05}}, "references": [{"label": "[36]", "normalizedForm": "[36]", "refKey": 37}]}, {"type": "software", "software-type": "software", "wikidataId": "Q28402217", "wikipediaExternalRef": 51285316, "lang": "en", "confidence": 0.7339, "software-name": {"rawForm": "GQL", "normalizedForm": "GQL", "wikidataId": "Q28402217", "wikipediaExternalRef": 51285316, "lang": "en", "confidence": 0.7339, "offsetStart": 77, "offsetEnd": 80}, "context": "The paper focuses on read-only GQL queries, to which we will simply refer as GQL queries.", "mentionContextAttributes": {"used": {"value": false, "score": 0.00023174285888671875}, "created": {"value": true, "score": 0.9998011589050293}, "shared": {"value": false, "score": 5.364418029785156e-07}}, "documentContextAttributes": {"used": {"value": true, "score": 0.9966461658477783}, "created": {"value": true, "score": 0.9998104572296143}, "shared": {"value": false, "score": 2.676248550415039e-05}}, "references": [{"label": "[36]", "normalizedForm": "[36]", "refKey": 37}]}, {"type": "software", "software-type": "software", "wikidataId": "Q28402217", "wikipediaExternalRef": 51285316, "lang": "en", "confidence": 0.7339, "software-name": {"rawForm": "GQL", "normalizedForm": "GQL", "wikidataId": "Q28402217", "wikipediaExternalRef": 51285316, "lang": "en", "confidence": 0.7339, "offsetStart": 84, "offsetEnd": 87}, "context": "In this section, we discuss a non-exhaustive list of differences between the actual GQL Standard and our digest.", "mentionContextAttributes": {"used": {"value": false, "score": 0.07186418771743774}, "created": {"value": true, "score": 0.9788253307342529}, "shared": {"value": false, "score": 2.980232238769531e-07}}, "documentContextAttributes": {"used": {"value": true, "score": 0.9966461658477783}, "created": {"value": true, "score": 0.9998104572296143}, "shared": {"value": false, "score": 2.676248550415039e-05}}, "references": [{"label": "[36]", "normalizedForm": "[36]", "refKey": 37}]}, {"type": "software", "software-type": "software", "wikidataId": "Q28402217", "wikipediaExternalRef": 51285316, "lang": "en", "confidence": 0.7339, "software-name": {"rawForm": "GQL", "normalizedForm": "GQL", "wikidataId": "Q28402217", "wikipediaExternalRef": 51285316, "lang": "en", "confidence": 0.7339, "offsetStart": 85, "offsetEnd": 88}, "context": "This led to a proposal to define a new unifying standard for a Graph Query Language (GQL) [36].", "mentionContextAttributes": {"used": {"value": false, "score": 6.252527236938477e-05}, "created": {"value": false, "score": 0.26657867431640625}, "shared": {"value": false, "score": 2.980232238769531e-07}}, "documentContextAttributes": {"used": {"value": true, "score": 0.9966461658477783}, "created": {"value": true, "score": 0.9998104572296143}, "shared": {"value": false, "score": 2.676248550415039e-05}}, "references": [{"label": "[36]", "normalizedForm": "[36]", "refKey": 37, "offsetStart": 2317, "offsetEnd": 2321}]}, {"type": "software", "software-type": "software", "wikidataId": "Q28402217", "wikipediaExternalRef": 51285316, "lang": "en", "confidence": 0.7339, "software-name": {"rawForm": "GQL", "normalizedForm": "GQL", "wikidataId": "Q28402217", "wikipediaExternalRef": 51285316, "lang": "en", "confidence": 0.7339, "offsetStart": 85, "offsetEnd": 88}, "context": "Finally, as in SQL, the operations INTERSECT, UNION, and EXCEPT remove duplicates in GQL, while the variants INTERSECT ALL, UNION ALL, and EXCEPT ALL do not.", "mentionContextAttributes": {"used": {"value": false, "score": 0.014039337635040283}, "created": {"value": false, "score": 4.470348358154297e-06}, "shared": {"value": false, "score": 1.7881393432617188e-07}}, "documentContextAttributes": {"used": {"value": true, "score": 0.9966461658477783}, "created": {"value": true, "score": 0.9998104572296143}, "shared": {"value": false, "score": 2.676248550415039e-05}}, "references": [{"label": "[36]", "normalizedForm": "[36]", "refKey": 37}]}, {"type": "software", "software-type": "software", "wikidataId": "Q28402217", "wikipediaExternalRef": 51285316, "lang": "en", "confidence": 0.7339, "software-name": {"rawForm": "GQL", "normalizedForm": "GQL", "wikidataId": "Q28402217", "wikipediaExternalRef": 51285316, "lang": "en", "confidence": 0.7339, "offsetStart": 87, "offsetEnd": 90}, "context": "For simplicity, we described GQL as if it was following set semantics but, in reality, GQL uses bags just like Cypher and SQL. ", "mentionContextAttributes": {"used": {"value": false, "score": 0.004891157150268555}, "created": {"value": false, "score": 0.002580702304840088}, "shared": {"value": false, "score": 2.980232238769531e-07}}, "documentContextAttributes": {"used": {"value": true, "score": 0.9966461658477783}, "created": {"value": true, "score": 0.9998104572296143}, "shared": {"value": false, "score": 2.676248550415039e-05}}, "references": [{"label": "[36]", "normalizedForm": "[36]", "refKey": 37}]}, {"type": "software", "software-type": "software", "wikidataId": "Q28402217", "wikipediaExternalRef": 51285316, "lang": "en", "confidence": 0.7339, "software-name": {"rawForm": "GQL", "normalizedForm": "GQL", "wikidataId": "Q28402217", "wikipediaExternalRef": 51285316, "lang": "en", "confidence": 0.7339, "offsetStart": 90, "offsetEnd": 93}, "context": "We will assume these syntactic restrictions to be in place when defining the semantics of GQL queries in Section 4.", "mentionContextAttributes": {"used": {"value": false, "score": 0.1581403613090515}, "created": {"value": false, "score": 0.27173566818237305}, "shared": {"value": false, "score": 4.172325134277344e-07}}, "documentContextAttributes": {"used": {"value": true, "score": 0.9966461658477783}, "created": {"value": true, "score": 0.9998104572296143}, "shared": {"value": false, "score": 2.676248550415039e-05}}, "references": [{"label": "[36]", "normalizedForm": "[36]", "refKey": 37}]}, {"type": "software", "software-type": "software", "wikidataId": "Q28402217", "wikipediaExternalRef": 51285316, "lang": "en", "confidence": 0.7339, "software-name": {"rawForm": "GQL", "normalizedForm": "GQL", "wikidataId": "Q28402217", "wikipediaExternalRef": 51285316, "lang": "en", "confidence": 0.7339, "offsetStart": 93, "offsetEnd": 96}, "context": "Intuitively, a binding is a mathematical formalization of the concept of a working record in GQL.", "mentionContextAttributes": {"used": {"value": false, "score": 0.00023412704467773438}, "created": {"value": false, "score": 0.08434969186782837}, "shared": {"value": false, "score": 1.7881393432617188e-07}}, "documentContextAttributes": {"used": {"value": true, "score": 0.9966461658477783}, "created": {"value": true, "score": 0.9998104572296143}, "shared": {"value": false, "score": 2.676248550415039e-05}}, "references": [{"label": "[36]", "normalizedForm": "[36]", "refKey": 37}]}, {"type": "software", "software-type": "software", "wikidataId": "Q28402217", "wikipediaExternalRef": 51285316, "lang": "en", "confidence": 0.7339, "software-name": {"rawForm": "GQL", "normalizedForm": "GQL", "wikidataId": "Q28402217", "wikipediaExternalRef": 51285316, "lang": "en", "confidence": 0.7339, "offsetStart": 93, "offsetEnd": 96}, "context": "While this is not problematic mathematically, it might be disallowed in future iterations of GQL.", "mentionContextAttributes": {"used": {"value": false, "score": 0.00028693675994873047}, "created": {"value": false, "score": 0.00013256072998046875}, "shared": {"value": false, "score": 2.980232238769531e-07}}, "documentContextAttributes": {"used": {"value": true, "score": 0.9966461658477783}, "created": {"value": true, "score": 0.9998104572296143}, "shared": {"value": false, "score": 2.676248550415039e-05}}, "references": [{"label": "[36]", "normalizedForm": "[36]", "refKey": 37}]}, {"type": "software", "software-type": "software", "software-name": {"rawForm": "MATCH", "normalizedForm": "MATCH", "offsetStart": 106, "offsetEnd": 111}, "context": "We only allow a single label in descriptors, but the GQL Standard allows complex label expressions, as in MATCH (a:YachtClub|(Person&!Account)). ", "mentionContextAttributes": {"used": {"value": false, "score": 0.00043064355850219727}, "created": {"value": false, "score": 0.00018548965454101562}, "shared": {"value": false, "score": 5.364418029785156e-07}}, "documentContextAttributes": {"used": {"value": true, "score": 0.9995813965797424}, "created": {"value": false, "score": 0.3048209547996521}, "shared": {"value": false, "score": 1.1324882507324219e-06}}}, {"type": "software", "software-type": "software", "wikidataId": "Q28402217", "wikipediaExternalRef": 51285316, "lang": "en", "confidence": 0.7339, "software-name": {"rawForm": "GQL", "normalizedForm": "GQL", "wikidataId": "Q28402217", "wikipediaExternalRef": 51285316, "lang": "en", "confidence": 0.7339, "offsetStart": 113, "offsetEnd": 116}, "context": "The paper concentrates on pattern matching features shared by GQL and SQL/PGQ, as well as querying facilities of GQL.", "mentionContextAttributes": {"used": {"value": false, "score": 0.00033676624298095703}, "created": {"value": false, "score": 0.15478742122650146}, "shared": {"value": false, "score": 2.980232238769531e-07}}, "documentContextAttributes": {"used": {"value": true, "score": 0.9966461658477783}, "created": {"value": true, "score": 0.9998104572296143}, "shared": {"value": false, "score": 2.676248550415039e-05}}, "references": [{"label": "[36]", "normalizedForm": "[36]", "refKey": 37}]}, {"type": "software", "software-type": "software", "wikidataId": "Q28402217", "wikipediaExternalRef": 51285316, "lang": "en", "confidence": 0.7339, "software-name": {"rawForm": "GQL", "normalizedForm": "GQL", "wikidataId": "Q28402217", "wikipediaExternalRef": 51285316, "lang": "en", "confidence": 0.7339, "offsetStart": 116, "offsetEnd": 119}, "context": "In this section we provide mathematical abstractions for each of these concepts in order to define the semantics of GQL.", "mentionContextAttributes": {"used": {"value": false, "score": 0.0003287792205810547}, "created": {"value": true, "score": 0.606843888759613}, "shared": {"value": false, "score": 4.172325134277344e-07}}, "documentContextAttributes": {"used": {"value": true, "score": 0.9966461658477783}, "created": {"value": true, "score": 0.9998104572296143}, "shared": {"value": false, "score": 2.676248550415039e-05}}, "references": [{"label": "[36]", "normalizedForm": "[36]", "refKey": 37}]}, {"type": "software", "software-type": "software", "software-name": {"rawForm": "GXPath", "normalizedForm": "GXPath", "offsetStart": 118, "offsetEnd": 128}, "context": "As seen in GQL's influence graph [19], the language draws inspiration from regular path queries [11,30], STRUQL [14], GXPath [27], and regular queries [32].", "mentionContextAttributes": {"used": {"value": false, "score": 0.03519362211227417}, "created": {"value": false, "score": 8.165836334228516e-06}, "shared": {"value": false, "score": 1.7881393432617188e-07}}, "documentContextAttributes": {"used": {"value": false, "score": 0.03519362211227417}, "created": {"value": false, "score": 8.165836334228516e-06}, "shared": {"value": false, "score": 1.7881393432617188e-07}}}, {"type": "software", "software-type": "software", "wikidataId": "Q28402217", "wikipediaExternalRef": 51285316, "lang": "en", "confidence": 0.7339, "software-name": {"rawForm": "GQL", "normalizedForm": "GQL", "wikidataId": "Q28402217", "wikipediaExternalRef": 51285316, "lang": "en", "confidence": 0.7339, "offsetStart": 119, "offsetEnd": 122}, "context": "Indeed, Cypher's requirement that all matched edges must be different operates at the level of graph patterns, whereas GQL's TRAIL operates at the level of path patterns.", "mentionContextAttributes": {"used": {"value": false, "score": 0.006709396839141846}, "created": {"value": false, "score": 7.110834121704102e-05}, "shared": {"value": false, "score": 2.980232238769531e-07}}, "documentContextAttributes": {"used": {"value": true, "score": 0.9966461658477783}, "created": {"value": true, "score": 0.9998104572296143}, "shared": {"value": false, "score": 2.676248550415039e-05}}, "references": [{"label": "[36]", "normalizedForm": "[36]", "refKey": 37}]}, {"type": "software", "software-type": "software", "wikidataId": "Q28402217", "wikipediaExternalRef": 51285316, "lang": "en", "confidence": 0.7339, "software-name": {"rawForm": "GQL", "normalizedForm": "GQL", "wikidataId": "Q28402217", "wikipediaExternalRef": 51285316, "lang": "en", "confidence": 0.7339, "offsetStart": 119, "offsetEnd": 122}, "context": "Query processing and optimization is a central area in relational database research that needs yet to be developed for GQL.", "mentionContextAttributes": {"used": {"value": false, "score": 9.578466415405273e-05}, "created": {"value": true, "score": 0.7584314346313477}, "shared": {"value": false, "score": 5.364418029785156e-07}}, "documentContextAttributes": {"used": {"value": true, "score": 0.9966461658477783}, "created": {"value": true, "score": 0.9998104572296143}, "shared": {"value": false, "score": 2.676248550415039e-05}}, "references": [{"label": "[36]", "normalizedForm": "[36]", "refKey": 37}]}, {"type": "software", "software-type": "software", "wikidataId": "Q28402217", "wikipediaExternalRef": 51285316, "lang": "en", "confidence": 0.7339, "software-name": {"rawForm": "GQL", "normalizedForm": "GQL", "wikidataId": "Q28402217", "wikipediaExternalRef": 51285316, "lang": "en", "confidence": 0.7339, "offsetStart": 120, "offsetEnd": 123}, "context": "According to our semantics, only one copy of (a \u2192 u) is returned, while two occurrences of it are returned according to GQL Standard.", "mentionContextAttributes": {"used": {"value": false, "score": 0.2164575457572937}, "created": {"value": false, "score": 1.5556812286376953e-05}, "shared": {"value": false, "score": 2.980232238769531e-07}}, "documentContextAttributes": {"used": {"value": true, "score": 0.9966461658477783}, "created": {"value": true, "score": 0.9998104572296143}, "shared": {"value": false, "score": 2.676248550415039e-05}}, "references": [{"label": "[36]", "normalizedForm": "[36]", "refKey": 37}]}, {"type": "software", "software-type": "software", "wikidataId": "Q28402217", "wikipediaExternalRef": 51285316, "lang": "en", "confidence": 0.7339, "software-name": {"rawForm": "GQL", "normalizedForm": "GQL", "wikidataId": "Q28402217", "wikipediaExternalRef": 51285316, "lang": "en", "confidence": 0.7339, "offsetStart": 124, "offsetEnd": 127}, "context": "We introduced in [16] a type system operating on a subset of the patterns described in Figure 2. Its goal is to ensure that GQL path patterns and graph patterns do not exhibit the pathological behavior illustrated above.", "mentionContextAttributes": {"used": {"value": false, "score": 2.8312206268310547e-05}, "created": {"value": true, "score": 0.999677300453186}, "shared": {"value": false, "score": 2.980232238769531e-07}}, "documentContextAttributes": {"used": {"value": true, "score": 0.9966461658477783}, "created": {"value": true, "score": 0.9998104572296143}, "shared": {"value": false, "score": 2.676248550415039e-05}}, "references": [{"label": "[36]", "normalizedForm": "[36]", "refKey": 37}]}, {"type": "software", "software-type": "software", "software-name": {"rawForm": "MATCH", "normalizedForm": "MATCH", "offsetStart": 125, "offsetEnd": 130}, "context": "Hence, different ways to compute the same path/binding pair will only contribute to one copy of the binding in the output of MATCH \u03a0 G .", "mentionContextAttributes": {"used": {"value": false, "score": 0.05162060260772705}, "created": {"value": false, "score": 1.150369644165039e-05}, "shared": {"value": false, "score": 2.980232238769531e-07}}, "documentContextAttributes": {"used": {"value": true, "score": 0.9995813965797424}, "created": {"value": false, "score": 0.3048209547996521}, "shared": {"value": false, "score": 1.1324882507324219e-06}}}, {"type": "software", "software-type": "software", "wikidataId": "Q28402217", "wikipediaExternalRef": 51285316, "lang": "en", "confidence": 0.7339, "software-name": {"rawForm": "GQL", "normalizedForm": "GQL", "wikidataId": "Q28402217", "wikipediaExternalRef": 51285316, "lang": "en", "confidence": 0.7339, "offsetStart": 131, "offsetEnd": 134}, "context": "Moving to more practical aspects, one needs efficient and practical algorithms and data structures for processing graph queries in GQL, whether in a native system, or a relational implementation.", "mentionContextAttributes": {"used": {"value": false, "score": 3.30805778503418e-05}, "created": {"value": false, "score": 0.09251010417938232}, "shared": {"value": false, "score": 7.748603820800781e-07}}, "documentContextAttributes": {"used": {"value": true, "score": 0.9966461658477783}, "created": {"value": true, "score": 0.9998104572296143}, "shared": {"value": false, "score": 2.676248550415039e-05}}, "references": [{"label": "[36]", "normalizedForm": "[36]", "refKey": 37}]}, {"type": "software", "software-type": "software", "software-name": {"rawForm": "MATCH", "normalizedForm": "MATCH", "offsetStart": 138, "offsetEnd": 143}, "context": "Hence, while the GQL query MATCH TRAIL ()-[e1]->(), TRAIL ()-[e2]->() will return bindings in which e1 and e2 are equal, the Cypher query MATCH ()-[e1]>(), ()-[e2]->() would not; the latter behaviour is captured by the GQL query MATCH DIFFERENT EDGES ()-[e1]>(), ()-[e2]->().", "mentionContextAttributes": {"used": {"value": true, "score": 0.9906761646270752}, "created": {"value": false, "score": 2.3245811462402344e-06}, "shared": {"value": false, "score": 1.1324882507324219e-06}}, "documentContextAttributes": {"used": {"value": true, "score": 0.9995813965797424}, "created": {"value": false, "score": 0.3048209547996521}, "shared": {"value": false, "score": 1.1324882507324219e-06}}}, {"type": "software", "software-type": "software", "wikidataId": "Q28402217", "wikipediaExternalRef": 51285316, "lang": "en", "confidence": 0.7339, "software-name": {"rawForm": "GQL", "normalizedForm": "GQL", "wikidataId": "Q28402217", "wikipediaExternalRef": 51285316, "lang": "en", "confidence": 0.7339, "offsetStart": 152, "offsetEnd": 155}, "context": "According to our semantics, both return one binding, namely (x \u2192 path(u)), for each node u in the graph; however, Q 1 is syntactically forbidden in the GQL Standard because no node pattern occurs.", "mentionContextAttributes": {"used": {"value": false, "score": 0.019822001457214355}, "created": {"value": false, "score": 7.420778274536133e-05}, "shared": {"value": false, "score": 5.364418029785156e-07}}, "documentContextAttributes": {"used": {"value": true, "score": 0.9966461658477783}, "created": {"value": true, "score": 0.9998104572296143}, "shared": {"value": false, "score": 2.676248550415039e-05}}, "references": [{"label": "[36]", "normalizedForm": "[36]", "refKey": 37}]}, {"type": "software", "software-type": "software", "wikidataId": "Q28402217", "wikipediaExternalRef": 51285316, "lang": "en", "confidence": 0.7339, "software-name": {"rawForm": "GQL", "normalizedForm": "GQL", "wikidataId": "Q28402217", "wikipediaExternalRef": 51285316, "lang": "en", "confidence": 0.7339, "offsetStart": 157, "offsetEnd": 160}, "context": "This motivates the goal of the present paper: to distill, in a form accessible to the database research community, the principal elements of the forthcoming GQL Standard, and provide their formal semantics.", "mentionContextAttributes": {"used": {"value": false, "score": 0.00010162591934204102}, "created": {"value": true, "score": 0.9874753355979919}, "shared": {"value": false, "score": 2.562999725341797e-06}}, "documentContextAttributes": {"used": {"value": true, "score": 0.9966461658477783}, "created": {"value": true, "score": 0.9998104572296143}, "shared": {"value": false, "score": 2.676248550415039e-05}}, "references": [{"label": "[36]", "normalizedForm": "[36]", "refKey": 37}]}, {"type": "software", "software-type": "software", "wikidataId": "Q28402217", "wikipediaExternalRef": 51285316, "lang": "en", "confidence": 0.7339, "software-name": {"rawForm": "GQL", "normalizedForm": "GQL", "wikidataId": "Q28402217", "wikipediaExternalRef": 51285316, "lang": "en", "confidence": 0.7339, "offsetStart": 158, "offsetEnd": 161}, "context": "In parallel, an extension of SQL for querying property graphs, SQL/PGQ, is added to the SQL standard; it shares the graph pattern matching functionality with GQL.", "mentionContextAttributes": {"used": {"value": false, "score": 0.0001461505889892578}, "created": {"value": false, "score": 0.001575469970703125}, "shared": {"value": false, "score": 7.748603820800781e-07}}, "documentContextAttributes": {"used": {"value": true, "score": 0.9966461658477783}, "created": {"value": true, "score": 0.9998104572296143}, "shared": {"value": false, "score": 2.676248550415039e-05}}, "references": [{"label": "[36]", "normalizedForm": "[36]", "refKey": 37}]}, {"type": "software", "software-type": "software", "software-name": {"rawForm": "MATCH", "normalizedForm": "MATCH", "offsetStart": 173, "offsetEnd": 178}, "context": "Note that GQL partially eliminates duplicates during pattern matching, which is reflected here by the semantics of graph patterns: \u03a0 G is a set of path/binding pairs, while MATCH \u03a0 G returns a bag of bindings by projecting out the paths (see the definition of MATCH \u03a0 G in Section 4.5).", "mentionContextAttributes": {"used": {"value": false, "score": 0.0015887618064880371}, "created": {"value": false, "score": 3.272294998168945e-05}, "shared": {"value": false, "score": 5.364418029785156e-07}}, "documentContextAttributes": {"used": {"value": true, "score": 0.9995813965797424}, "created": {"value": false, "score": 0.3048209547996521}, "shared": {"value": false, "score": 1.1324882507324219e-06}}}, {"type": "software", "software-type": "software", "wikidataId": "Q28402217", "wikipediaExternalRef": 51285316, "lang": "en", "confidence": 0.7339, "software-name": {"rawForm": "GQL", "normalizedForm": "GQL", "wikidataId": "Q28402217", "wikipediaExternalRef": 51285316, "lang": "en", "confidence": 0.7339, "offsetStart": 219, "offsetEnd": 222}, "context": "Hence, while the GQL query MATCH TRAIL ()-[e1]->(), TRAIL ()-[e2]->() will return bindings in which e1 and e2 are equal, the Cypher query MATCH ()-[e1]>(), ()-[e2]->() would not; the latter behaviour is captured by the GQL query MATCH DIFFERENT EDGES ()-[e1]>(), ()-[e2]->().", "mentionContextAttributes": {"used": {"value": true, "score": 0.9906761646270752}, "created": {"value": false, "score": 2.3245811462402344e-06}, "shared": {"value": false, "score": 1.1324882507324219e-06}}, "documentContextAttributes": {"used": {"value": true, "score": 0.9966461658477783}, "created": {"value": true, "score": 0.9998104572296143}, "shared": {"value": false, "score": 2.676248550415039e-05}}, "references": [{"label": "[36]", "normalizedForm": "[36]", "refKey": 37}]}, {"type": "software", "software-type": "software", "software-name": {"rawForm": "MATCH", "normalizedForm": "MATCH", "offsetStart": 229, "offsetEnd": 234}, "context": "Hence, while the GQL query MATCH TRAIL ()-[e1]->(), TRAIL ()-[e2]->() will return bindings in which e1 and e2 are equal, the Cypher query MATCH ()-[e1]>(), ()-[e2]->() would not; the latter behaviour is captured by the GQL query MATCH DIFFERENT EDGES ()-[e1]>(), ()-[e2]->().", "mentionContextAttributes": {"used": {"value": true, "score": 0.9906761646270752}, "created": {"value": false, "score": 2.3245811462402344e-06}, "shared": {"value": false, "score": 1.1324882507324219e-06}}, "documentContextAttributes": {"used": {"value": true, "score": 0.9995813965797424}, "created": {"value": false, "score": 0.3048209547996521}, "shared": {"value": false, "score": 1.1324882507324219e-06}}}, {"type": "software", "software-type": "software", "software-name": {"rawForm": "MATCH", "normalizedForm": "MATCH", "offsetStart": 260, "offsetEnd": 265}, "context": "Note that GQL partially eliminates duplicates during pattern matching, which is reflected here by the semantics of graph patterns: \u03a0 G is a set of path/binding pairs, while MATCH \u03a0 G returns a bag of bindings by projecting out the paths (see the definition of MATCH \u03a0 G in Section 4.5).", "mentionContextAttributes": {"used": {"value": false, "score": 0.0015887618064880371}, "created": {"value": false, "score": 3.272294998168945e-05}, "shared": {"value": false, "score": 5.364418029785156e-07}}, "documentContextAttributes": {"used": {"value": true, "score": 0.9995813965797424}, "created": {"value": false, "score": 0.3048209547996521}, "shared": {"value": false, "score": 1.1324882507324219e-06}}}, {"type": "software", "software-type": "software", "wikidataId": "Q28402217", "wikipediaExternalRef": 51285316, "lang": "en", "confidence": 0.7339, "software-name": {"rawForm": "GQL", "normalizedForm": "GQL", "wikidataId": "Q28402217", "wikipediaExternalRef": 51285316, "lang": "en", "confidence": 0.7339, "offsetStart": 496, "offsetEnd": 499}, "context": "path patterns, which mimic regular path queries [29,30], but have additional features such as two-way navigation and conditioning; graph patterns, which generalize conjunctive two-way regular path queries [8] with the ability to return different types of paths; queries, which allow us to manipulate the results of graph patterns and combine their evaluation over different graphs in the database; and expressions and conditions, which allow filtering results obtained in previous three parts of GQL.", "mentionContextAttributes": {"used": {"value": false, "score": 0.006885111331939697}, "created": {"value": false, "score": 1.0132789611816406e-05}, "shared": {"value": false, "score": 1.0728836059570312e-06}}, "documentContextAttributes": {"used": {"value": true, "score": 0.9966461658477783}, "created": {"value": true, "score": 0.9998104572296143}, "shared": {"value": false, "score": 2.676248550415039e-05}}, "references": [{"label": "[36]", "normalizedForm": "[36]", "refKey": 37}]}], "references": [{"refKey": 37, "tei": "<biblStruct xml:id=\"b37\">\n\t<monogr>\n\t\t<title level=\"m\">GQL graph query language</title>\n\t\t<imprint>\n\t\t\t<date>2020</date>\n\t\t</imprint>\n\t</monogr>\n</biblStruct>\n"}, {"refKey": 21, "tei": "<biblStruct xml:id=\"b21\">\n\t<analytic>\n\t\t<title level=\"a\" type=\"main\">Property graphs and paths in GQL: Mathematical definitions</title>\n\t\t<author>\n\t\t\t<persName><forename type=\"first\">Alastair</forename><surname>Green</surname></persName>\n\t\t</author>\n\t\t<author>\n\t\t\t<persName><forename type=\"first\">Paolo</forename><surname>Guagliardo</surname></persName>\n\t\t</author>\n\t\t<author>\n\t\t\t<persName><forename type=\"first\">Leonid</forename><surname>Libkin</surname></persName>\n\t\t</author>\n\t\t<idno type=\"DOI\">10.54285/ldbc.tzjp7279</idno>\n\t</analytic>\n\t<monogr>\n\t\t<title level=\"m\">Property graphs and paths in GQL: Mathematical definitions</title>\n\t\t<imprint>\n\t\t\t<publisher>Linked Data Benchmark Council</publisher>\n\t\t\t<date type=\"published\" when=\"2021-10\">October 2021</date>\n\t\t</imprint>\n\t</monogr>\n</biblStruct>\n"}], "runtime": 131425, "id": "00dc65542d2167141643939c7600dbcfcc772123", "metadata": {"id": "00dc65542d2167141643939c7600dbcfcc772123"}, "original_file_path": "../../datalake/Samuel/SOFTware-Sync/data/xml_not_sofctied/hal-04094449.grobid.tei.xml", "file_name": "hal-04094449.grobid.tei.xml"}