{"application": "software-mentions", "version": "0.8.0", "date": "2024-04-12T17:14+0000", "md5": "F80FA9C54F190F145DA5D9BDA6E6888D", "mentions": [{"type": "software", "software-type": "software", "software-name": {"rawForm": "SAKey", "normalizedForm": "SAKey", "offsetStart": 0, "offsetEnd": 5}, "context": "SAKey discovers keys with exceptions called n-almost keys. ", "mentionContextAttributes": {"used": {"value": false, "score": 0.001504659652709961}, "created": {"value": false, "score": 1.9431114196777344e-05}, "shared": {"value": false, "score": 3.5762786865234375e-07}}, "documentContextAttributes": {"used": {"value": false, "score": 0.07390451431274414}, "created": {"value": true, "score": 0.8528493046760559}, "shared": {"value": false, "score": 3.5762786865234375e-07}}}, {"type": "software", "software-type": "software", "software-name": {"rawForm": "SAKey", "normalizedForm": "SAKey", "offsetStart": 29, "offsetEnd": 34}, "context": "Thus a new algorithm called \"SAKey\" was introduced in [29] to improve applicability and scalability of the precedent key-based approach.", "mentionContextAttributes": {"used": {"value": false, "score": 4.3272972106933594e-05}, "created": {"value": true, "score": 0.8528493046760559}, "shared": {"value": false, "score": 1.1920928955078125e-07}}, "documentContextAttributes": {"used": {"value": false, "score": 0.07390451431274414}, "created": {"value": true, "score": 0.8528493046760559}, "shared": {"value": false, "score": 3.5762786865234375e-07}}}, {"type": "software", "software-type": "software", "software-name": {"rawForm": "SAKey", "normalizedForm": "SAKey", "offsetStart": 29, "offsetEnd": 34}, "context": "When they are running, KD2R, SAKey, and VICKEY, are following the same main steps.", "mentionContextAttributes": {"used": {"value": false, "score": 0.07390451431274414}, "created": {"value": false, "score": 0.0023067593574523926}, "shared": {"value": false, "score": 2.384185791015625e-07}}, "documentContextAttributes": {"used": {"value": false, "score": 0.07390451431274414}, "created": {"value": true, "score": 0.8528493046760559}, "shared": {"value": false, "score": 3.5762786865234375e-07}}}, {"type": "software", "software-type": "software", "software-name": {"rawForm": "SPIMBench", "normalizedForm": "SPIMBench", "offsetStart": 98, "offsetEnd": 107}, "context": "Experiments were conducted on additional datasets taken from OAEI, namely Doremus (OAEI 2016) and SPIMBench (OAEI 2018), and similar results were observed.", "mentionContextAttributes": {"used": {"value": true, "score": 0.9999856948852539}, "created": {"value": false, "score": 1.0967254638671875e-05}, "shared": {"value": false, "score": 2.384185791015625e-07}}, "documentContextAttributes": {"used": {"value": true, "score": 0.9999856948852539}, "created": {"value": false, "score": 1.0967254638671875e-05}, "shared": {"value": false, "score": 2.384185791015625e-07}}}], "references": [], "runtime": 42418, "id": "be7a8b5fce29d76c6f7d41e68a0c2d5ab462f579", "metadata": {"id": "be7a8b5fce29d76c6f7d41e68a0c2d5ab462f579"}, "original_file_path": "../../datalake/Samuel/SOFTware-Sync/data/xml_not_sofctied/hal-04368386.grobid.tei.xml", "file_name": "hal-04368386.grobid.tei.xml"}