{"application": "software-mentions", "version": "0.8.0", "date": "2024-04-12T16:09+0000", "md5": "B79EDA652822595EBCD6B1165434110A", "mentions": [{"type": "software", "software-type": "software", "software-name": {"rawForm": "LDViz", "normalizedForm": "LDViz", "offsetStart": 0, "offsetEnd": 5}, "context": "LDViz covers the steps of the pipeline as follows.", "mentionContextAttributes": {"used": {"value": false, "score": 0.0008500218391418457}, "created": {"value": false, "score": 2.187490463256836e-05}, "shared": {"value": false, "score": 4.172325134277344e-07}}, "documentContextAttributes": {"used": {"value": true, "score": 0.9980013966560364}, "created": {"value": true, "score": 0.9998593330383301}, "shared": {"value": false, "score": 0.06444203853607178}}}, {"type": "software", "software-type": "software", "software-name": {"rawForm": "LDViz", "normalizedForm": "LDViz", "offsetStart": 0, "offsetEnd": 5}, "context": "LDViz allows the definition of custom subsets of RDF data via SPARQL queries, which enables different ways of data exploration, such as: (i) inspecting and debugging the RDF graph and its ontology, (ii) exploring smaller RDF datasets via summarization to enable task resolution more efficiently by extracting meaningful information from data, and (iii) exploring graph mining result sets. ", "mentionContextAttributes": {"used": {"value": false, "score": 0.00011521577835083008}, "created": {"value": false, "score": 0.03299093246459961}, "shared": {"value": false, "score": 1.7285346984863281e-06}}, "documentContextAttributes": {"used": {"value": true, "score": 0.9980013966560364}, "created": {"value": true, "score": 0.9998593330383301}, "shared": {"value": false, "score": 0.06444203853607178}}}, {"type": "software", "software-type": "software", "wikidataId": "Q54871", "wikipediaExternalRef": 2574343, "lang": "en", "confidence": 0.9098, "software-name": {"rawForm": "SPARQL", "normalizedForm": "SPARQL", "wikidataId": "Q54871", "wikipediaExternalRef": 2574343, "lang": "en", "confidence": 0.9098, "offsetStart": 0, "offsetEnd": 6}, "context": "SPARQL endpoint: http://fr.dbpedia.org/sparql", "mentionContextAttributes": {"used": {"value": false, "score": 0.00012302398681640625}, "created": {"value": false, "score": 5.900859832763672e-06}, "shared": {"value": true, "score": 0.9834212064743042}}, "documentContextAttributes": {"used": {"value": true, "score": 0.9996975660324097}, "created": {"value": true, "score": 0.9984082579612732}, "shared": {"value": true, "score": 0.9889010787010193}}}, {"type": "software", "software-type": "software", "wikidataId": "Q54871", "wikipediaExternalRef": 2574343, "lang": "en", "confidence": 0.9098, "software-name": {"rawForm": "SPARQL", "normalizedForm": "SPARQL", "wikidataId": "Q54871", "wikipediaExternalRef": 2574343, "lang": "en", "confidence": 0.9098, "offsetStart": 0, "offsetEnd": 6}, "context": "SPARQL endpoint: http://sparql.archives-ouvertes.fr/", "mentionContextAttributes": {"used": {"value": false, "score": 0.00014853477478027344}, "created": {"value": false, "score": 4.351139068603516e-06}, "shared": {"value": true, "score": 0.9889010787010193}}, "documentContextAttributes": {"used": {"value": true, "score": 0.9996975660324097}, "created": {"value": true, "score": 0.9984082579612732}, "shared": {"value": true, "score": 0.9889010787010193}}}, {"type": "software", "software-type": "software", "software-name": {"rawForm": "MGExplorer", "normalizedForm": "MGExplorer", "offsetStart": 0, "offsetEnd": 10}, "context": "MGExplorer Mappers. ", "mentionContextAttributes": {"used": {"value": false, "score": 0.0010594725608825684}, "created": {"value": false, "score": 9.47713851928711e-06}, "shared": {"value": false, "score": 1.8477439880371094e-06}}, "documentContextAttributes": {"used": {"value": true, "score": 0.9996975660324097}, "created": {"value": true, "score": 0.9984082579612732}, "shared": {"value": false, "score": 2.205371856689453e-06}}}, {"type": "software", "software-type": "software", "software-name": {"rawForm": "S-Paths", "normalizedForm": "S-Paths", "offsetStart": 4, "offsetEnd": 11}, "context": "The S-Paths visualization tool (Destandau et al., 2021) supports the visualization of resources sets based on semantic paths by identifying and ranking a set of visualization techniques suitable to explore the data. ", "mentionContextAttributes": {"used": {"value": false, "score": 2.6524066925048828e-05}, "created": {"value": false, "score": 0.0013179779052734375}, "shared": {"value": false, "score": 7.748603820800781e-07}}, "documentContextAttributes": {"used": {"value": false, "score": 2.6524066925048828e-05}, "created": {"value": false, "score": 0.0013179779052734375}, "shared": {"value": false, "score": 7.748603820800781e-07}}}, {"type": "software", "software-type": "software", "software-name": {"rawForm": "Visualbox", "normalizedForm": "Visualbox", "offsetStart": 4, "offsetEnd": 13}, "context": "The Visualbox tool (Graves, 2013) generates graph, temporal and geographical visualizations to explore SPARQL result datasets; it also exports the visualization in a format suitable for incorporation in hypertextual documents. ", "mentionContextAttributes": {"used": {"value": false, "score": 4.416704177856445e-05}, "created": {"value": false, "score": 0.0011679530143737793}, "shared": {"value": false, "score": 2.980232238769531e-07}}, "documentContextAttributes": {"used": {"value": false, "score": 4.416704177856445e-05}, "created": {"value": false, "score": 0.0011679530143737793}, "shared": {"value": false, "score": 2.980232238769531e-07}}, "references": [{"label": "(Graves, 2013)", "normalizedForm": "Graves, 2013", "refKey": 16, "offsetStart": 6844, "offsetEnd": 6858}, {"label": "(Graves, 2013)", "normalizedForm": "Graves, 2013", "refKey": 16, "offsetStart": 6844, "offsetEnd": 6858}]}, {"type": "software", "software-type": "software", "software-name": {"rawForm": "ClusterVis", "normalizedForm": "ClusterVis", "offsetStart": 4, "offsetEnd": 14}, "context": "The ClusterVis view (Fig. 5d) all Redford's co-stars grouped by movies.", "mentionContextAttributes": {"used": {"value": true, "score": 0.9997285604476929}, "created": {"value": false, "score": 1.3053417205810547e-05}, "shared": {"value": false, "score": 5.364418029785156e-07}}, "documentContextAttributes": {"used": {"value": true, "score": 0.9997285604476929}, "created": {"value": false, "score": 1.3053417205810547e-05}, "shared": {"value": false, "score": 5.364418029785156e-07}}}, {"type": "software", "software-type": "software", "software-name": {"rawForm": "GlyphMatrix", "normalizedForm": "GlyphMatrix", "offsetStart": 4, "offsetEnd": 15}, "context": "The GlyphMatrix (Cava and Freitas, 2013) technique is based on a matrix where rows and columns represent data items in a cluster, and the cells contain glyphs encoding attributes that describe a pairwise relationship.", "mentionContextAttributes": {"used": {"value": false, "score": 0.00037354230880737305}, "created": {"value": false, "score": 0.00014328956604003906}, "shared": {"value": false, "score": 5.364418029785156e-07}}, "documentContextAttributes": {"used": {"value": false, "score": 0.021209418773651123}, "created": {"value": false, "score": 0.00014328956604003906}, "shared": {"value": false, "score": 1.1920928955078125e-06}}, "references": [{"label": "(Cava and Freitas, 2013)", "normalizedForm": "Cava and Freitas, 2013", "refKey": 5, "offsetStart": 20227, "offsetEnd": 20251}]}, {"type": "software", "software-type": "software", "software-name": {"rawForm": "ClusterVis", "normalizedForm": "ClusterVis", "offsetStart": 4, "offsetEnd": 32}, "context": "The ClusterVis (Cava et al., 2017) technique depicts clusters according to some relationship among data items. ", "mentionContextAttributes": {"used": {"value": true, "score": 0.8462274670600891}, "created": {"value": false, "score": 2.8014183044433594e-06}, "shared": {"value": false, "score": 2.980232238769531e-07}}, "documentContextAttributes": {"used": {"value": true, "score": 0.9997285604476929}, "created": {"value": false, "score": 1.3053417205810547e-05}, "shared": {"value": false, "score": 5.364418029785156e-07}}}, {"type": "software", "software-type": "software", "wikidataId": "Q54871", "wikipediaExternalRef": 2574343, "lang": "en", "confidence": 0.9098, "software-name": {"rawForm": "SPARQL", "normalizedForm": "SPARQL", "wikidataId": "Q54871", "wikipediaExternalRef": 2574343, "lang": "en", "confidence": 0.9098, "offsetStart": 5, "offsetEnd": 11}, "context": "From SPARQL Results to MGExplorer Data Model.", "mentionContextAttributes": {"used": {"value": true, "score": 0.9996975660324097}, "created": {"value": false, "score": 6.020069122314453e-06}, "shared": {"value": false, "score": 1.7881393432617188e-07}}, "documentContextAttributes": {"used": {"value": true, "score": 0.9996975660324097}, "created": {"value": true, "score": 0.9984082579612732}, "shared": {"value": true, "score": 0.9889010787010193}}}, {"type": "software", "software-type": "software", "software-name": {"rawForm": "MGExplorer", "normalizedForm": "MGExplorer", "offsetStart": 8, "offsetEnd": 18}, "context": "Via the MGExplorer interface, we provide selection operations that enable the user to subset the input data to be explored via different visualization techniques, which present complementary views to the data.", "mentionContextAttributes": {"used": {"value": false, "score": 0.0006858706474304199}, "created": {"value": false, "score": 0.04791229963302612}, "shared": {"value": false, "score": 5.364418029785156e-07}}, "documentContextAttributes": {"used": {"value": true, "score": 0.9996975660324097}, "created": {"value": true, "score": 0.9984082579612732}, "shared": {"value": false, "score": 2.205371856689453e-06}}}, {"type": "software", "software-type": "software", "wikidataId": "Q54871", "wikipediaExternalRef": 2574343, "lang": "en", "confidence": 0.9098, "software-name": {"rawForm": "SPARQL", "normalizedForm": "SPARQL", "wikidataId": "Q54871", "wikipediaExternalRef": 2574343, "lang": "en", "confidence": 0.9098, "offsetStart": 11, "offsetEnd": 17}, "context": "Listing 5: SPARQL query to retrieve Fabien Gandon's coauthors from HAL", "mentionContextAttributes": {"used": {"value": true, "score": 0.9975870847702026}, "created": {"value": false, "score": 9.59634780883789e-06}, "shared": {"value": false, "score": 1.7881393432617188e-07}}, "documentContextAttributes": {"used": {"value": true, "score": 0.9996975660324097}, "created": {"value": true, "score": 0.9984082579612732}, "shared": {"value": true, "score": 0.9889010787010193}}}, {"type": "software", "software-type": "software", "wikidataId": "Q54871", "wikipediaExternalRef": 2574343, "lang": "en", "confidence": 0.9098, "software-name": {"rawForm": "SPARQL", "normalizedForm": "SPARQL", "wikidataId": "Q54871", "wikipediaExternalRef": 2574343, "lang": "en", "confidence": 0.9098, "offsetStart": 11, "offsetEnd": 17}, "context": "We use the SPARQL query in Listing 5 to retrieve the co-authorship network of Fabien Gandon from HAL, which results in 4680 triples.", "mentionContextAttributes": {"used": {"value": true, "score": 0.998165488243103}, "created": {"value": false, "score": 6.973743438720703e-06}, "shared": {"value": false, "score": 1.7881393432617188e-07}}, "documentContextAttributes": {"used": {"value": true, "score": 0.9996975660324097}, "created": {"value": true, "score": 0.9984082579612732}, "shared": {"value": true, "score": 0.9889010787010193}}}, {"type": "software", "software-type": "software", "software-name": {"rawForm": "LDViz", "normalizedForm": "LDViz", "offsetStart": 13, "offsetEnd": 18}, "context": "We developed LDViz using web technologies and made it available at (omitted for blind review), ensuring accessibility by anyone.", "mentionContextAttributes": {"used": {"value": false, "score": 9.363889694213867e-05}, "created": {"value": true, "score": 0.9867070317268372}, "shared": {"value": false, "score": 0.06444203853607178}}, "documentContextAttributes": {"used": {"value": true, "score": 0.9980013966560364}, "created": {"value": true, "score": 0.9998593330383301}, "shared": {"value": false, "score": 0.06444203853607178}}}, {"type": "software", "software-type": "software", "software-name": {"rawForm": "LDViz", "normalizedForm": "LDViz", "offsetStart": 13, "offsetEnd": 18}, "context": "Furthermore, LDViz includes an interface where users without SPARQL knowledge can explore the result sets of predefined queries. ", "mentionContextAttributes": {"used": {"value": false, "score": 2.3305416107177734e-05}, "created": {"value": false, "score": 0.0005739927291870117}, "shared": {"value": false, "score": 2.980232238769531e-07}}, "documentContextAttributes": {"used": {"value": true, "score": 0.9980013966560364}, "created": {"value": true, "score": 0.9998593330383301}, "shared": {"value": false, "score": 0.06444203853607178}}}, {"type": "software", "software-type": "software", "wikidataId": "Q54871", "wikipediaExternalRef": 2574343, "lang": "en", "confidence": 0.9098, "software-name": {"rawForm": "SPARQL", "normalizedForm": "SPARQL", "wikidataId": "Q54871", "wikipediaExternalRef": 2574343, "lang": "en", "confidence": 0.9098, "offsetStart": 14, "offsetEnd": 20}, "context": "When creating SPARQL queries, a great deal of time and effort is spent in testing and debugging to ensure that the resulting data is sufficient to accomplish the task at hand.", "mentionContextAttributes": {"used": {"value": false, "score": 0.0008428692817687988}, "created": {"value": false, "score": 0.3574157953262329}, "shared": {"value": false, "score": 2.980232238769531e-07}}, "documentContextAttributes": {"used": {"value": true, "score": 0.9996975660324097}, "created": {"value": true, "score": 0.9984082579612732}, "shared": {"value": true, "score": 0.9889010787010193}}}, {"type": "software", "software-type": "software", "software-name": {"rawForm": "LDViz", "normalizedForm": "LDViz", "offsetStart": 18, "offsetEnd": 23}, "context": "The generality of LDViz relies on the fact that users can query any SPARQL endpoint as long as it can return result sets in a JSON format. ", "mentionContextAttributes": {"used": {"value": false, "score": 0.00015163421630859375}, "created": {"value": false, "score": 1.4007091522216797e-05}, "shared": {"value": false, "score": 8.940696716308594e-07}}, "documentContextAttributes": {"used": {"value": true, "score": 0.9980013966560364}, "created": {"value": true, "score": 0.9998593330383301}, "shared": {"value": false, "score": 0.06444203853607178}}}, {"type": "software", "software-type": "software", "wikidataId": "Q54871", "wikipediaExternalRef": 2574343, "lang": "en", "confidence": 0.9098, "software-name": {"rawForm": "SPARQL", "normalizedForm": "SPARQL", "wikidataId": "Q54871", "wikipediaExternalRef": 2574343, "lang": "en", "confidence": 0.9098, "offsetStart": 18, "offsetEnd": 24}, "context": "a2 ) } Listing 4: SPARQL query to retrieve Robert Redford's costars from DBpedia Here we show how LDViz enables RDF graph mining for exploring data describing a phenomenon of interest: network relationship of people.", "mentionContextAttributes": {"used": {"value": false, "score": 0.00129014253616333}, "created": {"value": false, "score": 0.0017699003219604492}, "shared": {"value": false, "score": 2.980232238769531e-07}}, "documentContextAttributes": {"used": {"value": true, "score": 0.9996975660324097}, "created": {"value": true, "score": 0.9984082579612732}, "shared": {"value": true, "score": 0.9889010787010193}}}, {"type": "software", "software-type": "software", "software-name": {"rawForm": "LDViz", "normalizedForm": "LDViz", "offsetStart": 19, "offsetEnd": 24}, "context": "We demonstrate how LDViz supports access to any SPARQL endpoint through multiple use cases, allowing the users to perform searches with SPARQL queries and visualize the results using multiple visualization techniques.", "mentionContextAttributes": {"used": {"value": false, "score": 0.12678277492523193}, "created": {"value": false, "score": 0.017366349697113037}, "shared": {"value": false, "score": 7.748603820800781e-07}}, "documentContextAttributes": {"used": {"value": true, "score": 0.9980013966560364}, "created": {"value": true, "score": 0.9998593330383301}, "shared": {"value": false, "score": 0.06444203853607178}}}, {"type": "software", "software-type": "software", "wikidataId": "Q54871", "wikipediaExternalRef": 2574343, "lang": "en", "confidence": 0.9098, "software-name": {"rawForm": "SPARQL", "normalizedForm": "SPARQL", "wikidataId": "Q54871", "wikipediaExternalRef": 2574343, "lang": "en", "confidence": 0.9098, "offsetStart": 19, "offsetEnd": 25}, "context": "The result of this SPARQL query will be used to build a visualization of the social network of actors co-starring in films.", "mentionContextAttributes": {"used": {"value": false, "score": 0.00153273344039917}, "created": {"value": false, "score": 0.003068089485168457}, "shared": {"value": false, "score": 2.980232238769531e-07}}, "documentContextAttributes": {"used": {"value": true, "score": 0.9996975660324097}, "created": {"value": true, "score": 0.9984082579612732}, "shared": {"value": true, "score": 0.9889010787010193}}}, {"type": "software", "software-type": "software", "software-name": {"rawForm": "MGExplorer", "normalizedForm": "MGExplorer", "offsetStart": 19, "offsetEnd": 41}, "context": "This is handled by MGExplorer (Cava, 2017), a visualization interface to explore multidimensional network data.", "mentionContextAttributes": {"used": {"value": false, "score": 0.01888251304626465}, "created": {"value": false, "score": 0.00041669607162475586}, "shared": {"value": false, "score": 2.980232238769531e-07}}, "documentContextAttributes": {"used": {"value": true, "score": 0.9996975660324097}, "created": {"value": true, "score": 0.9984082579612732}, "shared": {"value": false, "score": 2.205371856689453e-06}}}, {"type": "software", "software-type": "software", "software-name": {"rawForm": "MGExplorer", "normalizedForm": "MGExplorer", "offsetStart": 23, "offsetEnd": 33}, "context": "From SPARQL Results to MGExplorer Data Model. ", "mentionContextAttributes": {"used": {"value": true, "score": 0.9996975660324097}, "created": {"value": false, "score": 6.020069122314453e-06}, "shared": {"value": false, "score": 1.7881393432617188e-07}}, "documentContextAttributes": {"used": {"value": true, "score": 0.9996975660324097}, "created": {"value": true, "score": 0.9984082579612732}, "shared": {"value": false, "score": 2.205371856689453e-06}}}, {"type": "software", "software-type": "software", "wikidataId": "Q54871", "wikipediaExternalRef": 2574343, "lang": "en", "confidence": 0.9098, "software-name": {"rawForm": "SPARQL", "normalizedForm": "SPARQL", "wikidataId": "Q54871", "wikipediaExternalRef": 2574343, "lang": "en", "confidence": 0.9098, "offsetStart": 24, "offsetEnd": 30}, "context": "The system receives the SPARQL JSON results set, which undergoes a transformation process to extract an attributed graph, encoded in the JSON format, that will serve as input data to MGExplorer.", "mentionContextAttributes": {"used": {"value": false, "score": 0.32411491870880127}, "created": {"value": false, "score": 5.549192428588867e-05}, "shared": {"value": false, "score": 2.980232238769531e-07}}, "documentContextAttributes": {"used": {"value": true, "score": 0.9996975660324097}, "created": {"value": true, "score": 0.9984082579612732}, "shared": {"value": true, "score": 0.9889010787010193}}}, {"type": "software", "software-type": "software", "wikidataId": "Q54871", "wikipediaExternalRef": 2574343, "lang": "en", "confidence": 0.9098, "software-name": {"rawForm": "SPARQL", "normalizedForm": "SPARQL", "wikidataId": "Q54871", "wikipediaExternalRef": 2574343, "lang": "en", "confidence": 0.9098, "offsetStart": 26, "offsetEnd": 32}, "context": "It provides access to any SPARQL endpoint by allowing users to perform searches with SPARQL queries and visualize the results via multiple visualization techniques.", "mentionContextAttributes": {"used": {"value": false, "score": 4.488229751586914e-05}, "created": {"value": false, "score": 0.0001971721649169922}, "shared": {"value": false, "score": 6.556510925292969e-07}}, "documentContextAttributes": {"used": {"value": true, "score": 0.9996975660324097}, "created": {"value": true, "score": 0.9984082579612732}, "shared": {"value": true, "score": 0.9889010787010193}}}, {"type": "software", "software-type": "software", "wikidataId": "Q54871", "wikipediaExternalRef": 2574343, "lang": "en", "confidence": 0.9098, "software-name": {"rawForm": "SPARQL", "normalizedForm": "SPARQL", "wikidataId": "Q54871", "wikipediaExternalRef": 2574343, "lang": "en", "confidence": 0.9098, "offsetStart": 27, "offsetEnd": 33}, "context": "Data import is handled via SPARQL queries.", "mentionContextAttributes": {"used": {"value": false, "score": 0.2561453580856323}, "created": {"value": false, "score": 9.47713851928711e-06}, "shared": {"value": false, "score": 2.980232238769531e-07}}, "documentContextAttributes": {"used": {"value": true, "score": 0.9996975660324097}, "created": {"value": true, "score": 0.9984082579612732}, "shared": {"value": true, "score": 0.9889010787010193}}}, {"type": "software", "software-type": "software", "software-name": {"rawForm": "LDViz", "normalizedForm": "LDViz", "offsetStart": 29, "offsetEnd": 34}, "context": "The transformation engine of LDViz consists of a converter module from SPARQL JSON results to the MGExplorer data model and a set of algorithms (i.e., mappers) that process subsets of data defined during the exploratory process via visual querying operations and map the resulting data to a particular visualization technique, also interactively chosen by the user.", "mentionContextAttributes": {"used": {"value": false, "score": 0.019496142864227295}, "created": {"value": false, "score": 0.003418862819671631}, "shared": {"value": false, "score": 1.3709068298339844e-06}}, "documentContextAttributes": {"used": {"value": true, "score": 0.9980013966560364}, "created": {"value": true, "score": 0.9998593330383301}, "shared": {"value": false, "score": 0.06444203853607178}}}, {"type": "software", "software-type": "software", "wikidataId": "Q54871", "wikipediaExternalRef": 2574343, "lang": "en", "confidence": 0.9098, "software-name": {"rawForm": "SPARQL", "normalizedForm": "SPARQL", "wikidataId": "Q54871", "wikipediaExternalRef": 2574343, "lang": "en", "confidence": 0.9098, "offsetStart": 33, "offsetEnd": 39}, "context": "Listing 4 illustrates an example SPARQL query supported by LDViz.", "mentionContextAttributes": {"used": {"value": true, "score": 0.6882486939430237}, "created": {"value": false, "score": 4.112720489501953e-06}, "shared": {"value": false, "score": 1.7881393432617188e-07}}, "documentContextAttributes": {"used": {"value": true, "score": 0.9996975660324097}, "created": {"value": true, "score": 0.9984082579612732}, "shared": {"value": true, "score": 0.9889010787010193}}}, {"type": "software", "software-type": "software", "wikidataId": "Q54871", "wikipediaExternalRef": 2574343, "lang": "en", "confidence": 0.9098, "software-name": {"rawForm": "SPARQL", "normalizedForm": "SPARQL", "wikidataId": "Q54871", "wikipediaExternalRef": 2574343, "lang": "en", "confidence": 0.9098, "offsetStart": 37, "offsetEnd": 43}, "context": "This visualization tool integrates a SPARQL query management interface, a data transformation engine, and a visualization interface to support the automatic visualization of data extracted from any SPARQL endpoint.", "mentionContextAttributes": {"used": {"value": false, "score": 0.00010114908218383789}, "created": {"value": false, "score": 0.007470965385437012}, "shared": {"value": false, "score": 6.556510925292969e-07}}, "documentContextAttributes": {"used": {"value": true, "score": 0.9996975660324097}, "created": {"value": true, "score": 0.9984082579612732}, "shared": {"value": true, "score": 0.9889010787010193}}}, {"type": "software", "software-type": "software", "software-name": {"rawForm": "MGExplorer", "normalizedForm": "MGExplorer", "offsetStart": 38, "offsetEnd": 48}, "context": "We support exploration search via the MGExplorer, a visualization tool for progressively exploring multidimensional network data via multiple complementary views. ", "mentionContextAttributes": {"used": {"value": false, "score": 7.37309455871582e-05}, "created": {"value": true, "score": 0.9924173355102539}, "shared": {"value": false, "score": 4.172325134277344e-07}}, "documentContextAttributes": {"used": {"value": true, "score": 0.9996975660324097}, "created": {"value": true, "score": 0.9984082579612732}, "shared": {"value": false, "score": 2.205371856689453e-06}}}, {"type": "software", "software-type": "software", "software-name": {"rawForm": "Corese browser", "normalizedForm": "Corese browser", "offsetStart": 40, "offsetEnd": 54}, "context": "The resources can be explored using the Corese browser (Fig. 5c) or any other service enabled in the GSS.", "mentionContextAttributes": {"used": {"value": false, "score": 0.15651142597198486}, "created": {"value": false, "score": 0.0009974837303161621}, "shared": {"value": false, "score": 5.364418029785156e-07}}, "documentContextAttributes": {"used": {"value": false, "score": 0.15651142597198486}, "created": {"value": false, "score": 0.0013085603713989258}, "shared": {"value": false, "score": 5.882978439331055e-05}}}, {"type": "software", "software-type": "software", "software-name": {"rawForm": "Linked Data Visualizer (LDViz)", "normalizedForm": "Linked Data Visualizer (LDViz)", "offsetStart": 40, "offsetEnd": 70}, "context": "As a proof of concept, we developed the Linked Data Visualizer (LDViz). ", "mentionContextAttributes": {"used": {"value": false, "score": 7.337331771850586e-05}, "created": {"value": true, "score": 0.999889075756073}, "shared": {"value": false, "score": 2.980232238769531e-07}}, "documentContextAttributes": {"used": {"value": false, "score": 7.337331771850586e-05}, "created": {"value": true, "score": 0.999889075756073}, "shared": {"value": false, "score": 2.980232238769531e-07}}}, {"type": "software", "software-type": "software", "wikidataId": "Q54871", "wikipediaExternalRef": 2574343, "lang": "en", "confidence": 0.9098, "software-name": {"rawForm": "SPARQL", "normalizedForm": "SPARQL", "wikidataId": "Q54871", "wikipediaExternalRef": 2574343, "lang": "en", "confidence": 0.9098, "offsetStart": 41, "offsetEnd": 47}, "context": "The interface expects an address for the SPARQL endpoint of the targeted RDF dataset, a name for the SPARQL query (optional), and the query code itself.", "mentionContextAttributes": {"used": {"value": false, "score": 0.004274904727935791}, "created": {"value": false, "score": 0.00037282705307006836}, "shared": {"value": false, "score": 2.980232238769531e-07}}, "documentContextAttributes": {"used": {"value": true, "score": 0.9996975660324097}, "created": {"value": true, "score": 0.9984082579612732}, "shared": {"value": true, "score": 0.9889010787010193}}}, {"type": "software", "software-type": "software", "software-name": {"rawForm": "LDViz", "normalizedForm": "LDViz", "offsetStart": 47, "offsetEnd": 52}, "context": "We implemented the pipeline as a generic tool, LDViz, for exploring and understanding the Semantic Web of LOD. ", "mentionContextAttributes": {"used": {"value": false, "score": 7.134675979614258e-05}, "created": {"value": true, "score": 0.9998593330383301}, "shared": {"value": false, "score": 2.980232238769531e-07}}, "documentContextAttributes": {"used": {"value": true, "score": 0.9980013966560364}, "created": {"value": true, "score": 0.9998593330383301}, "shared": {"value": false, "score": 0.06444203853607178}}}, {"type": "software", "software-type": "software", "wikidataId": "Q54871", "wikipediaExternalRef": 2574343, "lang": "en", "confidence": 0.9098, "software-name": {"rawForm": "SPARQL", "normalizedForm": "SPARQL", "wikidataId": "Q54871", "wikipediaExternalRef": 2574343, "lang": "en", "confidence": 0.9098, "offsetStart": 47, "offsetEnd": 53}, "context": "Thus, we generate four visualizations with the SPARQL queries in Listing 2, which, although they are applied to DBpedia, are generic enough to retrieve information from any SPARQL endpoint.", "mentionContextAttributes": {"used": {"value": true, "score": 0.9124135971069336}, "created": {"value": false, "score": 5.21540641784668e-05}, "shared": {"value": false, "score": 1.7881393432617188e-07}}, "documentContextAttributes": {"used": {"value": true, "score": 0.9996975660324097}, "created": {"value": true, "score": 0.9984082579612732}, "shared": {"value": true, "score": 0.9889010787010193}}}, {"type": "software", "software-type": "software", "wikidataId": "Q54871", "wikipediaExternalRef": 2574343, "lang": "en", "confidence": 0.9098, "software-name": {"rawForm": "SPARQL", "normalizedForm": "SPARQL", "wikidataId": "Q54871", "wikipediaExternalRef": 2574343, "lang": "en", "confidence": 0.9098, "offsetStart": 48, "offsetEnd": 54}, "context": "We demonstrate how LDViz supports access to any SPARQL endpoint through multiple use cases, allowing the users to perform searches with SPARQL queries and visualize the results using multiple visualization techniques.", "mentionContextAttributes": {"used": {"value": false, "score": 0.12678277492523193}, "created": {"value": false, "score": 0.017366349697113037}, "shared": {"value": false, "score": 7.748603820800781e-07}}, "documentContextAttributes": {"used": {"value": true, "score": 0.9996975660324097}, "created": {"value": true, "score": 0.9984082579612732}, "shared": {"value": true, "score": 0.9889010787010193}}}, {"type": "software", "software-type": "software", "software-name": {"rawForm": "MGExplorer", "normalizedForm": "MGExplorer", "offsetStart": 52, "offsetEnd": 82}, "context": "In our approach, data visualization is provided via MGExplorer (Menin et al., 2021), a tool that assists the exploration of multidimensional and multivariate graphs. ", "mentionContextAttributes": {"used": {"value": false, "score": 5.072355270385742e-05}, "created": {"value": true, "score": 0.9160999059677124}, "shared": {"value": false, "score": 8.940696716308594e-07}}, "documentContextAttributes": {"used": {"value": true, "score": 0.9996975660324097}, "created": {"value": true, "score": 0.9984082579612732}, "shared": {"value": false, "score": 2.205371856689453e-06}}}, {"type": "software", "software-type": "software", "wikidataId": "Q54871", "wikipediaExternalRef": 2574343, "lang": "en", "confidence": 0.9098, "software-name": {"rawForm": "SPARQL", "normalizedForm": "SPARQL", "wikidataId": "Q54871", "wikipediaExternalRef": 2574343, "lang": "en", "confidence": 0.9098, "offsetStart": 53, "offsetEnd": 59}, "context": "Listing 1: Example of (a) GSS and (b) its usage in a SPARQL query", "mentionContextAttributes": {"used": {"value": true, "score": 0.8594357967376709}, "created": {"value": false, "score": 9.000301361083984e-06}, "shared": {"value": false, "score": 2.980232238769531e-07}}, "documentContextAttributes": {"used": {"value": true, "score": 0.9996975660324097}, "created": {"value": true, "score": 0.9984082579612732}, "shared": {"value": true, "score": 0.9889010787010193}}}, {"type": "software", "software-type": "software", "software-name": {"rawForm": "LDViz", "normalizedForm": "LDViz", "offsetStart": 56, "offsetEnd": 61}, "context": "In this section, we present the Linked Data Visualizer (LDViz), an implementation of the proposed generic visualization pipeline for LOD datasets based on web technologies, i.e., JavaScript, the D3 (Data-Driven Documents) library to create visualizations, and the nodejs library to manage the linked data access server that handles data retrieval through SPARQL queries. ", "mentionContextAttributes": {"used": {"value": false, "score": 0.00041490793228149414}, "created": {"value": true, "score": 0.8620004057884216}, "shared": {"value": false, "score": 7.569789886474609e-06}}, "documentContextAttributes": {"used": {"value": true, "score": 0.9980013966560364}, "created": {"value": true, "score": 0.9998593330383301}, "shared": {"value": false, "score": 0.06444203853607178}}}, {"type": "software", "software-type": "software", "wikidataId": "Q54871", "wikipediaExternalRef": 2574343, "lang": "en", "confidence": 0.9098, "software-name": {"rawForm": "SPARQL", "normalizedForm": "SPARQL", "wikidataId": "Q54871", "wikipediaExternalRef": 2574343, "lang": "en", "confidence": 0.9098, "offsetStart": 57, "offsetEnd": 63}, "context": "Visual mapping occurs in three ways: by transforming the SPARQL results set in a suitable format for visualization, by mapping the data variables to the visual variables of each technique, and by allowing users to tune certain variables, e.g., by defining colors to represent them.", "mentionContextAttributes": {"used": {"value": false, "score": 0.000335693359375}, "created": {"value": false, "score": 0.0001456737518310547}, "shared": {"value": false, "score": 2.980232238769531e-07}}, "documentContextAttributes": {"used": {"value": true, "score": 0.9996975660324097}, "created": {"value": true, "score": 0.9984082579612732}, "shared": {"value": true, "score": 0.9889010787010193}}}, {"type": "software", "software-type": "software", "wikidataId": "Q54871", "wikipediaExternalRef": 2574343, "lang": "en", "confidence": 0.9098, "software-name": {"rawForm": "SPARQL", "normalizedForm": "SPARQL", "wikidataId": "Q54871", "wikipediaExternalRef": 2574343, "lang": "en", "confidence": 0.9098, "offsetStart": 58, "offsetEnd": 64}, "context": "Likewise, Graziosi et al. (2018) provides a user-friendly SPARQL query builder to support nonprogrammers users in extracting data from the Web and exploring it through a node-link diagram. ", "mentionContextAttributes": {"used": {"value": false, "score": 2.2232532501220703e-05}, "created": {"value": false, "score": 0.0051438212394714355}, "shared": {"value": false, "score": 4.589557647705078e-06}}, "documentContextAttributes": {"used": {"value": true, "score": 0.9996975660324097}, "created": {"value": true, "score": 0.9984082579612732}, "shared": {"value": true, "score": 0.9889010787010193}}}, {"type": "software", "software-type": "software", "software-name": {"rawForm": "LDViz", "normalizedForm": "LDViz", "offsetStart": 59, "offsetEnd": 64}, "context": "Listing 4 illustrates an example SPARQL query supported by LDViz. ", "mentionContextAttributes": {"used": {"value": true, "score": 0.6882486939430237}, "created": {"value": false, "score": 4.112720489501953e-06}, "shared": {"value": false, "score": 1.7881393432617188e-07}}, "documentContextAttributes": {"used": {"value": true, "score": 0.9980013966560364}, "created": {"value": true, "score": 0.9998593330383301}, "shared": {"value": false, "score": 0.06444203853607178}}}, {"type": "software", "software-type": "software", "wikidataId": "Q54871", "wikipediaExternalRef": 2574343, "lang": "en", "confidence": 0.9098, "software-name": {"rawForm": "SPARQL", "normalizedForm": "SPARQL", "wikidataId": "Q54871", "wikipediaExternalRef": 2574343, "lang": "en", "confidence": 0.9098, "offsetStart": 61, "offsetEnd": 67}, "context": "Furthermore, LDViz includes an interface where users without SPARQL knowledge can explore the result sets of predefined queries.", "mentionContextAttributes": {"used": {"value": false, "score": 2.3305416107177734e-05}, "created": {"value": false, "score": 0.0005739927291870117}, "shared": {"value": false, "score": 2.980232238769531e-07}}, "documentContextAttributes": {"used": {"value": true, "score": 0.9996975660324097}, "created": {"value": true, "score": 0.9984082579612732}, "shared": {"value": true, "score": 0.9889010787010193}}}, {"type": "software", "software-type": "software", "wikidataId": "Q54871", "wikipediaExternalRef": 2574343, "lang": "en", "confidence": 0.9098, "software-name": {"rawForm": "SPARQL", "normalizedForm": "SPARQL", "wikidataId": "Q54871", "wikipediaExternalRef": 2574343, "lang": "en", "confidence": 0.9098, "offsetStart": 62, "offsetEnd": 68}, "context": "Action buttons at the bottom (Fig. 2d) allow to visualize the SPARQL query results using MGExplorer or export them as a JSON file.", "mentionContextAttributes": {"used": {"value": false, "score": 0.07004034519195557}, "created": {"value": false, "score": 7.450580596923828e-06}, "shared": {"value": false, "score": 2.980232238769531e-07}}, "documentContextAttributes": {"used": {"value": true, "score": 0.9996975660324097}, "created": {"value": true, "score": 0.9984082579612732}, "shared": {"value": true, "score": 0.9889010787010193}}}, {"type": "software", "software-type": "software", "wikidataId": "Q54871", "wikipediaExternalRef": 2574343, "lang": "en", "confidence": 0.9098, "software-name": {"rawForm": "SPARQL", "normalizedForm": "SPARQL", "wikidataId": "Q54871", "wikipediaExternalRef": 2574343, "lang": "en", "confidence": 0.9098, "offsetStart": 62, "offsetEnd": 68}, "context": "LDViz allows the definition of custom subsets of RDF data via SPARQL queries, which enables different ways of data exploration, such as: (i) inspecting and debugging the RDF graph and its ontology, (ii) exploring smaller RDF datasets via summarization to enable task resolution more efficiently by extracting meaningful information from data, and (iii) exploring graph mining result sets.", "mentionContextAttributes": {"used": {"value": false, "score": 0.00011521577835083008}, "created": {"value": false, "score": 0.03299093246459961}, "shared": {"value": false, "score": 1.7285346984863281e-06}}, "documentContextAttributes": {"used": {"value": true, "score": 0.9996975660324097}, "created": {"value": true, "score": 0.9984082579612732}, "shared": {"value": true, "score": 0.9889010787010193}}}, {"type": "software", "software-type": "software", "wikidataId": "Q54871", "wikipediaExternalRef": 2574343, "lang": "en", "confidence": 0.9098, "software-name": {"rawForm": "SPARQL", "normalizedForm": "SPARQL", "wikidataId": "Q54871", "wikipediaExternalRef": 2574343, "lang": "en", "confidence": 0.9098, "offsetStart": 67, "offsetEnd": 73}, "context": "Data can be extracted from endpoints via querying interfaces using SPARQL templates or SPARQL query builders to create SPARQL queries interactively or via online published RDF.", "mentionContextAttributes": {"used": {"value": false, "score": 0.019468188285827637}, "created": {"value": false, "score": 0.00011640787124633789}, "shared": {"value": false, "score": 2.980232238769531e-07}}, "documentContextAttributes": {"used": {"value": true, "score": 0.9996975660324097}, "created": {"value": true, "score": 0.9984082579612732}, "shared": {"value": true, "score": 0.9889010787010193}}}, {"type": "software", "software-type": "software", "wikidataId": "Q54871", "wikipediaExternalRef": 2574343, "lang": "en", "confidence": 0.9098, "software-name": {"rawForm": "SPARQL", "normalizedForm": "SPARQL", "wikidataId": "Q54871", "wikipediaExternalRef": 2574343, "lang": "en", "confidence": 0.9098, "offsetStart": 68, "offsetEnd": 74}, "context": "We show how our implementation allows any expert user to access the SPARQL endpoint of their choice, perform searches with SPARQL queries, and visualize the results via a visualization interface, MGExplorer, designed to assist the exploration of any multivariate network.", "mentionContextAttributes": {"used": {"value": false, "score": 3.129243850708008e-05}, "created": {"value": true, "score": 0.9984082579612732}, "shared": {"value": false, "score": 1.3709068298339844e-06}}, "documentContextAttributes": {"used": {"value": true, "score": 0.9996975660324097}, "created": {"value": true, "score": 0.9984082579612732}, "shared": {"value": true, "score": 0.9889010787010193}}}, {"type": "software", "software-type": "software", "wikidataId": "Q54871", "wikipediaExternalRef": 2574343, "lang": "en", "confidence": 0.9098, "software-name": {"rawForm": "SPARQL", "normalizedForm": "SPARQL", "wikidataId": "Q54871", "wikipediaExternalRef": 2574343, "lang": "en", "confidence": 0.9098, "offsetStart": 68, "offsetEnd": 74}, "context": "The generality of LDViz relies on the fact that users can query any SPARQL endpoint as long as it can return result sets in a JSON format.", "mentionContextAttributes": {"used": {"value": false, "score": 0.00015163421630859375}, "created": {"value": false, "score": 1.4007091522216797e-05}, "shared": {"value": false, "score": 8.940696716308594e-07}}, "documentContextAttributes": {"used": {"value": true, "score": 0.9996975660324097}, "created": {"value": true, "score": 0.9984082579612732}, "shared": {"value": true, "score": 0.9889010787010193}}}, {"type": "software", "software-type": "software", "software-name": {"rawForm": "MGExplorer", "normalizedForm": "MGExplorer", "offsetStart": 68, "offsetEnd": 78}, "context": "Table 2 summarizes the set of visualization techniques available in MGExplorer. ", "mentionContextAttributes": {"used": {"value": false, "score": 0.0021549463272094727}, "created": {"value": false, "score": 3.7610530853271484e-05}, "shared": {"value": false, "score": 1.7881393432617188e-07}}, "documentContextAttributes": {"used": {"value": true, "score": 0.9996975660324097}, "created": {"value": true, "score": 0.9984082579612732}, "shared": {"value": false, "score": 2.205371856689453e-06}}}, {"type": "software", "software-type": "software", "wikidataId": "Q54871", "wikipediaExternalRef": 2574343, "lang": "en", "confidence": 0.9098, "software-name": {"rawForm": "SPARQL", "normalizedForm": "SPARQL", "wikidataId": "Q54871", "wikipediaExternalRef": 2574343, "lang": "en", "confidence": 0.9098, "offsetStart": 69, "offsetEnd": 75}, "context": "The data model corresponds to a custom graph model defined through a SPARQL query, which uses arbitrary query patterns on RDF graphs to generate the edges ?s ?p ?o of the graph one wants to visualize, where ?s and ?o represent the nodes of the graph and ?p corresponds to labeled edges between them.", "mentionContextAttributes": {"used": {"value": false, "score": 0.07473534345626831}, "created": {"value": false, "score": 0.0002033710479736328}, "shared": {"value": false, "score": 1.3709068298339844e-06}}, "documentContextAttributes": {"used": {"value": true, "score": 0.9996975660324097}, "created": {"value": true, "score": 0.9984082579612732}, "shared": {"value": true, "score": 0.9889010787010193}}}, {"type": "software", "software-type": "software", "wikidataId": "Q54871", "wikipediaExternalRef": 2574343, "lang": "en", "confidence": 0.9098, "software-name": {"rawForm": "SPARQL", "normalizedForm": "SPARQL", "wikidataId": "Q54871", "wikipediaExternalRef": 2574343, "lang": "en", "confidence": 0.9098, "offsetStart": 70, "offsetEnd": 76}, "context": "We provide an interactive interface where the user can test and debug SPARQL queries or import predefined queries, which they may modify at will.", "mentionContextAttributes": {"used": {"value": false, "score": 5.620718002319336e-05}, "created": {"value": true, "score": 0.5331684947013855}, "shared": {"value": false, "score": 3.993511199951172e-06}}, "documentContextAttributes": {"used": {"value": true, "score": 0.9996975660324097}, "created": {"value": true, "score": 0.9984082579612732}, "shared": {"value": true, "score": 0.9889010787010193}}}, {"type": "software", "software-type": "software", "wikidataId": "Q54871", "wikipediaExternalRef": 2574343, "lang": "en", "confidence": 0.9098, "software-name": {"rawForm": "SPARQL", "normalizedForm": "SPARQL", "wikidataId": "Q54871", "wikipediaExternalRef": 2574343, "lang": "en", "confidence": 0.9098, "offsetStart": 70, "offsetEnd": 76}, "context": "Data transformation occurs in three moments: at the definition of the SPARQL query, which determines the information to be retrieved from the SPARQL endpoint; at the transformation engine, where the SPARQL results sets are cleaned and transformed into a suitable data model for the visualization; and when the user filters the input dataset in one view to explore it in another, which requires reshap-ing the data to fit the visualization technique.", "mentionContextAttributes": {"used": {"value": false, "score": 0.08510768413543701}, "created": {"value": false, "score": 2.8431415557861328e-05}, "shared": {"value": false, "score": 1.7285346984863281e-06}}, "documentContextAttributes": {"used": {"value": true, "score": 0.9996975660324097}, "created": {"value": true, "score": 0.9984082579612732}, "shared": {"value": true, "score": 0.9889010787010193}}}, {"type": "software", "software-type": "software", "wikidataId": "Q54871", "wikipediaExternalRef": 2574343, "lang": "en", "confidence": 0.9098, "software-name": {"rawForm": "SPARQL", "normalizedForm": "SPARQL", "wikidataId": "Q54871", "wikipediaExternalRef": 2574343, "lang": "en", "confidence": 0.9098, "offsetStart": 71, "offsetEnd": 77}, "context": "The query management interface (Fig. 2) allows users to test and debug SPARQL queries or import predefined ones, which they can edit or clone according to their needs.", "mentionContextAttributes": {"used": {"value": false, "score": 0.00016117095947265625}, "created": {"value": false, "score": 0.00021195411682128906}, "shared": {"value": false, "score": 1.8477439880371094e-06}}, "documentContextAttributes": {"used": {"value": true, "score": 0.9996975660324097}, "created": {"value": true, "score": 0.9984082579612732}, "shared": {"value": true, "score": 0.9889010787010193}}}, {"type": "software", "software-type": "software", "wikidataId": "Q54871", "wikipediaExternalRef": 2574343, "lang": "en", "confidence": 0.9098, "software-name": {"rawForm": "SPARQL", "normalizedForm": "SPARQL", "wikidataId": "Q54871", "wikipediaExternalRef": 2574343, "lang": "en", "confidence": 0.9098, "offsetStart": 71, "offsetEnd": 77}, "context": "The transformation engine of LDViz consists of a converter module from SPARQL JSON results to the MGExplorer data model and a set of algorithms (i.e., mappers) that process subsets of data defined during the exploratory process via visual querying operations and map the resulting data to a particular visualization technique, also interactively chosen by the user.", "mentionContextAttributes": {"used": {"value": false, "score": 0.019496142864227295}, "created": {"value": false, "score": 0.003418862819671631}, "shared": {"value": false, "score": 1.3709068298339844e-06}}, "documentContextAttributes": {"used": {"value": true, "score": 0.9996975660324097}, "created": {"value": true, "score": 0.9984082579612732}, "shared": {"value": true, "score": 0.9889010787010193}}}, {"type": "software", "software-type": "software", "wikidataId": "Q54871", "wikipediaExternalRef": 2574343, "lang": "en", "confidence": 0.9098, "software-name": {"rawForm": "SPARQL", "normalizedForm": "SPARQL", "wikidataId": "Q54871", "wikipediaExternalRef": 2574343, "lang": "en", "confidence": 0.9098, "offsetStart": 72, "offsetEnd": 78}, "context": "The mapping can be performed as part of the query setup (by associating SPARQL query variables to visual variables) or interactively on the user interface.", "mentionContextAttributes": {"used": {"value": false, "score": 0.0022575855255126953}, "created": {"value": false, "score": 0.00014162063598632812}, "shared": {"value": false, "score": 4.172325134277344e-07}}, "documentContextAttributes": {"used": {"value": true, "score": 0.9996975660324097}, "created": {"value": true, "score": 0.9984082579612732}, "shared": {"value": true, "score": 0.9889010787010193}}}, {"type": "software", "software-type": "software", "wikidataId": "Q54871", "wikipediaExternalRef": 2574343, "lang": "en", "confidence": 0.9098, "software-name": {"rawForm": "SPARQL", "normalizedForm": "SPARQL", "wikidataId": "Q54871", "wikipediaExternalRef": 2574343, "lang": "en", "confidence": 0.9098, "offsetStart": 72, "offsetEnd": 78}, "context": "If the variable ?type is bound to more than four distinct values in the SPARQL query result, the system automatically determines the three more relevant ones based on the number of bindings and considers the remaining values as the \"Other\" category.", "mentionContextAttributes": {"used": {"value": false, "score": 0.10919177532196045}, "created": {"value": false, "score": 1.4483928680419922e-05}, "shared": {"value": false, "score": 4.172325134277344e-07}}, "documentContextAttributes": {"used": {"value": true, "score": 0.9996975660324097}, "created": {"value": true, "score": 0.9984082579612732}, "shared": {"value": true, "score": 0.9889010787010193}}}, {"type": "software", "software-type": "software", "software-name": {"rawForm": "MGExplorer", "normalizedForm": "MGExplorer", "offsetStart": 78, "offsetEnd": 88}, "context": "We are grateful to Ricardo A. Cava, who provided us with the first version of MGExplorer, which was developed as part of his Ph.D. thesis at the Federal University of Rio Grande do Sul. ", "mentionContextAttributes": {"used": {"value": false, "score": 0.0006397366523742676}, "created": {"value": true, "score": 0.9752033948898315}, "shared": {"value": false, "score": 5.364418029785156e-07}}, "documentContextAttributes": {"used": {"value": true, "score": 0.9996975660324097}, "created": {"value": true, "score": 0.9984082579612732}, "shared": {"value": false, "score": 2.205371856689453e-06}}}, {"type": "software", "software-type": "software", "wikidataId": "Q54871", "wikipediaExternalRef": 2574343, "lang": "en", "confidence": 0.9098, "software-name": {"rawForm": "SPARQL", "normalizedForm": "SPARQL", "wikidataId": "Q54871", "wikipediaExternalRef": 2574343, "lang": "en", "confidence": 0.9098, "offsetStart": 85, "offsetEnd": 91}, "context": "It provides access to any SPARQL endpoint by allowing users to perform searches with SPARQL queries and visualize the results via multiple visualization techniques.", "mentionContextAttributes": {"used": {"value": false, "score": 4.488229751586914e-05}, "created": {"value": false, "score": 0.0001971721649169922}, "shared": {"value": false, "score": 6.556510925292969e-07}}, "documentContextAttributes": {"used": {"value": true, "score": 0.9996975660324097}, "created": {"value": true, "score": 0.9984082579612732}, "shared": {"value": true, "score": 0.9889010787010193}}}, {"type": "software", "software-type": "software", "wikidataId": "Q54871", "wikipediaExternalRef": 2574343, "lang": "en", "confidence": 0.9098, "software-name": {"rawForm": "SPARQL", "normalizedForm": "SPARQL", "wikidataId": "Q54871", "wikipediaExternalRef": 2574343, "lang": "en", "confidence": 0.9098, "offsetStart": 87, "offsetEnd": 93}, "context": "Data can be extracted from endpoints via querying interfaces using SPARQL templates or SPARQL query builders to create SPARQL queries interactively or via online published RDF.", "mentionContextAttributes": {"used": {"value": false, "score": 0.019468188285827637}, "created": {"value": false, "score": 0.00011640787124633789}, "shared": {"value": false, "score": 2.980232238769531e-07}}, "documentContextAttributes": {"used": {"value": true, "score": 0.9996975660324097}, "created": {"value": true, "score": 0.9984082579612732}, "shared": {"value": true, "score": 0.9889010787010193}}}, {"type": "software", "software-type": "software", "software-name": {"rawForm": "MGExplorer", "normalizedForm": "MGExplorer", "offsetStart": 89, "offsetEnd": 99}, "context": "Action buttons at the bottom (Fig. 2d) allow to visualize the SPARQL query results using MGExplorer or export them as a JSON file.", "mentionContextAttributes": {"used": {"value": false, "score": 0.07004034519195557}, "created": {"value": false, "score": 7.450580596923828e-06}, "shared": {"value": false, "score": 2.980232238769531e-07}}, "documentContextAttributes": {"used": {"value": true, "score": 0.9996975660324097}, "created": {"value": true, "score": 0.9984082579612732}, "shared": {"value": false, "score": 2.205371856689453e-06}}}, {"type": "software", "software-type": "software", "software-name": {"rawForm": "LDViz", "normalizedForm": "LDViz", "offsetStart": 93, "offsetEnd": 98}, "context": "Thus, future work includes developing user-based evaluations to investigate the usability of LDViz to assist the resolution of these and other use cases by expert users in Semantic Web, as well as to assist decision-making processes via visual mining of RDF graphs, involving expert users in diverse application domains.", "mentionContextAttributes": {"used": {"value": false, "score": 9.28044319152832e-05}, "created": {"value": true, "score": 0.9989485144615173}, "shared": {"value": false, "score": 3.7550926208496094e-06}}, "documentContextAttributes": {"used": {"value": true, "score": 0.9980013966560364}, "created": {"value": true, "score": 0.9998593330383301}, "shared": {"value": false, "score": 0.06444203853607178}}}, {"type": "software", "software-type": "software", "wikidataId": "Q54871", "wikipediaExternalRef": 2574343, "lang": "en", "confidence": 0.9098, "software-name": {"rawForm": "SPARQL", "normalizedForm": "SPARQL", "wikidataId": "Q54871", "wikipediaExternalRef": 2574343, "lang": "en", "confidence": 0.9098, "offsetStart": 94, "offsetEnd": 100}, "context": "Further, we show the generality of LD- Viz by illustrating those case studies on two distinct SPARQL endpoints giving access to the DBpedia FR dataset1 , which gathers about 400 million triples describing the content generated in the Wikipedia project, and the HAL dataset2 , which gathers scientific publications from the HAL open archive, a storage of scholarly documents from all academic fields.", "mentionContextAttributes": {"used": {"value": false, "score": 0.013018429279327393}, "created": {"value": false, "score": 0.0001131892204284668}, "shared": {"value": false, "score": 1.9669532775878906e-06}}, "documentContextAttributes": {"used": {"value": true, "score": 0.9996975660324097}, "created": {"value": true, "score": 0.9984082579612732}, "shared": {"value": true, "score": 0.9889010787010193}}}, {"type": "software", "software-type": "software", "software-name": {"rawForm": "LDViz", "normalizedForm": "LDViz", "offsetStart": 98, "offsetEnd": 103}, "context": "a2 ) } Listing 4: SPARQL query to retrieve Robert Redford's costars from DBpedia Here we show how LDViz enables RDF graph mining for exploring data describing a phenomenon of interest: network relationship of people. ", "mentionContextAttributes": {"used": {"value": false, "score": 0.00129014253616333}, "created": {"value": false, "score": 0.0017699003219604492}, "shared": {"value": false, "score": 2.980232238769531e-07}}, "documentContextAttributes": {"used": {"value": true, "score": 0.9980013966560364}, "created": {"value": true, "score": 0.9998593330383301}, "shared": {"value": false, "score": 0.06444203853607178}}}, {"type": "software", "software-type": "software", "software-name": {"rawForm": "MGExplorer", "normalizedForm": "MGExplorer", "offsetStart": 98, "offsetEnd": 108}, "context": "The transformation engine of LDViz consists of a converter module from SPARQL JSON results to the MGExplorer data model and a set of algorithms (i.e., mappers) that process subsets of data defined during the exploratory process via visual querying operations and map the resulting data to a particular visualization technique, also interactively chosen by the user.", "mentionContextAttributes": {"used": {"value": false, "score": 0.019496142864227295}, "created": {"value": false, "score": 0.003418862819671631}, "shared": {"value": false, "score": 1.3709068298339844e-06}}, "documentContextAttributes": {"used": {"value": true, "score": 0.9996975660324097}, "created": {"value": true, "score": 0.9984082579612732}, "shared": {"value": false, "score": 2.205371856689453e-06}}}, {"type": "software", "software-type": "software", "software-name": {"rawForm": "LDViz (Linked Data Visualizer)", "normalizedForm": "LDViz (Linked Data Visualizer)", "offsetStart": 99, "offsetEnd": 129}, "context": "To demonstrate the feasibility of this generic visualization pipeline, we implement it as the tool LDViz (Linked Data Visualizer). ", "mentionContextAttributes": {"used": {"value": false, "score": 6.431341171264648e-05}, "created": {"value": true, "score": 0.9989864826202393}, "shared": {"value": false, "score": 3.2782554626464844e-06}}, "documentContextAttributes": {"used": {"value": false, "score": 6.431341171264648e-05}, "created": {"value": true, "score": 0.9989864826202393}, "shared": {"value": false, "score": 3.2782554626464844e-06}}}, {"type": "software", "software-type": "software", "wikidataId": "Q54871", "wikipediaExternalRef": 2574343, "lang": "en", "confidence": 0.9098, "software-name": {"rawForm": "SPARQL", "normalizedForm": "SPARQL", "wikidataId": "Q54871", "wikipediaExternalRef": 2574343, "lang": "en", "confidence": 0.9098, "offsetStart": 101, "offsetEnd": 107}, "context": "The interface expects an address for the SPARQL endpoint of the targeted RDF dataset, a name for the SPARQL query (optional), and the query code itself.", "mentionContextAttributes": {"used": {"value": false, "score": 0.004274904727935791}, "created": {"value": false, "score": 0.00037282705307006836}, "shared": {"value": false, "score": 2.980232238769531e-07}}, "documentContextAttributes": {"used": {"value": true, "score": 0.9996975660324097}, "created": {"value": true, "score": 0.9984082579612732}, "shared": {"value": true, "score": 0.9889010787010193}}}, {"type": "software", "software-type": "software", "wikidataId": "Q54871", "wikipediaExternalRef": 2574343, "lang": "en", "confidence": 0.9098, "software-name": {"rawForm": "SPARQL", "normalizedForm": "SPARQL", "wikidataId": "Q54871", "wikipediaExternalRef": 2574343, "lang": "en", "confidence": 0.9098, "offsetStart": 103, "offsetEnd": 109}, "context": "The Visualbox tool (Graves, 2013) generates graph, temporal and geographical visualizations to explore SPARQL result datasets; it also exports the visualization in a format suitable for incorporation in hypertextual documents.", "mentionContextAttributes": {"used": {"value": false, "score": 4.416704177856445e-05}, "created": {"value": false, "score": 0.0011679530143737793}, "shared": {"value": false, "score": 2.980232238769531e-07}}, "documentContextAttributes": {"used": {"value": true, "score": 0.9996975660324097}, "created": {"value": true, "score": 0.9984082579612732}, "shared": {"value": true, "score": 0.9889010787010193}}}, {"type": "software", "software-type": "software", "wikidataId": "Q54871", "wikipediaExternalRef": 2574343, "lang": "en", "confidence": 0.9098, "software-name": {"rawForm": "SPARQL", "normalizedForm": "SPARQL", "wikidataId": "Q54871", "wikipediaExternalRef": 2574343, "lang": "en", "confidence": 0.9098, "offsetStart": 104, "offsetEnd": 110}, "context": "Note that the user can retrieve data from more than one endpoint by leveraging the full strength of the SPARQL language, including the SERVICE clause -depending on the SPARQL implementation available at the queried SPARQL endpoint.", "mentionContextAttributes": {"used": {"value": false, "score": 0.0049307942390441895}, "created": {"value": false, "score": 4.3451786041259766e-05}, "shared": {"value": false, "score": 5.364418029785156e-07}}, "documentContextAttributes": {"used": {"value": true, "score": 0.9996975660324097}, "created": {"value": true, "score": 0.9984082579612732}, "shared": {"value": true, "score": 0.9889010787010193}}}, {"type": "software", "software-type": "software", "wikidataId": "Q54871", "wikipediaExternalRef": 2574343, "lang": "en", "confidence": 0.9098, "software-name": {"rawForm": "SPARQL", "normalizedForm": "SPARQL", "wikidataId": "Q54871", "wikipediaExternalRef": 2574343, "lang": "en", "confidence": 0.9098, "offsetStart": 108, "offsetEnd": 114}, "context": "Similarly, Anutariya and Dangol (2018) use a node-link diagram to visualize schema information inferred via SPARQL queries using ontological characteristics of the triples in the LOD data sources.", "mentionContextAttributes": {"used": {"value": false, "score": 0.01754915714263916}, "created": {"value": false, "score": 1.150369644165039e-05}, "shared": {"value": false, "score": 1.7881393432617188e-07}}, "documentContextAttributes": {"used": {"value": true, "score": 0.9996975660324097}, "created": {"value": true, "score": 0.9984082579612732}, "shared": {"value": true, "score": 0.9889010787010193}}}, {"type": "software", "software-type": "software", "software-name": {"rawForm": "Corese browser", "normalizedForm": "Corese browser", "offsetStart": 109, "offsetEnd": 143}, "context": "Moreover, the GSS supports a behavior feature that enables exploring data via an external service (e.g., the Corese browser (Corby et al., 2012), which allows browsing the original repository of open data) as long as an URL is provided (see Listing 1a).", "mentionContextAttributes": {"used": {"value": false, "score": 4.476308822631836e-05}, "created": {"value": false, "score": 0.0013085603713989258}, "shared": {"value": false, "score": 5.882978439331055e-05}}, "documentContextAttributes": {"used": {"value": false, "score": 0.15651142597198486}, "created": {"value": false, "score": 0.0013085603713989258}, "shared": {"value": false, "score": 5.882978439331055e-05}}}, {"type": "software", "software-type": "software", "wikidataId": "Q54871", "wikipediaExternalRef": 2574343, "lang": "en", "confidence": 0.9098, "software-name": {"rawForm": "SPARQL", "normalizedForm": "SPARQL", "wikidataId": "Q54871", "wikipediaExternalRef": 2574343, "lang": "en", "confidence": 0.9098, "offsetStart": 119, "offsetEnd": 125}, "context": "Data can be extracted from endpoints via querying interfaces using SPARQL templates or SPARQL query builders to create SPARQL queries interactively or via online published RDF.", "mentionContextAttributes": {"used": {"value": false, "score": 0.019468188285827637}, "created": {"value": false, "score": 0.00011640787124633789}, "shared": {"value": false, "score": 2.980232238769531e-07}}, "documentContextAttributes": {"used": {"value": true, "score": 0.9996975660324097}, "created": {"value": true, "score": 0.9984082579612732}, "shared": {"value": true, "score": 0.9889010787010193}}}, {"type": "software", "software-type": "software", "wikidataId": "Q54871", "wikipediaExternalRef": 2574343, "lang": "en", "confidence": 0.9098, "software-name": {"rawForm": "SPARQL", "normalizedForm": "SPARQL", "wikidataId": "Q54871", "wikipediaExternalRef": 2574343, "lang": "en", "confidence": 0.9098, "offsetStart": 123, "offsetEnd": 129}, "context": "We show how our implementation allows any expert user to access the SPARQL endpoint of their choice, perform searches with SPARQL queries, and visualize the results via a visualization interface, MGExplorer, designed to assist the exploration of any multivariate network.", "mentionContextAttributes": {"used": {"value": false, "score": 3.129243850708008e-05}, "created": {"value": true, "score": 0.9984082579612732}, "shared": {"value": false, "score": 1.3709068298339844e-06}}, "documentContextAttributes": {"used": {"value": true, "score": 0.9996975660324097}, "created": {"value": true, "score": 0.9984082579612732}, "shared": {"value": true, "score": 0.9889010787010193}}}, {"type": "software", "software-type": "software", "wikidataId": "Q54871", "wikipediaExternalRef": 2574343, "lang": "en", "confidence": 0.9098, "software-name": {"rawForm": "SPARQL", "normalizedForm": "SPARQL", "wikidataId": "Q54871", "wikipediaExternalRef": 2574343, "lang": "en", "confidence": 0.9098, "offsetStart": 136, "offsetEnd": 142}, "context": "We demonstrate how LDViz supports access to any SPARQL endpoint through multiple use cases, allowing the users to perform searches with SPARQL queries and visualize the results using multiple visualization techniques.", "mentionContextAttributes": {"used": {"value": false, "score": 0.12678277492523193}, "created": {"value": false, "score": 0.017366349697113037}, "shared": {"value": false, "score": 7.748603820800781e-07}}, "documentContextAttributes": {"used": {"value": true, "score": 0.9996975660324097}, "created": {"value": true, "score": 0.9984082579612732}, "shared": {"value": true, "score": 0.9889010787010193}}}, {"type": "software", "software-type": "software", "wikidataId": "Q54871", "wikipediaExternalRef": 2574343, "lang": "en", "confidence": 0.9098, "software-name": {"rawForm": "SPARQL", "normalizedForm": "SPARQL", "wikidataId": "Q54871", "wikipediaExternalRef": 2574343, "lang": "en", "confidence": 0.9098, "offsetStart": 142, "offsetEnd": 148}, "context": "Data transformation occurs in three moments: at the definition of the SPARQL query, which determines the information to be retrieved from the SPARQL endpoint; at the transformation engine, where the SPARQL results sets are cleaned and transformed into a suitable data model for the visualization; and when the user filters the input dataset in one view to explore it in another, which requires reshap-ing the data to fit the visualization technique.", "mentionContextAttributes": {"used": {"value": false, "score": 0.08510768413543701}, "created": {"value": false, "score": 2.8431415557861328e-05}, "shared": {"value": false, "score": 1.7285346984863281e-06}}, "documentContextAttributes": {"used": {"value": true, "score": 0.9996975660324097}, "created": {"value": true, "score": 0.9984082579612732}, "shared": {"value": true, "score": 0.9889010787010193}}}, {"type": "software", "software-type": "software", "software-name": {"rawForm": "LDViz", "normalizedForm": "LDViz", "offsetStart": 145, "offsetEnd": 150}, "context": "The use case scenarios represent the resolution of well-known use cases for RDF visualization, which demonstrated the utility and feasibility of LDViz. ", "mentionContextAttributes": {"used": {"value": true, "score": 0.9980013966560364}, "created": {"value": false, "score": 1.2218952178955078e-05}, "shared": {"value": false, "score": 1.7881393432617188e-07}}, "documentContextAttributes": {"used": {"value": true, "score": 0.9980013966560364}, "created": {"value": true, "score": 0.9998593330383301}, "shared": {"value": false, "score": 0.06444203853607178}}}, {"type": "software", "software-type": "software", "wikidataId": "Q54871", "wikipediaExternalRef": 2574343, "lang": "en", "confidence": 0.9098, "software-name": {"rawForm": "SPARQL", "normalizedForm": "SPARQL", "wikidataId": "Q54871", "wikipediaExternalRef": 2574343, "lang": "en", "confidence": 0.9098, "offsetStart": 153, "offsetEnd": 159}, "context": "Furthermore, the advantage of our approach compared to existing solutions relies on the flexibility that enables users to define meaningful datasets via SPARQL SELECT queries applied to any SPARQL endpoint, so that they can explore multiple aspects of RDF datasets and the LOD Cloud.", "mentionContextAttributes": {"used": {"value": false, "score": 5.072355270385742e-05}, "created": {"value": false, "score": 0.3422805070877075}, "shared": {"value": false, "score": 5.364418029785156e-07}}, "documentContextAttributes": {"used": {"value": true, "score": 0.9996975660324097}, "created": {"value": true, "score": 0.9984082579612732}, "shared": {"value": true, "score": 0.9889010787010193}}}, {"type": "software", "software-type": "software", "software-name": {"rawForm": "ClusterViz mapper", "normalizedForm": "ClusterViz mapper", "offsetStart": 158, "offsetEnd": 175}, "context": "Every selection operation triggers a transformation process that filters and transforms the data and maps it to the selected visualization technique via: the ClusterViz mapper, which extracts clusters of nodes grouped according to the existing links among them, e.g., in a co-authorship network, the algorithm detects groups of authors coauthoring the same publication(s); the IRIS mapper, which extracts pairwise relationships between the selected node and the other nodes in the subset; the GlyphMatrix mapper, which extracts pairwise relationships by analyzing every possible combination of pairs of nodes within the subset; the Bar chart mapper, which extracts the distribution of items in the subset according to a particular attribute (e.g., date); and the Listing mapper, which extracts the list of links in the graph and their descriptive information (if provided). ", "mentionContextAttributes": {"used": {"value": false, "score": 0.021209418773651123}, "created": {"value": false, "score": 0.00011497735977172852}, "shared": {"value": false, "score": 1.2516975402832031e-06}}, "documentContextAttributes": {"used": {"value": false, "score": 0.021209418773651123}, "created": {"value": false, "score": 0.00011497735977172852}, "shared": {"value": false, "score": 1.2516975402832031e-06}}}, {"type": "software", "software-type": "software", "wikidataId": "Q54871", "wikipediaExternalRef": 2574343, "lang": "en", "confidence": 0.9098, "software-name": {"rawForm": "SPARQL", "normalizedForm": "SPARQL", "wikidataId": "Q54871", "wikipediaExternalRef": 2574343, "lang": "en", "confidence": 0.9098, "offsetStart": 167, "offsetEnd": 173}, "context": "For doing so, the user defines the styling rules as classes in a style sheet of reference (JSON format) (e.g., Listing 1a) and bind them to dedicated variables in the SPARQL query (i.e. ", "mentionContextAttributes": {"used": {"value": false, "score": 0.20712560415267944}, "created": {"value": false, "score": 2.8073787689208984e-05}, "shared": {"value": false, "score": 4.172325134277344e-07}}, "documentContextAttributes": {"used": {"value": true, "score": 0.9996975660324097}, "created": {"value": true, "score": 0.9984082579612732}, "shared": {"value": true, "score": 0.9889010787010193}}}, {"type": "software", "software-type": "software", "wikidataId": "Q54871", "wikipediaExternalRef": 2574343, "lang": "en", "confidence": 0.9098, "software-name": {"rawForm": "SPARQL", "normalizedForm": "SPARQL", "wikidataId": "Q54871", "wikipediaExternalRef": 2574343, "lang": "en", "confidence": 0.9098, "offsetStart": 168, "offsetEnd": 174}, "context": "Note that the user can retrieve data from more than one endpoint by leveraging the full strength of the SPARQL language, including the SERVICE clause -depending on the SPARQL implementation available at the queried SPARQL endpoint.", "mentionContextAttributes": {"used": {"value": false, "score": 0.0049307942390441895}, "created": {"value": false, "score": 4.3451786041259766e-05}, "shared": {"value": false, "score": 5.364418029785156e-07}}, "documentContextAttributes": {"used": {"value": true, "score": 0.9996975660324097}, "created": {"value": true, "score": 0.9984082579612732}, "shared": {"value": true, "score": 0.9889010787010193}}}, {"type": "software", "software-type": "software", "wikidataId": "Q54871", "wikipediaExternalRef": 2574343, "lang": "en", "confidence": 0.9098, "software-name": {"rawForm": "SPARQL", "normalizedForm": "SPARQL", "wikidataId": "Q54871", "wikipediaExternalRef": 2574343, "lang": "en", "confidence": 0.9098, "offsetStart": 173, "offsetEnd": 179}, "context": "Thus, we generate four visualizations with the SPARQL queries in Listing 2, which, although they are applied to DBpedia, are generic enough to retrieve information from any SPARQL endpoint.", "mentionContextAttributes": {"used": {"value": true, "score": 0.9124135971069336}, "created": {"value": false, "score": 5.21540641784668e-05}, "shared": {"value": false, "score": 1.7881393432617188e-07}}, "documentContextAttributes": {"used": {"value": true, "score": 0.9996975660324097}, "created": {"value": true, "score": 0.9984082579612732}, "shared": {"value": true, "score": 0.9889010787010193}}}, {"type": "software", "software-type": "software", "software-name": {"rawForm": "MGExplorer", "normalizedForm": "MGExplorer", "offsetStart": 183, "offsetEnd": 193}, "context": "The system receives the SPARQL JSON results set, which undergoes a transformation process to extract an attributed graph, encoded in the JSON format, that will serve as input data to MGExplorer. ", "mentionContextAttributes": {"used": {"value": false, "score": 0.32411491870880127}, "created": {"value": false, "score": 5.549192428588867e-05}, "shared": {"value": false, "score": 2.980232238769531e-07}}, "documentContextAttributes": {"used": {"value": true, "score": 0.9996975660324097}, "created": {"value": true, "score": 0.9984082579612732}, "shared": {"value": false, "score": 2.205371856689453e-06}}}, {"type": "software", "software-type": "software", "wikidataId": "Q54871", "wikipediaExternalRef": 2574343, "lang": "en", "confidence": 0.9098, "software-name": {"rawForm": "SPARQL", "normalizedForm": "SPARQL", "wikidataId": "Q54871", "wikipediaExternalRef": 2574343, "lang": "en", "confidence": 0.9098, "offsetStart": 190, "offsetEnd": 196}, "context": "Furthermore, the advantage of our approach compared to existing solutions relies on the flexibility that enables users to define meaningful datasets via SPARQL SELECT queries applied to any SPARQL endpoint, so that they can explore multiple aspects of RDF datasets and the LOD Cloud.", "mentionContextAttributes": {"used": {"value": false, "score": 5.072355270385742e-05}, "created": {"value": false, "score": 0.3422805070877075}, "shared": {"value": false, "score": 5.364418029785156e-07}}, "documentContextAttributes": {"used": {"value": true, "score": 0.9996975660324097}, "created": {"value": true, "score": 0.9984082579612732}, "shared": {"value": true, "score": 0.9889010787010193}}}, {"type": "software", "software-type": "software", "software-name": {"rawForm": "MGExplorer", "normalizedForm": "MGExplorer", "offsetStart": 196, "offsetEnd": 206}, "context": "We show how our implementation allows any expert user to access the SPARQL endpoint of their choice, perform searches with SPARQL queries, and visualize the results via a visualization interface, MGExplorer, designed to assist the exploration of any multivariate network.", "mentionContextAttributes": {"used": {"value": false, "score": 3.129243850708008e-05}, "created": {"value": true, "score": 0.9984082579612732}, "shared": {"value": false, "score": 1.3709068298339844e-06}}, "documentContextAttributes": {"used": {"value": true, "score": 0.9996975660324097}, "created": {"value": true, "score": 0.9984082579612732}, "shared": {"value": false, "score": 2.205371856689453e-06}}}, {"type": "software", "software-type": "software", "wikidataId": "Q54871", "wikipediaExternalRef": 2574343, "lang": "en", "confidence": 0.9098, "software-name": {"rawForm": "SPARQL", "normalizedForm": "SPARQL", "wikidataId": "Q54871", "wikipediaExternalRef": 2574343, "lang": "en", "confidence": 0.9098, "offsetStart": 198, "offsetEnd": 204}, "context": "This visualization tool integrates a SPARQL query management interface, a data transformation engine, and a visualization interface to support the automatic visualization of data extracted from any SPARQL endpoint.", "mentionContextAttributes": {"used": {"value": false, "score": 0.00010114908218383789}, "created": {"value": false, "score": 0.007470965385437012}, "shared": {"value": false, "score": 6.556510925292969e-07}}, "documentContextAttributes": {"used": {"value": true, "score": 0.9996975660324097}, "created": {"value": true, "score": 0.9984082579612732}, "shared": {"value": true, "score": 0.9889010787010193}}}, {"type": "software", "software-type": "software", "wikidataId": "Q54871", "wikipediaExternalRef": 2574343, "lang": "en", "confidence": 0.9098, "software-name": {"rawForm": "SPARQL", "normalizedForm": "SPARQL", "wikidataId": "Q54871", "wikipediaExternalRef": 2574343, "lang": "en", "confidence": 0.9098, "offsetStart": 199, "offsetEnd": 205}, "context": "Data transformation occurs in three moments: at the definition of the SPARQL query, which determines the information to be retrieved from the SPARQL endpoint; at the transformation engine, where the SPARQL results sets are cleaned and transformed into a suitable data model for the visualization; and when the user filters the input dataset in one view to explore it in another, which requires reshap-ing the data to fit the visualization technique.", "mentionContextAttributes": {"used": {"value": false, "score": 0.08510768413543701}, "created": {"value": false, "score": 2.8431415557861328e-05}, "shared": {"value": false, "score": 1.7285346984863281e-06}}, "documentContextAttributes": {"used": {"value": true, "score": 0.9996975660324097}, "created": {"value": true, "score": 0.9984082579612732}, "shared": {"value": true, "score": 0.9889010787010193}}}, {"type": "software", "software-type": "software", "wikidataId": "Q54871", "wikipediaExternalRef": 2574343, "lang": "en", "confidence": 0.9098, "software-name": {"rawForm": "SPARQL", "normalizedForm": "SPARQL", "wikidataId": "Q54871", "wikipediaExternalRef": 2574343, "lang": "en", "confidence": 0.9098, "offsetStart": 215, "offsetEnd": 221}, "context": "Note that the user can retrieve data from more than one endpoint by leveraging the full strength of the SPARQL language, including the SERVICE clause -depending on the SPARQL implementation available at the queried SPARQL endpoint.", "mentionContextAttributes": {"used": {"value": false, "score": 0.0049307942390441895}, "created": {"value": false, "score": 4.3451786041259766e-05}, "shared": {"value": false, "score": 5.364418029785156e-07}}, "documentContextAttributes": {"used": {"value": true, "score": 0.9996975660324097}, "created": {"value": true, "score": 0.9984082579612732}, "shared": {"value": true, "score": 0.9889010787010193}}}, {"type": "software", "software-type": "software", "wikidataId": "Q756100", "wikipediaExternalRef": 26415635, "lang": "en", "confidence": 0.8027, "software-name": {"rawForm": "nodejs", "normalizedForm": "nodejs", "wikidataId": "Q756100", "wikipediaExternalRef": 26415635, "lang": "en", "confidence": 0.8027, "offsetStart": 264, "offsetEnd": 270}, "context": "In this section, we present the Linked Data Visualizer (LDViz), an implementation of the proposed generic visualization pipeline for LOD datasets based on web technologies, i.e., JavaScript, the D3 (Data-Driven Documents) library to create visualizations, and the nodejs library to manage the linked data access server that handles data retrieval through SPARQL queries. ", "mentionContextAttributes": {"used": {"value": false, "score": 0.00041490793228149414}, "created": {"value": true, "score": 0.8620004057884216}, "shared": {"value": false, "score": 7.569789886474609e-06}}, "documentContextAttributes": {"used": {"value": false, "score": 0.00041490793228149414}, "created": {"value": true, "score": 0.8620004057884216}, "shared": {"value": false, "score": 7.569789886474609e-06}}}, {"type": "software", "software-type": "software", "software-name": {"rawForm": "MGExplorer", "normalizedForm": "MGExplorer", "offsetStart": 275, "offsetEnd": 285}, "context": "Its main advantage is a flexible exploratory process that combines multiple views to allow comparing (i) two or more different subsets of data through a particular perspective generated by a particular view, and (ii) multiple perspectives of the The bootstrapping process of MGExplorer consists in displaying a node-link diagram of the relationships within the dataset and a history panel, which are both interactive and visible throughout the whole ex-ploration process. ", "mentionContextAttributes": {"used": {"value": false, "score": 0.0004912018775939941}, "created": {"value": false, "score": 0.0036169886589050293}, "shared": {"value": false, "score": 2.205371856689453e-06}}, "documentContextAttributes": {"used": {"value": true, "score": 0.9996975660324097}, "created": {"value": true, "score": 0.9984082579612732}, "shared": {"value": false, "score": 2.205371856689453e-06}}}, {"type": "software", "software-type": "software", "wikidataId": "Q54871", "wikipediaExternalRef": 2574343, "lang": "en", "confidence": 0.9098, "software-name": {"rawForm": "SPARQL", "normalizedForm": "SPARQL", "wikidataId": "Q54871", "wikipediaExternalRef": 2574343, "lang": "en", "confidence": 0.9098, "offsetStart": 355, "offsetEnd": 361}, "context": "In this section, we present the Linked Data Visualizer (LDViz), an implementation of the proposed generic visualization pipeline for LOD datasets based on web technologies, i.e., JavaScript, the D3 (Data-Driven Documents) library to create visualizations, and the nodejs library to manage the linked data access server that handles data retrieval through SPARQL queries.", "mentionContextAttributes": {"used": {"value": false, "score": 0.00041490793228149414}, "created": {"value": true, "score": 0.8620004057884216}, "shared": {"value": false, "score": 7.510185241699219e-06}}, "documentContextAttributes": {"used": {"value": true, "score": 0.9996975660324097}, "created": {"value": true, "score": 0.9984082579612732}, "shared": {"value": true, "score": 0.9889010787010193}}}, {"type": "software", "software-type": "software", "software-name": {"rawForm": "GlyphMatrix", "normalizedForm": "GlyphMatrix", "offsetStart": 493, "offsetEnd": 504}, "context": "Every selection operation triggers a transformation process that filters and transforms the data and maps it to the selected visualization technique via: the ClusterViz mapper, which extracts clusters of nodes grouped according to the existing links among them, e.g., in a co-authorship network, the algorithm detects groups of authors coauthoring the same publication(s); the IRIS mapper, which extracts pairwise relationships between the selected node and the other nodes in the subset; the GlyphMatrix mapper, which extracts pairwise relationships by analyzing every possible combination of pairs of nodes within the subset; the Bar chart mapper, which extracts the distribution of items in the subset according to a particular attribute (e.g., date); and the Listing mapper, which extracts the list of links in the graph and their descriptive information (if provided). ", "mentionContextAttributes": {"used": {"value": false, "score": 0.021209418773651123}, "created": {"value": false, "score": 0.00011491775512695312}, "shared": {"value": false, "score": 1.1920928955078125e-06}}, "documentContextAttributes": {"used": {"value": false, "score": 0.021209418773651123}, "created": {"value": false, "score": 0.00014328956604003906}, "shared": {"value": false, "score": 1.1920928955078125e-06}}, "references": [{"label": "(Cava and Freitas, 2013)", "normalizedForm": "Cava and Freitas, 2013", "refKey": 5}]}, {"type": "software", "software-type": "software", "wikidataId": "Q54871", "wikipediaExternalRef": 2574343, "lang": "en", "confidence": 0.9098, "software-name": {"rawForm": "SPARQL", "normalizedForm": "SPARQL", "wikidataId": "Q54871", "wikipediaExternalRef": 2574343, "lang": "en", "confidence": 0.9098, "offsetStart": 502, "offsetEnd": 508}, "context": "We can observe an increasing interest in using visual and interactive techniques to explore LOD resources via multiple criteria and levels of abstraction by the Semantic Web community for accomplishing three main goals: (i) to explore the relevant concepts of an application domain via ontology representation; (ii) to inspect RDF Graphs (e.g., \"for debugging triplets\") (Antoniazzi and Viola, 2018); and (iii) level of flexibility in every step of the pipeline, which could be seen in the drafting of SPARQL queries in a way that appropriately addresses the links in the linked data, the possibility of tuning the parameters of the graphic display and the associated interaction, and the availability of multiple visualization techniques that can help users see data according to diverse and complementary viewpoints.", "mentionContextAttributes": {"used": {"value": false, "score": 0.005491912364959717}, "created": {"value": false, "score": 0.0024116039276123047}, "shared": {"value": false, "score": 4.76837158203125e-06}}, "documentContextAttributes": {"used": {"value": true, "score": 0.9996975660324097}, "created": {"value": true, "score": 0.9984082579612732}, "shared": {"value": true, "score": 0.9889010787010193}}}], "references": [{"refKey": 16, "tei": "<biblStruct xml:id=\"b16\">\n\t<analytic>\n\t\t<title level=\"a\" type=\"main\">Creation of visualizations based on linked data</title>\n\t\t<author>\n\t\t\t<persName><forename type=\"first\">Alvaro</forename><surname>Graves</surname></persName>\n\t\t</author>\n\t\t<idno type=\"DOI\">10.1145/2479787.2479828</idno>\n\t</analytic>\n\t<monogr>\n\t\t<title level=\"m\">Proceedings of the 3rd International Conference on Web Intelligence, Mining and Semantics</title>\n\t\t<meeting>the 3rd International Conference on Web Intelligence, Mining and Semantics</meeting>\n\t\t<imprint>\n\t\t\t<publisher>ACM</publisher>\n\t\t\t<date type=\"published\" when=\"2013-06-12\">2013</date>\n\t\t\t<biblScope unit=\"page\">12</biblScope>\n\t\t</imprint>\n\t</monogr>\n</biblStruct>\n"}, {"refKey": 5, "tei": "<biblStruct xml:id=\"b5\">\n\t<analytic>\n\t\t<title level=\"a\" type=\"main\">Node-edge diagram layout for displaying hierarchies</title>\n\t\t<author>\n\t\t\t<persName><forename type=\"first\">R</forename><forename type=\"middle\">A</forename><surname>Cava</surname></persName>\n\t\t</author>\n\t\t<author>\n\t\t\t<persName><forename type=\"first\">C</forename><forename type=\"middle\">M D S</forename><surname>Freitas</surname></persName>\n\t\t</author>\n\t\t<idno type=\"DOI\">10.1109/sibgrapi.2001.963079</idno>\n\t</analytic>\n\t<monogr>\n\t\t<title level=\"m\">Proceedings XIV Brazilian Symposium on Computer Graphics and Image Processing</title>\n\t\t<meeting>XIV Brazilian Symposium on Computer Graphics and Image Processing</meeting>\n\t\t<imprint>\n\t\t\t<publisher>IEEE Comput. Soc</publisher>\n\t\t\t<date>2013</date>\n\t\t\t<biblScope unit=\"volume\">13</biblScope>\n\t\t\t<biblScope unit=\"page\">15</biblScope>\n\t\t</imprint>\n\t</monogr>\n</biblStruct>\n"}], "runtime": 93354, "id": "5f1062584dd72fd6d9da0a60bfda4731b80e0674", "metadata": {"id": "5f1062584dd72fd6d9da0a60bfda4731b80e0674"}, "original_file_path": "../../datalake/Samuel/SOFTware-Sync/data/xml_files/hal-03404572.grobid.tei.xml", "file_name": "hal-03404572.grobid.tei.xml"}