{"application": "software-mentions", "version": "0.8.0", "date": "2024-04-15T07:14+0000", "md5": "E9D3C4B5E1D05F65E19B95046394ED8F", "mentions": [{"type": "software", "software-type": "software", "wikidataId": "Q1398550", "wikipediaExternalRef": 4532356, "lang": "en", "confidence": 0.3648, "software-name": {"rawForm": "FAUST", "normalizedForm": "FAUST", "wikidataId": "Q1398550", "wikipediaExternalRef": 4532356, "lang": "en", "confidence": 0.3648, "offsetStart": 0, "offsetEnd": 5}, "context": "FAUST has proven to be particularly suitable for porting the JavaScript code of an existing Power Amp in a very similar way, freeing it from the limitations, inconsistencies and constraints of the WebAudio API. ", "mentionContextAttributes": {"used": {"value": false, "score": 3.355741500854492e-05}, "created": {"value": false, "score": 0.0022568702697753906}, "shared": {"value": false, "score": 7.170438766479492e-05}}, "documentContextAttributes": {"used": {"value": true, "score": 0.9999884963035583}, "created": {"value": true, "score": 0.9931790232658386}, "shared": {"value": false, "score": 7.170438766479492e-05}}}, {"type": "software", "software-type": "software", "wikidataId": "Q1398550", "wikipediaExternalRef": 4532356, "lang": "en", "confidence": 0.3648, "software-name": {"rawForm": "FAUST", "normalizedForm": "FAUST", "wikidataId": "Q1398550", "wikipediaExternalRef": 4532356, "lang": "en", "confidence": 0.3648, "offsetStart": 0, "offsetEnd": 5}, "context": "FAUST does not come with similar filters out of the box.", "mentionContextAttributes": {"used": {"value": false, "score": 8.51750373840332e-05}, "created": {"value": false, "score": 3.8564205169677734e-05}, "shared": {"value": false, "score": 6.556510925292969e-07}}, "documentContextAttributes": {"used": {"value": true, "score": 0.9999884963035583}, "created": {"value": true, "score": 0.9931790232658386}, "shared": {"value": false, "score": 7.170438766479492e-05}}}, {"type": "software", "software-type": "software", "software-name": {"rawForm": "WebAudio", "normalizedForm": "WebAudio", "offsetStart": 0, "offsetEnd": 8}, "context": "WebAudio is a W3C-standard JavaScript API that relies on 1 building an \"audio graph\" by connecting processing nodes one to another. ", "mentionContextAttributes": {"used": {"value": false, "score": 4.929304122924805e-05}, "created": {"value": false, "score": 0.0013167858123779297}, "shared": {"value": false, "score": 1.4960765838623047e-05}}, "documentContextAttributes": {"used": {"value": true, "score": 0.9999845623970032}, "created": {"value": true, "score": 0.9983755350112915}, "shared": {"value": true, "score": 0.952591061592102}}, "references": [{"label": "[6]", "normalizedForm": "[6]", "refKey": 6}]}, {"type": "software", "software-type": "software", "software-name": {"rawForm": "WebAudio", "normalizedForm": "WebAudio", "offsetStart": 0, "offsetEnd": 8}, "context": "WebAudio provides a set of \"high-level\" nodes (such as the WaveShaper node and the BiquadFilter node) that can be used to model the lamps and filters, and it has been shown that when properly used, waveshaping techniques , 2 combined with proper oversampling and filtering, can give quite good results [5].", "mentionContextAttributes": {"used": {"value": false, "score": 7.826089859008789e-05}, "created": {"value": false, "score": 3.057718276977539e-05}, "shared": {"value": false, "score": 6.556510925292969e-07}}, "documentContextAttributes": {"used": {"value": true, "score": 0.9999845623970032}, "created": {"value": true, "score": 0.9983755350112915}, "shared": {"value": true, "score": 0.952591061592102}}, "references": [{"label": "[6]", "normalizedForm": "[6]", "refKey": 6}]}, {"type": "software", "software-type": "software", "software-name": {"rawForm": "WebAudio", "normalizedForm": "WebAudio", "offsetStart": 0, "offsetEnd": 8}, "context": "WebAudio implementation demo of the PowerAmp stage: https://www.youtube.com/watch?v=-NdMdJQx2Bw", "mentionContextAttributes": {"used": {"value": false, "score": 0.012989461421966553}, "created": {"value": false, "score": 5.620718002319336e-05}, "shared": {"value": true, "score": 0.952591061592102}}, "documentContextAttributes": {"used": {"value": true, "score": 0.9999845623970032}, "created": {"value": true, "score": 0.9983755350112915}, "shared": {"value": true, "score": 0.952591061592102}}, "references": [{"label": "[6]", "normalizedForm": "[6]", "refKey": 6}]}, {"type": "software", "software-type": "software", "wikidataId": "Q20155677", "wikipediaExternalRef": 47013794, "lang": "en", "confidence": 0.9161, "software-name": {"rawForm": "WebAssembly", "normalizedForm": "WebAssembly", "wikidataId": "Q20155677", "wikipediaExternalRef": 47013794, "lang": "en", "confidence": 0.9161, "offsetStart": 0, "offsetEnd": 11}, "context": "WebAssembly is a W3C standard: a portable binary-code format for executable programs, firstly to be used on the Web, but also on native environments. ", "mentionContextAttributes": {"used": {"value": false, "score": 5.1081180572509766e-05}, "created": {"value": false, "score": 0.0002459287643432617}, "shared": {"value": false, "score": 0.0002582073211669922}}, "documentContextAttributes": {"used": {"value": true, "score": 0.9795815348625183}, "created": {"value": true, "score": 0.9910354614257812}, "shared": {"value": false, "score": 0.0002582073211669922}}}, {"type": "software", "software-type": "software", "wikidataId": "Q20155677", "wikipediaExternalRef": 47013794, "lang": "en", "confidence": 0.9161, "software-name": {"rawForm": "WebAssembly", "normalizedForm": "WebAssembly", "wikidataId": "Q20155677", "wikipediaExternalRef": 47013794, "lang": "en", "confidence": 0.9161, "offsetStart": 0, "offsetEnd": 11}, "context": "WebAssembly aims to execute at native speed by taking advantage of common hardware capabilities available on a wide range of platforms. ", "mentionContextAttributes": {"used": {"value": false, "score": 4.13060188293457e-05}, "created": {"value": false, "score": 0.2642582058906555}, "shared": {"value": false, "score": 3.874301910400391e-06}}, "documentContextAttributes": {"used": {"value": true, "score": 0.9795815348625183}, "created": {"value": true, "score": 0.9910354614257812}, "shared": {"value": false, "score": 0.0002582073211669922}}}, {"type": "software", "software-type": "software", "software-name": {"rawForm": "WebAudio", "normalizedForm": "WebAudio", "offsetStart": 3, "offsetEnd": 11}, "context": "12 WebAudio comes with a set of classic biquad filters types: lowpass, highpass, bandpass, lowshelf, highshelf, peaking, notch and allpass. ", "mentionContextAttributes": {"used": {"value": false, "score": 4.595518112182617e-05}, "created": {"value": false, "score": 0.00011640787124633789}, "shared": {"value": false, "score": 1.7881393432617188e-07}}, "documentContextAttributes": {"used": {"value": true, "score": 0.9999845623970032}, "created": {"value": true, "score": 0.9983755350112915}, "shared": {"value": true, "score": 0.952591061592102}}, "references": [{"label": "[6]", "normalizedForm": "[6]", "refKey": 6}]}, {"type": "software", "software-type": "software", "wikidataId": "Q1398550", "wikipediaExternalRef": 4532356, "lang": "en", "confidence": 0.3648, "software-name": {"rawForm": "FAUST", "normalizedForm": "FAUST", "wikidataId": "Q1398550", "wikipediaExternalRef": 4532356, "lang": "en", "confidence": 0.3648, "offsetStart": 4, "offsetEnd": 9}, "context": "The FAUST team did the port and provided us with the so-called webaudio.lib", "mentionContextAttributes": {"used": {"value": true, "score": 0.9992499351501465}, "created": {"value": false, "score": 0.0015472769737243652}, "shared": {"value": false, "score": 5.364418029785156e-07}}, "documentContextAttributes": {"used": {"value": true, "score": 0.9999884963035583}, "created": {"value": true, "score": 0.9931790232658386}, "shared": {"value": false, "score": 7.170438766479492e-05}}}, {"type": "software", "software-type": "software", "wikidataId": "Q1398550", "wikipediaExternalRef": 4532356, "lang": "en", "confidence": 0.3648, "software-name": {"rawForm": "FAUST", "normalizedForm": "FAUST", "wikidataId": "Q1398550", "wikipediaExternalRef": 4532356, "lang": "en", "confidence": 0.3648, "offsetStart": 7, "offsetEnd": 12}, "context": "In the FAUST implementation, the measurement 20 tools (Fig. 16) proved the sample-wise nature of the processing with a delay of just one-sample for the NFB/Presence loop.", "mentionContextAttributes": {"used": {"value": true, "score": 0.9999884963035583}, "created": {"value": false, "score": 1.2814998626708984e-05}, "shared": {"value": false, "score": 1.7881393432617188e-07}}, "documentContextAttributes": {"used": {"value": true, "score": 0.9999884963035583}, "created": {"value": true, "score": 0.9931790232658386}, "shared": {"value": false, "score": 7.170438766479492e-05}}}, {"type": "software", "software-type": "software", "software-name": {"rawForm": "WebAudio", "normalizedForm": "WebAudio", "offsetStart": 7, "offsetEnd": 15}, "context": "In the WebAudio API specs, loops in the graph are required to include at least one delay node. ", "mentionContextAttributes": {"used": {"value": false, "score": 0.1710529923439026}, "created": {"value": false, "score": 1.9371509552001953e-05}, "shared": {"value": false, "score": 1.1324882507324219e-06}}, "documentContextAttributes": {"used": {"value": true, "score": 0.9999845623970032}, "created": {"value": true, "score": 0.9983755350112915}, "shared": {"value": true, "score": 0.952591061592102}}, "references": [{"label": "[6]", "normalizedForm": "[6]", "refKey": 6}]}, {"type": "software", "software-type": "software", "wikidataId": "Q1398550", "wikipediaExternalRef": 4532356, "lang": "en", "confidence": 0.3648, "software-name": {"rawForm": "FAUST", "normalizedForm": "FAUST", "wikidataId": "Q1398550", "wikipediaExternalRef": 4532356, "lang": "en", "confidence": 0.3648, "offsetStart": 9, "offsetEnd": 14}, "context": "Once our FAUST-based Power Amp re-creation was functional and adjustable, we could proceed to the evaluation phase.", "mentionContextAttributes": {"used": {"value": true, "score": 0.9694439172744751}, "created": {"value": true, "score": 0.9484395384788513}, "shared": {"value": false, "score": 2.980232238769531e-07}}, "documentContextAttributes": {"used": {"value": true, "score": 0.9999884963035583}, "created": {"value": true, "score": 0.9931790232658386}, "shared": {"value": false, "score": 7.170438766479492e-05}}}, {"type": "software", "software-type": "software", "wikidataId": "Q1398550", "wikipediaExternalRef": 4532356, "lang": "en", "confidence": 0.3648, "software-name": {"rawForm": "FAUST", "normalizedForm": "FAUST", "wikidataId": "Q1398550", "wikipediaExternalRef": 4532356, "lang": "en", "confidence": 0.3648, "offsetStart": 13, "offsetEnd": 18}, "context": "Fortunately, FAUST quickly proposed WebAudio/WebAssembly as a compilation target and proved to be an ideal framework for developing powerful custom code (we even did some personal contributions to FAUST's WebAudio support) [6].", "mentionContextAttributes": {"used": {"value": false, "score": 0.0013814568519592285}, "created": {"value": false, "score": 0.23507803678512573}, "shared": {"value": false, "score": 2.562999725341797e-06}}, "documentContextAttributes": {"used": {"value": true, "score": 0.9999884963035583}, "created": {"value": true, "score": 0.9931790232658386}, "shared": {"value": false, "score": 7.170438766479492e-05}}}, {"type": "software", "software-type": "software", "software-name": {"rawForm": "WebAudio", "normalizedForm": "WebAudio", "offsetStart": 15, "offsetEnd": 23}, "context": "Namely, in the WebAudio API, the slope of the tube transfer function curves can be driven real-time by the power of input signal enveloppe emulating hysteresis phenomena.", "mentionContextAttributes": {"used": {"value": false, "score": 0.0001285076141357422}, "created": {"value": false, "score": 0.00032258033752441406}, "shared": {"value": false, "score": 2.980232238769531e-07}}, "documentContextAttributes": {"used": {"value": true, "score": 0.9999845623970032}, "created": {"value": true, "score": 0.9983755350112915}, "shared": {"value": true, "score": 0.952591061592102}}, "references": [{"label": "[6]", "normalizedForm": "[6]", "refKey": 6}]}, {"type": "software", "software-type": "software", "software-name": {"rawForm": "WebAudio", "normalizedForm": "WebAudio", "offsetStart": 22, "offsetEnd": 30}, "context": "In our initial purely WebAudio implementation [1, 2], we were using a bank of biquad filters in series (for the presence implementation), a waveshaper node with appropriate biquad filters (for simulating tubes), some gain nodes (master volume at the input of the stage, negative gain in the NFB loop and a few others for fine tuning the signal level at different locations in the audio graph), and a delay node (in the NFB loop). ", "mentionContextAttributes": {"used": {"value": true, "score": 0.9998557567596436}, "created": {"value": false, "score": 4.112720489501953e-06}, "shared": {"value": false, "score": 5.364418029785156e-07}}, "documentContextAttributes": {"used": {"value": true, "score": 0.9999845623970032}, "created": {"value": true, "score": 0.9983755350112915}, "shared": {"value": true, "score": 0.952591061592102}}, "references": [{"label": "[6]", "normalizedForm": "[6]", "refKey": 6}]}, {"type": "software", "software-type": "software", "software-name": {"rawForm": "FAUST IDE", "normalizedForm": "FAUST IDE", "offsetStart": 22, "offsetEnd": 31}, "context": "20 As measured in the FAUST IDE, using process = button(\"gate\") <: ((poweramp), _); style code and the embedded visualization tools. ", "mentionContextAttributes": {"used": {"value": true, "score": 0.9999898076057434}, "created": {"value": false, "score": 1.4960765838623047e-05}, "shared": {"value": false, "score": 1.7881393432617188e-07}}, "documentContextAttributes": {"used": {"value": true, "score": 0.9999898076057434}, "created": {"value": false, "score": 0.006090223789215088}, "shared": {"value": false, "score": 1.3709068298339844e-06}}}, {"type": "software", "software-type": "software", "software-name": {"rawForm": "FAUST IDE", "normalizedForm": "FAUST IDE", "offsetStart": 22, "offsetEnd": 31}, "context": "21 As measured in the FAUST IDE, using process = button(\"gate\") <: ((poweramp), _); style code and the embedded visualisation tools.", "mentionContextAttributes": {"used": {"value": true, "score": 0.9999890923500061}, "created": {"value": false, "score": 1.2218952178955078e-05}, "shared": {"value": false, "score": 1.7881393432617188e-07}}, "documentContextAttributes": {"used": {"value": true, "score": 0.9999898076057434}, "created": {"value": false, "score": 0.006090223789215088}, "shared": {"value": false, "score": 1.3709068298339844e-06}}}, {"type": "software", "software-type": "software", "wikidataId": "Q1398550", "wikipediaExternalRef": 4532356, "lang": "en", "confidence": 0.3648, "software-name": {"rawForm": "FAUST", "normalizedForm": "FAUST", "wikidataId": "Q1398550", "wikipediaExternalRef": 4532356, "lang": "en", "confidence": 0.3648, "offsetStart": 24, "offsetEnd": 29}, "context": "Finally we also compare FAUST vs JavaScript development, and mention future optimizations.", "mentionContextAttributes": {"used": {"value": true, "score": 0.9967696070671082}, "created": {"value": false, "score": 0.2862313389778137}, "shared": {"value": false, "score": 2.980232238769531e-07}}, "documentContextAttributes": {"used": {"value": true, "score": 0.9999884963035583}, "created": {"value": true, "score": 0.9931790232658386}, "shared": {"value": false, "score": 7.170438766479492e-05}}}, {"type": "software", "software-type": "software", "software-name": {"rawForm": "Firefox", "normalizedForm": "Firefox", "offsetStart": 25, "offsetEnd": 32}, "context": "Without this delay node, Firefox stops rendering the graph, while Chrome does not complain but adds, behind the scenes, a 3 ms delay (the minimal delay from a frame audio buffer of 128 sample-frames as within WebAudio API, the signal is always processed in packets of 128 samples, which means that the minimum value for a delay is 128 / sample rate, i.e. about 128/44100 = 3ms). ", "mentionContextAttributes": {"used": {"value": false, "score": 0.02123206853866577}, "created": {"value": false, "score": 2.8014183044433594e-06}, "shared": {"value": false, "score": 2.205371856689453e-06}}, "documentContextAttributes": {"used": {"value": true, "score": 0.9817621111869812}, "created": {"value": false, "score": 0.02602672576904297}, "shared": {"value": false, "score": 2.205371856689453e-06}}}, {"type": "software", "software-type": "software", "software-name": {"rawForm": "WebAudio", "normalizedForm": "WebAudio", "offsetStart": 27, "offsetEnd": 35}, "context": "Another advantage of using WebAudio high level nodes, is that most of the audio processing is done in their C++ implementation that lies in the web browser internals, so performance is generally not an issue. ", "mentionContextAttributes": {"used": {"value": false, "score": 0.0012066364288330078}, "created": {"value": false, "score": 0.0005341768264770508}, "shared": {"value": false, "score": 1.150369644165039e-05}}, "documentContextAttributes": {"used": {"value": true, "score": 0.9999845623970032}, "created": {"value": true, "score": 0.9983755350112915}, "shared": {"value": true, "score": 0.952591061592102}}, "references": [{"label": "[6]", "normalizedForm": "[6]", "refKey": 6}]}, {"type": "software", "software-type": "software", "wikidataId": "Q1398550", "wikipediaExternalRef": 4532356, "lang": "en", "confidence": 0.3648, "software-name": {"rawForm": "FAUST", "normalizedForm": "FAUST", "wikidataId": "Q1398550", "wikipediaExternalRef": 4532356, "lang": "en", "confidence": 0.3648, "offsetStart": 28, "offsetEnd": 33}, "context": "In addition, the use of the FAUST IDE for coding, debugging and profiling this Power Amp plugin has been evaluated by six audio plugin developers with different levels of expertise with the FAUST language.", "mentionContextAttributes": {"used": {"value": true, "score": 0.858816385269165}, "created": {"value": false, "score": 0.0009992718696594238}, "shared": {"value": false, "score": 1.1324882507324219e-06}}, "documentContextAttributes": {"used": {"value": true, "score": 0.9999884963035583}, "created": {"value": true, "score": 0.9931790232658386}, "shared": {"value": false, "score": 7.170438766479492e-05}}}, {"type": "software", "software-type": "software", "wikidataId": "Q1398550", "wikipediaExternalRef": 4532356, "lang": "en", "confidence": 0.3648, "software-name": {"rawForm": "FAUST", "normalizedForm": "FAUST", "wikidataId": "Q1398550", "wikipediaExternalRef": 4532356, "lang": "en", "confidence": 0.3648, "offsetStart": 29, "offsetEnd": 34}, "context": "that is now available in the FAUST distribution.", "mentionContextAttributes": {"used": {"value": false, "score": 0.00019502639770507812}, "created": {"value": false, "score": 0.008363723754882812}, "shared": {"value": false, "score": 1.9371509552001953e-05}}, "documentContextAttributes": {"used": {"value": true, "score": 0.9999884963035583}, "created": {"value": true, "score": 0.9931790232658386}, "shared": {"value": false, "score": 7.170438766479492e-05}}}, {"type": "software", "software-type": "software", "wikidataId": "Q1398550", "wikipediaExternalRef": 4532356, "lang": "en", "confidence": 0.3648, "software-name": {"rawForm": "FAUST", "normalizedForm": "FAUST", "wikidataId": "Q1398550", "wikipediaExternalRef": 4532356, "lang": "en", "confidence": 0.3648, "offsetStart": 29, "offsetEnd": 34}, "context": "However, we noticed that the FAUST implementation was much more stable and versatile when adjusting the internal parameters of the feedback loop.", "mentionContextAttributes": {"used": {"value": true, "score": 0.990770161151886}, "created": {"value": false, "score": 0.009209394454956055}, "shared": {"value": false, "score": 1.7881393432617188e-07}}, "documentContextAttributes": {"used": {"value": true, "score": 0.9999884963035583}, "created": {"value": true, "score": 0.9931790232658386}, "shared": {"value": false, "score": 7.170438766479492e-05}}}, {"type": "software", "software-type": "software", "software-name": {"rawForm": "FAUST IDE", "normalizedForm": "FAUST IDE", "offsetStart": 29, "offsetEnd": 38}, "context": "In a second step we used the FAUST IDE to create a WebAudio plugin from the FAUST implementation of the Power Amp (Fig. 14) and we chained a special version of our tube guitar amplifier simulations in which we bypassed the embedded power amp and cabinet simulation stages (Fig. 15), and compared with the full featured, JavaScript based simulations. ", "mentionContextAttributes": {"used": {"value": true, "score": 0.9934813976287842}, "created": {"value": false, "score": 0.006090223789215088}, "shared": {"value": false, "score": 1.3709068298339844e-06}}, "documentContextAttributes": {"used": {"value": true, "score": 0.9999898076057434}, "created": {"value": false, "score": 0.006090223789215088}, "shared": {"value": false, "score": 1.3709068298339844e-06}}}, {"type": "software", "software-type": "software", "wikidataId": "Q1398550", "wikipediaExternalRef": 4532356, "lang": "en", "confidence": 0.3648, "software-name": {"rawForm": "FAUST", "normalizedForm": "FAUST", "wikidataId": "Q1398550", "wikipediaExternalRef": 4532356, "lang": "en", "confidence": 0.3648, "offsetStart": 31, "offsetEnd": 36}, "context": "After trying to adapt existing FAUST filters to behave like WebAudio filter ones, and after talking with FAUST and WebAudio implementers the conclusion was that for a really faithfull behavior, it would be better to start from the original C++ implementation of the WebAudio filter API, taken from the Chromium browser source code.", "mentionContextAttributes": {"used": {"value": true, "score": 0.8167415261268616}, "created": {"value": false, "score": 0.00015974044799804688}, "shared": {"value": false, "score": 1.9669532775878906e-06}}, "documentContextAttributes": {"used": {"value": true, "score": 0.9999884963035583}, "created": {"value": true, "score": 0.9931790232658386}, "shared": {"value": false, "score": 7.170438766479492e-05}}}, {"type": "software", "software-type": "software", "software-name": {"rawForm": "WebAudio", "normalizedForm": "WebAudio", "offsetStart": 32, "offsetEnd": 40}, "context": "With the current limitations in WebAudio, and quite strangely, this 3ms delay in the loop to conform to the specs, brings slightly different coloring of the amps between FF and Chrome. ", "mentionContextAttributes": {"used": {"value": false, "score": 0.00043886899948120117}, "created": {"value": false, "score": 7.587671279907227e-05}, "shared": {"value": false, "score": 4.172325134277344e-07}}, "documentContextAttributes": {"used": {"value": true, "score": 0.9999845623970032}, "created": {"value": true, "score": 0.9983755350112915}, "shared": {"value": true, "score": 0.952591061592102}}, "references": [{"label": "[6]", "normalizedForm": "[6]", "refKey": 6}]}, {"type": "software", "software-type": "software", "software-name": {"rawForm": "WebAudio API", "normalizedForm": "WebAudio API", "offsetStart": 32, "offsetEnd": 44}, "context": "One big advantage of JavaScript/WebAudio API is the really flexible and dynamic way you can manipulate the audiograph (by changing its topology in real-time, even while playing guitar) or the parameters of the different nodes, in particular, you can reshape in real-time the transfer functions used by the waveshaper nodes. ", "mentionContextAttributes": {"used": {"value": false, "score": 0.00010162591934204102}, "created": {"value": false, "score": 0.01692277193069458}, "shared": {"value": false, "score": 2.378225326538086e-05}}, "documentContextAttributes": {"used": {"value": true, "score": 0.9882647395133972}, "created": {"value": true, "score": 0.9997885227203369}, "shared": {"value": false, "score": 3.629922866821289e-05}}}, {"type": "software", "software-type": "software", "software-name": {"rawForm": "WebAudio", "normalizedForm": "WebAudio", "offsetStart": 36, "offsetEnd": 44}, "context": "Fortunately, FAUST quickly proposed WebAudio/WebAssembly as a compilation target and proved to be an ideal framework for developing powerful custom code (we even did some personal contributions to FAUST's WebAudio support) [6].", "mentionContextAttributes": {"used": {"value": false, "score": 0.0013814568519592285}, "created": {"value": false, "score": 0.23507803678512573}, "shared": {"value": false, "score": 2.562999725341797e-06}}, "documentContextAttributes": {"used": {"value": true, "score": 0.9999845623970032}, "created": {"value": true, "score": 0.9983755350112915}, "shared": {"value": true, "score": 0.952591061592102}}, "references": [{"label": "[6]", "normalizedForm": "[6]", "refKey": 6}]}, {"type": "software", "software-type": "software", "software-name": {"rawForm": "WebAudio", "normalizedForm": "WebAudio", "offsetStart": 37, "offsetEnd": 45}, "context": "We show the limits of the high-level WebAudio API layer, and how FAUST allows us to re-implement the Power Amp part more faithfully. ", "mentionContextAttributes": {"used": {"value": false, "score": 0.0021808743476867676}, "created": {"value": true, "score": 0.9931790232658386}, "shared": {"value": false, "score": 5.364418029785156e-07}}, "documentContextAttributes": {"used": {"value": true, "score": 0.9999845623970032}, "created": {"value": true, "score": 0.9983755350112915}, "shared": {"value": true, "score": 0.952591061592102}}, "references": [{"label": "[6]", "normalizedForm": "[6]", "refKey": 6}]}, {"type": "software", "software-type": "software", "wikidataId": "Q20155677", "wikipediaExternalRef": 47013794, "lang": "en", "confidence": 0.9161, "software-name": {"rawForm": "WebAssembly", "normalizedForm": "WebAssembly", "wikidataId": "Q20155677", "wikipediaExternalRef": 47013794, "lang": "en", "confidence": 0.9161, "offsetStart": 45, "offsetEnd": 56}, "context": "Fortunately, FAUST quickly proposed WebAudio/WebAssembly as a compilation target and proved to be an ideal framework for developing powerful custom code (we even did some personal contributions to FAUST's WebAudio support) [6].", "mentionContextAttributes": {"used": {"value": false, "score": 0.0013814568519592285}, "created": {"value": false, "score": 0.23507803678512573}, "shared": {"value": false, "score": 2.562999725341797e-06}}, "documentContextAttributes": {"used": {"value": true, "score": 0.9795815348625183}, "created": {"value": true, "score": 0.9910354614257812}, "shared": {"value": false, "score": 0.0002582073211669922}}}, {"type": "software", "software-type": "software", "wikidataId": "Q1398550", "wikipediaExternalRef": 4532356, "lang": "en", "confidence": 0.3648, "software-name": {"rawForm": "FAUST", "normalizedForm": "FAUST", "wikidataId": "Q1398550", "wikipediaExternalRef": 4532356, "lang": "en", "confidence": 0.3648, "offsetStart": 46, "offsetEnd": 51}, "context": "For the power amp tubes, we looked at the way FAUST developers simulated tubes (e.g. in the Guitarix project 13source repository, in particular in the guitarix.lib", "mentionContextAttributes": {"used": {"value": true, "score": 0.9998171329498291}, "created": {"value": false, "score": 0.0008543133735656738}, "shared": {"value": false, "score": 1.7881393432617188e-07}}, "documentContextAttributes": {"used": {"value": true, "score": 0.9999884963035583}, "created": {"value": true, "score": 0.9931790232658386}, "shared": {"value": false, "score": 7.170438766479492e-05}}}, {"type": "software", "software-type": "software", "software-name": {"rawForm": "WebAudio", "normalizedForm": "WebAudio", "offsetStart": 51, "offsetEnd": 59}, "context": "In a second step we used the FAUST IDE to create a WebAudio plugin from the FAUST implementation of the Power Amp (Fig. 14) and we chained a special version of our tube guitar amplifier simulations in which we bypassed the embedded power amp and cabinet simulation stages (Fig. 15), and compared with the full featured, JavaScript based simulations.", "mentionContextAttributes": {"used": {"value": true, "score": 0.9934813976287842}, "created": {"value": false, "score": 0.006090223789215088}, "shared": {"value": false, "score": 1.3709068298339844e-06}}, "documentContextAttributes": {"used": {"value": true, "score": 0.9999845623970032}, "created": {"value": true, "score": 0.9983755350112915}, "shared": {"value": true, "score": 0.952591061592102}}, "references": [{"label": "[6]", "normalizedForm": "[6]", "refKey": 6}]}, {"type": "software", "software-type": "software", "software-name": {"rawForm": "WebAudio API", "normalizedForm": "WebAudio API", "offsetStart": 52, "offsetEnd": 64}, "context": "However, until recently, one main limitation of the WebAudio API design was that default signal processing is constrained to block-processing of chunks of 128 samples at a time, and until very recently it was not possible to do stream processing at the sample-wise level without introducing glitches and latency. ", "mentionContextAttributes": {"used": {"value": false, "score": 0.0001976490020751953}, "created": {"value": false, "score": 0.0006421208381652832}, "shared": {"value": false, "score": 1.1324882507324219e-06}}, "documentContextAttributes": {"used": {"value": true, "score": 0.9882647395133972}, "created": {"value": true, "score": 0.9997885227203369}, "shared": {"value": false, "score": 3.629922866821289e-05}}}, {"type": "software", "software-type": "software", "wikidataId": "Q20155677", "wikipediaExternalRef": 47013794, "lang": "en", "confidence": 0.9161, "software-name": {"rawForm": "WebAssembly", "normalizedForm": "WebAssembly", "wikidataId": "Q20155677", "wikipediaExternalRef": 47013794, "lang": "en", "confidence": 0.9161, "offsetStart": 54, "offsetEnd": 65}, "context": "Writing custom DSP code in JavaScript, 3 or coding in WebAssembly by hand, is nevertheless quite tedious.", "mentionContextAttributes": {"used": {"value": false, "score": 9.98377799987793e-05}, "created": {"value": false, "score": 6.026029586791992e-05}, "shared": {"value": false, "score": 1.6093254089355469e-06}}, "documentContextAttributes": {"used": {"value": true, "score": 0.9795815348625183}, "created": {"value": true, "score": 0.9910354614257812}, "shared": {"value": false, "score": 0.0002582073211669922}}}, {"type": "software", "software-type": "implicit", "software-name": {"rawForm": "code", "normalizedForm": "code", "offsetStart": 59, "offsetEnd": 63}, "language": {"rawForm": "JavaScript", "normalizedForm": "JavaScript"}, "context": "We found out that most 15 tube simulations relied on C/C++ code and could not be used out of the box (typ. ", "mentionContextAttributes": {"used": {"value": true, "score": 0.9999626278877258}, "created": {"value": false, "score": 1.424551010131836e-05}, "shared": {"value": false, "score": 2.980232238769531e-07}}, "documentContextAttributes": {"used": {"value": true, "score": 0.9999845623970032}, "created": {"value": false, "score": 0.0022568702697753906}, "shared": {"value": false, "score": 7.170438766479492e-05}}}, {"type": "software", "software-type": "software", "software-name": {"rawForm": "WebAudio", "normalizedForm": "WebAudio", "offsetStart": 60, "offsetEnd": 68}, "context": "After trying to adapt existing FAUST filters to behave like WebAudio filter ones, and after talking with FAUST and WebAudio implementers the conclusion was that for a really faithfull behavior, it would be better to start from the original C++ implementation of the WebAudio filter API, taken from the Chromium browser source code. ", "mentionContextAttributes": {"used": {"value": true, "score": 0.8167415261268616}, "created": {"value": false, "score": 0.00015974044799804688}, "shared": {"value": false, "score": 1.9669532775878906e-06}}, "documentContextAttributes": {"used": {"value": true, "score": 0.9999845623970032}, "created": {"value": true, "score": 0.9983755350112915}, "shared": {"value": true, "score": 0.952591061592102}}, "references": [{"label": "[6]", "normalizedForm": "[6]", "refKey": 6}]}, {"type": "software", "software-type": "software", "wikidataId": "Q1398550", "wikipediaExternalRef": 4532356, "lang": "en", "confidence": 0.3648, "software-name": {"rawForm": "FAUST", "normalizedForm": "FAUST", "wikidataId": "Q1398550", "wikipediaExternalRef": 4532356, "lang": "en", "confidence": 0.3648, "offsetStart": 65, "offsetEnd": 70}, "context": "We show the limits of the high-level WebAudio API layer, and how FAUST allows us to re-implement the Power Amp part more faithfully.", "mentionContextAttributes": {"used": {"value": false, "score": 0.0021808743476867676}, "created": {"value": true, "score": 0.9931790232658386}, "shared": {"value": false, "score": 5.364418029785156e-07}}, "documentContextAttributes": {"used": {"value": true, "score": 0.9999884963035583}, "created": {"value": true, "score": 0.9931790232658386}, "shared": {"value": false, "score": 7.170438766479492e-05}}}, {"type": "software", "software-type": "software", "software-name": {"rawForm": "Chrome", "normalizedForm": "Chrome", "offsetStart": 66, "offsetEnd": 72}, "context": "Without this delay node, Firefox stops rendering the graph, while Chrome does not complain but adds, behind the scenes, a 3 ms delay (the minimal delay from a frame audio buffer of 128 sample-frames as within WebAudio API, the signal is always processed in packets of 128 samples, which means that the minimum value for a delay is 128 / sample rate, i.e. about 128/44100 = 3ms). ", "mentionContextAttributes": {"used": {"value": false, "score": 0.02123206853866577}, "created": {"value": false, "score": 2.8014183044433594e-06}, "shared": {"value": false, "score": 2.205371856689453e-06}}, "documentContextAttributes": {"used": {"value": false, "score": 0.02123206853866577}, "created": {"value": false, "score": 7.587671279907227e-05}, "shared": {"value": false, "score": 2.205371856689453e-06}}}, {"type": "software", "software-type": "software", "software-name": {"rawForm": "AudioWorklet", "normalizedForm": "AudioWorklet", "offsetStart": 70, "offsetEnd": 82}, "context": "This issue has been recently partially solved with the arrival of the AudioWorklet node and a new WebAssembly standard in 2018 .", "mentionContextAttributes": {"used": {"value": false, "score": 0.0001189112663269043}, "created": {"value": false, "score": 0.0029352307319641113}, "shared": {"value": false, "score": 1.2516975402832031e-06}}, "documentContextAttributes": {"used": {"value": false, "score": 0.0006461739540100098}, "created": {"value": false, "score": 0.06136953830718994}, "shared": {"value": false, "score": 1.2516975402832031e-06}}}, {"type": "software", "software-type": "software", "wikidataId": "Q3276556", "wikipediaExternalRef": 2692227, "lang": "en", "confidence": 0.3444, "software-name": {"rawForm": ".lib", "normalizedForm": ".lib", "wikidataId": "Q3276556", "wikipediaExternalRef": 2692227, "lang": "en", "confidence": 0.3444, "offsetStart": 71, "offsetEnd": 75}, "context": "The FAUST team did the port and provided us with the so-called webaudio.lib ", "mentionContextAttributes": {"used": {"value": true, "score": 0.9992499351501465}, "created": {"value": false, "score": 0.0015472769737243652}, "shared": {"value": false, "score": 5.364418029785156e-07}}, "documentContextAttributes": {"used": {"value": true, "score": 0.9992499351501465}, "created": {"value": false, "score": 0.0015472769737243652}, "shared": {"value": false, "score": 5.364418029785156e-07}}}, {"type": "software", "software-type": "implicit", "software-name": {"rawForm": "code", "normalizedForm": "code", "offsetStart": 72, "offsetEnd": 76}, "language": {"rawForm": "JavaScript", "normalizedForm": "JavaScript", "wikidataId": "Q2005", "offsetStart": 61, "offsetEnd": 71}, "context": "FAUST has proven to be particularly suitable for porting the JavaScript code of an existing Power Amp in a very similar way, freeing it from the limitations, inconsistencies and constraints of the WebAudio API. ", "mentionContextAttributes": {"used": {"value": false, "score": 3.355741500854492e-05}, "created": {"value": false, "score": 0.0022568702697753906}, "shared": {"value": false, "score": 7.170438766479492e-05}}, "documentContextAttributes": {"used": {"value": true, "score": 0.9999845623970032}, "created": {"value": false, "score": 0.0022568702697753906}, "shared": {"value": false, "score": 7.170438766479492e-05}}}, {"type": "software", "software-type": "software", "wikidataId": "Q1398550", "wikipediaExternalRef": 4532356, "lang": "en", "confidence": 0.3648, "software-name": {"rawForm": "FAUST", "normalizedForm": "FAUST", "wikidataId": "Q1398550", "wikipediaExternalRef": 4532356, "lang": "en", "confidence": 0.3648, "offsetStart": 73, "offsetEnd": 78}, "context": "We already did that in the past by replacing the tonestack stage by some FAUST implementations[2].", "mentionContextAttributes": {"used": {"value": false, "score": 0.041906654834747314}, "created": {"value": false, "score": 0.0012746453285217285}, "shared": {"value": false, "score": 1.7881393432617188e-07}}, "documentContextAttributes": {"used": {"value": true, "score": 0.9999884963035583}, "created": {"value": true, "score": 0.9931790232658386}, "shared": {"value": false, "score": 7.170438766479492e-05}}}, {"type": "software", "software-type": "software", "software-name": {"rawForm": "WebAudio", "normalizedForm": "WebAudio", "offsetStart": 74, "offsetEnd": 82}, "context": "The lamps and filters are identified and simulated part by part using the WebAudio API.", "mentionContextAttributes": {"used": {"value": true, "score": 0.9995424151420593}, "created": {"value": false, "score": 0.00017070770263671875}, "shared": {"value": false, "score": 5.364418029785156e-07}}, "documentContextAttributes": {"used": {"value": true, "score": 0.9999845623970032}, "created": {"value": true, "score": 0.9983755350112915}, "shared": {"value": true, "score": 0.952591061592102}}, "references": [{"label": "[6]", "normalizedForm": "[6]", "refKey": 6}]}, {"type": "software", "software-type": "software", "wikidataId": "Q1398550", "wikipediaExternalRef": 4532356, "lang": "en", "confidence": 0.3648, "software-name": {"rawForm": "FAUST", "normalizedForm": "FAUST", "wikidataId": "Q1398550", "wikipediaExternalRef": 4532356, "lang": "en", "confidence": 0.3648, "offsetStart": 76, "offsetEnd": 81}, "context": "In a second step we used the FAUST IDE to create a WebAudio plugin from the FAUST implementation of the Power Amp (Fig. 14) and we chained a special version of our tube guitar amplifier simulations in which we bypassed the embedded power amp and cabinet simulation stages (Fig. 15), and compared with the full featured, JavaScript based simulations.", "mentionContextAttributes": {"used": {"value": true, "score": 0.9934813976287842}, "created": {"value": false, "score": 0.006090223789215088}, "shared": {"value": false, "score": 1.3709068298339844e-06}}, "documentContextAttributes": {"used": {"value": true, "score": 0.9999884963035583}, "created": {"value": true, "score": 0.9931790232658386}, "shared": {"value": false, "score": 7.170438766479492e-05}}}, {"type": "software", "software-type": "software", "software-name": {"rawForm": "WebAudio API", "normalizedForm": "WebAudio API", "offsetStart": 76, "offsetEnd": 88}, "context": "So far, our simulations were fully developed in JavaScript and based on the WebAudio API.", "mentionContextAttributes": {"used": {"value": true, "score": 0.8528262972831726}, "created": {"value": true, "score": 0.9852453470230103}, "shared": {"value": false, "score": 3.629922866821289e-05}}, "documentContextAttributes": {"used": {"value": true, "score": 0.9882647395133972}, "created": {"value": true, "score": 0.9997885227203369}, "shared": {"value": false, "score": 3.629922866821289e-05}}}, {"type": "software", "software-type": "software", "software-name": {"rawForm": "WebAudio", "normalizedForm": "WebAudio", "offsetStart": 79, "offsetEnd": 87}, "context": "It can be implemented real-time within a browser and is surely more adapted to WebAudio, its ecosystem and its limitations.", "mentionContextAttributes": {"used": {"value": false, "score": 4.690885543823242e-05}, "created": {"value": false, "score": 0.030170917510986328}, "shared": {"value": false, "score": 0.0004195570945739746}}, "documentContextAttributes": {"used": {"value": true, "score": 0.9999845623970032}, "created": {"value": true, "score": 0.9983755350112915}, "shared": {"value": true, "score": 0.952591061592102}}, "references": [{"label": "[6]", "normalizedForm": "[6]", "refKey": 6}]}, {"type": "software", "software-type": "software", "wikidataId": "Q1398550", "wikipediaExternalRef": 4532356, "lang": "en", "confidence": 0.3648, "software-name": {"rawForm": "FAUST", "normalizedForm": "FAUST", "wikidataId": "Q1398550", "wikipediaExternalRef": 4532356, "lang": "en", "confidence": 0.3648, "offsetStart": 86, "offsetEnd": 91}, "context": "guitarix tube simulations), as we must be able to run these in a Web browser, and the FAUST toolchain still does not support hybrid FAUST/C source code when the compilation target is set to WebAudio/WebAssembly. The Temper distortion simulation, however, used a 100% FAUST based implementation of a simple waveshaper that produced a warm, adjustable, distortion sound that could easily fit our needs.", "mentionContextAttributes": {"used": {"value": true, "score": 0.9108692407608032}, "created": {"value": false, "score": 0.00018310546875}, "shared": {"value": false, "score": 1.0311603546142578e-05}}, "documentContextAttributes": {"used": {"value": true, "score": 0.9999884963035583}, "created": {"value": true, "score": 0.9931790232658386}, "shared": {"value": false, "score": 7.170438766479492e-05}}}, {"type": "software", "software-type": "software", "software-name": {"rawForm": "WebAudio", "normalizedForm": "WebAudio", "offsetStart": 86, "offsetEnd": 94}, "context": "Nevertheless, we encountered many issues in the implementation of our signal loops in WebAudio. ", "mentionContextAttributes": {"used": {"value": false, "score": 0.010659933090209961}, "created": {"value": true, "score": 0.9983755350112915}, "shared": {"value": false, "score": 2.980232238769531e-07}}, "documentContextAttributes": {"used": {"value": true, "score": 0.9999845623970032}, "created": {"value": true, "score": 0.9983755350112915}, "shared": {"value": true, "score": 0.952591061592102}}, "references": [{"label": "[6]", "normalizedForm": "[6]", "refKey": 6}]}, {"type": "software", "software-type": "software", "software-name": {"rawForm": "WebAudio", "normalizedForm": "WebAudio", "offsetStart": 86, "offsetEnd": 94}, "context": "Aware of the great difficulties encountered in simulating the power amp in JavaScript/WebAudio, we first tried to re-create as faithfully as possible the signal chain that gave good results. ", "mentionContextAttributes": {"used": {"value": true, "score": 0.6808866858482361}, "created": {"value": false, "score": 0.12396067380905151}, "shared": {"value": false, "score": 5.364418029785156e-07}}, "documentContextAttributes": {"used": {"value": true, "score": 0.9999845623970032}, "created": {"value": true, "score": 0.9983755350112915}, "shared": {"value": true, "score": 0.952591061592102}}, "references": [{"label": "[6]", "normalizedForm": "[6]", "refKey": 6}]}, {"type": "software", "software-type": "software", "software-name": {"rawForm": "WebAudio 18", "normalizedForm": "WebAudio 18", "offsetStart": 87, "offsetEnd": 98}, "context": "Results can be seen/heard in a video we published online , or in the online pedalboard WebAudio 18 application .", "mentionContextAttributes": {"used": {"value": false, "score": 0.0038553476333618164}, "created": {"value": false, "score": 0.010061085224151611}, "shared": {"value": false, "score": 0.19464725255966187}}, "documentContextAttributes": {"used": {"value": false, "score": 0.0038553476333618164}, "created": {"value": false, "score": 0.010061085224151611}, "shared": {"value": false, "score": 0.19464725255966187}}}, {"type": "software", "software-type": "software", "software-name": {"rawForm": "WebAudio", "normalizedForm": "WebAudio", "offsetStart": 93, "offsetEnd": 101}, "context": "This way, we can replace the current power amp implementation (made of a dozen of high level WebAudio nodes) with a single FAUST generated AudioWorklet node .", "mentionContextAttributes": {"used": {"value": false, "score": 0.0006461739540100098}, "created": {"value": false, "score": 0.06136953830718994}, "shared": {"value": false, "score": 2.980232238769531e-07}}, "documentContextAttributes": {"used": {"value": true, "score": 0.9999845623970032}, "created": {"value": true, "score": 0.9983755350112915}, "shared": {"value": true, "score": 0.952591061592102}}, "references": [{"label": "[6]", "normalizedForm": "[6]", "refKey": 6}]}, {"type": "software", "software-type": "software", "wikidataId": "Q1398550", "wikipediaExternalRef": 4532356, "lang": "en", "confidence": 0.3648, "software-name": {"rawForm": "FAUST", "normalizedForm": "FAUST", "wikidataId": "Q1398550", "wikipediaExternalRef": 4532356, "lang": "en", "confidence": 0.3648, "offsetStart": 95, "offsetEnd": 100}, "context": "This confirms a saving of 3ms in accordance with the difference of processing of loops between FAUST (sample-wise) and WebAudio API/JavaScript (block based).", "mentionContextAttributes": {"used": {"value": true, "score": 0.9882647395133972}, "created": {"value": false, "score": 1.6748905181884766e-05}, "shared": {"value": false, "score": 2.980232238769531e-07}}, "documentContextAttributes": {"used": {"value": true, "score": 0.9999884963035583}, "created": {"value": true, "score": 0.9931790232658386}, "shared": {"value": false, "score": 7.170438766479492e-05}}}, {"type": "software", "software-type": "software", "wikidataId": "Q20155677", "wikipediaExternalRef": 47013794, "lang": "en", "confidence": 0.9161, "software-name": {"rawForm": "WebAssembly", "normalizedForm": "WebAssembly", "wikidataId": "Q20155677", "wikipediaExternalRef": 47013794, "lang": "en", "confidence": 0.9161, "offsetStart": 98, "offsetEnd": 109}, "context": "This issue has been recently partially solved with the arrival of the AudioWorklet node and a new WebAssembly standard in 2018 . ", "mentionContextAttributes": {"used": {"value": false, "score": 0.0001189112663269043}, "created": {"value": false, "score": 0.0029352307319641113}, "shared": {"value": false, "score": 1.2516975402832031e-06}}, "documentContextAttributes": {"used": {"value": true, "score": 0.9795815348625183}, "created": {"value": true, "score": 0.9910354614257812}, "shared": {"value": false, "score": 0.0002582073211669922}}}, {"type": "software", "software-type": "software", "software-name": {"rawForm": "WebAudio", "normalizedForm": "WebAudio", "offsetStart": 99, "offsetEnd": 107}, "context": "We will conclude by comparing the advantages and disadvantages of the two approaches (JavaScript + WebAudio high level nodes vs. FAUST/WebAssembly) with special care on the performance measurements (latency, cpu usage, etc.) (Section 6).", "mentionContextAttributes": {"used": {"value": true, "score": 0.9795815348625183}, "created": {"value": false, "score": 1.615285873413086e-05}, "shared": {"value": false, "score": 1.7881393432617188e-07}}, "documentContextAttributes": {"used": {"value": true, "score": 0.9999845623970032}, "created": {"value": true, "score": 0.9983755350112915}, "shared": {"value": true, "score": 0.952591061592102}}, "references": [{"label": "[6]", "normalizedForm": "[6]", "refKey": 6}]}, {"type": "software", "software-type": "software", "software-name": {"rawForm": "WebAudio", "normalizedForm": "WebAudio", "offsetStart": 103, "offsetEnd": 111}, "context": "This work consisted in emulating the different parts of the electronic circuit of this amplifier using WebAudio, implementing the necessary signal processing algorithms using the available API, and finding adequate solutions to circumvent some limitations specific to the web browser environment (thread priority, latency, JavaScript API limitations).", "mentionContextAttributes": {"used": {"value": false, "score": 0.06636667251586914}, "created": {"value": true, "score": 0.8272244334220886}, "shared": {"value": false, "score": 8.940696716308594e-07}}, "documentContextAttributes": {"used": {"value": true, "score": 0.9999845623970032}, "created": {"value": true, "score": 0.9983755350112915}, "shared": {"value": true, "score": 0.952591061592102}}, "references": [{"label": "[6]", "normalizedForm": "[6]", "refKey": 6}]}, {"type": "software", "software-type": "software", "wikidataId": "Q1398550", "wikipediaExternalRef": 4532356, "lang": "en", "confidence": 0.3648, "software-name": {"rawForm": "FAUST", "normalizedForm": "FAUST", "wikidataId": "Q1398550", "wikipediaExternalRef": 4532356, "lang": "en", "confidence": 0.3648, "offsetStart": 105, "offsetEnd": 110}, "context": "After trying to adapt existing FAUST filters to behave like WebAudio filter ones, and after talking with FAUST and WebAudio implementers the conclusion was that for a really faithfull behavior, it would be better to start from the original C++ implementation of the WebAudio filter API, taken from the Chromium browser source code.", "mentionContextAttributes": {"used": {"value": true, "score": 0.8167415261268616}, "created": {"value": false, "score": 0.00015974044799804688}, "shared": {"value": false, "score": 1.9669532775878906e-06}}, "documentContextAttributes": {"used": {"value": true, "score": 0.9999884963035583}, "created": {"value": true, "score": 0.9931790232658386}, "shared": {"value": false, "score": 7.170438766479492e-05}}}, {"type": "software", "software-type": "software", "software-name": {"rawForm": "Adenot", "normalizedForm": "Adenot", "offsetStart": 105, "offsetEnd": 111}, "context": "We have reported these errors and discussed them with the implementers (Raymond Toy from Google and Paul Adenot from Firefox) but so far, nothing has been fixed (September 2020). ", "mentionContextAttributes": {"used": {"value": true, "score": 0.9817621111869812}, "created": {"value": false, "score": 0.02602672576904297}, "shared": {"value": false, "score": 4.172325134277344e-07}}, "documentContextAttributes": {"used": {"value": true, "score": 0.9817621111869812}, "created": {"value": false, "score": 0.02602672576904297}, "shared": {"value": false, "score": 4.172325134277344e-07}}}, {"type": "software", "software-type": "software", "software-name": {"rawForm": "WebAudio API", "normalizedForm": "WebAudio API", "offsetStart": 107, "offsetEnd": 119}, "context": "Proper simulations of NFB and Presence have been quite difficult to achieve due to some limitations of the WebAudio API and divergences/bugs in how browsers generally parse the WebAudio graphs with loops. ", "mentionContextAttributes": {"used": {"value": false, "score": 0.0006154179573059082}, "created": {"value": false, "score": 0.00038558244705200195}, "shared": {"value": false, "score": 2.086162567138672e-06}}, "documentContextAttributes": {"used": {"value": true, "score": 0.9882647395133972}, "created": {"value": true, "score": 0.9997885227203369}, "shared": {"value": false, "score": 3.629922866821289e-05}}}, {"type": "software", "software-type": "software", "software-name": {"rawForm": "WebAudio", "normalizedForm": "WebAudio", "offsetStart": 114, "offsetEnd": 122}, "context": "To our knowledge, there is no previous research work that has tried to simulate a complete guitar amplifier using WebAudio. ", "mentionContextAttributes": {"used": {"value": false, "score": 0.00020956993103027344}, "created": {"value": true, "score": 0.9678786993026733}, "shared": {"value": false, "score": 5.364418029785156e-07}}, "documentContextAttributes": {"used": {"value": true, "score": 0.9999845623970032}, "created": {"value": true, "score": 0.9983755350112915}, "shared": {"value": true, "score": 0.952591061592102}}, "references": [{"label": "[6]", "normalizedForm": "[6]", "refKey": 6}]}, {"type": "software", "software-type": "software", "software-name": {"rawForm": "WebAudio", "normalizedForm": "WebAudio", "offsetStart": 115, "offsetEnd": 123}, "context": "After trying to adapt existing FAUST filters to behave like WebAudio filter ones, and after talking with FAUST and WebAudio implementers the conclusion was that for a really faithfull behavior, it would be better to start from the original C++ implementation of the WebAudio filter API, taken from the Chromium browser source code. ", "mentionContextAttributes": {"used": {"value": true, "score": 0.8167415261268616}, "created": {"value": false, "score": 0.00015974044799804688}, "shared": {"value": false, "score": 1.9669532775878906e-06}}, "documentContextAttributes": {"used": {"value": true, "score": 0.9999845623970032}, "created": {"value": true, "score": 0.9983755350112915}, "shared": {"value": true, "score": 0.952591061592102}}, "references": [{"label": "[6]", "normalizedForm": "[6]", "refKey": 6}]}, {"type": "software", "software-type": "software", "software-name": {"rawForm": "Firefox", "normalizedForm": "Firefox", "offsetStart": 117, "offsetEnd": 124}, "context": "We have reported these errors and discussed them with the implementers (Raymond Toy from Google and Paul Adenot from Firefox) but so far, nothing has been fixed (September 2020). ", "mentionContextAttributes": {"used": {"value": true, "score": 0.9817621111869812}, "created": {"value": false, "score": 0.02602672576904297}, "shared": {"value": false, "score": 4.172325134277344e-07}}, "documentContextAttributes": {"used": {"value": true, "score": 0.9817621111869812}, "created": {"value": false, "score": 0.02602672576904297}, "shared": {"value": false, "score": 2.205371856689453e-06}}}, {"type": "software", "software-type": "software", "software-name": {"rawForm": "WebAudio API", "normalizedForm": "WebAudio API", "offsetStart": 119, "offsetEnd": 131}, "context": "This confirms a saving of 3ms in accordance with the difference of processing of loops between FAUST (sample-wise) and WebAudio API/JavaScript (block based). ", "mentionContextAttributes": {"used": {"value": true, "score": 0.9882647395133972}, "created": {"value": false, "score": 1.6748905181884766e-05}, "shared": {"value": false, "score": 2.980232238769531e-07}}, "documentContextAttributes": {"used": {"value": true, "score": 0.9882647395133972}, "created": {"value": true, "score": 0.9997885227203369}, "shared": {"value": false, "score": 3.629922866821289e-05}}}, {"type": "software", "software-type": "software", "wikidataId": "Q1398550", "wikipediaExternalRef": 4532356, "lang": "en", "confidence": 0.3648, "software-name": {"rawForm": "FAUST", "normalizedForm": "FAUST", "wikidataId": "Q1398550", "wikipediaExternalRef": 4532356, "lang": "en", "confidence": 0.3648, "offsetStart": 123, "offsetEnd": 128}, "context": "This way, we can replace the current power amp implementation (made of a dozen of high level WebAudio nodes) with a single FAUST generated AudioWorklet node .", "mentionContextAttributes": {"used": {"value": false, "score": 0.0006461739540100098}, "created": {"value": false, "score": 0.06136953830718994}, "shared": {"value": false, "score": 2.980232238769531e-07}}, "documentContextAttributes": {"used": {"value": true, "score": 0.9999884963035583}, "created": {"value": true, "score": 0.9931790232658386}, "shared": {"value": false, "score": 7.170438766479492e-05}}}, {"type": "software", "software-type": "software", "wikidataId": "Q1398550", "wikipediaExternalRef": 4532356, "lang": "en", "confidence": 0.3648, "software-name": {"rawForm": "FAUST", "normalizedForm": "FAUST", "wikidataId": "Q1398550", "wikipediaExternalRef": 4532356, "lang": "en", "confidence": 0.3648, "offsetStart": 129, "offsetEnd": 134}, "context": "We will conclude by comparing the advantages and disadvantages of the two approaches (JavaScript + WebAudio high level nodes vs. FAUST/WebAssembly) with special care on the performance measurements (latency, cpu usage, etc.) (Section 6).", "mentionContextAttributes": {"used": {"value": true, "score": 0.9795815348625183}, "created": {"value": false, "score": 1.615285873413086e-05}, "shared": {"value": false, "score": 1.7881393432617188e-07}}, "documentContextAttributes": {"used": {"value": true, "score": 0.9999884963035583}, "created": {"value": true, "score": 0.9931790232658386}, "shared": {"value": false, "score": 7.170438766479492e-05}}}, {"type": "software", "software-type": "software", "wikidataId": "Q1398550", "wikipediaExternalRef": 4532356, "lang": "en", "confidence": 0.3648, "software-name": {"rawForm": "FAUST", "normalizedForm": "FAUST", "wikidataId": "Q1398550", "wikipediaExternalRef": 4532356, "lang": "en", "confidence": 0.3648, "offsetStart": 132, "offsetEnd": 137}, "context": "guitarix tube simulations), as we must be able to run these in a Web browser, and the FAUST toolchain still does not support hybrid FAUST/C source code when the compilation target is set to WebAudio/WebAssembly. The Temper distortion simulation, however, used a 100% FAUST based implementation of a simple waveshaper that produced a warm, adjustable, distortion sound that could easily fit our needs.", "mentionContextAttributes": {"used": {"value": true, "score": 0.9108692407608032}, "created": {"value": false, "score": 0.00018310546875}, "shared": {"value": false, "score": 1.0311603546142578e-05}}, "documentContextAttributes": {"used": {"value": true, "score": 0.9999884963035583}, "created": {"value": true, "score": 0.9931790232658386}, "shared": {"value": false, "score": 7.170438766479492e-05}}}, {"type": "software", "software-type": "software", "wikidataId": "Q1398550", "wikipediaExternalRef": 4532356, "lang": "en", "confidence": 0.3648, "software-name": {"rawForm": "FAUST", "normalizedForm": "FAUST", "wikidataId": "Q1398550", "wikipediaExternalRef": 4532356, "lang": "en", "confidence": 0.3648, "offsetStart": 134, "offsetEnd": 139}, "context": "We did not investigate some aspects that can still be improved/optimized, such as the implementation of a full-featured waveshaper in FAUST (based on pre-calculated tables and interpolation to describe the transfer function, for example), or on more complex tube models. ", "mentionContextAttributes": {"used": {"value": false, "score": 0.00016546249389648438}, "created": {"value": true, "score": 0.8713014125823975}, "shared": {"value": false, "score": 2.980232238769531e-07}}, "documentContextAttributes": {"used": {"value": true, "score": 0.9999884963035583}, "created": {"value": true, "score": 0.9931790232658386}, "shared": {"value": false, "score": 7.170438766479492e-05}}}, {"type": "software", "software-type": "software", "wikidataId": "Q20155677", "wikipediaExternalRef": 47013794, "lang": "en", "confidence": 0.9161, "software-name": {"rawForm": "WebAssembly", "normalizedForm": "WebAssembly", "wikidataId": "Q20155677", "wikipediaExternalRef": 47013794, "lang": "en", "confidence": 0.9161, "offsetStart": 135, "offsetEnd": 146}, "context": "We will conclude by comparing the advantages and disadvantages of the two approaches (JavaScript + WebAudio high level nodes vs. FAUST/WebAssembly) with special care on the performance measurements (latency, cpu usage, etc.) (Section 6).", "mentionContextAttributes": {"used": {"value": true, "score": 0.9795815348625183}, "created": {"value": false, "score": 1.615285873413086e-05}, "shared": {"value": false, "score": 1.7881393432617188e-07}}, "documentContextAttributes": {"used": {"value": true, "score": 0.9795815348625183}, "created": {"value": true, "score": 0.9910354614257812}, "shared": {"value": false, "score": 0.0002582073211669922}}}, {"type": "software", "software-type": "software", "software-name": {"rawForm": "AudioWorklet", "normalizedForm": "AudioWorklet", "offsetStart": 139, "offsetEnd": 151}, "context": "This way, we can replace the current power amp implementation (made of a dozen of high level WebAudio nodes) with a single FAUST generated AudioWorklet node .", "mentionContextAttributes": {"used": {"value": false, "score": 0.0006461739540100098}, "created": {"value": false, "score": 0.06136953830718994}, "shared": {"value": false, "score": 2.980232238769531e-07}}, "documentContextAttributes": {"used": {"value": false, "score": 0.0006461739540100098}, "created": {"value": false, "score": 0.06136953830718994}, "shared": {"value": false, "score": 1.2516975402832031e-06}}}, {"type": "software", "software-type": "software", "software-name": {"rawForm": "WebAudio", "normalizedForm": "WebAudio", "offsetStart": 143, "offsetEnd": 151}, "context": "In this paper, we will detail how a PowerAmp works (Section 3), introduce our initial solution to mitigate the block-processing limitations of WebAudio (Section 4), and devote the rest of the article to detail our FAUST and WebAssembly-based approaches to achieve more faithful low-latency simulations (Section 5). ", "mentionContextAttributes": {"used": {"value": false, "score": 0.0002459287643432617}, "created": {"value": true, "score": 0.9910354614257812}, "shared": {"value": false, "score": 5.364418029785156e-07}}, "documentContextAttributes": {"used": {"value": true, "score": 0.9999845623970032}, "created": {"value": true, "score": 0.9983755350112915}, "shared": {"value": true, "score": 0.952591061592102}}, "references": [{"label": "[6]", "normalizedForm": "[6]", "refKey": 6}]}, {"type": "software", "software-type": "software", "software-name": {"rawForm": "WebAudio", "normalizedForm": "WebAudio", "offsetStart": 151, "offsetEnd": 159}, "context": "Being able to adjust all the parameters (gains, filter parameters, transfer function of the waveshaper, etc.) is crucial to fine tune this stage using WebAudio nodes. ", "mentionContextAttributes": {"used": {"value": false, "score": 0.1289384961128235}, "created": {"value": false, "score": 5.906820297241211e-05}, "shared": {"value": false, "score": 2.980232238769531e-07}}, "documentContextAttributes": {"used": {"value": true, "score": 0.9999845623970032}, "created": {"value": true, "score": 0.9983755350112915}, "shared": {"value": true, "score": 0.952591061592102}}, "references": [{"label": "[6]", "normalizedForm": "[6]", "refKey": 6}]}, {"type": "software", "software-type": "software", "wikidataId": "Q1398550", "wikipediaExternalRef": 4532356, "lang": "en", "confidence": 0.3648, "software-name": {"rawForm": "FAUST", "normalizedForm": "FAUST", "wikidataId": "Q1398550", "wikipediaExternalRef": 4532356, "lang": "en", "confidence": 0.3648, "offsetStart": 156, "offsetEnd": 161}, "context": "for the Power Amp, we did measurements of the \"end-to-end\" latency, from guitar to cabinet and obtained consistently better values for latency with the new FAUST implementation: around 20-21 ms compared to the 23-24 ms latency of our previous finely-tuned JavaScript implementation (both using a Firefox Nightly 75.0a1 browser with an external Focusrite Scarlett and a Macbook Pro 16 under 10.14).", "mentionContextAttributes": {"used": {"value": true, "score": 0.9963128566741943}, "created": {"value": false, "score": 7.927417755126953e-06}, "shared": {"value": false, "score": 6.556510925292969e-07}}, "documentContextAttributes": {"used": {"value": true, "score": 0.9999884963035583}, "created": {"value": true, "score": 0.9931790232658386}, "shared": {"value": false, "score": 7.170438766479492e-05}}}, {"type": "software", "software-type": "software", "wikidataId": "Q1398550", "wikipediaExternalRef": 4532356, "lang": "en", "confidence": 0.3648, "software-name": {"rawForm": "FAUST", "normalizedForm": "FAUST", "wikidataId": "Q1398550", "wikipediaExternalRef": 4532356, "lang": "en", "confidence": 0.3648, "offsetStart": 157, "offsetEnd": 162}, "context": "For example, using the same types of filters with the same parameters, the same transfer function with the core issue of simulating properly a waveshaper in FAUST, the same gain values, etc.", "mentionContextAttributes": {"used": {"value": false, "score": 0.4996199607849121}, "created": {"value": false, "score": 1.5676021575927734e-05}, "shared": {"value": false, "score": 1.7881393432617188e-07}}, "documentContextAttributes": {"used": {"value": true, "score": 0.9999884963035583}, "created": {"value": true, "score": 0.9931790232658386}, "shared": {"value": false, "score": 7.170438766479492e-05}}}, {"type": "software", "software-type": "software", "software-name": {"rawForm": "WebAudio API", "normalizedForm": "WebAudio API", "offsetStart": 176, "offsetEnd": 188}, "context": "In this paper, we detail our on-going browser-based re-creations of famous tube guitar amplifiers and describe the JavaScript implementations we have been developing using the WebAudio API. ", "mentionContextAttributes": {"used": {"value": false, "score": 0.0001418590545654297}, "created": {"value": true, "score": 0.9997885227203369}, "shared": {"value": false, "score": 6.377696990966797e-06}}, "documentContextAttributes": {"used": {"value": true, "score": 0.9882647395133972}, "created": {"value": true, "score": 0.9997885227203369}, "shared": {"value": false, "score": 3.629922866821289e-05}}}, {"type": "software", "software-type": "software", "software-name": {"rawForm": "Chrome", "normalizedForm": "Chrome", "offsetStart": 177, "offsetEnd": 183}, "context": "With the current limitations in WebAudio, and quite strangely, this 3ms delay in the loop to conform to the specs, brings slightly different coloring of the amps between FF and Chrome. ", "mentionContextAttributes": {"used": {"value": false, "score": 0.00043886899948120117}, "created": {"value": false, "score": 7.587671279907227e-05}, "shared": {"value": false, "score": 4.172325134277344e-07}}, "documentContextAttributes": {"used": {"value": false, "score": 0.02123206853866577}, "created": {"value": false, "score": 7.587671279907227e-05}, "shared": {"value": false, "score": 2.205371856689453e-06}}}, {"type": "software", "software-type": "software", "software-name": {"rawForm": "WebAudio", "normalizedForm": "WebAudio", "offsetStart": 177, "offsetEnd": 185}, "context": "Proper simulations of NFB and Presence have been quite difficult to achieve due to some limitations of the WebAudio API and divergences/bugs in how browsers generally parse the WebAudio graphs with loops. ", "mentionContextAttributes": {"used": {"value": false, "score": 0.0006154179573059082}, "created": {"value": false, "score": 0.00038558244705200195}, "shared": {"value": false, "score": 2.086162567138672e-06}}, "documentContextAttributes": {"used": {"value": true, "score": 0.9999845623970032}, "created": {"value": true, "score": 0.9983755350112915}, "shared": {"value": true, "score": 0.952591061592102}}, "references": [{"label": "[6]", "normalizedForm": "[6]", "refKey": 6}]}, {"type": "software", "software-type": "software", "wikidataId": "Q1398550", "wikipediaExternalRef": 4532356, "lang": "en", "confidence": 0.3648, "software-name": {"rawForm": "FAUST", "normalizedForm": "FAUST", "wikidataId": "Q1398550", "wikipediaExternalRef": 4532356, "lang": "en", "confidence": 0.3648, "offsetStart": 181, "offsetEnd": 186}, "context": "To circumvent these limitations and allow a proper sample-wise accuracy in the processing of loops, we decided to re-implement the NFB loop (and other critical parts in general) in FAUST as AudioWorklets, ending up re-implementing all the processing nodes present in the circuit: filters, gain and wave shaper, in this language.", "mentionContextAttributes": {"used": {"value": false, "score": 0.008364081382751465}, "created": {"value": false, "score": 0.01017528772354126}, "shared": {"value": false, "score": 4.172325134277344e-07}}, "documentContextAttributes": {"used": {"value": true, "score": 0.9999884963035583}, "created": {"value": true, "score": 0.9931790232658386}, "shared": {"value": false, "score": 7.170438766479492e-05}}}, {"type": "software", "software-type": "software", "wikidataId": "Q1398550", "wikipediaExternalRef": 4532356, "lang": "en", "confidence": 0.3648, "software-name": {"rawForm": "FAUST", "normalizedForm": "FAUST", "wikidataId": "Q1398550", "wikipediaExternalRef": 4532356, "lang": "en", "confidence": 0.3648, "offsetStart": 184, "offsetEnd": 189}, "context": "The processing in our JavaScript implementation was based on blocks of 128 samples, inducing an undesirable delay of 3ms in the back-fed signal as opposed to only two samples with the FAUST loop .", "mentionContextAttributes": {"used": {"value": true, "score": 0.9998307228088379}, "created": {"value": false, "score": 0.01678633689880371}, "shared": {"value": false, "score": 1.7881393432617188e-07}}, "documentContextAttributes": {"used": {"value": true, "score": 0.9999884963035583}, "created": {"value": true, "score": 0.9931790232658386}, "shared": {"value": false, "score": 7.170438766479492e-05}}}, {"type": "software", "software-type": "software", "wikidataId": "Q1398550", "wikipediaExternalRef": 4532356, "lang": "en", "confidence": 0.3648, "software-name": {"rawForm": "FAUST", "normalizedForm": "FAUST", "wikidataId": "Q1398550", "wikipediaExternalRef": 4532356, "lang": "en", "confidence": 0.3648, "offsetStart": 190, "offsetEnd": 195}, "context": "In addition, the use of the FAUST IDE for coding, debugging and profiling this Power Amp plugin has been evaluated by six audio plugin developers with different levels of expertise with the FAUST language.", "mentionContextAttributes": {"used": {"value": true, "score": 0.858816385269165}, "created": {"value": false, "score": 0.0009992718696594238}, "shared": {"value": false, "score": 1.1324882507324219e-06}}, "documentContextAttributes": {"used": {"value": true, "score": 0.9999884963035583}, "created": {"value": true, "score": 0.9931790232658386}, "shared": {"value": false, "score": 7.170438766479492e-05}}}, {"type": "software", "software-type": "software", "software-name": {"rawForm": "WebAudio", "normalizedForm": "WebAudio", "offsetStart": 190, "offsetEnd": 198}, "context": "guitarix tube simulations), as we must be able to run these in a Web browser, and the FAUST toolchain still does not support hybrid FAUST/C source code when the compilation target is set to WebAudio/WebAssembly. The Temper distortion simulation, however, used a 100% FAUST based implementation of a simple waveshaper that produced a warm, adjustable, distortion sound that could easily fit our needs. ", "mentionContextAttributes": {"used": {"value": true, "score": 0.9108692407608032}, "created": {"value": false, "score": 0.00018310546875}, "shared": {"value": false, "score": 1.0311603546142578e-05}}, "documentContextAttributes": {"used": {"value": true, "score": 0.9999845623970032}, "created": {"value": true, "score": 0.9983755350112915}, "shared": {"value": true, "score": 0.952591061592102}}, "references": [{"label": "[6]", "normalizedForm": "[6]", "refKey": 6}]}, {"type": "software", "software-type": "software", "software-name": {"rawForm": "AudioWorklets", "normalizedForm": "AudioWorklets", "offsetStart": 190, "offsetEnd": 203}, "context": "To circumvent these limitations and allow a proper sample-wise accuracy in the processing of loops, we decided to re-implement the NFB loop (and other critical parts in general) in FAUST as AudioWorklets, ending up re-implementing all the processing nodes present in the circuit: filters, gain and wave shaper, in this language.", "mentionContextAttributes": {"used": {"value": false, "score": 0.008364081382751465}, "created": {"value": false, "score": 0.01017528772354126}, "shared": {"value": false, "score": 4.172325134277344e-07}}, "documentContextAttributes": {"used": {"value": false, "score": 0.008364081382751465}, "created": {"value": false, "score": 0.01017528772354126}, "shared": {"value": false, "score": 4.172325134277344e-07}}}, {"type": "software", "software-type": "software", "wikidataId": "Q1398550", "wikipediaExternalRef": 4532356, "lang": "en", "confidence": 0.3648, "software-name": {"rawForm": "FAUST", "normalizedForm": "FAUST", "wikidataId": "Q1398550", "wikipediaExternalRef": 4532356, "lang": "en", "confidence": 0.3648, "offsetStart": 197, "offsetEnd": 202}, "context": "Fortunately, FAUST quickly proposed WebAudio/WebAssembly as a compilation target and proved to be an ideal framework for developing powerful custom code (we even did some personal contributions to FAUST's WebAudio support) [6].", "mentionContextAttributes": {"used": {"value": false, "score": 0.0013814568519592285}, "created": {"value": false, "score": 0.23507803678512573}, "shared": {"value": false, "score": 2.562999725341797e-06}}, "documentContextAttributes": {"used": {"value": true, "score": 0.9999884963035583}, "created": {"value": true, "score": 0.9931790232658386}, "shared": {"value": false, "score": 7.170438766479492e-05}}}, {"type": "software", "software-type": "software", "software-name": {"rawForm": "WebAudio", "normalizedForm": "WebAudio", "offsetStart": 197, "offsetEnd": 205}, "context": "FAUST has proven to be particularly suitable for porting the JavaScript code of an existing Power Amp in a very similar way, freeing it from the limitations, inconsistencies and constraints of the WebAudio API. ", "mentionContextAttributes": {"used": {"value": false, "score": 3.355741500854492e-05}, "created": {"value": false, "score": 0.0022568702697753906}, "shared": {"value": false, "score": 7.170438766479492e-05}}, "documentContextAttributes": {"used": {"value": true, "score": 0.9999845623970032}, "created": {"value": true, "score": 0.9983755350112915}, "shared": {"value": true, "score": 0.952591061592102}}, "references": [{"label": "[6]", "normalizedForm": "[6]", "refKey": 6}]}, {"type": "software", "software-type": "implicit", "software-name": {"rawForm": "code", "normalizedForm": "code", "offsetStart": 198, "offsetEnd": 202}, "language": {"rawForm": "JavaScript", "normalizedForm": "JavaScript", "wikidataId": "Q2005", "offsetStart": 187, "offsetEnd": 197}, "context": "In our approach, we precisely analyzed the electronic schematics of amplifiers: lamps, filters structures, power supply, output transformers were identified and simulated part by part by JavaScript code relying on the WebAudio API. ", "mentionContextAttributes": {"used": {"value": true, "score": 0.9999845623970032}, "created": {"value": false, "score": 0.0005170702934265137}, "shared": {"value": false, "score": 1.7881393432617188e-07}}, "documentContextAttributes": {"used": {"value": true, "score": 0.9999845623970032}, "created": {"value": false, "score": 0.0022568702697753906}, "shared": {"value": false, "score": 7.170438766479492e-05}}}, {"type": "software", "software-type": "software", "wikidataId": "Q20155677", "wikipediaExternalRef": 47013794, "lang": "en", "confidence": 0.9161, "software-name": {"rawForm": "WebAssembly", "normalizedForm": "WebAssembly", "wikidataId": "Q20155677", "wikipediaExternalRef": 47013794, "lang": "en", "confidence": 0.9161, "offsetStart": 199, "offsetEnd": 210}, "context": "guitarix tube simulations), as we must be able to run these in a Web browser, and the FAUST toolchain still does not support hybrid FAUST/C source code when the compilation target is set to WebAudio/WebAssembly. The Temper distortion simulation, however, used a 100% FAUST based implementation of a simple waveshaper that produced a warm, adjustable, distortion sound that could easily fit our needs. ", "mentionContextAttributes": {"used": {"value": true, "score": 0.9108692407608032}, "created": {"value": false, "score": 0.00018310546875}, "shared": {"value": false, "score": 1.0311603546142578e-05}}, "documentContextAttributes": {"used": {"value": true, "score": 0.9795815348625183}, "created": {"value": true, "score": 0.9910354614257812}, "shared": {"value": false, "score": 0.0002582073211669922}}}, {"type": "software", "software-type": "software", "software-name": {"rawForm": "WebAudio", "normalizedForm": "WebAudio", "offsetStart": 205, "offsetEnd": 213}, "context": "Fortunately, FAUST quickly proposed WebAudio/WebAssembly as a compilation target and proved to be an ideal framework for developing powerful custom code (we even did some personal contributions to FAUST's WebAudio support) [6].", "mentionContextAttributes": {"used": {"value": false, "score": 0.0013814568519592285}, "created": {"value": false, "score": 0.23507803678512573}, "shared": {"value": false, "score": 2.562999725341797e-06}}, "documentContextAttributes": {"used": {"value": true, "score": 0.9999845623970032}, "created": {"value": true, "score": 0.9983755350112915}, "shared": {"value": true, "score": 0.952591061592102}}, "references": [{"label": "[6]", "normalizedForm": "[6]", "refKey": 6, "offsetStart": 6202, "offsetEnd": 6205}]}, {"type": "software", "software-type": "software", "software-name": {"rawForm": "WebAudio API", "normalizedForm": "WebAudio API", "offsetStart": 209, "offsetEnd": 221}, "context": "Without this delay node, Firefox stops rendering the graph, while Chrome does not complain but adds, behind the scenes, a 3 ms delay (the minimal delay from a frame audio buffer of 128 sample-frames as within WebAudio API, the signal is always processed in packets of 128 samples, which means that the minimum value for a delay is 128 / sample rate, i.e. about 128/44100 = 3ms). ", "mentionContextAttributes": {"used": {"value": false, "score": 0.02123206853866577}, "created": {"value": false, "score": 2.8014183044433594e-06}, "shared": {"value": false, "score": 2.205371856689453e-06}}, "documentContextAttributes": {"used": {"value": true, "score": 0.9882647395133972}, "created": {"value": true, "score": 0.9997885227203369}, "shared": {"value": false, "score": 3.629922866821289e-05}}}, {"type": "software", "software-type": "software", "wikidataId": "Q1398550", "wikipediaExternalRef": 4532356, "lang": "en", "confidence": 0.3648, "software-name": {"rawForm": "FAUST", "normalizedForm": "FAUST", "wikidataId": "Q1398550", "wikipediaExternalRef": 4532356, "lang": "en", "confidence": 0.3648, "offsetStart": 214, "offsetEnd": 219}, "context": "In this paper, we will detail how a PowerAmp works (Section 3), introduce our initial solution to mitigate the block-processing limitations of WebAudio (Section 4), and devote the rest of the article to detail our FAUST and WebAssembly-based approaches to achieve more faithful low-latency simulations (Section 5).", "mentionContextAttributes": {"used": {"value": false, "score": 0.0002459287643432617}, "created": {"value": true, "score": 0.9910354614257812}, "shared": {"value": false, "score": 5.364418029785156e-07}}, "documentContextAttributes": {"used": {"value": true, "score": 0.9999884963035583}, "created": {"value": true, "score": 0.9931790232658386}, "shared": {"value": false, "score": 7.170438766479492e-05}}}, {"type": "software", "software-type": "software", "software-name": {"rawForm": "WebAudio", "normalizedForm": "WebAudio", "offsetStart": 218, "offsetEnd": 226}, "context": "In our approach, we precisely analyzed the electronic schematics of amplifiers: lamps, filters structures, power supply, output transformers were identified and simulated part by part by JavaScript code relying on the WebAudio API. ", "mentionContextAttributes": {"used": {"value": true, "score": 0.9999845623970032}, "created": {"value": false, "score": 0.0005170702934265137}, "shared": {"value": false, "score": 1.7881393432617188e-07}}, "documentContextAttributes": {"used": {"value": true, "score": 0.9999845623970032}, "created": {"value": true, "score": 0.9983755350112915}, "shared": {"value": true, "score": 0.952591061592102}}, "references": [{"label": "[6]", "normalizedForm": "[6]", "refKey": 6}]}, {"type": "software", "software-type": "software", "wikidataId": "Q20155677", "wikipediaExternalRef": 47013794, "lang": "en", "confidence": 0.9161, "software-name": {"rawForm": "WebAssembly", "normalizedForm": "WebAssembly", "wikidataId": "Q20155677", "wikipediaExternalRef": 47013794, "lang": "en", "confidence": 0.9161, "offsetStart": 224, "offsetEnd": 235}, "context": "In this paper, we will detail how a PowerAmp works (Section 3), introduce our initial solution to mitigate the block-processing limitations of WebAudio (Section 4), and devote the rest of the article to detail our FAUST and WebAssembly-based approaches to achieve more faithful low-latency simulations (Section 5).", "mentionContextAttributes": {"used": {"value": false, "score": 0.0002459883689880371}, "created": {"value": true, "score": 0.9910354614257812}, "shared": {"value": false, "score": 4.76837158203125e-07}}, "documentContextAttributes": {"used": {"value": true, "score": 0.9795815348625183}, "created": {"value": true, "score": 0.9910354614257812}, "shared": {"value": false, "score": 0.0002582073211669922}}}, {"type": "software", "software-type": "software", "software-name": {"rawForm": "WebAudio filter API", "normalizedForm": "WebAudio filter API", "offsetStart": 266, "offsetEnd": 285}, "context": "After trying to adapt existing FAUST filters to behave like WebAudio filter ones, and after talking with FAUST and WebAudio implementers the conclusion was that for a really faithfull behavior, it would be better to start from the original C++ implementation of the WebAudio filter API, taken from the Chromium browser source code. ", "mentionContextAttributes": {"used": {"value": true, "score": 0.8167414665222168}, "created": {"value": false, "score": 0.00015974044799804688}, "shared": {"value": false, "score": 1.9073486328125e-06}}, "documentContextAttributes": {"used": {"value": true, "score": 0.8167414665222168}, "created": {"value": false, "score": 0.00015974044799804688}, "shared": {"value": false, "score": 1.9073486328125e-06}}}, {"type": "software", "software-type": "software", "wikidataId": "Q1398550", "wikipediaExternalRef": 4532356, "lang": "en", "confidence": 0.3648, "software-name": {"rawForm": "FAUST", "normalizedForm": "FAUST", "wikidataId": "Q1398550", "wikipediaExternalRef": 4532356, "lang": "en", "confidence": 0.3648, "offsetStart": 267, "offsetEnd": 272}, "context": "guitarix tube simulations), as we must be able to run these in a Web browser, and the FAUST toolchain still does not support hybrid FAUST/C source code when the compilation target is set to WebAudio/WebAssembly. The Temper distortion simulation, however, used a 100% FAUST based implementation of a simple waveshaper that produced a warm, adjustable, distortion sound that could easily fit our needs.", "mentionContextAttributes": {"used": {"value": true, "score": 0.9108691811561584}, "created": {"value": false, "score": 0.0001830458641052246}, "shared": {"value": false, "score": 1.0251998901367188e-05}}, "documentContextAttributes": {"used": {"value": true, "score": 0.9999884963035583}, "created": {"value": true, "score": 0.9931790232658386}, "shared": {"value": false, "score": 7.170438766479492e-05}}}, {"type": "software", "software-type": "software", "software-name": {"rawForm": "WebAudio", "normalizedForm": "WebAudio", "offsetStart": 279, "offsetEnd": 287}, "context": "The first step of the evaluation was to listen to the global overall sound when we used the Power Amp in standalone mode, tweaking the different parameters (Master volume, Presence, negative gain, transfer function parameters), and to check its behavior compared to our previous WebAudio/JavaScript implementation. ", "mentionContextAttributes": {"used": {"value": true, "score": 0.9999264478683472}, "created": {"value": false, "score": 0.0014865994453430176}, "shared": {"value": false, "score": 2.384185791015625e-07}}, "documentContextAttributes": {"used": {"value": true, "score": 0.9999845623970032}, "created": {"value": true, "score": 0.9983755350112915}, "shared": {"value": true, "score": 0.952591061592102}}, "references": [{"label": "[6]", "normalizedForm": "[6]", "refKey": 6}]}, {"type": "software", "software-type": "software", "wikidataId": "Q698", "wikipediaExternalRef": 210892, "lang": "en", "confidence": 0.8246, "software-name": {"rawForm": "Firefox Nightly", "normalizedForm": "Firefox Nightly", "wikidataId": "Q698", "wikipediaExternalRef": 210892, "lang": "en", "confidence": 0.8246, "offsetStart": 296, "offsetEnd": 311}, "version": {"rawForm": "75.0a1", "normalizedForm": "75.0a1", "offsetStart": 312, "offsetEnd": 318}, "context": "for the Power Amp, we did measurements of the \"end-to-end\" latency, from guitar to cabinet and obtained consistently better values for latency with the new FAUST implementation: around 20-21 ms compared to the 23-24 ms latency of our previous finely-tuned JavaScript implementation (both using a Firefox Nightly 75.0a1 browser with an external Focusrite Scarlett and a Macbook Pro 16 under 10.14). ", "mentionContextAttributes": {"used": {"value": true, "score": 0.9963127970695496}, "created": {"value": false, "score": 7.867813110351562e-06}, "shared": {"value": false, "score": 5.960464477539062e-07}}, "documentContextAttributes": {"used": {"value": true, "score": 0.9963127970695496}, "created": {"value": false, "score": 7.867813110351562e-06}, "shared": {"value": false, "score": 5.960464477539062e-07}}}, {"type": "software", "software-type": "software", "wikidataId": "Q48524", "wikipediaExternalRef": 23018642, "lang": "en", "confidence": 0.4417, "software-name": {"rawForm": "Chromium", "normalizedForm": "Chromium", "wikidataId": "Q48524", "wikipediaExternalRef": 23018642, "lang": "en", "confidence": 0.4417, "offsetStart": 302, "offsetEnd": 310}, "context": "After trying to adapt existing FAUST filters to behave like WebAudio filter ones, and after talking with FAUST and WebAudio implementers the conclusion was that for a really faithfull behavior, it would be better to start from the original C++ implementation of the WebAudio filter API, taken from the Chromium browser source code. ", "mentionContextAttributes": {"used": {"value": true, "score": 0.8167414665222168}, "created": {"value": false, "score": 0.00015974044799804688}, "shared": {"value": false, "score": 1.9073486328125e-06}}, "documentContextAttributes": {"used": {"value": true, "score": 0.8167414665222168}, "created": {"value": false, "score": 0.00015974044799804688}, "shared": {"value": false, "score": 1.9073486328125e-06}}}], "references": [{"refKey": 6, "tei": "<biblStruct xml:id=\"b6\">\n\t<analytic>\n\t\t<title level=\"a\" type=\"main\">Using Faust DSL to Develop Custom, Sample Accurate DSP Code and Audio Plugins for the Web Browser</title>\n\t\t<author>\n\t\t\t<persName><forename type=\"first\">Shihong</forename><surname>Ren</surname></persName>\n\t\t</author>\n\t\t<author>\n\t\t\t<persName><forename type=\"first\">St\u00e9phane</forename><surname>Letz</surname></persName>\n\t\t</author>\n\t\t<author>\n\t\t\t<persName><forename type=\"first\">Yann</forename><surname>Orlarey</surname></persName>\n\t\t</author>\n\t\t<author>\n\t\t\t<persName><forename type=\"first\">Romain</forename><surname>Michon</surname></persName>\n\t\t</author>\n\t\t<author>\n\t\t\t<persName><forename type=\"first\">Dominique</forename><surname>Fober</surname></persName>\n\t\t</author>\n\t\t<author>\n\t\t\t<persName><forename type=\"first\">Michel</forename><surname>Buffa</surname></persName>\n\t\t</author>\n\t\t<author>\n\t\t\t<persName><forename type=\"first\">Jerome</forename><surname>Lebrun</surname></persName>\n\t\t</author>\n\t\t<idno type=\"DOI\">10.17743/jaes.2020.0014</idno>\n\t</analytic>\n\t<monogr>\n\t\t<title level=\"j\">Journal of the Audio Engineering Society</title>\n\t\t<title level=\"j\" type=\"abbrev\">J. Audio Eng. Soc.</title>\n\t\t<idno type=\"ISSN\">1549-4950</idno>\n\t\t<imprint>\n\t\t\t<biblScope unit=\"volume\">68</biblScope>\n\t\t\t<biblScope unit=\"issue\">10</biblScope>\n\t\t\t<biblScope unit=\"page\" from=\"703\" to=\"716\" />\n\t\t\t<date type=\"published\" when=\"2020-12-07\" />\n\t\t\t<publisher>Audio Engineering Society</publisher>\n\t\t</imprint>\n\t</monogr>\n</biblStruct>\n"}], "runtime": 164779, "id": "b9d18df9e92d732f4220bc0937396fd971a331e1", "metadata": {"id": "b9d18df9e92d732f4220bc0937396fd971a331e1"}, "original_file_path": "../../datalake/Samuel/SOFTware-Sync/data/xml_not_sofctied/hal-03087768.grobid.tei.xml", "file_name": "hal-03087768.grobid.tei.xml"}