{"application": "software-mentions", "version": "0.8.0", "date": "2024-04-12T17:30+0000", "md5": "9E34E9182A8B3164CEB0A61F947932BC", "mentions": [{"type": "software", "software-type": "software", "software-name": {"rawForm": "Mininet", "normalizedForm": "Mininet", "offsetStart": 0, "offsetEnd": 7}, "context": "Mininet allows us to add delays on links.", "mentionContextAttributes": {"used": {"value": false, "score": 5.036592483520508e-05}, "created": {"value": false, "score": 0.06870448589324951}, "shared": {"value": false, "score": 7.748603820800781e-07}}, "documentContextAttributes": {"used": {"value": true, "score": 0.9999451041221619}, "created": {"value": false, "score": 0.12562286853790283}, "shared": {"value": false, "score": 7.748603820800781e-07}}}, {"type": "software", "software-type": "software", "software-name": {"rawForm": "DeepRoute", "normalizedForm": "DeepRoute", "offsetStart": 0, "offsetEnd": 9}, "context": "DeepRoute is trained for multiple iterations as shown in Algorithm 1. ", "mentionContextAttributes": {"used": {"value": false, "score": 0.00012874603271484375}, "created": {"value": false, "score": 0.0022493600845336914}, "shared": {"value": false, "score": 4.172325134277344e-07}}, "documentContextAttributes": {"used": {"value": true, "score": 0.9993054866790771}, "created": {"value": true, "score": 0.9995104670524597}, "shared": {"value": false, "score": 5.900859832763672e-06}}}, {"type": "software", "software-type": "software", "software-name": {"rawForm": "DeepRoute", "normalizedForm": "DeepRoute", "offsetStart": 4, "offsetEnd": 13}, "context": "For DeepRoute, we focus on WAN network path computation, particularly where we want flow-based routing decisions to improve flow completions times for mice and elephants that can allow all available paths to be chosen and utilized.", "mentionContextAttributes": {"used": {"value": false, "score": 0.00021576881408691406}, "created": {"value": true, "score": 0.9886254072189331}, "shared": {"value": false, "score": 6.556510925292969e-07}}, "documentContextAttributes": {"used": {"value": true, "score": 0.9993054866790771}, "created": {"value": true, "score": 0.9995104670524597}, "shared": {"value": false, "score": 5.900859832763672e-06}}}, {"type": "software", "software-type": "software", "software-name": {"rawForm": "DeepRoute", "normalizedForm": "DeepRoute", "offsetStart": 4, "offsetEnd": 13}, "context": "The DeepRoute agent runs in an episodic fashion (with 100 flows in simulation and 1 flow in mininet). ", "mentionContextAttributes": {"used": {"value": false, "score": 0.007283449172973633}, "created": {"value": false, "score": 2.2351741790771484e-05}, "shared": {"value": false, "score": 2.980232238769531e-07}}, "documentContextAttributes": {"used": {"value": true, "score": 0.9993054866790771}, "created": {"value": true, "score": 0.9995104670524597}, "shared": {"value": false, "score": 5.900859832763672e-06}}}, {"type": "software", "software-type": "software", "software-name": {"rawForm": "NETEM", "normalizedForm": "NETEM", "offsetStart": 7, "offsetEnd": 17}, "context": "We use NETEM [16] which provides network emulation functionality for testing protocols by emulating properties of wide area networks. ", "mentionContextAttributes": {"used": {"value": false, "score": 0.04405301809310913}, "created": {"value": false, "score": 7.015466690063477e-05}, "shared": {"value": false, "score": 2.980232238769531e-07}}, "documentContextAttributes": {"used": {"value": true, "score": 0.9998982548713684}, "created": {"value": false, "score": 0.0053615570068359375}, "shared": {"value": false, "score": 2.980232238769531e-07}}}, {"type": "software", "software-type": "software", "software-name": {"rawForm": "DeepRoute", "normalizedForm": "DeepRoute", "offsetStart": 9, "offsetEnd": 18}, "context": "-How can DeepRoute be translated into real network environments as in a mininet model?", "mentionContextAttributes": {"used": {"value": false, "score": 5.1915645599365234e-05}, "created": {"value": false, "score": 0.0013338327407836914}, "shared": {"value": false, "score": 2.980232238769531e-07}}, "documentContextAttributes": {"used": {"value": true, "score": 0.9993054866790771}, "created": {"value": true, "score": 0.9995104670524597}, "shared": {"value": false, "score": 5.900859832763672e-06}}}, {"type": "software", "software-type": "software", "software-name": {"rawForm": "DeepRoute", "normalizedForm": "DeepRoute", "offsetStart": 11, "offsetEnd": 20}, "context": "We compare DeepRoute to either randomly selecting paths or prioritizing one flow type over the other. ", "mentionContextAttributes": {"used": {"value": true, "score": 0.9090918898582458}, "created": {"value": false, "score": 7.212162017822266e-06}, "shared": {"value": false, "score": 2.980232238769531e-07}}, "documentContextAttributes": {"used": {"value": true, "score": 0.9993054866790771}, "created": {"value": true, "score": 0.9995104670524597}, "shared": {"value": false, "score": 5.900859832763672e-06}}}, {"type": "software", "software-type": "software", "software-name": {"rawForm": "DeepRoute", "normalizedForm": "DeepRoute", "offsetStart": 11, "offsetEnd": 20}, "context": "We compare DeepRoute with other algorithms -Random, to randomly assign flows on available paths, Prioritize-Mice, to allocate mice flows before allocating elephant flows, and Prioritize-Elephant, allocate elephant flows before mice flows. ", "mentionContextAttributes": {"used": {"value": false, "score": 0.0012527108192443848}, "created": {"value": false, "score": 0.0019569993019104004}, "shared": {"value": false, "score": 1.7881393432617188e-07}}, "documentContextAttributes": {"used": {"value": true, "score": 0.9993054866790771}, "created": {"value": true, "score": 0.9995104670524597}, "shared": {"value": false, "score": 5.900859832763672e-06}}}, {"type": "software", "software-type": "software", "software-name": {"rawForm": "DeepRoute", "normalizedForm": "DeepRoute", "offsetStart": 12, "offsetEnd": 21}, "context": "We evaluate DeepRoute for the following objectives:", "mentionContextAttributes": {"used": {"value": true, "score": 0.9993054866790771}, "created": {"value": false, "score": 3.3915042877197266e-05}, "shared": {"value": false, "score": 5.364418029785156e-07}}, "documentContextAttributes": {"used": {"value": true, "score": 0.9993054866790771}, "created": {"value": true, "score": 0.9995104670524597}, "shared": {"value": false, "score": 5.900859832763672e-06}}}, {"type": "software", "software-type": "software", "software-name": {"rawForm": "DeepRoute", "normalizedForm": "DeepRoute", "offsetStart": 17, "offsetEnd": 26}, "context": "Our RL approach (DeepRoute) is developed using Q-learning as a value-based gradient reinforcement learning [39].", "mentionContextAttributes": {"used": {"value": false, "score": 5.5730342864990234e-05}, "created": {"value": true, "score": 0.9995104670524597}, "shared": {"value": false, "score": 2.980232238769531e-07}}, "documentContextAttributes": {"used": {"value": true, "score": 0.9993054866790771}, "created": {"value": true, "score": 0.9995104670524597}, "shared": {"value": false, "score": 5.900859832763672e-06}}}, {"type": "software", "software-type": "software", "software-name": {"rawForm": "DeepRoute", "normalizedForm": "DeepRoute", "offsetStart": 17, "offsetEnd": 26}, "context": "The objective of DeepRoute is to get as many flows completed soon as possible.", "mentionContextAttributes": {"used": {"value": false, "score": 0.00022292137145996094}, "created": {"value": false, "score": 0.02288997173309326}, "shared": {"value": false, "score": 2.980232238769531e-07}}, "documentContextAttributes": {"used": {"value": true, "score": 0.9993054866790771}, "created": {"value": true, "score": 0.9995104670524597}, "shared": {"value": false, "score": 5.900859832763672e-06}}}, {"type": "software", "software-type": "software", "software-name": {"rawForm": "DeepRoute", "normalizedForm": "DeepRoute", "offsetStart": 20, "offsetEnd": 29}, "context": "Figure 8 shows that DeepRoute is able to completely utilize the network at stable 30% as compared to the other techniques as number of flows increase. ", "mentionContextAttributes": {"used": {"value": false, "score": 0.003912746906280518}, "created": {"value": false, "score": 4.738569259643555e-05}, "shared": {"value": false, "score": 1.7881393432617188e-07}}, "documentContextAttributes": {"used": {"value": true, "score": 0.9993054866790771}, "created": {"value": true, "score": 0.9995104670524597}, "shared": {"value": false, "score": 5.900859832763672e-06}}}, {"type": "software", "software-type": "software", "software-name": {"rawForm": "DeepRoute", "normalizedForm": "DeepRoute", "offsetStart": 20, "offsetEnd": 29}, "context": "Figure 7 shows that DeepRoute is able to spread elephant and mice flows more uniformly across all the paths. ", "mentionContextAttributes": {"used": {"value": false, "score": 0.00879216194152832}, "created": {"value": false, "score": 3.057718276977539e-05}, "shared": {"value": false, "score": 2.980232238769531e-07}}, "documentContextAttributes": {"used": {"value": true, "score": 0.9993054866790771}, "created": {"value": true, "score": 0.9995104670524597}, "shared": {"value": false, "score": 5.900859832763672e-06}}}, {"type": "software", "software-type": "software", "software-name": {"rawForm": "Mininet", "normalizedForm": "Mininet", "offsetStart": 22, "offsetEnd": 29}, "context": "The implementation in Mininet removes some assumptions drawn in the simulation model. ", "mentionContextAttributes": {"used": {"value": false, "score": 0.0001347064971923828}, "created": {"value": false, "score": 0.0527685284614563}, "shared": {"value": false, "score": 1.7881393432617188e-07}}, "documentContextAttributes": {"used": {"value": true, "score": 0.9999451041221619}, "created": {"value": false, "score": 0.12562286853790283}, "shared": {"value": false, "score": 7.748603820800781e-07}}}, {"type": "software", "software-type": "software", "software-name": {"rawForm": "DeepRoute", "normalizedForm": "DeepRoute", "offsetStart": 24, "offsetEnd": 33}, "context": "In both cases, we train DeepRoute via experience generating abundance of flow interaction data with the network. ", "mentionContextAttributes": {"used": {"value": false, "score": 0.07830941677093506}, "created": {"value": false, "score": 0.16090518236160278}, "shared": {"value": false, "score": 1.7881393432617188e-07}}, "documentContextAttributes": {"used": {"value": true, "score": 0.9993054866790771}, "created": {"value": true, "score": 0.9995104670524597}, "shared": {"value": false, "score": 5.900859832763672e-06}}}, {"type": "software", "software-type": "software", "wikidataId": "Q14579", "wikipediaExternalRef": 21347315, "lang": "en", "confidence": 0.857, "software-name": {"rawForm": "Linux", "normalizedForm": "Linux", "wikidataId": "Q14579", "wikipediaExternalRef": 21347315, "lang": "en", "confidence": 0.857, "offsetStart": 25, "offsetEnd": 30}, "context": "The hosts run a standard Linux kernel and network stack to emulate running real network applications. ", "mentionContextAttributes": {"used": {"value": false, "score": 0.0002200603485107422}, "created": {"value": false, "score": 0.19921797513961792}, "shared": {"value": false, "score": 1.8656253814697266e-05}}, "documentContextAttributes": {"used": {"value": false, "score": 0.0002200603485107422}, "created": {"value": false, "score": 0.19921797513961792}, "shared": {"value": false, "score": 1.8656253814697266e-05}}}, {"type": "software", "software-type": "software", "software-name": {"rawForm": "DeepRoute", "normalizedForm": "DeepRoute", "offsetStart": 27, "offsetEnd": 36}, "context": "This data is unseen by the DeepRoute during training phase. ", "mentionContextAttributes": {"used": {"value": false, "score": 0.15912115573883057}, "created": {"value": false, "score": 3.260374069213867e-05}, "shared": {"value": false, "score": 1.7881393432617188e-07}}, "documentContextAttributes": {"used": {"value": true, "score": 0.9993054866790771}, "created": {"value": true, "score": 0.9995104670524597}, "shared": {"value": false, "score": 5.900859832763672e-06}}}, {"type": "software", "software-type": "software", "software-name": {"rawForm": "DeepRoute", "normalizedForm": "DeepRoute", "offsetStart": 27, "offsetEnd": 36}, "context": "However, in the simulation DeepRoute learns to allocate on alternate paths, based on the current allocations already active on the paths.", "mentionContextAttributes": {"used": {"value": false, "score": 0.0013669133186340332}, "created": {"value": false, "score": 0.0001189112663269043}, "shared": {"value": false, "score": 2.980232238769531e-07}}, "documentContextAttributes": {"used": {"value": true, "score": 0.9993054866790771}, "created": {"value": true, "score": 0.9995104670524597}, "shared": {"value": false, "score": 5.900859832763672e-06}}}, {"type": "software", "software-type": "software", "software-name": {"rawForm": "DeepRoute", "normalizedForm": "DeepRoute", "offsetStart": 29, "offsetEnd": 38}, "context": "In future, we plan to expand DeepRoute to adapt from Q-learning to neural network learning (deep Q-networks), but is currently out of scope of the work presented here.", "mentionContextAttributes": {"used": {"value": false, "score": 0.00021409988403320312}, "created": {"value": true, "score": 0.9989439845085144}, "shared": {"value": false, "score": 5.900859832763672e-06}}, "documentContextAttributes": {"used": {"value": true, "score": 0.9993054866790771}, "created": {"value": true, "score": 0.9995104670524597}, "shared": {"value": false, "score": 5.900859832763672e-06}}}, {"type": "software", "software-type": "software", "software-name": {"rawForm": "DeepRoute", "normalizedForm": "DeepRoute", "offsetStart": 32, "offsetEnd": 41}, "context": "Our results show promise on how DeepRoute can allow e cient use of path capacity and the mininet implementation shows how it can be adapted in a real network environment.", "mentionContextAttributes": {"used": {"value": true, "score": 0.9361813068389893}, "created": {"value": true, "score": 0.8902429938316345}, "shared": {"value": false, "score": 1.1324882507324219e-06}}, "documentContextAttributes": {"used": {"value": true, "score": 0.9993054866790771}, "created": {"value": true, "score": 0.9995104670524597}, "shared": {"value": false, "score": 5.900859832763672e-06}}}, {"type": "software", "software-type": "software", "software-name": {"rawForm": "Mininet", "normalizedForm": "Mininet", "offsetStart": 34, "offsetEnd": 41}, "context": "2. We translate the experiment on Mininet network emulator environment.", "mentionContextAttributes": {"used": {"value": true, "score": 0.9999451041221619}, "created": {"value": false, "score": 0.12562286853790283}, "shared": {"value": false, "score": 2.980232238769531e-07}}, "documentContextAttributes": {"used": {"value": true, "score": 0.9999451041221619}, "created": {"value": false, "score": 0.12562286853790283}, "shared": {"value": false, "score": 7.748603820800781e-07}}}, {"type": "software", "software-type": "software", "software-name": {"rawForm": "DeepRoute", "normalizedForm": "DeepRoute", "offsetStart": 37, "offsetEnd": 46}, "context": "For link capacities (bandwidth), the DeepRoute topology has a total link capacity of 36 Gbps linking the path 0 to path 3.", "mentionContextAttributes": {"used": {"value": false, "score": 0.011862754821777344}, "created": {"value": false, "score": 5.781650543212891e-06}, "shared": {"value": false, "score": 4.172325134277344e-07}}, "documentContextAttributes": {"used": {"value": true, "score": 0.9993054866790771}, "created": {"value": true, "score": 0.9995104670524597}, "shared": {"value": false, "score": 5.900859832763672e-06}}}, {"type": "software", "software-type": "software", "software-name": {"rawForm": "DeepRoute", "normalizedForm": "DeepRoute", "offsetStart": 43, "offsetEnd": 52}, "context": "Each iteration generates new 100 flows and DeepRoute learns by allocating these flows on the paths. ", "mentionContextAttributes": {"used": {"value": false, "score": 0.0016129612922668457}, "created": {"value": false, "score": 2.759695053100586e-05}, "shared": {"value": false, "score": 1.7881393432617188e-07}}, "documentContextAttributes": {"used": {"value": true, "score": 0.9993054866790771}, "created": {"value": true, "score": 0.9995104670524597}, "shared": {"value": false, "score": 5.900859832763672e-06}}}, {"type": "software", "software-type": "software", "software-name": {"rawForm": "NETEM", "normalizedForm": "NETEM", "offsetStart": 48, "offsetEnd": 53}, "context": "Having successfully deployed emulated WAN using NETEM and Mininet, we conducted some performance measurement. ", "mentionContextAttributes": {"used": {"value": true, "score": 0.9998982548713684}, "created": {"value": false, "score": 0.0053615570068359375}, "shared": {"value": false, "score": 1.7881393432617188e-07}}, "documentContextAttributes": {"used": {"value": true, "score": 0.9998982548713684}, "created": {"value": false, "score": 0.0053615570068359375}, "shared": {"value": false, "score": 2.980232238769531e-07}}}, {"type": "software", "software-type": "software", "software-name": {"rawForm": "Mininet", "normalizedForm": "Mininet", "offsetStart": 55, "offsetEnd": 62}, "context": "Table 2 shows an example of the Q-table constructed in Mininet.", "mentionContextAttributes": {"used": {"value": false, "score": 0.01619654893875122}, "created": {"value": false, "score": 0.0005224347114562988}, "shared": {"value": false, "score": 4.172325134277344e-07}}, "documentContextAttributes": {"used": {"value": true, "score": 0.9999451041221619}, "created": {"value": false, "score": 0.12562286853790283}, "shared": {"value": false, "score": 7.748603820800781e-07}}}, {"type": "software", "software-type": "software", "software-name": {"rawForm": "Mininet", "normalizedForm": "Mininet", "offsetStart": 58, "offsetEnd": 65}, "context": "Having successfully deployed emulated WAN using NETEM and Mininet, we conducted some performance measurement. ", "mentionContextAttributes": {"used": {"value": true, "score": 0.9998982548713684}, "created": {"value": false, "score": 0.0053615570068359375}, "shared": {"value": false, "score": 1.7881393432617188e-07}}, "documentContextAttributes": {"used": {"value": true, "score": 0.9999451041221619}, "created": {"value": false, "score": 0.12562286853790283}, "shared": {"value": false, "score": 7.748603820800781e-07}}}, {"type": "software", "software-type": "software", "software-name": {"rawForm": "DeepRoute", "normalizedForm": "DeepRoute", "offsetStart": 58, "offsetEnd": 67}, "context": "-With a distribution of network path parameters, how does DeepRoute compare with other allocation techniques in simulation model?", "mentionContextAttributes": {"used": {"value": false, "score": 0.0003622770309448242}, "created": {"value": false, "score": 8.52346420288086e-06}, "shared": {"value": false, "score": 1.7881393432617188e-07}}, "documentContextAttributes": {"used": {"value": true, "score": 0.9993054866790771}, "created": {"value": true, "score": 0.9995104670524597}, "shared": {"value": false, "score": 5.900859832763672e-06}}}, {"type": "software", "software-type": "software", "software-name": {"rawForm": "DeepRoute", "normalizedForm": "DeepRoute", "offsetStart": 63, "offsetEnd": 72}, "context": "This will form basis for future investigations of implementing DeepRoute in real networks.", "mentionContextAttributes": {"used": {"value": false, "score": 0.00017762184143066406}, "created": {"value": true, "score": 0.961150050163269}, "shared": {"value": false, "score": 2.980232238769531e-07}}, "documentContextAttributes": {"used": {"value": true, "score": 0.9993054866790771}, "created": {"value": true, "score": 0.9995104670524597}, "shared": {"value": false, "score": 5.900859832763672e-06}}}, {"type": "software", "software-type": "software", "software-name": {"rawForm": "DeepRoute", "normalizedForm": "DeepRoute", "offsetStart": 65, "offsetEnd": 74}, "context": "To prevent this, during the testing phase, we use \u270f for allowing DeepRoute to select random action rather than Q-table values. ", "mentionContextAttributes": {"used": {"value": true, "score": 0.6129947304725647}, "created": {"value": false, "score": 0.0009449124336242676}, "shared": {"value": false, "score": 1.7881393432617188e-07}}, "documentContextAttributes": {"used": {"value": true, "score": 0.9993054866790771}, "created": {"value": true, "score": 0.9995104670524597}, "shared": {"value": false, "score": 5.900859832763672e-06}}}, {"type": "software", "software-type": "software", "wikidataId": "Q14579", "wikipediaExternalRef": 21347315, "lang": "en", "confidence": 0.857, "software-name": {"rawForm": "linux", "normalizedForm": "linux", "wikidataId": "Q14579", "wikipediaExternalRef": 21347315, "lang": "en", "confidence": 0.857, "offsetStart": 77, "offsetEnd": 82}, "context": "To have a global view, we configure a network controller, Openflow switches, linux hosts and network links. ", "mentionContextAttributes": {"used": {"value": false, "score": 0.0112152099609375}, "created": {"value": true, "score": 0.9813508987426758}, "shared": {"value": false, "score": 8.940696716308594e-07}}, "documentContextAttributes": {"used": {"value": false, "score": 0.0112152099609375}, "created": {"value": true, "score": 0.9813508987426758}, "shared": {"value": false, "score": 8.940696716308594e-07}}}, {"type": "software", "software-type": "software", "software-name": {"rawForm": "DeepRoute", "normalizedForm": "DeepRoute", "offsetStart": 87, "offsetEnd": 96}, "context": "Doing so, we remove some assumptions we drew in the simulation and also understand how DeepRoute will work in a real network environment.", "mentionContextAttributes": {"used": {"value": false, "score": 0.000391542911529541}, "created": {"value": true, "score": 0.8884984850883484}, "shared": {"value": false, "score": 2.980232238769531e-07}}, "documentContextAttributes": {"used": {"value": true, "score": 0.9993054866790771}, "created": {"value": true, "score": 0.9995104670524597}, "shared": {"value": false, "score": 5.900859832763672e-06}}}, {"type": "software", "software-type": "software", "software-name": {"rawForm": "DeepRoute", "normalizedForm": "DeepRoute", "offsetStart": 88, "offsetEnd": 97}, "context": "Here we see that while Path0 is the most used by the elephantand mice-first techniques, DeepRoute is able to show a more spread of using other paths e ciently. ", "mentionContextAttributes": {"used": {"value": false, "score": 0.0002899169921875}, "created": {"value": false, "score": 7.170438766479492e-05}, "shared": {"value": false, "score": 1.7881393432617188e-07}}, "documentContextAttributes": {"used": {"value": true, "score": 0.9993054866790771}, "created": {"value": true, "score": 0.9995104670524597}, "shared": {"value": false, "score": 5.900859832763672e-06}}}, {"type": "software", "software-type": "software", "software-name": {"rawForm": "DeepRoute", "normalizedForm": "DeepRoute", "offsetStart": 118, "offsetEnd": 127}, "context": "Evaluation of the agent's performance is done on test data set, which is previously unseen flow data, to see how well DeepRoute fares against other techniques.", "mentionContextAttributes": {"used": {"value": true, "score": 0.9017788171768188}, "created": {"value": false, "score": 6.210803985595703e-05}, "shared": {"value": false, "score": 1.1920928955078125e-07}}, "documentContextAttributes": {"used": {"value": true, "score": 0.9993054866790771}, "created": {"value": true, "score": 0.9995104670524597}, "shared": {"value": false, "score": 5.900859832763672e-06}}}, {"type": "software", "software-type": "software", "software-name": {"rawForm": "DeepRoute", "normalizedForm": "DeepRoute", "offsetStart": 141, "offsetEnd": 150}, "context": "With network environments being very dynamic, with possible packet loss and tra c congestion across some of the best paths, we explore how a DeepRoute controller can learn best possible combinations depending on the tra c arriving and the current network conditions to optimally utilize the network.", "mentionContextAttributes": {"used": {"value": false, "score": 4.9948692321777344e-05}, "created": {"value": false, "score": 0.188121497631073}, "shared": {"value": false, "score": 5.960464477539062e-07}}, "documentContextAttributes": {"used": {"value": true, "score": 0.9993054866790771}, "created": {"value": true, "score": 0.9995104670524597}, "shared": {"value": false, "score": 5.900859832763672e-06}}}], "references": [], "runtime": 112119, "id": "303910437c57faaeef3413602a0ce1be61157efb", "metadata": {"id": "303910437c57faaeef3413602a0ce1be61157efb"}, "original_file_path": "../../datalake/Samuel/SOFTware-Sync/data/xml_not_sofctied/hal-03266462.grobid.tei.xml", "file_name": "hal-03266462.grobid.tei.xml"}