{"application": "software-mentions", "version": "0.8.0", "date": "2024-04-12T16:07+0000", "md5": "69A43F1E6FA304D7FD1F6F42BC4F9646", "mentions": [{"type": "software", "software-type": "software", "software-name": {"rawForm": "ExplaiNE", "normalizedForm": "ExplaiNE", "offsetStart": 0, "offsetEnd": 8}, "context": "ExplaiNE relies on the assumption that an explanation can be found using one of the 1 \ud835\udc60\ud835\udc61 degree neighbors.", "mentionContextAttributes": {"used": {"value": false, "score": 0.00041550397872924805}, "created": {"value": false, "score": 3.7550926208496094e-06}, "shared": {"value": false, "score": 2.980232238769531e-07}}, "documentContextAttributes": {"used": {"value": true, "score": 0.9998201727867126}, "created": {"value": false, "score": 0.03156965970993042}, "shared": {"value": false, "score": 1.1920928955078125e-06}}, "references": [{"label": "[5]", "normalizedForm": "[5]", "refKey": 5}]}, {"type": "software", "software-type": "software", "software-name": {"rawForm": "ExplaiNE", "normalizedForm": "ExplaiNE", "offsetStart": 0, "offsetEnd": 8}, "context": "ExplaiNE has been previously benchmarked with 4 datasets: Karate, DBLP, MovieLens, and Game of Thrones networks.", "mentionContextAttributes": {"used": {"value": false, "score": 0.0013630986213684082}, "created": {"value": false, "score": 0.00011771917343139648}, "shared": {"value": false, "score": 1.7881393432617188e-07}}, "documentContextAttributes": {"used": {"value": true, "score": 0.9998201727867126}, "created": {"value": false, "score": 0.03156965970993042}, "shared": {"value": false, "score": 1.1920928955078125e-06}}, "references": [{"label": "[5]", "normalizedForm": "[5]", "refKey": 5}]}, {"type": "software", "software-type": "software", "software-name": {"rawForm": "ExplaiNE", "normalizedForm": "ExplaiNE", "offsetStart": 0, "offsetEnd": 8}, "context": "ExplaiNE requires a model that takes an adjacency matrix as input.", "mentionContextAttributes": {"used": {"value": false, "score": 3.129243850708008e-05}, "created": {"value": false, "score": 3.594160079956055e-05}, "shared": {"value": false, "score": 1.7881393432617188e-07}}, "documentContextAttributes": {"used": {"value": true, "score": 0.9998201727867126}, "created": {"value": false, "score": 0.03156965970993042}, "shared": {"value": false, "score": 1.1920928955078125e-06}}, "references": [{"label": "[5]", "normalizedForm": "[5]", "refKey": 5}]}, {"type": "software", "software-type": "software", "software-name": {"rawForm": "GNNExplainer", "normalizedForm": "GNNExplainer", "offsetStart": 0, "offsetEnd": 12}, "context": "GNNExplainer is only defined for Graph Neural Networks, hence a GNN must be used on the link prediction task.", "mentionContextAttributes": {"used": {"value": false, "score": 0.0009719729423522949}, "created": {"value": false, "score": 3.224611282348633e-05}, "shared": {"value": false, "score": 2.980232238769531e-07}}, "documentContextAttributes": {"used": {"value": true, "score": 0.9999024271965027}, "created": {"value": false, "score": 0.03156965970993042}, "shared": {"value": false, "score": 1.1920928955078125e-06}}, "references": [{"label": "[12]", "normalizedForm": "[12]", "refKey": 12}]}, {"type": "software", "software-type": "software", "software-name": {"rawForm": "DistMult", "normalizedForm": "DistMult", "offsetStart": 0, "offsetEnd": 13}, "context": "DistMult [11] learns a diagonal matrix of parameters for each relation. ", "mentionContextAttributes": {"used": {"value": false, "score": 0.008285284042358398}, "created": {"value": false, "score": 3.874301910400391e-06}, "shared": {"value": false, "score": 1.7881393432617188e-07}}, "documentContextAttributes": {"used": {"value": false, "score": 0.008285284042358398}, "created": {"value": false, "score": 3.874301910400391e-06}, "shared": {"value": false, "score": 4.76837158203125e-07}}}, {"type": "software", "software-type": "software", "software-name": {"rawForm": "GNNExplainer", "normalizedForm": "GNNExplainer", "offsetStart": 0, "offsetEnd": 17}, "context": "GNNExplainer [12] explains the predictions of any Graph Neural Network, learning a mask over the input adjacency matrix to identify the most relevant subgraph. ", "mentionContextAttributes": {"used": {"value": false, "score": 0.0007390975952148438}, "created": {"value": false, "score": 8.881092071533203e-06}, "shared": {"value": false, "score": 1.7881393432617188e-07}}, "documentContextAttributes": {"used": {"value": true, "score": 0.9999024271965027}, "created": {"value": false, "score": 0.03156965970993042}, "shared": {"value": false, "score": 1.1920928955078125e-06}}, "references": [{"label": "[12]", "normalizedForm": "[12]", "refKey": 12}]}, {"type": "software", "software-type": "software", "software-name": {"rawForm": "GNNExplainer", "normalizedForm": "GNNExplainer", "offsetStart": 5, "offsetEnd": 17}, "context": "Both GNNExplainer and ExplaiNE lack a common dataset and metric to evaluate explanation quality.", "mentionContextAttributes": {"used": {"value": false, "score": 0.0003764033317565918}, "created": {"value": false, "score": 8.285045623779297e-06}, "shared": {"value": false, "score": 1.7881393432617188e-07}}, "documentContextAttributes": {"used": {"value": true, "score": 0.9999024271965027}, "created": {"value": false, "score": 0.03156965970993042}, "shared": {"value": false, "score": 1.1920928955078125e-06}}, "references": [{"label": "[12]", "normalizedForm": "[12]", "refKey": 12}]}, {"type": "software", "software-type": "software", "software-name": {"rawForm": "ExplaiNE", "normalizedForm": "ExplaiNE", "offsetStart": 9, "offsetEnd": 17}, "context": "Although ExplaiNE and GNNExplainer have many possible explanations to choose from, these explanations are not equal.", "mentionContextAttributes": {"used": {"value": false, "score": 0.0014066696166992188}, "created": {"value": false, "score": 8.881092071533203e-06}, "shared": {"value": false, "score": 4.172325134277344e-07}}, "documentContextAttributes": {"used": {"value": true, "score": 0.9998201727867126}, "created": {"value": false, "score": 0.03156965970993042}, "shared": {"value": false, "score": 1.1920928955078125e-06}}, "references": [{"label": "[5]", "normalizedForm": "[5]", "refKey": 5}]}, {"type": "software", "software-type": "software", "software-name": {"rawForm": "GNNExplainer", "normalizedForm": "GNNExplainer", "offsetStart": 9, "offsetEnd": 21}, "context": "We train GNNExplainer using a learning rate of 0.001 for each rule.", "mentionContextAttributes": {"used": {"value": true, "score": 0.9975740909576416}, "created": {"value": false, "score": 0.0008796453475952148}, "shared": {"value": false, "score": 2.980232238769531e-07}}, "documentContextAttributes": {"used": {"value": true, "score": 0.9999024271965027}, "created": {"value": false, "score": 0.03156965970993042}, "shared": {"value": false, "score": 1.1920928955078125e-06}}, "references": [{"label": "[12]", "normalizedForm": "[12]", "refKey": 12}]}, {"type": "software", "software-type": "software", "software-name": {"rawForm": "GNNExplainer", "normalizedForm": "GNNExplainer", "offsetStart": 11, "offsetEnd": 23}, "context": "We can see GNNExplainer performed the best on the hasBrother predicate explanation in terms of the generalized \ud835\udc39 1 score. ", "mentionContextAttributes": {"used": {"value": true, "score": 0.9999024271965027}, "created": {"value": false, "score": 1.0311603546142578e-05}, "shared": {"value": false, "score": 1.7881393432617188e-07}}, "documentContextAttributes": {"used": {"value": true, "score": 0.9999024271965027}, "created": {"value": false, "score": 0.03156965970993042}, "shared": {"value": false, "score": 1.1920928955078125e-06}}, "references": [{"label": "[12]", "normalizedForm": "[12]", "refKey": 12}]}, {"type": "software", "software-type": "software", "software-name": {"rawForm": "ExplaiNE", "normalizedForm": "ExplaiNE", "offsetStart": 15, "offsetEnd": 23}, "context": "The authors of ExplaiNE acknowledge the difficulty in measuring the quality of explanation due to the lack of available datasets with ground truth explanations [5].", "mentionContextAttributes": {"used": {"value": false, "score": 0.010006070137023926}, "created": {"value": false, "score": 5.0961971282958984e-05}, "shared": {"value": false, "score": 2.980232238769531e-07}}, "documentContextAttributes": {"used": {"value": true, "score": 0.9998201727867126}, "created": {"value": false, "score": 0.03156965970993042}, "shared": {"value": false, "score": 1.1920928955078125e-06}}, "references": [{"label": "[5]", "normalizedForm": "[5]", "refKey": 5}]}, {"type": "software", "software-type": "software", "software-name": {"rawForm": "ExplaiNE", "normalizedForm": "ExplaiNE", "offsetStart": 18, "offsetEnd": 26}, "context": "Explanations from ExplaiNE and GN-NExplainer return explanations to the user in the form of existing triples in the Knowledge Graph.", "mentionContextAttributes": {"used": {"value": true, "score": 0.9287586808204651}, "created": {"value": false, "score": 4.827976226806641e-06}, "shared": {"value": false, "score": 1.7881393432617188e-07}}, "documentContextAttributes": {"used": {"value": true, "score": 0.9998201727867126}, "created": {"value": false, "score": 0.03156965970993042}, "shared": {"value": false, "score": 1.1920928955078125e-06}}, "references": [{"label": "[5]", "normalizedForm": "[5]", "refKey": 5}]}, {"type": "software", "software-type": "software", "software-name": {"rawForm": "ExplaiNE", "normalizedForm": "ExplaiNE", "offsetStart": 22, "offsetEnd": 30}, "context": "Both GNNExplainer and ExplaiNE lack a common dataset and metric to evaluate explanation quality.", "mentionContextAttributes": {"used": {"value": false, "score": 0.0003764033317565918}, "created": {"value": false, "score": 8.285045623779297e-06}, "shared": {"value": false, "score": 1.7881393432617188e-07}}, "documentContextAttributes": {"used": {"value": true, "score": 0.9998201727867126}, "created": {"value": false, "score": 0.03156965970993042}, "shared": {"value": false, "score": 1.1920928955078125e-06}}, "references": [{"label": "[5]", "normalizedForm": "[5]", "refKey": 5}]}, {"type": "software", "software-type": "software", "software-name": {"rawForm": "GNNExplainer", "normalizedForm": "GNNExplainer", "offsetStart": 22, "offsetEnd": 34}, "context": "Although ExplaiNE and GNNExplainer have many possible explanations to choose from, these explanations are not equal.", "mentionContextAttributes": {"used": {"value": false, "score": 0.0014066696166992188}, "created": {"value": false, "score": 8.881092071533203e-06}, "shared": {"value": false, "score": 4.172325134277344e-07}}, "documentContextAttributes": {"used": {"value": true, "score": 0.9999024271965027}, "created": {"value": false, "score": 0.03156965970993042}, "shared": {"value": false, "score": 1.1920928955078125e-06}}, "references": [{"label": "[12]", "normalizedForm": "[12]", "refKey": 12}]}, {"type": "software", "software-type": "software", "software-name": {"rawForm": "GNNExplainer", "normalizedForm": "GNNExplainer", "offsetStart": 25, "offsetEnd": 37}, "context": "On the hasSpouse subset, GNNExplainer unsuccessfully attempted to predict an explanation with a user score of 0.5 on 50 observations in the test set.", "mentionContextAttributes": {"used": {"value": true, "score": 0.9998264312744141}, "created": {"value": false, "score": 4.231929779052734e-06}, "shared": {"value": false, "score": 1.7881393432617188e-07}}, "documentContextAttributes": {"used": {"value": true, "score": 0.9999024271965027}, "created": {"value": false, "score": 0.03156965970993042}, "shared": {"value": false, "score": 1.1920928955078125e-06}}, "references": [{"label": "[12]", "normalizedForm": "[12]", "refKey": 12}]}, {"type": "software", "software-type": "software", "software-name": {"rawForm": "GNNExplainer", "normalizedForm": "GNNExplainer", "offsetStart": 36, "offsetEnd": 48}, "context": "The objective function minimized by GNNExplainer is given by Equation 2, where M is a mask learned and \u2299 denotes element-wise multiplication. ", "mentionContextAttributes": {"used": {"value": true, "score": 0.642095685005188}, "created": {"value": false, "score": 1.8477439880371094e-06}, "shared": {"value": false, "score": 1.7881393432617188e-07}}, "documentContextAttributes": {"used": {"value": true, "score": 0.9999024271965027}, "created": {"value": false, "score": 0.03156965970993042}, "shared": {"value": false, "score": 1.1920928955078125e-06}}, "references": [{"label": "[12]", "normalizedForm": "[12]", "refKey": 12}]}, {"type": "software", "software-type": "software", "software-name": {"rawForm": "ExplaiNE", "normalizedForm": "ExplaiNE", "offsetStart": 37, "offsetEnd": 45}, "context": "On the task of movie recommendation, ExplaiNE measures the quality of explanations using the average Jaccard similarity between the genres for a given recommended movie, and the set of genres from the top 5 ranked explanations computed.", "mentionContextAttributes": {"used": {"value": false, "score": 0.02219337224960327}, "created": {"value": false, "score": 9.834766387939453e-06}, "shared": {"value": false, "score": 2.980232238769531e-07}}, "documentContextAttributes": {"used": {"value": true, "score": 0.9998201727867126}, "created": {"value": false, "score": 0.03156965970993042}, "shared": {"value": false, "score": 1.1920928955078125e-06}}, "references": [{"label": "[5]", "normalizedForm": "[5]", "refKey": 5}]}, {"type": "software", "software-type": "software", "software-name": {"rawForm": "ExplaiNE", "normalizedForm": "ExplaiNE", "offsetStart": 41, "offsetEnd": 49}, "context": "For some model with scoring function \ud835\udc54, ExplaiNE [5] computes the gradient of the scoring function with respect to the adjacency matrix.", "mentionContextAttributes": {"used": {"value": false, "score": 0.0020966529846191406}, "created": {"value": false, "score": 2.682209014892578e-06}, "shared": {"value": false, "score": 4.172325134277344e-07}}, "documentContextAttributes": {"used": {"value": true, "score": 0.9998201727867126}, "created": {"value": false, "score": 0.03156965970993042}, "shared": {"value": false, "score": 1.1920928955078125e-06}}, "references": [{"label": "[5]", "normalizedForm": "[5]", "refKey": 5, "offsetStart": 5715, "offsetEnd": 5718}]}, {"type": "software", "software-type": "software", "software-name": {"rawForm": "ExplaiNE", "normalizedForm": "ExplaiNE", "offsetStart": 44, "offsetEnd": 52}, "context": "For instance, Figure 2 shows a histogram of ExplaiNE's incomplete attempts on the hasSpouse predicate.", "mentionContextAttributes": {"used": {"value": true, "score": 0.9402695894241333}, "created": {"value": false, "score": 8.761882781982422e-06}, "shared": {"value": false, "score": 2.980232238769531e-07}}, "documentContextAttributes": {"used": {"value": true, "score": 0.9998201727867126}, "created": {"value": false, "score": 0.03156965970993042}, "shared": {"value": false, "score": 1.1920928955078125e-06}}, "references": [{"label": "[5]", "normalizedForm": "[5]", "refKey": 5}]}, {"type": "software", "software-type": "software", "software-name": {"rawForm": "ExplaiNE", "normalizedForm": "ExplaiNE", "offsetStart": 47, "offsetEnd": 55}, "context": "The top half of Table 2 reports the results of ExplaiNE on the task of explainable link prediction.", "mentionContextAttributes": {"used": {"value": true, "score": 0.7304107546806335}, "created": {"value": false, "score": 2.4259090423583984e-05}, "shared": {"value": false, "score": 2.980232238769531e-07}}, "documentContextAttributes": {"used": {"value": true, "score": 0.9998201727867126}, "created": {"value": false, "score": 0.03156965970993042}, "shared": {"value": false, "score": 1.1920928955078125e-06}}, "references": [{"label": "[5]", "normalizedForm": "[5]", "refKey": 5}]}, {"type": "software", "software-type": "software", "software-name": {"rawForm": "ExplaiNE", "normalizedForm": "ExplaiNE", "offsetStart": 50, "offsetEnd": 58}, "context": "Across all metrics and predicate subsets, we find ExplaiNE outperformed GNNExplainer.", "mentionContextAttributes": {"used": {"value": true, "score": 0.9996544122695923}, "created": {"value": false, "score": 1.245737075805664e-05}, "shared": {"value": false, "score": 1.7881393432617188e-07}}, "documentContextAttributes": {"used": {"value": true, "score": 0.9998201727867126}, "created": {"value": false, "score": 0.03156965970993042}, "shared": {"value": false, "score": 1.1920928955078125e-06}}, "references": [{"label": "[5]", "normalizedForm": "[5]", "refKey": 5}]}, {"type": "software", "software-type": "software", "software-name": {"rawForm": "ExplaiNE", "normalizedForm": "ExplaiNE", "offsetStart": 62, "offsetEnd": 70}, "context": "Lastly, we benchmark two state-ofthe-art explanation methods, ExplaiNE and GNNExplainer using the proposed dataset and scoring metrics. ", "mentionContextAttributes": {"used": {"value": false, "score": 0.0625302791595459}, "created": {"value": false, "score": 0.03156965970993042}, "shared": {"value": false, "score": 1.7881393432617188e-07}}, "documentContextAttributes": {"used": {"value": true, "score": 0.9998201727867126}, "created": {"value": false, "score": 0.03156965970993042}, "shared": {"value": false, "score": 1.1920928955078125e-06}}, "references": [{"label": "[5]", "normalizedForm": "[5]", "refKey": 5}]}, {"type": "software", "software-type": "software", "software-name": {"rawForm": "GNNExplainer", "normalizedForm": "GNNExplainer", "offsetStart": 72, "offsetEnd": 84}, "context": "Across all metrics and predicate subsets, we find ExplaiNE outperformed GNNExplainer.", "mentionContextAttributes": {"used": {"value": true, "score": 0.9996544122695923}, "created": {"value": false, "score": 1.245737075805664e-05}, "shared": {"value": false, "score": 1.7881393432617188e-07}}, "documentContextAttributes": {"used": {"value": true, "score": 0.9999024271965027}, "created": {"value": false, "score": 0.03156965970993042}, "shared": {"value": false, "score": 1.1920928955078125e-06}}, "references": [{"label": "[12]", "normalizedForm": "[12]", "refKey": 12}]}, {"type": "software", "software-type": "software", "software-name": {"rawForm": "GNNExplainer", "normalizedForm": "GNNExplainer", "offsetStart": 75, "offsetEnd": 87}, "context": "Lastly, we benchmark two state-ofthe-art explanation methods, ExplaiNE and GNNExplainer using the proposed dataset and scoring metrics. ", "mentionContextAttributes": {"used": {"value": false, "score": 0.0625302791595459}, "created": {"value": false, "score": 0.03156965970993042}, "shared": {"value": false, "score": 1.7881393432617188e-07}}, "documentContextAttributes": {"used": {"value": true, "score": 0.9999024271965027}, "created": {"value": false, "score": 0.03156965970993042}, "shared": {"value": false, "score": 1.1920928955078125e-06}}, "references": [{"label": "[12]", "normalizedForm": "[12]", "refKey": 12}]}, {"type": "software", "software-type": "software", "software-name": {"rawForm": "GNNExplainer", "normalizedForm": "GNNExplainer", "offsetStart": 84, "offsetEnd": 96}, "context": "Table 3 reports the distributions of user scores amongst the incomplete attempts of GNNExplainer and ExplaiNE for each predicate subset.", "mentionContextAttributes": {"used": {"value": true, "score": 0.9366588592529297}, "created": {"value": false, "score": 8.344650268554688e-06}, "shared": {"value": false, "score": 1.1920928955078125e-07}}, "documentContextAttributes": {"used": {"value": true, "score": 0.9999024271965027}, "created": {"value": false, "score": 0.03156965970993042}, "shared": {"value": false, "score": 1.1920928955078125e-06}}, "references": [{"label": "[12]", "normalizedForm": "[12]", "refKey": 12}]}, {"type": "software", "software-type": "software", "software-name": {"rawForm": "ExplaiNE", "normalizedForm": "ExplaiNE", "offsetStart": 99, "offsetEnd": 107}, "context": "As a result, several algorithms for explainable link prediction have been proposed, in particular: ExplaiNE [5] quantifies how the predicted probability of a link changes when weakening or removing a link with a neighboring node, while GNNExplainer [12] explains the predictions of any Graph Neural Network, learning a mask over the adjacency matrix to identify the most informative subgraph.", "mentionContextAttributes": {"used": {"value": false, "score": 0.0005602240562438965}, "created": {"value": false, "score": 0.00974041223526001}, "shared": {"value": false, "score": 1.1920928955078125e-06}}, "documentContextAttributes": {"used": {"value": true, "score": 0.9998201727867126}, "created": {"value": false, "score": 0.03156965970993042}, "shared": {"value": false, "score": 1.1920928955078125e-06}}, "references": [{"label": "[5]", "normalizedForm": "[5]", "refKey": 5, "offsetStart": 2394, "offsetEnd": 2397}]}, {"type": "software", "software-type": "software", "software-name": {"rawForm": "ExplaiNE", "normalizedForm": "ExplaiNE", "offsetStart": 101, "offsetEnd": 109}, "context": "Table 3 reports the distributions of user scores amongst the incomplete attempts of GNNExplainer and ExplaiNE for each predicate subset.", "mentionContextAttributes": {"used": {"value": true, "score": 0.9366588592529297}, "created": {"value": false, "score": 8.344650268554688e-06}, "shared": {"value": false, "score": 1.1920928955078125e-07}}, "documentContextAttributes": {"used": {"value": true, "score": 0.9998201727867126}, "created": {"value": false, "score": 0.03156965970993042}, "shared": {"value": false, "score": 1.1920928955078125e-06}}, "references": [{"label": "[5]", "normalizedForm": "[5]", "refKey": 5}]}, {"type": "software", "software-type": "software", "software-name": {"rawForm": "ExplaiNE", "normalizedForm": "ExplaiNE", "offsetStart": 145, "offsetEnd": 153}, "context": "As an example, for an input triple (Eadhild, hasSpouse, Hugh the Great), and its ground truth explanations (Hugh the Great, hasSpouse, Eadhild), ExplaiNE predicted a first degree neighbor (Hugh the Great, hasSpouse, Hedwig of Saxony).", "mentionContextAttributes": {"used": {"value": true, "score": 0.9998201727867126}, "created": {"value": false, "score": 2.1457672119140625e-06}, "shared": {"value": false, "score": 3.5762786865234375e-07}}, "documentContextAttributes": {"used": {"value": true, "score": 0.9998201727867126}, "created": {"value": false, "score": 0.03156965970993042}, "shared": {"value": false, "score": 1.1920928955078125e-06}}, "references": [{"label": "[5]", "normalizedForm": "[5]", "refKey": 5}]}, {"type": "software", "software-type": "software", "software-name": {"rawForm": "DistMult", "normalizedForm": "DistMult", "offsetStart": 181, "offsetEnd": 194}, "context": "Relational Graph Convolutional Networks (RGCN) [9] extends Graph Convolutional Networks [7] for applications to link prediction on Knowledge Graphs, using the scoring function from DistMult [11] as an output layer, returning a probability of the input triple being a fact.", "mentionContextAttributes": {"used": {"value": false, "score": 0.00019854307174682617}, "created": {"value": false, "score": 3.6954879760742188e-06}, "shared": {"value": false, "score": 4.76837158203125e-07}}, "documentContextAttributes": {"used": {"value": false, "score": 0.008285284042358398}, "created": {"value": false, "score": 3.874301910400391e-06}, "shared": {"value": false, "score": 4.76837158203125e-07}}}, {"type": "software", "software-type": "software", "software-name": {"rawForm": "GNNExplainer", "normalizedForm": "GNNExplainer", "offsetStart": 236, "offsetEnd": 248}, "context": "As a result, several algorithms for explainable link prediction have been proposed, in particular: ExplaiNE [5] quantifies how the predicted probability of a link changes when weakening or removing a link with a neighboring node, while GNNExplainer [12] explains the predictions of any Graph Neural Network, learning a mask over the adjacency matrix to identify the most informative subgraph.", "mentionContextAttributes": {"used": {"value": false, "score": 0.0005602240562438965}, "created": {"value": false, "score": 0.00974041223526001}, "shared": {"value": false, "score": 1.1920928955078125e-06}}, "documentContextAttributes": {"used": {"value": true, "score": 0.9999024271965027}, "created": {"value": false, "score": 0.03156965970993042}, "shared": {"value": false, "score": 1.1920928955078125e-06}}, "references": [{"label": "[12]", "normalizedForm": "[12]", "refKey": 12, "offsetStart": 2535, "offsetEnd": 2539}]}], "references": [{"refKey": 5, "tei": "<biblStruct xml:id=\"b5\">\n\t<monogr>\n\t\t<author>\n\t\t\t<persName><forename type=\"first\">Bo</forename><surname>Kang</surname></persName>\n\t\t</author>\n\t\t<author>\n\t\t\t<persName><forename type=\"first\">Jefrey</forename><surname>Lijffijt</surname></persName>\n\t\t</author>\n\t\t<author>\n\t\t\t<persName><forename type=\"first\">Tijl</forename><surname>De</surname></persName>\n\t\t</author>\n\t\t<author>\n\t\t\t<persName><forename type=\"first\">Bie</forename></persName>\n\t\t</author>\n\t\t<idno>CoRR abs/1904.12694</idno>\n\t\t<title level=\"m\">ExplaiNE: An Approach for Explaining Network Embedding-based Link Predictions</title>\n\t\t<imprint>\n\t\t\t<date>2019. 2019</date>\n\t\t</imprint>\n\t</monogr>\n</biblStruct>\n"}, {"refKey": 12, "tei": "<biblStruct xml:id=\"b12\">\n\t<analytic>\n\t\t<title level=\"a\" type=\"main\">GNNExplainer: Generating Explanations for Graph Neural Networks</title>\n\t\t<author>\n\t\t\t<persName><forename type=\"first\">Zhitao</forename><surname>Ying</surname></persName>\n\t\t</author>\n\t\t<author>\n\t\t\t<persName><forename type=\"first\">Dylan</forename><surname>Bourgeois</surname></persName>\n\t\t</author>\n\t\t<author>\n\t\t\t<persName><forename type=\"first\">Jiaxuan</forename><surname>You</surname></persName>\n\t\t</author>\n\t\t<author>\n\t\t\t<persName><forename type=\"first\">Marinka</forename><surname>Zitnik</surname></persName>\n\t\t</author>\n\t\t<author>\n\t\t\t<persName><forename type=\"first\">Jure</forename><surname>Leskovec</surname></persName>\n\t\t</author>\n\t</analytic>\n\t<monogr>\n\t\t<title level=\"m\">Advances in Neural Information Processing Systems</title>\n\t\t<imprint>\n\t\t\t<date>2019</date>\n\t\t</imprint>\n\t</monogr>\n</biblStruct>\n"}], "runtime": 109226, "id": "3c758f54e5602499f98607853ddfa1e663a8e626", "metadata": {"id": "3c758f54e5602499f98607853ddfa1e663a8e626"}, "original_file_path": "../../datalake/Samuel/SOFTware-Sync/data/xml_files/hal-03402766.grobid.tei.xml", "file_name": "hal-03402766.grobid.tei.xml"}