{"application": "software-mentions", "version": "0.8.0", "date": "2024-04-12T17:21+0000", "md5": "64628C7D23D79DA1B4180D93C17E838D", "mentions": [{"type": "software", "software-type": "implicit", "software-name": {"rawForm": "code", "normalizedForm": "code", "offsetStart": 4, "offsetEnd": 8}, "url": {"rawForm": "https://github.com/ pmangold/fairness-privacy", "normalizedForm": "https://github.com/ pmangold/fairness-privacy"}, "context": "The code is in the supplementary, and will be made public.", "mentionContextAttributes": {"used": {"value": false, "score": 0.0031333565711975098}, "created": {"value": false, "score": 0.14757144451141357}, "shared": {"value": false, "score": 0.16355687379837036}}, "documentContextAttributes": {"used": {"value": false, "score": 0.0031333565711975098}, "created": {"value": false, "score": 0.14757144451141357}, "shared": {"value": true, "score": 0.9949641227722168}}}, {"type": "software", "software-type": "implicit", "software-name": {"rawForm": "code", "normalizedForm": "code", "offsetStart": 4, "offsetEnd": 8}, "url": {"rawForm": "https://github.com/ pmangold/fairness-privacy", "normalizedForm": "https://github.com/ pmangold/fairness-privacy", "offsetStart": 25, "offsetEnd": 70}, "context": "The code is available at https://github.com/ pmangold/fairness-privacy.", "mentionContextAttributes": {"used": {"value": false, "score": 6.520748138427734e-05}, "created": {"value": false, "score": 9.453296661376953e-05}, "shared": {"value": true, "score": 0.9949641227722168}}, "documentContextAttributes": {"used": {"value": false, "score": 0.0031333565711975098}, "created": {"value": false, "score": 0.14757144451141357}, "shared": {"value": true, "score": 0.9949641227722168}}}], "references": [], "runtime": 56560, "id": "bc7ea9f22cb9d46d89477fcdea51f8e2b7784120", "metadata": {"id": "bc7ea9f22cb9d46d89477fcdea51f8e2b7784120"}, "original_file_path": "../../datalake/Samuel/SOFTware-Sync/data/xml_not_sofctied/hal-03902203.grobid.tei.xml", "file_name": "hal-03902203.grobid.tei.xml"}