{"application": "software-mentions", "version": "0.8.0", "date": "2024-04-12T17:28+0000", "md5": "F933A2F945DFCE4BFB7812305D99877B", "mentions": [{"type": "software", "software-type": "software", "software-name": {"rawForm": "CoreNLP", "normalizedForm": "CoreNLP", "offsetStart": 31, "offsetEnd": 38}, "context": "We decided to use the Stanford CoreNLP toolkit[", "mentionContextAttributes": {"used": {"value": true, "score": 0.999513566493988}, "created": {"value": false, "score": 2.9981136322021484e-05}, "shared": {"value": false, "score": 2.980232238769531e-07}}, "documentContextAttributes": {"used": {"value": true, "score": 0.999513566493988}, "created": {"value": false, "score": 2.9981136322021484e-05}, "shared": {"value": false, "score": 2.980232238769531e-07}}}, {"type": "software", "software-type": "software", "software-name": {"rawForm": "TACRED", "normalizedForm": "TACRED", "offsetStart": 33, "offsetEnd": 39}, "context": "All experiments were made on the TACRED dataset [24], one of the most used dataset for Relation Extraction.", "mentionContextAttributes": {"used": {"value": true, "score": 0.9999591708183289}, "created": {"value": false, "score": 1.0192394256591797e-05}, "shared": {"value": false, "score": 1.7881393432617188e-07}}, "documentContextAttributes": {"used": {"value": true, "score": 0.9999591708183289}, "created": {"value": true, "score": 0.9968924522399902}, "shared": {"value": false, "score": 2.980232238769531e-07}}, "references": [{"label": "[24]", "normalizedForm": "[24]", "refKey": 24, "offsetStart": 12899, "offsetEnd": 12903}]}, {"type": "software", "software-type": "software", "software-name": {"rawForm": "TACRED", "normalizedForm": "TACRED", "offsetStart": 36, "offsetEnd": 42}, "context": "The quality measure usually used on TACRED is the micro-averaged F-score. ", "mentionContextAttributes": {"used": {"value": true, "score": 0.5104581117630005}, "created": {"value": false, "score": 8.881092071533203e-06}, "shared": {"value": false, "score": 2.980232238769531e-07}}, "documentContextAttributes": {"used": {"value": true, "score": 0.9999591708183289}, "created": {"value": true, "score": 0.9968924522399902}, "shared": {"value": false, "score": 2.980232238769531e-07}}, "references": [{"label": "[24]", "normalizedForm": "[24]", "refKey": 24}]}, {"type": "software", "software-type": "software", "software-name": {"rawForm": "TACRED", "normalizedForm": "TACRED", "offsetStart": 48, "offsetEnd": 54}, "context": "In these experiments, as we work on a subset of TACRED we cannot compare this approach directly to other existing methods.", "mentionContextAttributes": {"used": {"value": false, "score": 0.00010150671005249023}, "created": {"value": true, "score": 0.9968924522399902}, "shared": {"value": false, "score": 2.980232238769531e-07}}, "documentContextAttributes": {"used": {"value": true, "score": 0.9999591708183289}, "created": {"value": true, "score": 0.9968924522399902}, "shared": {"value": false, "score": 2.980232238769531e-07}}, "references": [{"label": "[24]", "normalizedForm": "[24]", "refKey": 24}]}, {"type": "software", "software-type": "software", "software-name": {"rawForm": "TACRED", "normalizedForm": "TACRED", "offsetStart": 64, "offsetEnd": 70}, "context": "Experiment Design We evaluate our two-step approach on the full TACRED dataset in order to compare it to previous approaches.", "mentionContextAttributes": {"used": {"value": false, "score": 0.1560969352722168}, "created": {"value": true, "score": 0.784166693687439}, "shared": {"value": false, "score": 1.7881393432617188e-07}}, "documentContextAttributes": {"used": {"value": true, "score": 0.9999591708183289}, "created": {"value": true, "score": 0.9968924522399902}, "shared": {"value": false, "score": 2.980232238769531e-07}}, "references": [{"label": "[24]", "normalizedForm": "[24]", "refKey": 24}]}, {"type": "software", "software-type": "software", "software-name": {"rawForm": "TACRED", "normalizedForm": "TACRED", "offsetStart": 73, "offsetEnd": 79}, "context": "Experiment Design These experiments are made on the positive examples of TACRED, i.e. the examples that have an annotation other than no_relation. ", "mentionContextAttributes": {"used": {"value": true, "score": 0.9655930399894714}, "created": {"value": false, "score": 0.028052866458892822}, "shared": {"value": false, "score": 1.7881393432617188e-07}}, "documentContextAttributes": {"used": {"value": true, "score": 0.9999591708183289}, "created": {"value": true, "score": 0.9968924522399902}, "shared": {"value": false, "score": 2.980232238769531e-07}}, "references": [{"label": "[24]", "normalizedForm": "[24]", "refKey": 24}]}, {"type": "software", "software-type": "software", "software-name": {"rawForm": "TACRED", "normalizedForm": "TACRED", "offsetStart": 76, "offsetEnd": 82}, "context": "This method has been evaluated and compared with state-ofthe-art methods on TACRED, a relation extraction benchmark, and has shown interesting quantitative and qualitative results.", "mentionContextAttributes": {"used": {"value": false, "score": 0.0005925893783569336}, "created": {"value": false, "score": 0.0026410818099975586}, "shared": {"value": false, "score": 2.980232238769531e-07}}, "documentContextAttributes": {"used": {"value": true, "score": 0.9999591708183289}, "created": {"value": true, "score": 0.9968924522399902}, "shared": {"value": false, "score": 2.980232238769531e-07}}, "references": [{"label": "[24]", "normalizedForm": "[24]", "refKey": 24}]}, {"type": "software", "software-type": "software", "software-name": {"rawForm": "TACRED", "normalizedForm": "TACRED", "offsetStart": 87, "offsetEnd": 93}, "context": "Theoretically equivalent to luke-base, it consists into reproducing the fine-tuning on TACRED to see if this fine-tuning is reproducible, and to have another comparison point for luke-redetect. ", "mentionContextAttributes": {"used": {"value": false, "score": 0.0008972883224487305}, "created": {"value": false, "score": 5.8591365814208984e-05}, "shared": {"value": false, "score": 2.980232238769531e-07}}, "documentContextAttributes": {"used": {"value": true, "score": 0.9999591708183289}, "created": {"value": true, "score": 0.9968924522399902}, "shared": {"value": false, "score": 2.980232238769531e-07}}, "references": [{"label": "[24]", "normalizedForm": "[24]", "refKey": 24}]}, {"type": "software", "software-type": "software", "software-name": {"rawForm": "TACRED", "normalizedForm": "TACRED", "offsetStart": 88, "offsetEnd": 94}, "context": "However, the performance of those approaches (with an F-score between 70 and 75% on the TACRED benchmark [24]) are still too low to allow a full automation.", "mentionContextAttributes": {"used": {"value": false, "score": 0.004735231399536133}, "created": {"value": false, "score": 1.1920928955078125e-05}, "shared": {"value": false, "score": 2.384185791015625e-07}}, "documentContextAttributes": {"used": {"value": true, "score": 0.9999591708183289}, "created": {"value": true, "score": 0.9968924522399902}, "shared": {"value": false, "score": 2.980232238769531e-07}}, "references": [{"label": "[24]", "normalizedForm": "[24]", "refKey": 24}]}, {"type": "software", "software-type": "software", "software-name": {"rawForm": "TACRED", "normalizedForm": "TACRED", "offsetStart": 92, "offsetEnd": 98}, "context": "To do so, according to the structure presented in Figure 3, we process the test examples of TACRED with luke-base, and obtain examples classified as positive or negative.", "mentionContextAttributes": {"used": {"value": true, "score": 0.9286142587661743}, "created": {"value": false, "score": 4.744529724121094e-05}, "shared": {"value": false, "score": 2.384185791015625e-07}}, "documentContextAttributes": {"used": {"value": true, "score": 0.9999591708183289}, "created": {"value": true, "score": 0.9968924522399902}, "shared": {"value": false, "score": 2.980232238769531e-07}}, "references": [{"label": "[24]", "normalizedForm": "[24]", "refKey": 24}]}, {"type": "software", "software-type": "software", "software-name": {"rawForm": "TACRED", "normalizedForm": "TACRED", "offsetStart": 129, "offsetEnd": 135}, "context": "In practice, the generic prediction method presented above is specialized to the settings of relation extraction benchmarks like TACRED. ", "mentionContextAttributes": {"used": {"value": false, "score": 0.0001652240753173828}, "created": {"value": false, "score": 0.0014209747314453125}, "shared": {"value": false, "score": 1.1920928955078125e-07}}, "documentContextAttributes": {"used": {"value": true, "score": 0.9999591708183289}, "created": {"value": true, "score": 0.9968924522399902}, "shared": {"value": false, "score": 2.980232238769531e-07}}, "references": [{"label": "[24]", "normalizedForm": "[24]", "refKey": 24}]}, {"type": "software", "software-type": "software", "software-name": {"rawForm": "ConceptualKNN", "normalizedForm": "ConceptualKNN", "offsetStart": 171, "offsetEnd": 185}, "context": "Concerning the dependency tree pruning, several values of k were tested, and the best results have been obtained with k = 1.Our approach was implemented in Java4 and uses ConceptualKNN5 for the computation of Concepts of Neighbours, which is based on Apache Jena6 , a Java library for the semantic web.", "mentionContextAttributes": {"used": {"value": true, "score": 0.9770733118057251}, "created": {"value": false, "score": 0.0140419602394104}, "shared": {"value": false, "score": 7.152557373046875e-07}}, "documentContextAttributes": {"used": {"value": true, "score": 0.9770733118057251}, "created": {"value": false, "score": 0.0140419602394104}, "shared": {"value": false, "score": 7.152557373046875e-07}}}, {"type": "software", "software-type": "software", "wikidataId": "Q1686799", "wikipediaExternalRef": 8905398, "lang": "en", "confidence": 0.6937, "software-name": {"rawForm": "Apache Jena", "normalizedForm": "Apache Jena", "wikidataId": "Q1686799", "wikipediaExternalRef": 8905398, "lang": "en", "confidence": 0.6937, "offsetStart": 251, "offsetEnd": 263}, "context": "Concerning the dependency tree pruning, several values of k were tested, and the best results have been obtained with k = 1.Our approach was implemented in Java4 and uses ConceptualKNN5 for the computation of Concepts of Neighbours, which is based on Apache Jena6 , a Java library for the semantic web.", "mentionContextAttributes": {"used": {"value": true, "score": 0.9770733118057251}, "created": {"value": false, "score": 0.0140419602394104}, "shared": {"value": false, "score": 7.152557373046875e-07}}, "documentContextAttributes": {"used": {"value": true, "score": 0.9770733118057251}, "created": {"value": false, "score": 0.0140419602394104}, "shared": {"value": false, "score": 7.152557373046875e-07}}}, {"type": "software", "software-type": "implicit", "software-name": {"rawForm": "library", "normalizedForm": "library", "offsetStart": 273, "offsetEnd": 280}, "context": "Concerning the dependency tree pruning, several values of k were tested, and the best results have been obtained with k = 1.Our approach was implemented in Java4 and uses ConceptualKNN5 for the computation of Concepts of Neighbours, which is based on Apache Jena6 , a Java library for the semantic web.", "mentionContextAttributes": {"used": {"value": true, "score": 0.9770733118057251}, "created": {"value": false, "score": 0.014042079448699951}, "shared": {"value": false, "score": 7.152557373046875e-07}}, "documentContextAttributes": {"used": {"value": true, "score": 0.9770733118057251}, "created": {"value": false, "score": 0.014042079448699951}, "shared": {"value": false, "score": 7.152557373046875e-07}}}], "references": [{"refKey": 24, "tei": "<biblStruct xml:id=\"b24\">\n\t<analytic>\n\t\t<title level=\"a\" type=\"main\">Position-aware Attention and Supervised Data Improve Slot Filling</title>\n\t\t<author>\n\t\t\t<persName><forename type=\"first\">Yuhao</forename><surname>Zhang</surname></persName>\n\t\t</author>\n\t\t<author>\n\t\t\t<persName><forename type=\"first\">Victor</forename><surname>Zhong</surname></persName>\n\t\t</author>\n\t\t<author>\n\t\t\t<persName><forename type=\"first\">Danqi</forename><surname>Chen</surname></persName>\n\t\t</author>\n\t\t<author>\n\t\t\t<persName><forename type=\"first\">Gabor</forename><surname>Angeli</surname></persName>\n\t\t</author>\n\t\t<author>\n\t\t\t<persName><forename type=\"first\">Christopher</forename><forename type=\"middle\">D</forename><surname>Manning</surname></persName>\n\t\t</author>\n\t\t<idno type=\"DOI\">10.18653/v1/d17-1004</idno>\n\t</analytic>\n\t<monogr>\n\t\t<title level=\"m\">Proceedings of the 2017 Conference on Empirical Methods in Natural Language Processing</title>\n\t\t<meeting>the 2017 Conference on Empirical Methods in Natural Language Processing</meeting>\n\t\t<imprint>\n\t\t\t<publisher>Association for Computational Linguistics</publisher>\n\t\t\t<date type=\"published\" when=\"2017\">2017</date>\n\t\t\t<biblScope unit=\"page\">45</biblScope>\n\t\t</imprint>\n\t</monogr>\n</biblStruct>\n"}], "runtime": 78625, "id": "357703939a0edd21049a4e54790322baf87ec705", "metadata": {"id": "357703939a0edd21049a4e54790322baf87ec705"}, "original_file_path": "../../datalake/Samuel/SOFTware-Sync/data/xml_not_sofctied/hal-03866083.grobid.tei.xml", "file_name": "hal-03866083.grobid.tei.xml"}