{"application": "software-mentions", "version": "0.8.0", "date": "2024-04-12T16:05+0000", "md5": "AD8B8C9EB795CB75FFB6150D44DE0597", "mentions": [{"type": "software", "software-type": "software", "software-name": {"rawForm": "SHARQL", "normalizedForm": "SHARQL", "offsetStart": 0, "offsetEnd": 6}, "context": "SHARQL builds on DARQL [3], a system deployed on top of a relational DBMS (PostgreSQL 10) with a web-based front end alongside a batch processing system (for loading and analyzing query logs, writing to files) and initially conceived for DBpedia queries. ", "mentionContextAttributes": {"used": {"value": false, "score": 0.008457362651824951}, "created": {"value": false, "score": 0.0008289217948913574}, "shared": {"value": false, "score": 1.0132789611816406e-06}}, "documentContextAttributes": {"used": {"value": true, "score": 0.9975720047950745}, "created": {"value": true, "score": 0.9994333982467651}, "shared": {"value": true, "score": 0.91268390417099}}}, {"type": "software", "software-type": "software", "software-name": {"rawForm": "SHARQL", "normalizedForm": "SHARQL", "offsetStart": 0, "offsetEnd": 6}, "context": "SHARQL allows to visualize the queries of SPARQL log files with varying characteristics (Wikidata, DBpedia, BioPortal, LGD, OpenBioMed, Semantic Web Dog Food, British Museum), out of which there are recently publicly available logs [7]. ", "mentionContextAttributes": {"used": {"value": false, "score": 6.777048110961914e-05}, "created": {"value": false, "score": 5.620718002319336e-05}, "shared": {"value": false, "score": 4.708766937255859e-06}}, "documentContextAttributes": {"used": {"value": true, "score": 0.9975720047950745}, "created": {"value": true, "score": 0.9994333982467651}, "shared": {"value": true, "score": 0.91268390417099}}}, {"type": "software", "software-type": "software", "wikidataId": "Q54871", "wikipediaExternalRef": 2574343, "lang": "en", "confidence": 0.9098, "software-name": {"rawForm": "SPARQL", "normalizedForm": "SPARQL", "wikidataId": "Q54871", "wikipediaExternalRef": 2574343, "lang": "en", "confidence": 0.9098, "offsetStart": 0, "offsetEnd": 6}, "context": "SPARQL queries are sometimes hard to understand and their inherent properties, such as their shape, their hypertree properties, and their property paths are even more difficult to be identified and properly rendered.", "mentionContextAttributes": {"used": {"value": false, "score": 0.00023412704467773438}, "created": {"value": false, "score": 5.179643630981445e-05}, "shared": {"value": false, "score": 2.980232238769531e-07}}, "documentContextAttributes": {"used": {"value": false, "score": 0.004850447177886963}, "created": {"value": true, "score": 0.9994333982467651}, "shared": {"value": false, "score": 4.708766937255859e-06}}}, {"type": "software", "software-type": "software", "software-name": {"rawForm": "SHARQL", "normalizedForm": "SHARQL", "offsetStart": 0, "offsetEnd": 6}, "context": "SHARQL allows to use each of these analysis results to study subgroups of queries in detail.", "mentionContextAttributes": {"used": {"value": false, "score": 0.002439558506011963}, "created": {"value": false, "score": 8.761882781982422e-06}, "shared": {"value": false, "score": 2.980232238769531e-07}}, "documentContextAttributes": {"used": {"value": true, "score": 0.9975720047950745}, "created": {"value": true, "score": 0.9994333982467651}, "shared": {"value": true, "score": 0.91268390417099}}}, {"type": "software", "software-type": "software", "software-name": {"rawForm": "DARQL", "normalizedForm": "DARQL", "offsetStart": 0, "offsetEnd": 11}, "context": "DARQL [2,3] was however working on an initial batch of DBpedia logs augmented with logs from other sources and roughly amounting to 1/5 of our current huge corpus in SHARQL. ", "mentionContextAttributes": {"used": {"value": false, "score": 0.032802581787109375}, "created": {"value": false, "score": 0.00021767616271972656}, "shared": {"value": false, "score": 1.7881393432617188e-07}}, "documentContextAttributes": {"used": {"value": true, "score": 0.9999915957450867}, "created": {"value": false, "score": 0.0008289217948913574}, "shared": {"value": false, "score": 1.0132789611816406e-06}}, "references": [{"label": "[3]", "normalizedForm": "[3]", "refKey": 3}, {"label": "[3]", "normalizedForm": "[3]", "refKey": 3}]}, {"type": "software", "software-type": "software", "software-name": {"rawForm": "SHARQL", "normalizedForm": "SHARQL", "offsetStart": 3, "offsetEnd": 9}, "context": "In SHARQL, we show how the analysis and exploration of several hundred million queries is possible. ", "mentionContextAttributes": {"used": {"value": false, "score": 0.01936781406402588}, "created": {"value": false, "score": 0.2689139246940613}, "shared": {"value": false, "score": 1.7881393432617188e-07}}, "documentContextAttributes": {"used": {"value": true, "score": 0.9975720047950745}, "created": {"value": true, "score": 0.9994333982467651}, "shared": {"value": true, "score": 0.91268390417099}}}, {"type": "software", "software-type": "software", "software-name": {"rawForm": "SHARQL", "normalizedForm": "SHARQL", "offsetStart": 3, "offsetEnd": 9}, "context": "In SHARQL we can derive the hypertree decomposition of all queries in the logs that are sufficiently close to a conjunctive qu ery so that hypertree decompositions make sense, as discussed in detail in [4].", "mentionContextAttributes": {"used": {"value": false, "score": 0.0013558268547058105}, "created": {"value": false, "score": 1.3053417205810547e-05}, "shared": {"value": false, "score": 2.980232238769531e-07}}, "documentContextAttributes": {"used": {"value": true, "score": 0.9975720047950745}, "created": {"value": true, "score": 0.9994333982467651}, "shared": {"value": true, "score": 0.91268390417099}}}, {"type": "software", "software-type": "software", "wikidataId": "Q54871", "wikipediaExternalRef": 2574343, "lang": "en", "confidence": 0.9098, "software-name": {"rawForm": "SPARQL", "normalizedForm": "SPARQL", "wikidataId": "Q54871", "wikipediaExternalRef": 2574343, "lang": "en", "confidence": 0.9098, "offsetStart": 9, "offsetEnd": 15}, "context": "As large SPARQL query logs are being disclosed to the community, more and more queries are becoming available for advanced analytics [2,4,7].", "mentionContextAttributes": {"used": {"value": false, "score": 0.00046068429946899414}, "created": {"value": false, "score": 5.6684017181396484e-05}, "shared": {"value": false, "score": 2.980232238769531e-07}}, "documentContextAttributes": {"used": {"value": false, "score": 0.004850447177886963}, "created": {"value": true, "score": 0.9994333982467651}, "shared": {"value": false, "score": 4.708766937255859e-06}}}, {"type": "software", "software-type": "software", "software-name": {"rawForm": "SHARQL", "normalizedForm": "SHARQL", "offsetStart": 12, "offsetEnd": 18}, "context": "We showcase SHARQL, a system that allows to navigate SPARQL query logs, can inspect complex queries by visualizing their shape, and can serve as a back-end to flexibly produce statistics about the logs. ", "mentionContextAttributes": {"used": {"value": false, "score": 2.676248550415039e-05}, "created": {"value": true, "score": 0.9994333982467651}, "shared": {"value": false, "score": 4.172325134277344e-07}}, "documentContextAttributes": {"used": {"value": true, "score": 0.9975720047950745}, "created": {"value": true, "score": 0.9994333982467651}, "shared": {"value": true, "score": 0.91268390417099}}}, {"type": "software", "software-type": "software", "wikidataId": "Q54871", "wikipediaExternalRef": 2574343, "lang": "en", "confidence": 0.9098, "software-name": {"rawForm": "SPARQL", "normalizedForm": "SPARQL", "wikidataId": "Q54871", "wikipediaExternalRef": 2574343, "lang": "en", "confidence": 0.9098, "offsetStart": 12, "offsetEnd": 18}, "context": "Even though SPARQL query logs are increasingly available and have become public recently, their navigation and analysis is hampered by the lack of appropriate tools.", "mentionContextAttributes": {"used": {"value": false, "score": 7.385015487670898e-05}, "created": {"value": false, "score": 0.0001518726348876953}, "shared": {"value": false, "score": 5.364418029785156e-07}}, "documentContextAttributes": {"used": {"value": false, "score": 0.004850447177886963}, "created": {"value": true, "score": 0.9994333982467651}, "shared": {"value": false, "score": 4.708766937255859e-06}}}, {"type": "software", "software-type": "software", "software-name": {"rawForm": "DARQL", "normalizedForm": "DARQL", "offsetStart": 17, "offsetEnd": 22}, "context": "SHARQL builds on DARQL [3], a system deployed on top of a relational DBMS (PostgreSQL 10) with a web-based front end alongside a batch processing system (for loading and analyzing query logs, writing to files) and initially conceived for DBpedia queries.", "mentionContextAttributes": {"used": {"value": false, "score": 0.008457362651824951}, "created": {"value": false, "score": 0.0008289217948913574}, "shared": {"value": false, "score": 1.0132789611816406e-06}}, "documentContextAttributes": {"used": {"value": true, "score": 0.9999915957450867}, "created": {"value": false, "score": 0.0008289217948913574}, "shared": {"value": false, "score": 1.0132789611816406e-06}}, "references": [{"label": "[3]", "normalizedForm": "[3]", "refKey": 3, "offsetStart": 2157, "offsetEnd": 2160}, {"label": "[3]", "normalizedForm": "[3]", "refKey": 3, "offsetStart": 2157, "offsetEnd": 2160}]}, {"type": "software", "software-type": "software", "software-name": {"rawForm": "SHARQL", "normalizedForm": "SHARQL", "offsetStart": 23, "offsetEnd": 29}, "context": "The combination of the SHARQL database and Jupyter is extremely flexible and gives the user more than 0.8B queries to analyze.", "mentionContextAttributes": {"used": {"value": false, "score": 0.0006088018417358398}, "created": {"value": false, "score": 9.000301361083984e-06}, "shared": {"value": false, "score": 2.980232238769531e-07}}, "documentContextAttributes": {"used": {"value": true, "score": 0.9975720047950745}, "created": {"value": true, "score": 0.9994333982467651}, "shared": {"value": true, "score": 0.91268390417099}}}, {"type": "software", "software-type": "software", "wikidataId": "Q54871", "wikipediaExternalRef": 2574343, "lang": "en", "confidence": 0.9098, "software-name": {"rawForm": "SPARQL", "normalizedForm": "SPARQL", "wikidataId": "Q54871", "wikipediaExternalRef": 2574343, "lang": "en", "confidence": 0.9098, "offsetStart": 24, "offsetEnd": 30}, "context": "In the visualization of SPARQL queries, the necessity for hyperedges (edges with more than two nodes) arises when rendering queries that use complex subqueries using the VALUES, SERVICE, BIND and FILTER operators from SPARQL.", "mentionContextAttributes": {"used": {"value": false, "score": 0.00031960010528564453}, "created": {"value": false, "score": 2.9861927032470703e-05}, "shared": {"value": false, "score": 2.980232238769531e-07}}, "documentContextAttributes": {"used": {"value": false, "score": 0.004850447177886963}, "created": {"value": true, "score": 0.9994333982467651}, "shared": {"value": false, "score": 4.708766937255859e-06}}}, {"type": "software", "software-type": "software", "software-name": {"rawForm": "Jupyter", "normalizedForm": "Jupyter", "offsetStart": 25, "offsetEnd": 32}, "context": "But the integration with Jupyter is much more flexible and we can combine statistics in an almost arbitrary manner. ", "mentionContextAttributes": {"used": {"value": false, "score": 6.99162483215332e-05}, "created": {"value": false, "score": 0.009061753749847412}, "shared": {"value": false, "score": 2.980232238769531e-07}}, "documentContextAttributes": {"used": {"value": true, "score": 0.9999174475669861}, "created": {"value": false, "score": 0.009061753749847412}, "shared": {"value": false, "score": 6.556510925292969e-07}}}, {"type": "software", "software-type": "software", "software-name": {"rawForm": "SHARQL", "normalizedForm": "SHARQL", "offsetStart": 26, "offsetEnd": 32}, "context": "The complete code base of SHARQL is available on Github (https://github.com/PoDMr/sharql). ", "mentionContextAttributes": {"used": {"value": false, "score": 0.01740485429763794}, "created": {"value": false, "score": 0.00011140108108520508}, "shared": {"value": true, "score": 0.91268390417099}}, "documentContextAttributes": {"used": {"value": true, "score": 0.9975720047950745}, "created": {"value": true, "score": 0.9994333982467651}, "shared": {"value": true, "score": 0.91268390417099}}}, {"type": "software", "software-type": "software", "software-name": {"rawForm": "Jupyter", "normalizedForm": "Jupyter", "offsetStart": 27, "offsetEnd": 34}, "context": "As an example, we give the Jupyter code we used to produce Figure 3(c) in Figure 4.", "mentionContextAttributes": {"used": {"value": true, "score": 0.9999174475669861}, "created": {"value": false, "score": 7.68899917602539e-06}, "shared": {"value": false, "score": 2.980232238769531e-07}}, "documentContextAttributes": {"used": {"value": true, "score": 0.9999174475669861}, "created": {"value": false, "score": 0.009061753749847412}, "shared": {"value": false, "score": 6.556510925292969e-07}}}, {"type": "software", "software-type": "software", "wikidataId": "Q54871", "wikipediaExternalRef": 2574343, "lang": "en", "confidence": 0.9098, "software-name": {"rawForm": "SPARQL", "normalizedForm": "SPARQL", "wikidataId": "Q54871", "wikipediaExternalRef": 2574343, "lang": "en", "confidence": 0.9098, "offsetStart": 42, "offsetEnd": 48}, "context": "SHARQL allows to visualize the queries of SPARQL log files with varying characteristics (Wikidata, DBpedia, BioPortal, LGD, OpenBioMed, Semantic Web Dog Food, British Museum), out of which there are recently publicly available logs [7]. ", "mentionContextAttributes": {"used": {"value": false, "score": 6.777048110961914e-05}, "created": {"value": false, "score": 5.620718002319336e-05}, "shared": {"value": false, "score": 4.708766937255859e-06}}, "documentContextAttributes": {"used": {"value": false, "score": 0.004850447177886963}, "created": {"value": true, "score": 0.9994333982467651}, "shared": {"value": false, "score": 4.708766937255859e-06}}}, {"type": "software", "software-type": "software", "software-name": {"rawForm": "Jupyter", "normalizedForm": "Jupyter", "offsetStart": 42, "offsetEnd": 49}, "context": "We can use our database as a back-end for Jupyter, which means (and possibly an edge label) and are either dashed or solid. ", "mentionContextAttributes": {"used": {"value": false, "score": 0.001136183738708496}, "created": {"value": false, "score": 0.002707540988922119}, "shared": {"value": false, "score": 6.556510925292969e-07}}, "documentContextAttributes": {"used": {"value": true, "score": 0.9999174475669861}, "created": {"value": false, "score": 0.009061753749847412}, "shared": {"value": false, "score": 6.556510925292969e-07}}}, {"type": "software", "software-type": "software", "software-name": {"rawForm": "Jupyter", "normalizedForm": "Jupyter", "offsetStart": 43, "offsetEnd": 50}, "context": "The combination of the SHARQL database and Jupyter is extremely flexible and gives the user more than 0.8B queries to analyze.", "mentionContextAttributes": {"used": {"value": false, "score": 0.0006088018417358398}, "created": {"value": false, "score": 9.000301361083984e-06}, "shared": {"value": false, "score": 2.980232238769531e-07}}, "documentContextAttributes": {"used": {"value": true, "score": 0.9999174475669861}, "created": {"value": false, "score": 0.009061753749847412}, "shared": {"value": false, "score": 6.556510925292969e-07}}}, {"type": "software", "software-type": "software", "software-name": {"rawForm": "SHARQL", "normalizedForm": "SHARQL", "offsetStart": 46, "offsetEnd": 52}, "context": "Figure 3(a) shows a bar chart, obtained using SHARQL, with the distribution of the diameter of the graphs of user versus bot queries in Wikidata, rougly 208M queries.", "mentionContextAttributes": {"used": {"value": true, "score": 0.9975720047950745}, "created": {"value": false, "score": 5.185604095458984e-06}, "shared": {"value": false, "score": 2.980232238769531e-07}}, "documentContextAttributes": {"used": {"value": true, "score": 0.9975720047950745}, "created": {"value": true, "score": 0.9994333982467651}, "shared": {"value": true, "score": 0.91268390417099}}}, {"type": "software", "software-type": "software", "wikidataId": "Q364", "wikipediaExternalRef": 18545292, "lang": "en", "confidence": 0.5963, "software-name": {"rawForm": "Github", "normalizedForm": "Github", "wikidataId": "Q364", "wikipediaExternalRef": 18545292, "lang": "en", "confidence": 0.5963, "offsetStart": 49, "offsetEnd": 55}, "context": "The complete code base of SHARQL is available on Github (https://github.com/PoDMr/sharql). ", "mentionContextAttributes": {"used": {"value": false, "score": 0.01740485429763794}, "created": {"value": false, "score": 0.00011140108108520508}, "shared": {"value": true, "score": 0.91268390417099}}, "documentContextAttributes": {"used": {"value": false, "score": 0.01740485429763794}, "created": {"value": false, "score": 0.00011140108108520508}, "shared": {"value": true, "score": 0.91268390417099}}}, {"type": "software", "software-type": "software", "wikidataId": "Q54871", "wikipediaExternalRef": 2574343, "lang": "en", "confidence": 0.9098, "software-name": {"rawForm": "SPARQL", "normalizedForm": "SPARQL", "wikidataId": "Q54871", "wikipediaExternalRef": 2574343, "lang": "en", "confidence": 0.9098, "offsetStart": 53, "offsetEnd": 59}, "context": "We showcase SHARQL, a system that allows to navigate SPARQL query logs, can inspect complex queries by visualizing their shape, and can serve as a back-end to flexibly produce statistics about the logs.", "mentionContextAttributes": {"used": {"value": false, "score": 2.676248550415039e-05}, "created": {"value": true, "score": 0.9994333982467651}, "shared": {"value": false, "score": 4.172325134277344e-07}}, "documentContextAttributes": {"used": {"value": false, "score": 0.004850447177886963}, "created": {"value": true, "score": 0.9994333982467651}, "shared": {"value": false, "score": 4.708766937255859e-06}}}, {"type": "software", "software-type": "software", "wikidataId": "Q54871", "wikipediaExternalRef": 2574343, "lang": "en", "confidence": 0.9098, "software-name": {"rawForm": "SPARQL", "normalizedForm": "SPARQL", "wikidataId": "Q54871", "wikipediaExternalRef": 2574343, "lang": "en", "confidence": 0.9098, "offsetStart": 54, "offsetEnd": 60}, "context": "In this demo, we focus on the presentation of massive SPARQL query logs, amounting to a corpus of roughly 0.8B queries from disparate data sources (including DBpedia and Wikidata as the most significant subsets of the corpus), as result of our previous work in the area [2,4].", "mentionContextAttributes": {"used": {"value": false, "score": 0.004850447177886963}, "created": {"value": true, "score": 0.9961802959442139}, "shared": {"value": false, "score": 8.940696716308594e-07}}, "documentContextAttributes": {"used": {"value": false, "score": 0.004850447177886963}, "created": {"value": true, "score": 0.9994333982467651}, "shared": {"value": false, "score": 4.708766937255859e-06}}}, {"type": "software", "software-type": "software", "wikidataId": "Q192490", "wikipediaExternalRef": 23824, "lang": "en", "confidence": 0.7249, "software-name": {"rawForm": "PostgreSQL", "normalizedForm": "PostgreSQL", "wikidataId": "Q192490", "wikipediaExternalRef": 23824, "lang": "en", "confidence": 0.7249, "offsetStart": 75, "offsetEnd": 85}, "version": {"rawForm": "10", "normalizedForm": "10", "offsetStart": 86, "offsetEnd": 88}, "context": "SHARQL builds on DARQL [3], a system deployed on top of a relational DBMS (PostgreSQL 10) with a web-based front end alongside a batch processing system (for loading and analyzing query logs, writing to files) and initially conceived for DBpedia queries. ", "mentionContextAttributes": {"used": {"value": false, "score": 0.008457362651824951}, "created": {"value": false, "score": 0.0008289217948913574}, "shared": {"value": false, "score": 1.0132789611816406e-06}}, "documentContextAttributes": {"used": {"value": false, "score": 0.008457362651824951}, "created": {"value": false, "score": 0.0008289217948913574}, "shared": {"value": false, "score": 1.0132789611816406e-06}}}, {"type": "software", "software-type": "software", "wikidataId": "Q54871", "wikipediaExternalRef": 2574343, "lang": "en", "confidence": 0.9098, "software-name": {"rawForm": "SPARQL", "normalizedForm": "SPARQL", "wikidataId": "Q54871", "wikipediaExternalRef": 2574343, "lang": "en", "confidence": 0.9098, "offsetStart": 77, "offsetEnd": 83}, "context": "Since our corpus encompasses a varied set of log files coming from disparate SPARQL endpoints, SHARQL lets the users access the lineage of the queries under inspection and have a perception of what logs contain queries with certain complex characteristics.", "mentionContextAttributes": {"used": {"value": false, "score": 0.0001614093780517578}, "created": {"value": false, "score": 0.054035484790802}, "shared": {"value": false, "score": 4.172325134277344e-07}}, "documentContextAttributes": {"used": {"value": false, "score": 0.004850447177886963}, "created": {"value": true, "score": 0.9994333982467651}, "shared": {"value": false, "score": 4.708766937255859e-06}}}, {"type": "software", "software-type": "software", "software-name": {"rawForm": "SHARQL", "normalizedForm": "SHARQL", "offsetStart": 92, "offsetEnd": 98}, "context": "Due to the fact that additional large query logs have been added since then, the new system SHARQL has a swathe of new features including:", "mentionContextAttributes": {"used": {"value": false, "score": 0.00016641616821289062}, "created": {"value": false, "score": 0.0012004375457763672}, "shared": {"value": false, "score": 4.172325134277344e-07}}, "documentContextAttributes": {"used": {"value": true, "score": 0.9975720047950745}, "created": {"value": true, "score": 0.9994333982467651}, "shared": {"value": true, "score": 0.91268390417099}}}, {"type": "software", "software-type": "software", "software-name": {"rawForm": "SHARQL", "normalizedForm": "SHARQL", "offsetStart": 95, "offsetEnd": 101}, "context": "Since our corpus encompasses a varied set of log files coming from disparate SPARQL endpoints, SHARQL lets the users access the lineage of the queries under inspection and have a perception of what logs contain queries with certain complex characteristics.", "mentionContextAttributes": {"used": {"value": false, "score": 0.0001614093780517578}, "created": {"value": false, "score": 0.054035484790802}, "shared": {"value": false, "score": 4.172325134277344e-07}}, "documentContextAttributes": {"used": {"value": true, "score": 0.9975720047950745}, "created": {"value": true, "score": 0.9994333982467651}, "shared": {"value": true, "score": 0.91268390417099}}}, {"type": "software", "software-type": "software", "wikidataId": "Q54871", "wikipediaExternalRef": 2574343, "lang": "en", "confidence": 0.9098, "software-name": {"rawForm": "SPARQL", "normalizedForm": "SPARQL", "wikidataId": "Q54871", "wikipediaExternalRef": 2574343, "lang": "en", "confidence": 0.9098, "offsetStart": 98, "offsetEnd": 104}, "context": "We offer edge rendering which works with complex hyperedges, regular edges, and property paths of SPARQL queries.", "mentionContextAttributes": {"used": {"value": false, "score": 2.2470951080322266e-05}, "created": {"value": true, "score": 0.9984335899353027}, "shared": {"value": false, "score": 2.980232238769531e-07}}, "documentContextAttributes": {"used": {"value": false, "score": 0.004850447177886963}, "created": {"value": true, "score": 0.9994333982467651}, "shared": {"value": false, "score": 4.708766937255859e-06}}}, {"type": "software", "software-type": "software", "software-name": {"rawForm": "DARQL", "normalizedForm": "DARQL", "offsetStart": 103, "offsetEnd": 111}, "context": "We have subjected each query in our database to a total of roughly 120 tests, compared to 62 we did in DARQL [3]. ", "mentionContextAttributes": {"used": {"value": true, "score": 0.9999915957450867}, "created": {"value": false, "score": 0.0001728534698486328}, "shared": {"value": false, "score": 2.980232238769531e-07}}, "documentContextAttributes": {"used": {"value": true, "score": 0.9999915957450867}, "created": {"value": false, "score": 0.0008289217948913574}, "shared": {"value": false, "score": 1.0132789611816406e-06}}, "references": [{"label": "[3]", "normalizedForm": "[3]", "refKey": 3}, {"label": "[3]", "normalizedForm": "[3]", "refKey": 3}]}, {"type": "software", "software-type": "software", "software-name": {"rawForm": "OpenLink", "normalizedForm": "OpenLink", "offsetStart": 113, "offsetEnd": 121}, "context": "Examples are the recently publicly available Wikidata query logs and the DBpedia logs which can be obtained from OpenLink Software. ", "mentionContextAttributes": {"used": {"value": false, "score": 9.28044319152832e-05}, "created": {"value": false, "score": 0.0011402368545532227}, "shared": {"value": false, "score": 0.22379541397094727}}, "documentContextAttributes": {"used": {"value": false, "score": 9.28044319152832e-05}, "created": {"value": false, "score": 0.0011402368545532227}, "shared": {"value": false, "score": 0.22379541397094727}}}, {"type": "software", "software-type": "software", "software-name": {"rawForm": "SHARQL", "normalizedForm": "SHARQL", "offsetStart": 166, "offsetEnd": 172}, "context": "DARQL [2,3] was however working on an initial batch of DBpedia logs augmented with logs from other sources and roughly amounting to 1/5 of our current huge corpus in SHARQL.", "mentionContextAttributes": {"used": {"value": false, "score": 0.032802581787109375}, "created": {"value": false, "score": 0.00021767616271972656}, "shared": {"value": false, "score": 1.7881393432617188e-07}}, "documentContextAttributes": {"used": {"value": true, "score": 0.9975720047950745}, "created": {"value": true, "score": 0.9994333982467651}, "shared": {"value": true, "score": 0.91268390417099}}}, {"type": "software", "software-type": "software", "wikidataId": "Q54871", "wikipediaExternalRef": 2574343, "lang": "en", "confidence": 0.9098, "software-name": {"rawForm": "SPARQL", "normalizedForm": "SPARQL", "wikidataId": "Q54871", "wikipediaExternalRef": 2574343, "lang": "en", "confidence": 0.9098, "offsetStart": 218, "offsetEnd": 224}, "context": "In the visualization of SPARQL queries, the necessity for hyperedges (edges with more than two nodes) arises when rendering queries that use complex subqueries using the VALUES, SERVICE, BIND and FILTER operators from SPARQL.", "mentionContextAttributes": {"used": {"value": false, "score": 0.00031960010528564453}, "created": {"value": false, "score": 2.9861927032470703e-05}, "shared": {"value": false, "score": 2.980232238769531e-07}}, "documentContextAttributes": {"used": {"value": false, "score": 0.004850447177886963}, "created": {"value": true, "score": 0.9994333982467651}, "shared": {"value": false, "score": 4.708766937255859e-06}}}], "references": [{"refKey": 3, "tei": "<biblStruct xml:id=\"b3\">\n\t<analytic>\n\t\t<title level=\"a\" type=\"main\">DARQL</title>\n\t\t<author>\n\t\t\t<persName><forename type=\"first\">Angela</forename><surname>Bonifati</surname></persName>\n\t\t</author>\n\t\t<author>\n\t\t\t<persName><forename type=\"first\">Wim</forename><surname>Martens</surname></persName>\n\t\t</author>\n\t\t<author>\n\t\t\t<persName><forename type=\"first\">Thomas</forename><surname>Timm</surname></persName>\n\t\t</author>\n\t\t<idno type=\"DOI\">10.1145/3184558.3186975</idno>\n\t</analytic>\n\t<monogr>\n\t\t<title level=\"m\">Companion of the The Web Conference 2018 on The Web Conference 2018 - WWW &apos;18</title>\n\t\t<imprint>\n\t\t\t<publisher>ACM Press</publisher>\n\t\t\t<date type=\"published\" when=\"2018\">2018</date>\n\t\t\t<biblScope unit=\"page\">190</biblScope>\n\t\t</imprint>\n\t</monogr>\n</biblStruct>\n"}], "runtime": 77923, "id": "61375ba6deed80b06268a61616b100b6ea7c646d", "metadata": {"id": "61375ba6deed80b06268a61616b100b6ea7c646d"}, "original_file_path": "../../datalake/Samuel/SOFTware-Sync/data/xml_files/hal-03125718.grobid.tei.xml", "file_name": "hal-03125718.grobid.tei.xml"}