{"application": "software-mentions", "version": "0.8.0", "date": "2024-04-12T15:47+0000", "md5": "8C16F2F3A0F063C599399D698EB9B71F", "mentions": [{"type": "software", "software-type": "software", "software-name": {"rawForm": "Classy-", "normalizedForm": "Classy", "offsetStart": 0, "offsetEnd": 7}, "context": "Classy-Tune [68] solves the optimization problem by classi cation, which cannot be easily extended to the MOO setting. ", "mentionContextAttributes": {"used": {"value": false, "score": 0.0001552104949951172}, "created": {"value": false, "score": 3.159046173095703e-06}, "shared": {"value": false, "score": 1.7881393432617188e-07}}, "documentContextAttributes": {"used": {"value": false, "score": 0.0001552104949951172}, "created": {"value": false, "score": 3.159046173095703e-06}, "shared": {"value": false, "score": 1.7881393432617188e-07}}, "references": [{"label": "[68]", "normalizedForm": "[68]", "refKey": 68, "offsetStart": 13592, "offsetEnd": 13596}]}, {"type": "software", "software-type": "software", "software-name": {"rawForm": "MaxCompute", "normalizedForm": "MaxCompute", "offsetStart": 0, "offsetEnd": 10}, "context": "MaxCompute's large, complex big data processing environment poses a number of challenges to resource optimization.", "mentionContextAttributes": {"used": {"value": false, "score": 8.231401443481445e-05}, "created": {"value": false, "score": 0.0012635588645935059}, "shared": {"value": false, "score": 2.980232238769531e-07}}, "documentContextAttributes": {"used": {"value": true, "score": 0.9994603395462036}, "created": {"value": true, "score": 0.9998813271522522}, "shared": {"value": false, "score": 8.940696716308594e-07}}, "references": [{"label": "[28]", "normalizedForm": "[28]", "refKey": 28}]}, {"type": "software", "software-type": "software", "software-name": {"rawForm": "ResTune", "normalizedForm": "ResTune", "offsetStart": 0, "offsetEnd": 12}, "context": "ResTune [62] uses a meta-learning model to learn the accumulated knowledge from historical workloads to accelerate the tuning process for optimizing resource utilization without violating SLA constraints.", "mentionContextAttributes": {"used": {"value": false, "score": 0.00014400482177734375}, "created": {"value": false, "score": 6.377696990966797e-06}, "shared": {"value": false, "score": 2.980232238769531e-07}}, "documentContextAttributes": {"used": {"value": false, "score": 0.00014400482177734375}, "created": {"value": false, "score": 6.377696990966797e-06}, "shared": {"value": false, "score": 2.980232238769531e-07}}}, {"type": "software", "software-type": "software", "software-name": {"rawForm": "GPredictor", "normalizedForm": "GPredictor", "offsetStart": 0, "offsetEnd": 15}, "context": "GPredictor [65] predicts the latency of concurrent queries in a single machine with a graph-embedding-based model. ", "mentionContextAttributes": {"used": {"value": false, "score": 0.0002224445343017578}, "created": {"value": false, "score": 2.0325183868408203e-05}, "shared": {"value": false, "score": 1.7881393432617188e-07}}, "documentContextAttributes": {"used": {"value": false, "score": 0.0002224445343017578}, "created": {"value": false, "score": 2.0325183868408203e-05}, "shared": {"value": false, "score": 1.7881393432617188e-07}}}, {"type": "software", "software-type": "software", "software-name": {"rawForm": "+RAA", "normalizedForm": "+RAA", "offsetStart": 3, "offsetEnd": 7}, "context": "IPA+RAA(DBSCAN) applies DBSCAN for the instance clustering, which incurs up to 937 msec for a stage, hence ine cient for production use. ", "mentionContextAttributes": {"used": {"value": false, "score": 0.016825973987579346}, "created": {"value": false, "score": 2.562999725341797e-06}, "shared": {"value": false, "score": 1.7881393432617188e-07}}, "documentContextAttributes": {"used": {"value": true, "score": 0.9997027516365051}, "created": {"value": false, "score": 5.2034854888916016e-05}, "shared": {"value": false, "score": 1.0728836059570312e-06}}}, {"type": "software", "software-type": "software", "software-name": {"rawForm": "+RAA", "normalizedForm": "+RAA", "offsetStart": 3, "offsetEnd": 7}, "context": "IPA+RAA(Path) solves the resource plan by applying RAA Path over instance and machine clusters and achieves the best performance.", "mentionContextAttributes": {"used": {"value": false, "score": 0.0010297298431396484}, "created": {"value": false, "score": 1.4841556549072266e-05}, "shared": {"value": false, "score": 1.7881393432617188e-07}}, "documentContextAttributes": {"used": {"value": true, "score": 0.9997027516365051}, "created": {"value": false, "score": 5.2034854888916016e-05}, "shared": {"value": false, "score": 1.0728836059570312e-06}}}, {"type": "software", "software-type": "software", "software-name": {"rawForm": "+RAA", "normalizedForm": "+RAA", "offsetStart": 3, "offsetEnd": 7}, "context": "IPA+RAA(W/O_C) does RAA without clustering and su ers high overhead (up to 19s for a stage).", "mentionContextAttributes": {"used": {"value": false, "score": 0.0002657175064086914}, "created": {"value": false, "score": 3.2782554626464844e-06}, "shared": {"value": false, "score": 1.7881393432617188e-07}}, "documentContextAttributes": {"used": {"value": true, "score": 0.9997027516365051}, "created": {"value": false, "score": 5.2034854888916016e-05}, "shared": {"value": false, "score": 1.0728836059570312e-06}}}, {"type": "software", "software-type": "software", "software-name": {"rawForm": "+RAA", "normalizedForm": "+RAA", "offsetStart": 3, "offsetEnd": 7}, "context": "IPA+RAA(General) shows the performance of our general hierarchical MOO approach, which is slightly worse than IPA+RAA(Path) (in this 2D MOO problem) in running time while o ering a similar reduction of latency and cost.", "mentionContextAttributes": {"used": {"value": false, "score": 0.47992682456970215}, "created": {"value": false, "score": 2.5928020477294922e-05}, "shared": {"value": false, "score": 2.980232238769531e-07}}, "documentContextAttributes": {"used": {"value": true, "score": 0.9997027516365051}, "created": {"value": false, "score": 5.2034854888916016e-05}, "shared": {"value": false, "score": 1.0728836059570312e-06}}}, {"type": "software", "software-type": "software", "software-name": {"rawForm": "MaxCompute", "normalizedForm": "MaxCompute", "offsetStart": 3, "offsetEnd": 13}, "context": "In MaxCompute, a submitted user job is represented hierarchically using stages and operators, which will then be executed by parallel instances. ", "mentionContextAttributes": {"used": {"value": false, "score": 0.000805199146270752}, "created": {"value": false, "score": 0.00019311904907226562}, "shared": {"value": false, "score": 2.980232238769531e-07}}, "documentContextAttributes": {"used": {"value": true, "score": 0.9994603395462036}, "created": {"value": true, "score": 0.9998813271522522}, "shared": {"value": false, "score": 8.940696716308594e-07}}, "references": [{"label": "[28]", "normalizedForm": "[28]", "refKey": 28}]}, {"type": "software", "software-type": "software", "software-name": {"rawForm": "+ RAA", "normalizedForm": "+ RAA", "offsetStart": 8, "offsetEnd": 13}, "context": "(3) IPA + RAA further achieved the reduction of 37-72% latency and 43-78% cost while running in 0.02-0.23s.", "mentionContextAttributes": {"used": {"value": true, "score": 0.9997043609619141}, "created": {"value": false, "score": 8.761882781982422e-06}, "shared": {"value": false, "score": 2.980232238769531e-07}}, "documentContextAttributes": {"used": {"value": true, "score": 0.9997043609619141}, "created": {"value": false, "score": 8.761882781982422e-06}, "shared": {"value": false, "score": 2.980232238769531e-07}}}, {"type": "software", "software-type": "software", "software-name": {"rawForm": "+RAA", "normalizedForm": "+RAA", "offsetStart": 11, "offsetEnd": 15}, "context": "Expt 7: IPA+RAA.", "mentionContextAttributes": {"used": {"value": true, "score": 0.9911695718765259}, "created": {"value": false, "score": 4.392862319946289e-05}, "shared": {"value": false, "score": 8.940696716308594e-07}}, "documentContextAttributes": {"used": {"value": true, "score": 0.9997027516365051}, "created": {"value": false, "score": 5.2034854888916016e-05}, "shared": {"value": false, "score": 1.0728836059570312e-06}}}, {"type": "software", "software-type": "software", "software-name": {"rawForm": "MdErr", "normalizedForm": "MdErr", "offsetStart": 11, "offsetEnd": 16}, "context": "Therefore, MdErr is determined by the majority of the instances but does not capture well those long-running ones. ", "mentionContextAttributes": {"used": {"value": false, "score": 0.04167342185974121}, "created": {"value": false, "score": 2.6404857635498047e-05}, "shared": {"value": false, "score": 2.980232238769531e-07}}, "documentContextAttributes": {"used": {"value": true, "score": 0.9975184798240662}, "created": {"value": false, "score": 0.0006898045539855957}, "shared": {"value": false, "score": 6.556510925292969e-07}}}, {"type": "software", "software-type": "software", "software-name": {"rawForm": "MaxCompute", "normalizedForm": "MaxCompute", "offsetStart": 15, "offsetEnd": 25}, "context": "We presented a MaxCompute [28] based big data system that supports multi-objective resource optimization via ne-grained instancelevel modeling and optimization.", "mentionContextAttributes": {"used": {"value": false, "score": 5.263090133666992e-05}, "created": {"value": true, "score": 0.9998526573181152}, "shared": {"value": false, "score": 2.980232238769531e-07}}, "documentContextAttributes": {"used": {"value": true, "score": 0.9994603395462036}, "created": {"value": true, "score": 0.9998813271522522}, "shared": {"value": false, "score": 8.940696716308594e-07}}, "references": [{"label": "[28]", "normalizedForm": "[28]", "refKey": 28, "offsetStart": 62081, "offsetEnd": 62085}]}, {"type": "software", "software-type": "software", "software-name": {"rawForm": "MaxCompute", "normalizedForm": "MaxCompute", "offsetStart": 22, "offsetEnd": 32}, "context": "This paper presents a MaxCompute based integrated system to support multi-objective resource optimization via ne-grained instance-level modeling and optimization.", "mentionContextAttributes": {"used": {"value": false, "score": 2.568960189819336e-05}, "created": {"value": true, "score": 0.9998813271522522}, "shared": {"value": false, "score": 2.980232238769531e-07}}, "documentContextAttributes": {"used": {"value": true, "score": 0.9994603395462036}, "created": {"value": true, "score": 0.9998813271522522}, "shared": {"value": false, "score": 8.940696716308594e-07}}, "references": [{"label": "[28]", "normalizedForm": "[28]", "refKey": 28}]}, {"type": "software", "software-type": "software", "software-name": {"rawForm": "+RAA", "normalizedForm": "+RAA", "offsetStart": 27, "offsetEnd": 31}, "context": "We next compare our SO (IPA+RAA) against Fuxi's scheduling results by considering the model e ects: the noisefree case means that the predicted latency is the true latency, while the noisy case captures the fact that the true latency is di erent from the predicted one.", "mentionContextAttributes": {"used": {"value": true, "score": 0.9984455108642578}, "created": {"value": false, "score": 2.485513687133789e-05}, "shared": {"value": false, "score": 2.980232238769531e-07}}, "documentContextAttributes": {"used": {"value": true, "score": 0.9997027516365051}, "created": {"value": false, "score": 5.2034854888916016e-05}, "shared": {"value": false, "score": 1.0728836059570312e-06}}}, {"type": "software", "software-type": "software", "software-name": {"rawForm": "MaxCompute", "normalizedForm": "MaxCompute", "offsetStart": 28, "offsetEnd": 38}, "context": "Cost-Based Optimizer (CBO): MaxCompute's Cost-Based Optimizer (CBO) is a variant of the Cascades optimizer [10].", "mentionContextAttributes": {"used": {"value": false, "score": 0.00046747922897338867}, "created": {"value": false, "score": 9.053945541381836e-05}, "shared": {"value": false, "score": 2.980232238769531e-07}}, "documentContextAttributes": {"used": {"value": true, "score": 0.9994603395462036}, "created": {"value": true, "score": 0.9998813271522522}, "shared": {"value": false, "score": 8.940696716308594e-07}}, "references": [{"label": "[28]", "normalizedForm": "[28]", "refKey": 28}]}, {"type": "software", "software-type": "software", "software-name": {"rawForm": "MaxCompute", "normalizedForm": "MaxCompute", "offsetStart": 29, "offsetEnd": 39}, "context": "Using production traces from MaxCompute, we rst analyze our models and compare them to state-of-the-art modeling techniques.", "mentionContextAttributes": {"used": {"value": true, "score": 0.9779316782951355}, "created": {"value": false, "score": 0.26418399810791016}, "shared": {"value": false, "score": 1.7881393432617188e-07}}, "documentContextAttributes": {"used": {"value": true, "score": 0.9994603395462036}, "created": {"value": true, "score": 0.9998813271522522}, "shared": {"value": false, "score": 8.940696716308594e-07}}, "references": [{"label": "[28]", "normalizedForm": "[28]", "refKey": 28}]}, {"type": "software", "software-type": "software", "software-name": {"rawForm": "Ottertune", "normalizedForm": "Ottertune", "offsetStart": 29, "offsetEnd": 43}, "context": "Among learningbased methods, Ottertune [46] builds a predictive model for each query by leveraging similarities to past queries, and runs Gaussian Process exploration to try other con gurations to reduce latency. ", "mentionContextAttributes": {"used": {"value": false, "score": 0.00010102987289428711}, "created": {"value": false, "score": 0.0003554821014404297}, "shared": {"value": false, "score": 1.7881393432617188e-07}}, "documentContextAttributes": {"used": {"value": false, "score": 0.00010102987289428711}, "created": {"value": false, "score": 0.0003554821014404297}, "shared": {"value": false, "score": 1.7881393432617188e-07}}}, {"type": "software", "software-type": "software", "software-name": {"rawForm": "MaxCompute", "normalizedForm": "MaxCompute", "offsetStart": 36, "offsetEnd": 46}, "context": "It is likely that current traces in MaxCompute miss the features to fully characterize IO operations. ", "mentionContextAttributes": {"used": {"value": false, "score": 0.00046449899673461914}, "created": {"value": false, "score": 0.006168067455291748}, "shared": {"value": false, "score": 2.980232238769531e-07}}, "documentContextAttributes": {"used": {"value": true, "score": 0.9994603395462036}, "created": {"value": true, "score": 0.9998813271522522}, "shared": {"value": false, "score": 8.940696716308594e-07}}, "references": [{"label": "[28]", "normalizedForm": "[28]", "refKey": 28}]}, {"type": "software", "software-type": "software", "software-name": {"rawForm": "MaxCompute", "normalizedForm": "MaxCompute", "offsetStart": 46, "offsetEnd": 60}, "context": "In this section, we provide the background on MaxCompute [28], the big data query processing system at Alibaba, and our proposed extended architecture for resource optimization.", "mentionContextAttributes": {"used": {"value": false, "score": 0.0001004338264465332}, "created": {"value": true, "score": 0.9986833333969116}, "shared": {"value": false, "score": 2.980232238769531e-07}}, "documentContextAttributes": {"used": {"value": true, "score": 0.9994603395462036}, "created": {"value": true, "score": 0.9998813271522522}, "shared": {"value": false, "score": 8.940696716308594e-07}}, "references": [{"label": "[28]", "normalizedForm": "[28]", "refKey": 28}]}, {"type": "software", "software-type": "software", "software-name": {"rawForm": "MdErr", "normalizedForm": "MdErr", "offsetStart": 48, "offsetEnd": 53}, "context": "Second, WMAPE is a more challenging metric than MdErr.", "mentionContextAttributes": {"used": {"value": false, "score": 0.00020051002502441406}, "created": {"value": false, "score": 1.722574234008789e-05}, "shared": {"value": false, "score": 2.980232238769531e-07}}, "documentContextAttributes": {"used": {"value": true, "score": 0.9975184798240662}, "created": {"value": false, "score": 0.0006898045539855957}, "shared": {"value": false, "score": 6.556510925292969e-07}}}, {"type": "software", "software-type": "software", "software-name": {"rawForm": "MaxCompute", "normalizedForm": "MaxCompute", "offsetStart": 55, "offsetEnd": 65}, "context": "Fig. 3 presents the detailed architecture that extends MaxCompute with three new components (colored in purple): The trace collector collects runtime traces, including the query traces (the query plan and operator features such as cardinality), instancelevel traces (input row number and data size of an instance, and the resource plan assigned to it), and machine-level traces (machine system states and hardware type). ", "mentionContextAttributes": {"used": {"value": false, "score": 0.001114487648010254}, "created": {"value": false, "score": 8.314847946166992e-05}, "shared": {"value": false, "score": 8.940696716308594e-07}}, "documentContextAttributes": {"used": {"value": true, "score": 0.9994603395462036}, "created": {"value": true, "score": 0.9998813271522522}, "shared": {"value": false, "score": 8.940696716308594e-07}}, "references": [{"label": "[28]", "normalizedForm": "[28]", "refKey": 28}]}, {"type": "software", "software-type": "software", "software-name": {"rawForm": "MaxCompute", "normalizedForm": "MaxCompute", "offsetStart": 64, "offsetEnd": 78}, "context": "We show an example through the life cycle of a submitted job in MaxCompute [28], the big data query processing system at Alibaba, as shown in Fig. 1. ", "mentionContextAttributes": {"used": {"value": false, "score": 0.05902594327926636}, "created": {"value": false, "score": 6.264448165893555e-05}, "shared": {"value": false, "score": 1.7881393432617188e-07}}, "documentContextAttributes": {"used": {"value": true, "score": 0.9994603395462036}, "created": {"value": true, "score": 0.9998813271522522}, "shared": {"value": false, "score": 8.940696716308594e-07}}, "references": [{"label": "[28]", "normalizedForm": "[28]", "refKey": 28}]}, {"type": "software", "software-type": "software", "software-name": {"rawForm": "+RAA", "normalizedForm": "+RAA", "offsetStart": 65, "offsetEnd": 69}, "context": "Table 4 shows that in both noise-free and noisy settings, SO (IPA+RAA) signi cantly reduces stage latency and cloud cost compared to Fuxi, with the ne-grained MCI+GTN model for latency prediction.", "mentionContextAttributes": {"used": {"value": false, "score": 0.0012834668159484863}, "created": {"value": false, "score": 1.3649463653564453e-05}, "shared": {"value": false, "score": 2.980232238769531e-07}}, "documentContextAttributes": {"used": {"value": true, "score": 0.9997027516365051}, "created": {"value": false, "score": 5.2034854888916016e-05}, "shared": {"value": false, "score": 1.0728836059570312e-06}}}, {"type": "software", "software-type": "software", "software-name": {"rawForm": "MaxCompute", "normalizedForm": "MaxCompute", "offsetStart": 67, "offsetEnd": 77}, "context": "We next show our design for resource optimization by extending the MaxCompute architecture.", "mentionContextAttributes": {"used": {"value": false, "score": 0.007036864757537842}, "created": {"value": true, "score": 0.9997997283935547}, "shared": {"value": false, "score": 2.980232238769531e-07}}, "documentContextAttributes": {"used": {"value": true, "score": 0.9994603395462036}, "created": {"value": true, "score": 0.9998813271522522}, "shared": {"value": false, "score": 8.940696716308594e-07}}, "references": [{"label": "[28]", "normalizedForm": "[28]", "refKey": 28}]}, {"type": "software", "software-type": "software", "software-name": {"rawForm": "MdErr", "normalizedForm": "MdErr", "offsetStart": 68, "offsetEnd": 73}, "context": "But this allows us to show that the model further reduces WMAPE and MdErr to 6-12% and 5-10%, pointing the error source to the system dynamics.", "mentionContextAttributes": {"used": {"value": false, "score": 0.0986940860748291}, "created": {"value": false, "score": 0.0006898045539855957}, "shared": {"value": false, "score": 2.980232238769531e-07}}, "documentContextAttributes": {"used": {"value": true, "score": 0.9975184798240662}, "created": {"value": false, "score": 0.0006898045539855957}, "shared": {"value": false, "score": 6.556510925292969e-07}}}, {"type": "software", "software-type": "software", "software-name": {"rawForm": "+RAA", "normalizedForm": "+RAA", "offsetStart": 75, "offsetEnd": 79}, "context": "As shown in the last 3 blue rows in Table 2, they are still inferior to IPA+RAA(Path) in both latency and cost reduction and in running time (mostly taking 1-6 sec to complete).", "mentionContextAttributes": {"used": {"value": false, "score": 0.03444862365722656}, "created": {"value": false, "score": 5.2034854888916016e-05}, "shared": {"value": false, "score": 1.7881393432617188e-07}}, "documentContextAttributes": {"used": {"value": true, "score": 0.9997027516365051}, "created": {"value": false, "score": 5.2034854888916016e-05}, "shared": {"value": false, "score": 1.0728836059570312e-06}}}, {"type": "software", "software-type": "software", "software-name": {"rawForm": "MaxCompute", "normalizedForm": "MaxCompute", "offsetStart": 88, "offsetEnd": 98}, "context": "Using production workloads of 0.6M jobs and 1.9M stages and a simulator of the extended MaxCompute environment, our evaluation shows promising results: (1) Our best model achieved 7-15% median error and 9-19% weighted mean absolute percentage error.", "mentionContextAttributes": {"used": {"value": true, "score": 0.9994603395462036}, "created": {"value": false, "score": 5.97834587097168e-05}, "shared": {"value": false, "score": 2.980232238769531e-07}}, "documentContextAttributes": {"used": {"value": true, "score": 0.9994603395462036}, "created": {"value": true, "score": 0.9998813271522522}, "shared": {"value": false, "score": 8.940696716308594e-07}}, "references": [{"label": "[28]", "normalizedForm": "[28]", "refKey": 28}]}, {"type": "software", "software-type": "software", "software-name": {"rawForm": "Alibaba", "normalizedForm": "Alibaba", "offsetStart": 89, "offsetEnd": 96}, "context": "However, we observe from real-world experiences of running large compute clusters in the Alibaba Cloud that resource management plays a vital role in meeting both performance goals and budgetary constraints of internal and external analytical users.", "mentionContextAttributes": {"used": {"value": false, "score": 0.00012302398681640625}, "created": {"value": false, "score": 0.2688726782798767}, "shared": {"value": false, "score": 4.172325134277344e-07}}, "documentContextAttributes": {"used": {"value": true, "score": 0.985776960849762}, "created": {"value": true, "score": 0.9986833333969116}, "shared": {"value": false, "score": 2.390146255493164e-05}}}, {"type": "software", "software-type": "software", "software-name": {"rawForm": "MaxCompute", "normalizedForm": "MaxCompute", "offsetStart": 99, "offsetEnd": 109}, "context": "We then report the end-to-end performance of our stage optimizer using a simulator of the extended MaxCompute environment (detailed in [22]) by replaying the production traces.", "mentionContextAttributes": {"used": {"value": true, "score": 0.9991675019264221}, "created": {"value": false, "score": 3.129243850708008e-05}, "shared": {"value": false, "score": 1.7881393432617188e-07}}, "documentContextAttributes": {"used": {"value": true, "score": 0.9994603395462036}, "created": {"value": true, "score": 0.9998813271522522}, "shared": {"value": false, "score": 8.940696716308594e-07}}, "references": [{"label": "[28]", "normalizedForm": "[28]", "refKey": 28}]}, {"type": "software", "software-type": "software", "software-name": {"rawForm": "Alibaba", "normalizedForm": "Alibaba", "offsetStart": 103, "offsetEnd": 110}, "context": "In this section, we provide the background on MaxCompute [28], the big data query processing system at Alibaba, and our proposed extended architecture for resource optimization.", "mentionContextAttributes": {"used": {"value": false, "score": 0.0001004338264465332}, "created": {"value": true, "score": 0.9986833333969116}, "shared": {"value": false, "score": 2.980232238769531e-07}}, "documentContextAttributes": {"used": {"value": true, "score": 0.985776960849762}, "created": {"value": true, "score": 0.9986833333969116}, "shared": {"value": false, "score": 2.390146255493164e-05}}}, {"type": "software", "software-type": "software", "software-name": {"rawForm": "MaxCompute", "normalizedForm": "MaxCompute", "offsetStart": 107, "offsetEnd": 117}, "context": "As we cannot run experiments directly in the production clusters, we developed a simulator of the extended MaxCompute and replayed the query traces to conduct our experiments (detailed in [22]).", "mentionContextAttributes": {"used": {"value": false, "score": 0.057097554206848145}, "created": {"value": true, "score": 0.5259757041931152}, "shared": {"value": false, "score": 1.7881393432617188e-07}}, "documentContextAttributes": {"used": {"value": true, "score": 0.9994603395462036}, "created": {"value": true, "score": 0.9998813271522522}, "shared": {"value": false, "score": 8.940696716308594e-07}}, "references": [{"label": "[28]", "normalizedForm": "[28]", "refKey": 28}]}, {"type": "software", "software-type": "software", "software-name": {"rawForm": "MdErr", "normalizedForm": "MdErr", "offsetStart": 109, "offsetEnd": 114}, "context": "We report model accuray on 5 metrics: (1) weighted mean absolute percentage error (WMAPE), (2) median error (MdErr), (3) 95 percentile Error (95%Err), (4) Pearson correlation (Corr), and (5) error of the cloud cost (GlbErr).", "mentionContextAttributes": {"used": {"value": true, "score": 0.9975184798240662}, "created": {"value": false, "score": 3.516674041748047e-06}, "shared": {"value": false, "score": 6.556510925292969e-07}}, "documentContextAttributes": {"used": {"value": true, "score": 0.9975184798240662}, "created": {"value": false, "score": 0.0006898045539855957}, "shared": {"value": false, "score": 6.556510925292969e-07}}}, {"type": "software", "software-type": "software", "software-name": {"rawForm": "Alibaba", "normalizedForm": "Alibaba", "offsetStart": 111, "offsetEnd": 118}, "context": "We also thank Yongfeng Chai, Daoyuan Chen, Xiaozong Cui, Botong Huang, Xiaofeng Zhang, and Yang Zhang from the Alibaba Group for the discussion and help throughout the project.", "mentionContextAttributes": {"used": {"value": false, "score": 0.04618823528289795}, "created": {"value": false, "score": 0.011551380157470703}, "shared": {"value": false, "score": 2.390146255493164e-05}}, "documentContextAttributes": {"used": {"value": true, "score": 0.985776960849762}, "created": {"value": true, "score": 0.9986833333969116}, "shared": {"value": false, "score": 2.390146255493164e-05}}}, {"type": "software", "software-type": "software", "software-name": {"rawForm": "+RAA", "normalizedForm": "+RAA", "offsetStart": 113, "offsetEnd": 117}, "context": "IPA+RAA(General) shows the performance of our general hierarchical MOO approach, which is slightly worse than IPA+RAA(Path) (in this 2D MOO problem) in running time while o ering a similar reduction of latency and cost.", "mentionContextAttributes": {"used": {"value": false, "score": 0.47992682456970215}, "created": {"value": false, "score": 2.5928020477294922e-05}, "shared": {"value": false, "score": 2.980232238769531e-07}}, "documentContextAttributes": {"used": {"value": true, "score": 0.9997027516365051}, "created": {"value": false, "score": 5.2034854888916016e-05}, "shared": {"value": false, "score": 1.0728836059570312e-06}}}, {"type": "software", "software-type": "software", "software-name": {"rawForm": "Alibaba", "normalizedForm": "Alibaba", "offsetStart": 121, "offsetEnd": 128}, "context": "We show an example through the life cycle of a submitted job in MaxCompute [28], the big data query processing system at Alibaba, as shown in Fig. 1. ", "mentionContextAttributes": {"used": {"value": false, "score": 0.05902594327926636}, "created": {"value": false, "score": 6.264448165893555e-05}, "shared": {"value": false, "score": 1.7881393432617188e-07}}, "documentContextAttributes": {"used": {"value": true, "score": 0.985776960849762}, "created": {"value": true, "score": 0.9986833333969116}, "shared": {"value": false, "score": 2.390146255493164e-05}}}, {"type": "software", "software-type": "software", "software-name": {"rawForm": "MaxCompute", "normalizedForm": "MaxCompute", "offsetStart": 135, "offsetEnd": 145}, "context": "We train separate models by deriving AIMs from di erent cardinalities: (1) all_on+calib represents the stage-oriented cardinality from MaxCompute's CBO;", "mentionContextAttributes": {"used": {"value": true, "score": 0.5601925253868103}, "created": {"value": false, "score": 0.0023571252822875977}, "shared": {"value": false, "score": 1.7881393432617188e-07}}, "documentContextAttributes": {"used": {"value": true, "score": 0.9994603395462036}, "created": {"value": true, "score": 0.9998813271522522}, "shared": {"value": false, "score": 8.940696716308594e-07}}, "references": [{"label": "[28]", "normalizedForm": "[28]", "refKey": 28}]}, {"type": "software", "software-type": "software", "software-name": {"rawForm": "Alibaba", "normalizedForm": "Alibaba", "offsetStart": 137, "offsetEnd": 144}, "context": "This work was partially supported by the European Research Council (ERC) Horizon 2020 research and innovation programme (grant n725561), Alibaba Group through Alibaba Innovative Research Program, and China Scholarship Council (CSC).", "mentionContextAttributes": {"used": {"value": true, "score": 0.985776960849762}, "created": {"value": false, "score": 0.021844089031219482}, "shared": {"value": false, "score": 1.4901161193847656e-06}}, "documentContextAttributes": {"used": {"value": true, "score": 0.985776960849762}, "created": {"value": true, "score": 0.9986833333969116}, "shared": {"value": false, "score": 2.390146255493164e-05}}}, {"type": "software", "software-type": "software", "software-name": {"rawForm": "MaxCompute", "normalizedForm": "MaxCompute", "offsetStart": 144, "offsetEnd": 154}, "context": "We next report on the training overhead: The data preparation stage costs \u223c2 minutes every day to collect new traces from each department using MaxCompute jobs (with a parallelism of 219).", "mentionContextAttributes": {"used": {"value": true, "score": 0.580293595790863}, "created": {"value": false, "score": 9.03010368347168e-05}, "shared": {"value": false, "score": 1.7881393432617188e-07}}, "documentContextAttributes": {"used": {"value": true, "score": 0.9994603395462036}, "created": {"value": true, "score": 0.9998813271522522}, "shared": {"value": false, "score": 8.940696716308594e-07}}, "references": [{"label": "[28]", "normalizedForm": "[28]", "refKey": 28}]}, {"type": "software", "software-type": "software", "software-name": {"rawForm": "Alibaba", "normalizedForm": "Alibaba", "offsetStart": 146, "offsetEnd": 153}, "context": "While most of the existing work neglects the placement problem, due to the use of virtualization or container technology, a service provider like Alibaba Cloud does need to solve the placement problem in the physical clusters.", "mentionContextAttributes": {"used": {"value": false, "score": 6.622076034545898e-05}, "created": {"value": false, "score": 0.000521242618560791}, "shared": {"value": false, "score": 5.364418029785156e-07}}, "documentContextAttributes": {"used": {"value": true, "score": 0.985776960849762}, "created": {"value": true, "score": 0.9986833333969116}, "shared": {"value": false, "score": 2.390146255493164e-05}}}, {"type": "software", "software-type": "software", "software-name": {"rawForm": "Alibaba", "normalizedForm": "Alibaba", "offsetStart": 159, "offsetEnd": 166}, "context": "This work was partially supported by the European Research Council (ERC) Horizon 2020 research and innovation programme (grant n725561), Alibaba Group through Alibaba Innovative Research Program, and China Scholarship Council (CSC).", "mentionContextAttributes": {"used": {"value": true, "score": 0.985776960849762}, "created": {"value": false, "score": 0.021844029426574707}, "shared": {"value": false, "score": 1.430511474609375e-06}}, "documentContextAttributes": {"used": {"value": true, "score": 0.985776960849762}, "created": {"value": true, "score": 0.9986833333969116}, "shared": {"value": false, "score": 2.390146255493164e-05}}}, {"type": "software", "software-type": "software", "software-name": {"rawForm": "+RAA", "normalizedForm": "+RAA", "offsetStart": 191, "offsetEnd": 195}, "context": "As shown in the 3 red rows of Table 2, (1) over 29 sub-workloads, none of them guarantees to return all results within 60s; (2) their latency and cost reduction rates are all dominated by IPA+RAA(Path), and even lose to the Fuxi scheduler on some workloads; (3) their solving time is 1-2 magnitude higher than our approach, making them infeasible to be used by a cloud scheduler.", "mentionContextAttributes": {"used": {"value": true, "score": 0.8840137720108032}, "created": {"value": false, "score": 2.1457672119140625e-06}, "shared": {"value": false, "score": 1.0728836059570312e-06}}, "documentContextAttributes": {"used": {"value": true, "score": 0.9997027516365051}, "created": {"value": false, "score": 5.2034854888916016e-05}, "shared": {"value": false, "score": 1.0728836059570312e-06}}}, {"type": "software", "software-type": "software", "software-name": {"rawForm": "+RAA", "normalizedForm": "+RAA", "offsetStart": 191, "offsetEnd": 195}, "context": "Evaluation using production workloads shows that (1) our best model achieved 7-15% median error and 9-19% weighted mean absolute percentage error; (2) compared to the Fuxi scheduler [63], IPA+RAA achieved the reduction of 37-72% latency and 43-78% cost while running in 0.02-0.23s.", "mentionContextAttributes": {"used": {"value": true, "score": 0.9997027516365051}, "created": {"value": false, "score": 2.0265579223632812e-06}, "shared": {"value": false, "score": 2.384185791015625e-07}}, "documentContextAttributes": {"used": {"value": true, "score": 0.9997027516365051}, "created": {"value": false, "score": 5.2034854888916016e-05}, "shared": {"value": false, "score": 1.0728836059570312e-06}}}, {"type": "software", "software-type": "software", "software-name": {"rawForm": "TableScan", "normalizedForm": "TableScan", "offsetStart": 199, "offsetEnd": 208}, "context": "First, by training a separate model for the instancelevel operator latency and calculating the error contribution of each operator type, we nd the top-3 most inaccurate operators as StreamLineWrite, TableScan, and MergeJoin, all involving frequent IO activities. ", "mentionContextAttributes": {"used": {"value": true, "score": 0.999988317489624}, "created": {"value": false, "score": 2.1576881408691406e-05}, "shared": {"value": false, "score": 1.1920928955078125e-07}}, "documentContextAttributes": {"used": {"value": true, "score": 0.999988317489624}, "created": {"value": false, "score": 2.1576881408691406e-05}, "shared": {"value": false, "score": 1.1920928955078125e-07}}}], "references": [{"refKey": 68, "tei": "<biblStruct xml:id=\"b68\">\n\t<analytic>\n\t\t<title level=\"a\" type=\"main\">ClassyTune: A Performance Auto-Tuner for Systems in the Cloud</title>\n\t\t<author>\n\t\t\t<persName><forename type=\"first\">Yuqing</forename><surname>Zhu</surname></persName>\n\t\t\t<idno type=\"ORCID\">0000-0001-5431-8581</idno>\n\t\t</author>\n\t\t<author>\n\t\t\t<persName><forename type=\"first\">Jianxun</forename><surname>Liu</surname></persName>\n\t\t</author>\n\t\t<idno type=\"DOI\">10.1109/tcc.2019.2936567</idno>\n\t</analytic>\n\t<monogr>\n\t\t<title level=\"j\">IEEE Transactions on Cloud Computing</title>\n\t\t<title level=\"j\" type=\"abbrev\">IEEE Trans. Cloud Comput.</title>\n\t\t<idno type=\"ISSNe\">2372-0018</idno>\n\t\t<imprint>\n\t\t\t<biblScope unit=\"volume\">10</biblScope>\n\t\t\t<biblScope unit=\"issue\">1</biblScope>\n\t\t\t<biblScope unit=\"page\" from=\"234\" to=\"246\" />\n\t\t\t<date type=\"published\" when=\"2022-01-01\">2019. 2019</date>\n\t\t\t<publisher>Institute of Electrical and Electronics Engineers (IEEE)</publisher>\n\t\t</imprint>\n\t</monogr>\n</biblStruct>\n"}, {"refKey": 28, "tei": "<biblStruct xml:id=\"b28\">\n\t<monogr>\n\t\t<title level=\"m\">Open Data Processing Service</title>\n\t\t<imprint/>\n\t</monogr>\n</biblStruct>\n"}], "runtime": 69029, "id": "3cce2b868f09f85b5928327d72da1ac20d57c63c", "metadata": {"id": "3cce2b868f09f85b5928327d72da1ac20d57c63c"}, "original_file_path": "../../datalake/Samuel/SOFTware-Sync/data/xml_files/hal-03897397.grobid.tei.xml", "file_name": "hal-03897397.grobid.tei.xml"}