{"application": "software-mentions", "version": "0.8.0", "date": "2024-04-12T17:01+0000", "md5": "D64F231794B88B02A834406343E8B585", "mentions": [{"type": "software", "software-type": "software", "software-name": {"rawForm": "HydroShoot", "normalizedForm": "HydroShoot", "offsetStart": 0, "offsetEnd": 10}, "publisher": {"rawForm": "Python Software Foundation", "normalizedForm": "Python Software Foundation"}, "context": "HydroShoot includes three interacting modules: hydraulic which calculates the distribution of xylem water potential across shoot hydraulic segments, energy which calculates the complete energy budget of individual leaves, and exchange which calculates net carbon assimilation and transpiration rates of individual leaves. ", "mentionContextAttributes": {"used": {"value": false, "score": 0.00025331974029541016}, "created": {"value": false, "score": 9.733438491821289e-05}, "shared": {"value": false, "score": 2.980232238769531e-07}}, "documentContextAttributes": {"used": {"value": true, "score": 0.9999968409538269}, "created": {"value": true, "score": 0.9998607635498047}, "shared": {"value": true, "score": 0.9794774055480957}}, "references": [{"label": "(Figures 11 and 12)", "normalizedForm": "Figures 11 and 12", "refKey": 0}]}, {"type": "software", "software-type": "software", "software-name": {"rawForm": "HydroShoot", "normalizedForm": "HydroShoot", "offsetStart": 0, "offsetEnd": 10}, "publisher": {"rawForm": "Python Software Foundation", "normalizedForm": "Python Software Foundation"}, "context": "HydroShoot was evaluated on virtual and real grapevines having strongly contrasted canopies, under well-watered and water deficit conditions. ", "mentionContextAttributes": {"used": {"value": true, "score": 0.9999540448188782}, "created": {"value": false, "score": 3.2782554626464844e-06}, "shared": {"value": false, "score": 1.7881393432617188e-07}}, "documentContextAttributes": {"used": {"value": true, "score": 0.9999968409538269}, "created": {"value": true, "score": 0.9998607635498047}, "shared": {"value": true, "score": 0.9794774055480957}}, "references": [{"label": "(Figures 11 and 12)", "normalizedForm": "Figures 11 and 12", "refKey": 0}]}, {"type": "software", "software-type": "software", "software-name": {"rawForm": "HydroShoot", "normalizedForm": "HydroShoot", "offsetStart": 0, "offsetEnd": 10}, "publisher": {"rawForm": "Python Software Foundation", "normalizedForm": "Python Software Foundation"}, "context": "HydroShoot is developed using the Python programming language (Python Software Foundation The resolution of HydroShoot equations is performed by an iterative procedure that is schematized in Figure 2. ", "mentionContextAttributes": {"used": {"value": false, "score": 0.09332603216171265}, "created": {"value": false, "score": 0.014433860778808594}, "shared": {"value": false, "score": 2.980232238769531e-07}}, "documentContextAttributes": {"used": {"value": true, "score": 0.9999968409538269}, "created": {"value": true, "score": 0.9998607635498047}, "shared": {"value": true, "score": 0.9794774055480957}}, "references": [{"label": "(Figures 11 and 12)", "normalizedForm": "Figures 11 and 12", "refKey": 0}]}, {"type": "software", "software-type": "software", "software-name": {"rawForm": "HydroShoot", "normalizedForm": "HydroShoot", "offsetStart": 0, "offsetEnd": 10}, "publisher": {"rawForm": "Python Software Foundation", "normalizedForm": "Python Software Foundation"}, "context": "HydroShoot is built assuming that simulating both the hydraulic structure of the shoot together with the energy budget of individual leaves is the asset for successfully scaling-up leaf to canopy gas-exchange rates.", "mentionContextAttributes": {"used": {"value": false, "score": 0.0001208186149597168}, "created": {"value": false, "score": 0.15828192234039307}, "shared": {"value": false, "score": 1.7881393432617188e-07}}, "documentContextAttributes": {"used": {"value": true, "score": 0.9999968409538269}, "created": {"value": true, "score": 0.9998607635498047}, "shared": {"value": true, "score": 0.9794774055480957}}, "references": [{"label": "(Figures 11 and 12)", "normalizedForm": "Figures 11 and 12", "refKey": 0}]}, {"type": "software", "software-type": "software", "software-name": {"rawForm": "HydroShoot", "normalizedForm": "HydroShoot", "offsetStart": 0, "offsetEnd": 10}, "publisher": {"rawForm": "Python Software Foundation", "normalizedForm": "Python Software Foundation"}, "context": "HydroShoot is a static FSPM (with regards to plant structure) that takes plant shoot architecture, weather, and soil water conditions as inputs, and returns transpiration and net photosynthesis rates both of individual leaves and the whole plant at hourly time steps as outputs.", "mentionContextAttributes": {"used": {"value": false, "score": 0.00010508298873901367}, "created": {"value": false, "score": 0.00010293722152709961}, "shared": {"value": false, "score": 4.172325134277344e-07}}, "documentContextAttributes": {"used": {"value": true, "score": 0.9999968409538269}, "created": {"value": true, "score": 0.9998607635498047}, "shared": {"value": true, "score": 0.9794774055480957}}, "references": [{"label": "(Figures 11 and 12)", "normalizedForm": "Figures 11 and 12", "refKey": 0}]}, {"type": "software", "software-type": "software", "software-name": {"rawForm": "HydroShoot", "normalizedForm": "HydroShoot", "offsetStart": 0, "offsetEnd": 10}, "publisher": {"rawForm": "Python Software Foundation", "normalizedForm": "Python Software Foundation"}, "context": "HydroShoot was run on 3 virtual grapevine canopies which share the same soil type, soil initial water content, weather conditions, and total leaf area, and differ only in their shoot architecture (Figure 4).", "mentionContextAttributes": {"used": {"value": true, "score": 0.6913757920265198}, "created": {"value": false, "score": 2.7477741241455078e-05}, "shared": {"value": false, "score": 2.980232238769531e-07}}, "documentContextAttributes": {"used": {"value": true, "score": 0.9999968409538269}, "created": {"value": true, "score": 0.9998607635498047}, "shared": {"value": true, "score": 0.9794774055480957}}, "references": [{"label": "(Figures 11 and 12)", "normalizedForm": "Figures 11 and 12", "refKey": 0}]}, {"type": "software", "software-type": "software", "software-name": {"rawForm": "HydroShoot", "normalizedForm": "HydroShoot", "offsetStart": 0, "offsetEnd": 10}, "publisher": {"rawForm": "Python Software Foundation", "normalizedForm": "Python Software Foundation"}, "context": "HydroShoot reasonably reproduced the diurnal patterns in (Figure 14).", "mentionContextAttributes": {"used": {"value": true, "score": 0.9999294877052307}, "created": {"value": false, "score": 2.4437904357910156e-06}, "shared": {"value": false, "score": 2.980232238769531e-07}}, "documentContextAttributes": {"used": {"value": true, "score": 0.9999968409538269}, "created": {"value": true, "score": 0.9998607635498047}, "shared": {"value": true, "score": 0.9794774055480957}}, "references": [{"label": "(Figures 11 and 12)", "normalizedForm": "Figures 11 and 12", "refKey": 0}]}, {"type": "software", "software-type": "software", "software-name": {"rawForm": "HydroShoot", "normalizedForm": "HydroShoot", "offsetStart": 9, "offsetEnd": 19}, "publisher": {"rawForm": "Python Software Foundation", "normalizedForm": "Python Software Foundation"}, "context": "Finally, HydroShoot is available through the OpenAlea platform (https://github.com/openalea/hydroshoot) ", "mentionContextAttributes": {"used": {"value": false, "score": 0.00010567903518676758}, "created": {"value": false, "score": 0.0002530813217163086}, "shared": {"value": true, "score": 0.9794774055480957}}, "documentContextAttributes": {"used": {"value": true, "score": 0.9999968409538269}, "created": {"value": true, "score": 0.9998607635498047}, "shared": {"value": true, "score": 0.9794774055480957}}, "references": [{"label": "(Figures 11 and 12)", "normalizedForm": "Figures 11 and 12", "refKey": 0}]}, {"type": "software", "software-type": "software", "software-name": {"rawForm": "HydroShoot", "normalizedForm": "HydroShoot", "offsetStart": 13, "offsetEnd": 23}, "publisher": {"rawForm": "Python Software Foundation", "normalizedForm": "Python Software Foundation"}, "context": "Furthermore, HydroShoot reproduced the observed magnitude between minimum and maximum leaf temperatures across the canopy (Figure 12b) and how this magnitude increased with soil water deficit (Figure 12c).", "mentionContextAttributes": {"used": {"value": true, "score": 0.9999800324440002}, "created": {"value": false, "score": 2.682209014892578e-06}, "shared": {"value": false, "score": 2.980232238769531e-07}}, "documentContextAttributes": {"used": {"value": true, "score": 0.9999968409538269}, "created": {"value": true, "score": 0.9998607635498047}, "shared": {"value": true, "score": 0.9794774055480957}}, "references": [{"label": "(Figures 11 and 12)", "normalizedForm": "Figures 11 and 12", "refKey": 0}]}, {"type": "software", "software-type": "software", "software-name": {"rawForm": "HydroShoot", "normalizedForm": "HydroShoot", "offsetStart": 15, "offsetEnd": 25}, "publisher": {"rawForm": "Python Software Foundation", "normalizedForm": "Python Software Foundation"}, "context": "We showed that HydroShoot reproduced efficiently the effect of canopy architecture on plant-scale gas-exchange processes under the observed gradient of water deficit conditions, fulfilling thus the objectives for which the model was built.", "mentionContextAttributes": {"used": {"value": true, "score": 0.999760627746582}, "created": {"value": false, "score": 0.07830071449279785}, "shared": {"value": false, "score": 2.980232238769531e-07}}, "documentContextAttributes": {"used": {"value": true, "score": 0.9999968409538269}, "created": {"value": true, "score": 0.9998607635498047}, "shared": {"value": true, "score": 0.9794774055480957}}, "references": [{"label": "(Figures 11 and 12)", "normalizedForm": "Figures 11 and 12", "refKey": 0}]}, {"type": "software", "software-type": "software", "software-name": {"rawForm": "HydroShoot", "normalizedForm": "HydroShoot", "offsetStart": 20, "offsetEnd": 30}, "publisher": {"rawForm": "Python Software Foundation", "normalizedForm": "Python Software Foundation"}, "context": "This paper presents HydroShoot, a leaf-based functional-structural plant model (FSPM) that simulates gas-exchange rates of complex plant canopies under water deficit conditions.", "mentionContextAttributes": {"used": {"value": false, "score": 4.667043685913086e-05}, "created": {"value": true, "score": 0.9998607635498047}, "shared": {"value": false, "score": 2.980232238769531e-07}}, "documentContextAttributes": {"used": {"value": true, "score": 0.9999968409538269}, "created": {"value": true, "score": 0.9998607635498047}, "shared": {"value": true, "score": 0.9794774055480957}}, "references": [{"label": "(Figures 11 and 12)", "normalizedForm": "Figures 11 and 12", "refKey": 0}]}, {"type": "software", "software-type": "software", "software-name": {"rawForm": "HydroShoot", "normalizedForm": "HydroShoot", "offsetStart": 25, "offsetEnd": 35}, "publisher": {"rawForm": "Python Software Foundation", "normalizedForm": "Python Software Foundation"}, "context": "The first is to describe HydroShoot, a leaf-scale-based FSPM that allows predicting whole plant transpiration A c c e p t e d M a n u s c r i p t", "mentionContextAttributes": {"used": {"value": false, "score": 4.32133674621582e-05}, "created": {"value": true, "score": 0.5714062452316284}, "shared": {"value": false, "score": 1.7881393432617188e-07}}, "documentContextAttributes": {"used": {"value": true, "score": 0.9999968409538269}, "created": {"value": true, "score": 0.9998607635498047}, "shared": {"value": true, "score": 0.9794774055480957}}, "references": [{"label": "(Figures 11 and 12)", "normalizedForm": "Figures 11 and 12", "refKey": 0}]}, {"type": "software", "software-type": "software", "software-name": {"rawForm": "HydroShoot", "normalizedForm": "HydroShoot", "offsetStart": 32, "offsetEnd": 42}, "publisher": {"rawForm": "Python Software Foundation", "normalizedForm": "Python Software Foundation"}, "context": "This function is implemented in HydroShoot following is water vapor partial pressure [MPa], and is the thickness of the boundary layer [ ] which is defined as (Nobel 2005): \u221a (Eq.", "mentionContextAttributes": {"used": {"value": false, "score": 0.10219526290893555}, "created": {"value": false, "score": 0.00014138221740722656}, "shared": {"value": false, "score": 5.364418029785156e-07}}, "documentContextAttributes": {"used": {"value": true, "score": 0.9999968409538269}, "created": {"value": true, "score": 0.9998607635498047}, "shared": {"value": true, "score": 0.9794774055480957}}, "references": [{"label": "(Figures 11 and 12)", "normalizedForm": "Figures 11 and 12", "refKey": 0}]}, {"type": "software", "software-type": "software", "software-name": {"rawForm": "HydroShoot", "normalizedForm": "HydroShoot", "offsetStart": 32, "offsetEnd": 42}, "publisher": {"rawForm": "Python Software Foundation", "normalizedForm": "Python Software Foundation"}, "context": "This function is implemented in HydroShoot following is water vapor partial pressure [MPa], and is the thickness of the boundary layer [ ] which is defined as (Nobel 2005): \u221a (Eq.", "mentionContextAttributes": {"used": {"value": false, "score": 0.10219526290893555}, "created": {"value": false, "score": 0.00014138221740722656}, "shared": {"value": false, "score": 5.364418029785156e-07}}, "documentContextAttributes": {"used": {"value": true, "score": 0.9999968409538269}, "created": {"value": true, "score": 0.9998607635498047}, "shared": {"value": true, "score": 0.9794774055480957}}, "references": [{"label": "(Figures 11 and 12)", "normalizedForm": "Figures 11 and 12", "refKey": 0}]}, {"type": "software", "software-type": "software", "software-name": {"rawForm": "HydroShoot", "normalizedForm": "HydroShoot", "offsetStart": 32, "offsetEnd": 42}, "publisher": {"rawForm": "Python Software Foundation", "normalizedForm": "Python Software Foundation"}, "context": "This function is implemented in HydroShoot following is water vapor partial pressure [MPa], and is the thickness of the boundary layer [ ] which is defined as (Nobel 2005): \u221a (Eq.", "mentionContextAttributes": {"used": {"value": false, "score": 0.10219526290893555}, "created": {"value": false, "score": 0.00014138221740722656}, "shared": {"value": false, "score": 5.364418029785156e-07}}, "documentContextAttributes": {"used": {"value": true, "score": 0.9999968409538269}, "created": {"value": true, "score": 0.9998607635498047}, "shared": {"value": true, "score": 0.9794774055480957}}, "references": [{"label": "(Figures 11 and 12)", "normalizedForm": "Figures 11 and 12", "refKey": 0}]}, {"type": "software", "software-type": "software", "software-name": {"rawForm": "HydroShoot", "normalizedForm": "HydroShoot", "offsetStart": 40, "offsetEnd": 50}, "publisher": {"rawForm": "Python Software Foundation", "normalizedForm": "Python Software Foundation"}, "context": "In order to explore the contribution of HydroShoot's hydraulic and energy modules components to the final simulation output, a sensitivity analysis was performed by plugging/unplugging each of these components and observing the resulting difference on simulated outputs.", "mentionContextAttributes": {"used": {"value": true, "score": 0.9999902844429016}, "created": {"value": false, "score": 4.6193599700927734e-05}, "shared": {"value": false, "score": 1.7881393432617188e-07}}, "documentContextAttributes": {"used": {"value": true, "score": 0.9999968409538269}, "created": {"value": true, "score": 0.9998607635498047}, "shared": {"value": true, "score": 0.9794774055480957}}, "references": [{"label": "(Figures 11 and 12)", "normalizedForm": "Figures 11 and 12", "refKey": 0}]}, {"type": "software", "software-type": "software", "software-name": {"rawForm": "OpenAlea", "normalizedForm": "OpenAlea", "offsetStart": 45, "offsetEnd": 53}, "context": "Finally, HydroShoot is available through the OpenAlea platform (https://github.com/openalea/hydroshoot) ", "mentionContextAttributes": {"used": {"value": false, "score": 0.00010567903518676758}, "created": {"value": false, "score": 0.0002530813217163086}, "shared": {"value": true, "score": 0.9794774055480957}}, "documentContextAttributes": {"used": {"value": true, "score": 0.7687461376190186}, "created": {"value": false, "score": 0.00040394067764282227}, "shared": {"value": true, "score": 0.9794774055480957}}}, {"type": "software", "software-type": "software", "software-name": {"rawForm": "HydroShoot", "normalizedForm": "HydroShoot", "offsetStart": 47, "offsetEnd": 57}, "publisher": {"rawForm": "Python Software Foundation", "normalizedForm": "Python Software Foundation"}, "context": "All data used in this paper are available from HydroShoot open-access depository through the OpenAlea platform (https://github.com/openalea/hydroshoot).", "mentionContextAttributes": {"used": {"value": true, "score": 0.7687461972236633}, "created": {"value": false, "score": 0.00040394067764282227}, "shared": {"value": true, "score": 0.9288251996040344}}, "documentContextAttributes": {"used": {"value": true, "score": 0.9999968409538269}, "created": {"value": true, "score": 0.9998607635498047}, "shared": {"value": true, "score": 0.9794774055480957}}, "references": [{"label": "(Figures 11 and 12)", "normalizedForm": "Figures 11 and 12", "refKey": 0}]}, {"type": "software", "software-type": "software", "software-name": {"rawForm": "HydroShoot", "normalizedForm": "HydroShoot", "offsetStart": 51, "offsetEnd": 61}, "publisher": {"rawForm": "Python Software Foundation", "normalizedForm": "Python Software Foundation"}, "context": "In order to achieve this objective, we constructed HydroShoot on the base of three interacting processes: leaf-scale gas-exchange, leaf-scale energy balance, and internode-scale xylem transport (i.e. the hydraulic structure of the shoot).", "mentionContextAttributes": {"used": {"value": false, "score": 0.030549228191375732}, "created": {"value": true, "score": 0.998886227607727}, "shared": {"value": false, "score": 2.980232238769531e-07}}, "documentContextAttributes": {"used": {"value": true, "score": 0.9999968409538269}, "created": {"value": true, "score": 0.9998607635498047}, "shared": {"value": true, "score": 0.9794774055480957}}, "references": [{"label": "(Figures 11 and 12)", "normalizedForm": "Figures 11 and 12", "refKey": 0}]}, {"type": "software", "software-type": "software", "software-name": {"rawForm": "HydroShoot", "normalizedForm": "HydroShoot", "offsetStart": 72, "offsetEnd": 82}, "publisher": {"rawForm": "Python Software Foundation", "normalizedForm": "Python Software Foundation"}, "context": "We presented in this paper the functional-structural plant model (FSPM) HydroShoot.", "mentionContextAttributes": {"used": {"value": false, "score": 0.0006790757179260254}, "created": {"value": true, "score": 0.9996705055236816}, "shared": {"value": false, "score": 1.7881393432617188e-07}}, "documentContextAttributes": {"used": {"value": true, "score": 0.9999968409538269}, "created": {"value": true, "score": 0.9998607635498047}, "shared": {"value": true, "score": 0.9794774055480957}}, "references": [{"label": "(Figures 11 and 12)", "normalizedForm": "Figures 11 and 12", "refKey": 0}]}, {"type": "software", "software-type": "software", "software-name": {"rawForm": "HydroShoot", "normalizedForm": "HydroShoot", "offsetStart": 79, "offsetEnd": 89}, "publisher": {"rawForm": "Python Software Foundation", "normalizedForm": "Python Software Foundation"}, "context": "Notwithstanding, it is noteworthy that omitting energy balance calculations in HydroShoot allowed saving up to 75% compared to the case where all processes combination was considered (Table 2).", "mentionContextAttributes": {"used": {"value": true, "score": 0.9944713115692139}, "created": {"value": false, "score": 1.3053417205810547e-05}, "shared": {"value": false, "score": 1.7881393432617188e-07}}, "documentContextAttributes": {"used": {"value": true, "score": 0.9999968409538269}, "created": {"value": true, "score": 0.9998607635498047}, "shared": {"value": true, "score": 0.9794774055480957}}, "references": [{"label": "(Figures 11 and 12)", "normalizedForm": "Figures 11 and 12", "refKey": 0}]}, {"type": "software", "software-type": "software", "software-name": {"rawForm": "HydroShoot", "normalizedForm": "HydroShoot", "offsetStart": 81, "offsetEnd": 91}, "publisher": {"rawForm": "Python Software Foundation", "normalizedForm": "Python Software Foundation"}, "context": "The effect of soil water deficit on leaf temperature was efficiently captured by HydroShoot (Figures 11 and 12).", "mentionContextAttributes": {"used": {"value": true, "score": 0.9999968409538269}, "created": {"value": false, "score": 2.950429916381836e-05}, "shared": {"value": false, "score": 1.7881393432617188e-07}}, "documentContextAttributes": {"used": {"value": true, "score": 0.9999968409538269}, "created": {"value": true, "score": 0.9998607635498047}, "shared": {"value": true, "score": 0.9794774055480957}}, "references": [{"label": "(Figures 11 and 12)", "normalizedForm": "Figures 11 and 12", "refKey": 0, "offsetStart": 18548, "offsetEnd": 18567}]}, {"type": "software", "software-type": "software", "software-name": {"rawForm": "HydroShoot", "normalizedForm": "HydroShoot", "offsetStart": 90, "offsetEnd": 100}, "publisher": {"rawForm": "Python Software Foundation", "normalizedForm": "Python Software Foundation"}, "context": "It is noteworthy that only the forced convective heat transfer is currently considered in HydroShoot since forced convection dominates free convection once wind speed exceeds roughly 0.1 (Nobel 2005).", "mentionContextAttributes": {"used": {"value": false, "score": 0.0005334615707397461}, "created": {"value": false, "score": 5.2034854888916016e-05}, "shared": {"value": false, "score": 1.1324882507324219e-06}}, "documentContextAttributes": {"used": {"value": true, "score": 0.9999968409538269}, "created": {"value": true, "score": 0.9998607635498047}, "shared": {"value": true, "score": 0.9794774055480957}}, "references": [{"label": "(Figures 11 and 12)", "normalizedForm": "Figures 11 and 12", "refKey": 0}]}, {"type": "software", "software-type": "software", "software-name": {"rawForm": "HydroShoot", "normalizedForm": "HydroShoot", "offsetStart": 90, "offsetEnd": 100}, "publisher": {"rawForm": "Python Software Foundation", "normalizedForm": "Python Software Foundation"}, "context": "The following simulation combinations are used: sim0: the reference (complete) version of HydroShoot having the ensemble of its components;", "mentionContextAttributes": {"used": {"value": true, "score": 0.9752562046051025}, "created": {"value": false, "score": 4.589557647705078e-06}, "shared": {"value": false, "score": 1.7881393432617188e-07}}, "documentContextAttributes": {"used": {"value": true, "score": 0.9999968409538269}, "created": {"value": true, "score": 0.9998607635498047}, "shared": {"value": true, "score": 0.9794774055480957}}, "references": [{"label": "(Figures 11 and 12)", "normalizedForm": "Figures 11 and 12", "refKey": 0}]}, {"type": "software", "software-type": "software", "software-name": {"rawForm": "OpenAlea", "normalizedForm": "OpenAlea", "offsetStart": 93, "offsetEnd": 101}, "context": "All data used in this paper are available from HydroShoot open-access depository through the OpenAlea platform (https://github.com/openalea/hydroshoot).", "mentionContextAttributes": {"used": {"value": true, "score": 0.7687461376190186}, "created": {"value": false, "score": 0.00040394067764282227}, "shared": {"value": true, "score": 0.9288252592086792}}, "documentContextAttributes": {"used": {"value": true, "score": 0.7687461376190186}, "created": {"value": false, "score": 0.00040394067764282227}, "shared": {"value": true, "score": 0.9794774055480957}}}, {"type": "software", "software-type": "software", "software-name": {"rawForm": "HydroShoot", "normalizedForm": "HydroShoot", "offsetStart": 108, "offsetEnd": 118}, "publisher": {"rawForm": "Python Software Foundation", "normalizedForm": "Python Software Foundation", "offsetStart": 63, "offsetEnd": 89}, "context": "HydroShoot is developed using the Python programming language (Python Software Foundation The resolution of HydroShoot equations is performed by an iterative procedure that is schematized in Figure 2. ", "mentionContextAttributes": {"used": {"value": false, "score": 0.09332609176635742}, "created": {"value": false, "score": 0.014433860778808594}, "shared": {"value": false, "score": 2.384185791015625e-07}}, "documentContextAttributes": {"used": {"value": true, "score": 0.9999968409538269}, "created": {"value": true, "score": 0.9998607635498047}, "shared": {"value": true, "score": 0.9794774055480957}}, "references": [{"label": "(Figures 11 and 12)", "normalizedForm": "Figures 11 and 12", "refKey": 0}]}, {"type": "software", "software-type": "software", "software-name": {"rawForm": "HydroShoot", "normalizedForm": "HydroShoot", "offsetStart": 110, "offsetEnd": 120}, "publisher": {"rawForm": "Python Software Foundation", "normalizedForm": "Python Software Foundation"}, "context": "Upon the onset of water stress, when water deficit was still mild in the first day (date 01 08 in Figure 10), HydroShoot simulated higher for sunlit leaves than for shaded leaves.", "mentionContextAttributes": {"used": {"value": true, "score": 0.999452531337738}, "created": {"value": false, "score": 1.4781951904296875e-05}, "shared": {"value": false, "score": 4.76837158203125e-07}}, "documentContextAttributes": {"used": {"value": true, "score": 0.9999968409538269}, "created": {"value": true, "score": 0.9998607635498047}, "shared": {"value": true, "score": 0.9794774055480957}}, "references": [{"label": "(Figures 11 and 12)", "normalizedForm": "Figures 11 and 12", "refKey": 0}]}, {"type": "software", "software-type": "software", "software-name": {"rawForm": "HydroShoot", "normalizedForm": "HydroShoot", "offsetStart": 123, "offsetEnd": 133}, "publisher": {"rawForm": "Python Software Foundation", "normalizedForm": "Python Software Foundation"}, "context": "This example further demonstrates how the impact of canopy is adequately reflected on its eco-physiological functioning in HydroShoot.", "mentionContextAttributes": {"used": {"value": false, "score": 0.009561121463775635}, "created": {"value": false, "score": 0.0027257800102233887}, "shared": {"value": false, "score": 2.384185791015625e-07}}, "documentContextAttributes": {"used": {"value": true, "score": 0.9999968409538269}, "created": {"value": true, "score": 0.9998607635498047}, "shared": {"value": true, "score": 0.9794774055480957}}, "references": [{"label": "(Figures 11 and 12)", "normalizedForm": "Figures 11 and 12", "refKey": 0}]}, {"type": "software", "software-type": "software", "software-name": {"rawForm": "HydroShoot", "normalizedForm": "HydroShoot", "offsetStart": 143, "offsetEnd": 153}, "publisher": {"rawForm": "Python Software Foundation", "normalizedForm": "Python Software Foundation"}, "context": "We show in Figure 15 together with Table 1 that the best fit between simulated and observed gas-exchange rates was obtained using the complete HydroShoot model (i.e.", "mentionContextAttributes": {"used": {"value": true, "score": 0.9999923706054688}, "created": {"value": false, "score": 3.4689903259277344e-05}, "shared": {"value": false, "score": 1.1920928955078125e-07}}, "documentContextAttributes": {"used": {"value": true, "score": 0.9999968409538269}, "created": {"value": true, "score": 0.9998607635498047}, "shared": {"value": true, "score": 0.9794774055480957}}, "references": [{"label": "(Figures 11 and 12)", "normalizedForm": "Figures 11 and 12", "refKey": 0}]}, {"type": "software", "software-type": "software", "software-name": {"rawForm": "HydroShoot", "normalizedForm": "HydroShoot", "offsetStart": 154, "offsetEnd": 164}, "publisher": {"rawForm": "Python Software Foundation", "normalizedForm": "Python Software Foundation"}, "context": "The comparison to measurements in the following section will show how the observed dynamics on both plant and leaf scales are accurately reproduced using HydroShoot for two real canopies.", "mentionContextAttributes": {"used": {"value": true, "score": 0.9999877214431763}, "created": {"value": false, "score": 1.0251998901367188e-05}, "shared": {"value": false, "score": 2.384185791015625e-07}}, "documentContextAttributes": {"used": {"value": true, "score": 0.9999968409538269}, "created": {"value": true, "score": 0.9998607635498047}, "shared": {"value": true, "score": 0.9794774055480957}}, "references": [{"label": "(Figures 11 and 12)", "normalizedForm": "Figures 11 and 12", "refKey": 0}]}, {"type": "software", "software-type": "software", "software-name": {"rawForm": "HydroShoot", "normalizedForm": "HydroShoot", "offsetStart": 158, "offsetEnd": 168}, "publisher": {"rawForm": "Python Software Foundation", "normalizedForm": "Python Software Foundation"}, "context": "This first illustrative example on virtual canopies shows that the effect of canopy architecture on its gas-exchange and temperature behaviour is captured in HydroShoot.", "mentionContextAttributes": {"used": {"value": false, "score": 0.01943063735961914}, "created": {"value": false, "score": 0.00016069412231445312}, "shared": {"value": false, "score": 1.1920928955078125e-07}}, "documentContextAttributes": {"used": {"value": true, "score": 0.9999968409538269}, "created": {"value": true, "score": 0.9998607635498047}, "shared": {"value": true, "score": 0.9794774055480957}}, "references": [{"label": "(Figures 11 and 12)", "normalizedForm": "Figures 11 and 12", "refKey": 0}]}], "references": [{"refKey": 0, "tei": "<biblStruct xml:id=\"b0\">\n\t<monogr>\n\t\t<title level=\"m\" type=\"main\">HydroShoot: a functional-structural plant model for simulating hydraulic structure, gas and energy exchange dynamics of complex plant canopies under water deficit -application to grapevine (Vitis vinifera L.)</title>\n\t\t<author>\n\t\t\t<persName><forename type=\"first\">R</forename><surname>Albasha</surname></persName>\n\t\t</author>\n\t\t<author>\n\t\t\t<persName><forename type=\"first\">C</forename><surname>Fournier</surname></persName>\n\t\t</author>\n\t\t<author>\n\t\t\t<persName><forename type=\"first\">C</forename><surname>Pradal</surname></persName>\n\t\t</author>\n\t\t<author>\n\t\t\t<persName><forename type=\"first\">M</forename><surname>Chelle</surname></persName>\n\t\t</author>\n\t\t<author>\n\t\t\t<persName><forename type=\"first\">J</forename><forename type=\"middle\">A</forename><surname>Prieto</surname></persName>\n\t\t</author>\n\t\t<author>\n\t\t\t<persName><forename type=\"first\">G</forename><surname>Louarn</surname></persName>\n\t\t</author>\n\t\t<author>\n\t\t\t<persName><forename type=\"first\">T</forename><surname>Simonneau</surname></persName>\n\t\t</author>\n\t\t<author>\n\t\t\t<persName><forename type=\"first\">E</forename><surname>Lebon</surname></persName>\n\t\t</author>\n\t\t<idno type=\"DOI\">10.1093/insilicoplants/diz007/5519776</idno>\n\t\t<idno>E11BB60DE0825033705D49B1E76D0402</idno>\n\t\t<imprint>\n\t\t\t<date>30 June 2019</date>\n\t\t</imprint>\n\t</monogr>\n</biblStruct>\n"}], "runtime": 53126, "id": "01fd7faefc4e244cfb5e39d0c4b6e1f92ddce614", "metadata": {"id": "01fd7faefc4e244cfb5e39d0c4b6e1f92ddce614"}, "original_file_path": "../../datalake/Samuel/SOFTware-Sync/data/xml_not_sofctied/hal-02253260.grobid.tei.xml", "file_name": "hal-02253260.grobid.tei.xml"}