{"application": "software-mentions", "version": "0.8.0", "date": "2024-04-12T15:46+0000", "md5": "DC894CD98ED8E17C2BCE63AB897CCF43", "mentions": [{"type": "software", "software-type": "software", "software-name": {"rawForm": "TopRank", "normalizedForm": "TopRank", "offsetStart": 0, "offsetEnd": 7}, "context": "TopRank handles a wider range of click models than PB-MHB, but it also assumes the knowledge of the order on positions. ", "mentionContextAttributes": {"used": {"value": false, "score": 8.875131607055664e-05}, "created": {"value": false, "score": 2.2709369659423828e-05}, "shared": {"value": false, "score": 2.980232238769531e-07}}, "documentContextAttributes": {"used": {"value": true, "score": 0.9963335990905762}, "created": {"value": false, "score": 4.464387893676758e-05}, "shared": {"value": false, "score": 6.556510925292969e-07}}, "references": [{"label": "[18]", "normalizedForm": "[18]", "refKey": 18}]}, {"type": "software", "software-type": "software", "software-name": {"rawForm": "TopRank", "normalizedForm": "TopRank", "offsetStart": 0, "offsetEnd": 7}, "context": "TopRank hyper-parameter \u03b4 is set to 1/T as recommended by Theorem 1 in [18].", "mentionContextAttributes": {"used": {"value": false, "score": 0.004259586334228516}, "created": {"value": false, "score": 3.635883331298828e-06}, "shared": {"value": false, "score": 2.980232238769531e-07}}, "documentContextAttributes": {"used": {"value": true, "score": 0.9963335990905762}, "created": {"value": false, "score": 4.464387893676758e-05}, "shared": {"value": false, "score": 6.556510925292969e-07}}, "references": [{"label": "[18]", "normalizedForm": "[18]", "refKey": 18}]}, {"type": "software", "software-type": "software", "software-name": {"rawForm": "TopRank", "normalizedForm": "TopRank", "offsetStart": 34, "offsetEnd": 41}, "context": "Anyhow, we also compare PB-MHB to TopRank [18] in Section 5 in order to ensure that our model benefits from the knowledge of the click model.", "mentionContextAttributes": {"used": {"value": true, "score": 0.9754126071929932}, "created": {"value": false, "score": 6.496906280517578e-06}, "shared": {"value": false, "score": 1.7881393432617188e-07}}, "documentContextAttributes": {"used": {"value": true, "score": 0.9963335990905762}, "created": {"value": false, "score": 4.464387893676758e-05}, "shared": {"value": false, "score": 6.556510925292969e-07}}, "references": [{"label": "[18]", "normalizedForm": "[18]", "refKey": 18, "offsetStart": 7572, "offsetEnd": 7576}]}, {"type": "software", "software-type": "software", "software-name": {"rawForm": "TopRank", "normalizedForm": "TopRank", "offsetStart": 72, "offsetEnd": 79}, "context": "We compare the performance of PB-MHB with the performance of PMED [14], TopRank [18], and the standard baseline \u03b5 n -greedy [3].", "mentionContextAttributes": {"used": {"value": true, "score": 0.9963335990905762}, "created": {"value": false, "score": 6.258487701416016e-06}, "shared": {"value": false, "score": 1.7881393432617188e-07}}, "documentContextAttributes": {"used": {"value": true, "score": 0.9963335990905762}, "created": {"value": false, "score": 4.464387893676758e-05}, "shared": {"value": false, "score": 6.556510925292969e-07}}, "references": [{"label": "[18]", "normalizedForm": "[18]", "refKey": 18, "offsetStart": 16310, "offsetEnd": 16314}]}, {"type": "software", "software-type": "software", "software-name": {"rawForm": "TopRank", "normalizedForm": "TopRank", "offsetStart": 75, "offsetEnd": 82}, "context": "Namely, \u03ba \u03ba \u03ba values are decreasing when running experiments with PMED and TopRank.", "mentionContextAttributes": {"used": {"value": false, "score": 0.03933471441268921}, "created": {"value": false, "score": 4.464387893676758e-05}, "shared": {"value": false, "score": 2.980232238769531e-07}}, "documentContextAttributes": {"used": {"value": true, "score": 0.9963335990905762}, "created": {"value": false, "score": 4.464387893676758e-05}, "shared": {"value": false, "score": 6.556510925292969e-07}}, "references": [{"label": "[18]", "normalizedForm": "[18]", "refKey": 18}]}, {"type": "software", "software-type": "software", "software-name": {"rawForm": "n -Greedy", "normalizedForm": "n -Greedy", "offsetStart": 132, "offsetEnd": 141}, "context": "Regarding computation time, apart from PMED all the algorithms require less than 20 ms per recommendation which remains affordable: n -Greedy is the fastest with less than 0.5ms per recommendation 8 ; then TopRank and PB-MHB require 10 to 40 times more computation time than n -Greedy; finally, PMED requires more than 150ms per recommendation which makes it impractical regardless of its low regret.", "mentionContextAttributes": {"used": {"value": false, "score": 0.04159438610076904}, "created": {"value": false, "score": 3.2782554626464844e-06}, "shared": {"value": false, "score": 6.556510925292969e-07}}, "documentContextAttributes": {"used": {"value": false, "score": 0.041594505310058594}, "created": {"value": false, "score": 3.2782554626464844e-06}, "shared": {"value": false, "score": 6.556510925292969e-07}}}, {"type": "software", "software-type": "software", "software-name": {"rawForm": "TopRank", "normalizedForm": "TopRank", "offsetStart": 206, "offsetEnd": 213}, "context": "Regarding computation time, apart from PMED all the algorithms require less than 20 ms per recommendation which remains affordable: n -Greedy is the fastest with less than 0.5ms per recommendation 8 ; then TopRank and PB-MHB require 10 to 40 times more computation time than n -Greedy; finally, PMED requires more than 150ms per recommendation which makes it impractical regardless of its low regret.", "mentionContextAttributes": {"used": {"value": false, "score": 0.04159438610076904}, "created": {"value": false, "score": 3.2782554626464844e-06}, "shared": {"value": false, "score": 6.556510925292969e-07}}, "documentContextAttributes": {"used": {"value": true, "score": 0.9963335990905762}, "created": {"value": false, "score": 4.464387893676758e-05}, "shared": {"value": false, "score": 6.556510925292969e-07}}, "references": [{"label": "[18]", "normalizedForm": "[18]", "refKey": 18}]}, {"type": "software", "software-type": "software", "software-name": {"rawForm": "n -Greedy", "normalizedForm": "n -Greedy", "offsetStart": 275, "offsetEnd": 284}, "context": "Regarding computation time, apart from PMED all the algorithms require less than 20 ms per recommendation which remains affordable: n -Greedy is the fastest with less than 0.5ms per recommendation 8 ; then TopRank and PB-MHB require 10 to 40 times more computation time than n -Greedy; finally, PMED requires more than 150ms per recommendation which makes it impractical regardless of its low regret.", "mentionContextAttributes": {"used": {"value": false, "score": 0.041594505310058594}, "created": {"value": false, "score": 3.2782554626464844e-06}, "shared": {"value": false, "score": 6.556510925292969e-07}}, "documentContextAttributes": {"used": {"value": false, "score": 0.041594505310058594}, "created": {"value": false, "score": 3.2782554626464844e-06}, "shared": {"value": false, "score": 6.556510925292969e-07}}}], "references": [{"refKey": 18, "tei": "<biblStruct xml:id=\"b18\">\n\t<analytic>\n\t\t<title level=\"a\" type=\"main\">Interpersonal Communication Message Types: Ranking of Importance by Kinesiology Undergraduates</title>\n\t\t<author>\n\t\t\t<persName><forename type=\"first\">T</forename><surname>Lattimore</surname></persName>\n\t\t</author>\n\t\t<author>\n\t\t\t<persName><forename type=\"first\">B</forename><surname>Kveton</surname></persName>\n\t\t</author>\n\t\t<author>\n\t\t\t<persName><forename type=\"first\">S</forename><surname>Li</surname></persName>\n\t\t</author>\n\t\t<author>\n\t\t\t<persName><forename type=\"first\">C</forename><surname>Szepesvari</surname></persName>\n\t\t</author>\n\t\t<idno type=\"DOI\">10.23880/oajksm-16000103</idno>\n\t</analytic>\n\t<monogr>\n\t\t<title level=\"j\">Open Access Journal of Kinesiology and Sports Medicine</title>\n\t\t<title level=\"j\" type=\"abbrev\">OAJKSM</title>\n\t\t<idno type=\"ISSNe\">2995-0155</idno>\n\t\t<imprint>\n\t\t\t<biblScope unit=\"volume\">1</biblScope>\n\t\t\t<biblScope unit=\"issue\">1</biblScope>\n\t\t\t<biblScope unit=\"page\" from=\"1\" to=\"5\" />\n\t\t\t<date type=\"published\" when=\"2023\">2018</date>\n\t\t\t<publisher>Medwin Publishers</publisher>\n\t\t</imprint>\n\t</monogr>\n</biblStruct>\n"}], "runtime": 75528, "id": "2417d0ee81b3132f510297afa81f92ba30232c6d", "metadata": {"id": "2417d0ee81b3132f510297afa81f92ba30232c6d"}, "original_file_path": "../../datalake/Samuel/SOFTware-Sync/data/xml_files/hal-03163763.grobid.tei.xml", "file_name": "hal-03163763.grobid.tei.xml"}