{"application": "software-mentions", "version": "0.8.0", "date": "2024-04-15T07:23+0000", "md5": "33A7449D654FA807FDC2F45D9A373E23", "mentions": [{"type": "software", "software-type": "software", "software-name": {"rawForm": "ConnectionLens", "normalizedForm": "ConnectionLens", "offsetStart": 0, "offsetEnd": 14}, "context": "ConnectionLens [2,3] is a data lake system integrating such heterogeneous data in a graph format, capturing the fine-granularity structure that (semi-)structured data sources may have.", "mentionContextAttributes": {"used": {"value": false, "score": 3.725290298461914e-05}, "created": {"value": false, "score": 0.00021791458129882812}, "shared": {"value": false, "score": 2.980232238769531e-07}}, "documentContextAttributes": {"used": {"value": true, "score": 0.9964333772659302}, "created": {"value": true, "score": 0.999339759349823}, "shared": {"value": false, "score": 6.377696990966797e-06}}, "references": [{"label": "3]", "normalizedForm": "3]", "refKey": 3, "offsetStart": 992, "offsetEnd": 994}, {"label": "[2,", "normalizedForm": "[2", "refKey": 2, "offsetStart": 989, "offsetEnd": 992}]}, {"type": "software", "software-type": "software", "software-name": {"rawForm": "ConnectionLens", "normalizedForm": "ConnectionLens", "offsetStart": 0, "offsetEnd": 14}, "context": "ConnectionLens implements a set of similarity functions and (very conservatively) unifies entities whose labels are very similar, e.g., \"L'Or\u00e9al\" and \"L'OREAL\", once they are both recognized as organizations by the entity extractor.", "mentionContextAttributes": {"used": {"value": false, "score": 0.00011688470840454102}, "created": {"value": false, "score": 9.065866470336914e-05}, "shared": {"value": false, "score": 4.172325134277344e-07}}, "documentContextAttributes": {"used": {"value": true, "score": 0.9964333772659302}, "created": {"value": true, "score": 0.999339759349823}, "shared": {"value": false, "score": 6.377696990966797e-06}}, "references": [{"label": "3]", "normalizedForm": "3]", "refKey": 3}, {"label": "[2,", "normalizedForm": "[2", "refKey": 2}]}, {"type": "software", "software-type": "software", "software-name": {"rawForm": "ConnectionLens", "normalizedForm": "ConnectionLens", "offsetStart": 0, "offsetEnd": 14}, "context": "ConnectionLens adopts a graph paradigm for integrating the sources, and extracts entities leading to inter-dataset connection opportunities.", "mentionContextAttributes": {"used": {"value": false, "score": 2.5331974029541016e-05}, "created": {"value": true, "score": 0.7211712598800659}, "shared": {"value": false, "score": 2.980232238769531e-07}}, "documentContextAttributes": {"used": {"value": true, "score": 0.9964333772659302}, "created": {"value": true, "score": 0.999339759349823}, "shared": {"value": false, "score": 6.377696990966797e-06}}, "references": [{"label": "3]", "normalizedForm": "3]", "refKey": 3}, {"label": "[2,", "normalizedForm": "[2", "refKey": 2}]}, {"type": "software", "software-type": "software", "software-name": {"rawForm": "ConnectionStudio", "normalizedForm": "ConnectionStudio", "offsetStart": 0, "offsetEnd": 16}, "context": "ConnectionStudio is available online, together with examples and tutorials at https://connectionstudio.inria.fr/.", "mentionContextAttributes": {"used": {"value": false, "score": 5.155801773071289e-05}, "created": {"value": false, "score": 7.051229476928711e-05}, "shared": {"value": true, "score": 0.9807509779930115}}, "documentContextAttributes": {"used": {"value": false, "score": 0.012345373630523682}, "created": {"value": true, "score": 0.9998950362205505}, "shared": {"value": true, "score": 0.9807509779930115}}}, {"type": "software", "software-type": "software", "software-name": {"rawForm": "ConnectionStudio", "normalizedForm": "ConnectionStudio", "offsetStart": 3, "offsetEnd": 19}, "context": "In ConnectionStudio, we allow updates only on values or entities at the destination end of a path. ", "mentionContextAttributes": {"used": {"value": false, "score": 0.000125885009765625}, "created": {"value": false, "score": 0.2740965485572815}, "shared": {"value": false, "score": 2.980232238769531e-07}}, "documentContextAttributes": {"used": {"value": false, "score": 0.012345373630523682}, "created": {"value": true, "score": 0.9998950362205505}, "shared": {"value": true, "score": 0.9807509779930115}}}, {"type": "software", "software-type": "software", "software-name": {"rawForm": "ConnectionLens", "normalizedForm": "ConnectionLens", "offsetStart": 9, "offsetEnd": 23}, "context": "Further, ConnectionLens applies Information Extraction techniques to identify, from any value (leaf) node encountered in the data, entities such as people, places, organizations, emails, URIs, dates, etc.", "mentionContextAttributes": {"used": {"value": false, "score": 0.00012373924255371094}, "created": {"value": false, "score": 0.0001399517059326172}, "shared": {"value": false, "score": 6.556510925292969e-07}}, "documentContextAttributes": {"used": {"value": true, "score": 0.9964333772659302}, "created": {"value": true, "score": 0.999339759349823}, "shared": {"value": false, "score": 6.377696990966797e-06}}, "references": [{"label": "3]", "normalizedForm": "3]", "refKey": 3}, {"label": "[2,", "normalizedForm": "[2", "refKey": 2}]}, {"type": "software", "software-type": "software", "software-name": {"rawForm": "ConnectionStudio", "normalizedForm": "ConnectionStudio", "offsetStart": 9, "offsetEnd": 25}, "context": "Further, ConnectionStudio includes new modules, to answer the requirements stated at the end of Section 1. ", "mentionContextAttributes": {"used": {"value": false, "score": 0.0001347064971923828}, "created": {"value": false, "score": 0.016055583953857422}, "shared": {"value": false, "score": 6.556510925292969e-07}}, "documentContextAttributes": {"used": {"value": false, "score": 0.012345373630523682}, "created": {"value": true, "score": 0.9998950362205505}, "shared": {"value": true, "score": 0.9807509779930115}}}, {"type": "software", "software-type": "software", "software-name": {"rawForm": "ConnectionLens", "normalizedForm": "ConnectionLens", "offsetStart": 11, "offsetEnd": 25}, "context": "In a prior ConnectionLens application [3], based on PubMed biomedical literature data, journalists were interested in the paths that connect medical experts with companies that fund their research.", "mentionContextAttributes": {"used": {"value": true, "score": 0.5086550712585449}, "created": {"value": false, "score": 3.081560134887695e-05}, "shared": {"value": false, "score": 4.172325134277344e-07}}, "documentContextAttributes": {"used": {"value": true, "score": 0.9964333772659302}, "created": {"value": true, "score": 0.999339759349823}, "shared": {"value": false, "score": 6.377696990966797e-06}}, "references": [{"label": "3]", "normalizedForm": "3]", "refKey": 3}, {"label": "[2,", "normalizedForm": "[2", "refKey": 2}]}, {"type": "software", "software-type": "software", "software-name": {"rawForm": "ConnectionLens", "normalizedForm": "ConnectionLens", "offsetStart": 13, "offsetEnd": 27}, "context": "Further, (\u03b4) ConnectionLens graphs interconnect data through extracted entities; like any trained model, our extractors introduce some errors (false positives, false negatives, wrongly typed entities).", "mentionContextAttributes": {"used": {"value": false, "score": 0.00016760826110839844}, "created": {"value": false, "score": 0.00021576881408691406}, "shared": {"value": false, "score": 1.7881393432617188e-07}}, "documentContextAttributes": {"used": {"value": true, "score": 0.9964333772659302}, "created": {"value": true, "score": 0.999339759349823}, "shared": {"value": false, "score": 6.377696990966797e-06}}, "references": [{"label": "3]", "normalizedForm": "3]", "refKey": 3}, {"label": "[2,", "normalizedForm": "[2", "refKey": 2}]}, {"type": "software", "software-type": "software", "software-name": {"rawForm": "ConnectionLens", "normalizedForm": "ConnectionLens", "offsetStart": 16, "offsetEnd": 30}, "context": "Built on top of ConnectionLens, ConnectionStudio allows users to import datasets into an integrated graph, search the graph via keywords, and find paths connecting entities.", "mentionContextAttributes": {"used": {"value": false, "score": 5.6684017181396484e-05}, "created": {"value": false, "score": 0.007817506790161133}, "shared": {"value": false, "score": 6.377696990966797e-06}}, "documentContextAttributes": {"used": {"value": true, "score": 0.9964333772659302}, "created": {"value": true, "score": 0.999339759349823}, "shared": {"value": false, "score": 6.377696990966797e-06}}, "references": [{"label": "3]", "normalizedForm": "3]", "refKey": 3}, {"label": "[2,", "normalizedForm": "[2", "refKey": 2}]}, {"type": "software", "software-type": "software", "software-name": {"rawForm": "ConnectionStudio", "normalizedForm": "ConnectionStudio", "offsetStart": 18, "offsetEnd": 34}, "context": "(1) Upon loading, ConnectionStudio computes, from each dataset, a set of elementary paths that can be seen as \"query building blocks\". ", "mentionContextAttributes": {"used": {"value": false, "score": 0.007164597511291504}, "created": {"value": false, "score": 3.516674041748047e-06}, "shared": {"value": false, "score": 1.7881393432617188e-07}}, "documentContextAttributes": {"used": {"value": false, "score": 0.012345373630523682}, "created": {"value": true, "score": 0.9998950362205505}, "shared": {"value": true, "score": 0.9807509779930115}}}, {"type": "software", "software-type": "software", "software-name": {"rawForm": "ConnectionStudio", "normalizedForm": "ConnectionStudio", "offsetStart": 32, "offsetEnd": 48}, "context": "Built on top of ConnectionLens, ConnectionStudio allows users to import datasets into an integrated graph, search the graph via keywords, and find paths connecting entities. ", "mentionContextAttributes": {"used": {"value": false, "score": 5.6684017181396484e-05}, "created": {"value": false, "score": 0.007817506790161133}, "shared": {"value": false, "score": 6.377696990966797e-06}}, "documentContextAttributes": {"used": {"value": false, "score": 0.012345373630523682}, "created": {"value": true, "score": 0.9998950362205505}, "shared": {"value": true, "score": 0.9807509779930115}}}, {"type": "software", "software-type": "software", "software-name": {"rawForm": "ConnectionLens", "normalizedForm": "ConnectionLens", "offsetStart": 35, "offsetEnd": 49}, "context": "Data lakes such as [9,7,12,10] and ConnectionLens [2,3] aim to help users explore many heterogeneous data sources.", "mentionContextAttributes": {"used": {"value": false, "score": 5.418062210083008e-05}, "created": {"value": false, "score": 3.0338764190673828e-05}, "shared": {"value": false, "score": 4.172325134277344e-07}}, "documentContextAttributes": {"used": {"value": true, "score": 0.9964333772659302}, "created": {"value": true, "score": 0.999339759349823}, "shared": {"value": false, "score": 6.377696990966797e-06}}, "references": [{"label": "3]", "normalizedForm": "3]", "refKey": 3, "offsetStart": 15372, "offsetEnd": 15374}, {"label": "[2,", "normalizedForm": "[2", "refKey": 2, "offsetStart": 15369, "offsetEnd": 15372}]}, {"type": "software", "software-type": "software", "software-name": {"rawForm": "ConnectionStudio", "normalizedForm": "ConnectionStudio", "offsetStart": 38, "offsetEnd": 54}, "context": "Based on these requirements, we built ConnectionStudio, a new platform based on ConnectionLens and extending it in several ways in order to address (\u03b1) to ( ) above.", "mentionContextAttributes": {"used": {"value": false, "score": 8.624792098999023e-05}, "created": {"value": true, "score": 0.999339759349823}, "shared": {"value": false, "score": 1.6093254089355469e-06}}, "documentContextAttributes": {"used": {"value": false, "score": 0.012345373630523682}, "created": {"value": true, "score": 0.9998950362205505}, "shared": {"value": true, "score": 0.9807509779930115}}}, {"type": "software", "software-type": "software", "software-name": {"rawForm": "ConnectionStudio", "normalizedForm": "ConnectionStudio", "offsetStart": 41, "offsetEnd": 57}, "context": "The ability to edit the data, offered by ConnectionStudio enables users to further normalize (uniformize) the label of value nodes, and/or of extracted entity nodes. ", "mentionContextAttributes": {"used": {"value": false, "score": 4.929304122924805e-05}, "created": {"value": false, "score": 0.0024903416633605957}, "shared": {"value": false, "score": 3.039836883544922e-06}}, "documentContextAttributes": {"used": {"value": false, "score": 0.012345373630523682}, "created": {"value": true, "score": 0.9998950362205505}, "shared": {"value": true, "score": 0.9807509779930115}}}, {"type": "software", "software-type": "software", "software-name": {"rawForm": "ConnectionLens", "normalizedForm": "ConnectionLens", "offsetStart": 47, "offsetEnd": 61}, "context": "Below, after recalling basic information about ConnectionLens to make this paper self-contained, we detail ConnectionStudio's novel extensions, which are the contributions of this work.", "mentionContextAttributes": {"used": {"value": false, "score": 0.012345373630523682}, "created": {"value": true, "score": 0.9813047051429749}, "shared": {"value": false, "score": 4.172325134277344e-07}}, "documentContextAttributes": {"used": {"value": true, "score": 0.9964333772659302}, "created": {"value": true, "score": 0.999339759349823}, "shared": {"value": false, "score": 6.377696990966797e-06}}, "references": [{"label": "3]", "normalizedForm": "3]", "refKey": 3}, {"label": "[2,", "normalizedForm": "[2", "refKey": 2}]}, {"type": "software", "software-type": "software", "software-name": {"rawForm": "ConnectionLens", "normalizedForm": "ConnectionLens", "offsetStart": 54, "offsetEnd": 68}, "context": "2 Background: graph integration of heterogeneous data ConnectionLens ingests any structured, semi-structured or unstructured data as follows.", "mentionContextAttributes": {"used": {"value": false, "score": 0.000382840633392334}, "created": {"value": false, "score": 4.231929779052734e-06}, "shared": {"value": false, "score": 1.7881393432617188e-07}}, "documentContextAttributes": {"used": {"value": true, "score": 0.9964333772659302}, "created": {"value": true, "score": 0.999339759349823}, "shared": {"value": false, "score": 6.377696990966797e-06}}, "references": [{"label": "3]", "normalizedForm": "3]", "refKey": 3}, {"label": "[2,", "normalizedForm": "[2", "refKey": 2}]}, {"type": "software", "software-type": "software", "software-name": {"rawForm": "ConnectionLens", "normalizedForm": "ConnectionLens", "offsetStart": 55, "offsetEnd": 69}, "context": ", for some entity type \u03c4 , shows entities extracted by ConnectionLens from the data, using trained language models [3].", "mentionContextAttributes": {"used": {"value": true, "score": 0.9964333772659302}, "created": {"value": false, "score": 5.304813385009766e-06}, "shared": {"value": false, "score": 1.7881393432617188e-07}}, "documentContextAttributes": {"used": {"value": true, "score": 0.9964333772659302}, "created": {"value": true, "score": 0.999339759349823}, "shared": {"value": false, "score": 6.377696990966797e-06}}, "references": [{"label": "3]", "normalizedForm": "3]", "refKey": 3}, {"label": "[2,", "normalizedForm": "[2", "refKey": 2}]}, {"type": "software", "software-type": "software", "software-name": {"rawForm": "ConnectionLens", "normalizedForm": "ConnectionLens", "offsetStart": 68, "offsetEnd": 82}, "context": "Using keyword search, users submit keywords that interest them, and ConnectionLens returns connecting trees, showing how, in the graph, nodes matching the keywords are connected. ", "mentionContextAttributes": {"used": {"value": false, "score": 0.0005556344985961914}, "created": {"value": false, "score": 3.49879264831543e-05}, "shared": {"value": false, "score": 1.3709068298339844e-06}}, "documentContextAttributes": {"used": {"value": true, "score": 0.9964333772659302}, "created": {"value": true, "score": 0.999339759349823}, "shared": {"value": false, "score": 6.377696990966797e-06}}, "references": [{"label": "3]", "normalizedForm": "3]", "refKey": 3}, {"label": "[2,", "normalizedForm": "[2", "refKey": 2}]}, {"type": "software", "software-type": "software", "software-name": {"rawForm": "ConnectionLens", "normalizedForm": "ConnectionLens", "offsetStart": 80, "offsetEnd": 94}, "context": "Based on these requirements, we built ConnectionStudio, a new platform based on ConnectionLens and extending it in several ways in order to address (\u03b1) to ( ) above.", "mentionContextAttributes": {"used": {"value": false, "score": 8.624792098999023e-05}, "created": {"value": true, "score": 0.999339759349823}, "shared": {"value": false, "score": 1.6093254089355469e-06}}, "documentContextAttributes": {"used": {"value": true, "score": 0.9964333772659302}, "created": {"value": true, "score": 0.999339759349823}, "shared": {"value": false, "score": 6.377696990966797e-06}}, "references": [{"label": "3]", "normalizedForm": "3]", "refKey": 3}, {"label": "[2,", "normalizedForm": "[2", "refKey": 2}]}, {"type": "software", "software-type": "software", "software-name": {"rawForm": "ConnectionStudio", "normalizedForm": "ConnectionStudio", "offsetStart": 91, "offsetEnd": 107}, "context": "In this work, we describe novel data exploration and discovery paradigms we implemented in ConnectionStudio, following requirements expressed by journalists; they allow users to discover the graph, simplify querying for connections across sources, and as-you-go cleaning of the graph. ", "mentionContextAttributes": {"used": {"value": false, "score": 5.21540641784668e-05}, "created": {"value": true, "score": 0.9998950362205505}, "shared": {"value": false, "score": 1.3709068298339844e-06}}, "documentContextAttributes": {"used": {"value": false, "score": 0.012345373630523682}, "created": {"value": true, "score": 0.9998950362205505}, "shared": {"value": true, "score": 0.9807509779930115}}}, {"type": "software", "software-type": "software", "software-name": {"rawForm": "ConnectionStudio", "normalizedForm": "ConnectionStudio", "offsetStart": 92, "offsetEnd": 108}, "context": "Going forward, we plan to conduct an elaborate user-study in order to understand better how ConnectionStudio helps novice users explore graphs and also inculcate the feedback to further improve upon the features provided by Con-nectionStudio.", "mentionContextAttributes": {"used": {"value": false, "score": 0.0002143383026123047}, "created": {"value": true, "score": 0.9978598356246948}, "shared": {"value": false, "score": 1.0132789611816406e-06}}, "documentContextAttributes": {"used": {"value": false, "score": 0.012345373630523682}, "created": {"value": true, "score": 0.9998950362205505}, "shared": {"value": true, "score": 0.9807509779930115}}}, {"type": "software", "software-type": "software", "software-name": {"rawForm": "ConnectionStudio", "normalizedForm": "ConnectionStudio", "offsetStart": 107, "offsetEnd": 123}, "context": "Below, after recalling basic information about ConnectionLens to make this paper self-contained, we detail ConnectionStudio's novel extensions, which are the contributions of this work.", "mentionContextAttributes": {"used": {"value": false, "score": 0.012345373630523682}, "created": {"value": true, "score": 0.9813047051429749}, "shared": {"value": false, "score": 4.172325134277344e-07}}, "documentContextAttributes": {"used": {"value": false, "score": 0.012345373630523682}, "created": {"value": true, "score": 0.9998950362205505}, "shared": {"value": true, "score": 0.9807509779930115}}}, {"type": "software", "software-type": "software", "software-name": {"rawForm": "ConnectionLens", "normalizedForm": "ConnectionLens", "offsetStart": 111, "offsetEnd": 125}, "context": "New requirements for non-expert users Working with journalists, we found that heterogeneous graphs produced by ConnectionLens were still hard for them to comprehend.", "mentionContextAttributes": {"used": {"value": true, "score": 0.9755457043647766}, "created": {"value": false, "score": 0.008009791374206543}, "shared": {"value": false, "score": 1.7881393432617188e-07}}, "documentContextAttributes": {"used": {"value": true, "score": 0.9964333772659302}, "created": {"value": true, "score": 0.999339759349823}, "shared": {"value": false, "score": 6.377696990966797e-06}}, "references": [{"label": "3]", "normalizedForm": "3]", "refKey": 3}, {"label": "[2,", "normalizedForm": "[2", "refKey": 2}]}, {"type": "software", "software-type": "software", "software-name": {"rawForm": "ConnectionStudio", "normalizedForm": "ConnectionStudio", "offsetStart": 127, "offsetEnd": 143}, "context": "Generating elementary paths As explained above, users can compose queries by \"cutting & pasting\" elementary paths; here is how ConnectionStudio extracts these from the data. ", "mentionContextAttributes": {"used": {"value": false, "score": 7.700920104980469e-05}, "created": {"value": false, "score": 1.9788742065429688e-05}, "shared": {"value": false, "score": 2.384185791015625e-07}}, "documentContextAttributes": {"used": {"value": false, "score": 0.012345373630523682}, "created": {"value": true, "score": 0.9998950362205505}, "shared": {"value": true, "score": 0.9807509779930115}}}, {"type": "software", "software-type": "software", "software-name": {"rawForm": "ConnectionLens", "normalizedForm": "ConnectionLens", "offsetStart": 226, "offsetEnd": 240}, "context": "In a more general manner, in [5], users select a pair of entity types (\u03c4 1 , \u03c4 2 ) of interest to them, e.g., people and organizations, and the system automatically finds and computes the paths connecting such entities in the ConnectionLens graph.", "mentionContextAttributes": {"used": {"value": false, "score": 0.0002155900001525879}, "created": {"value": false, "score": 1.9669532775878906e-05}, "shared": {"value": false, "score": 3.5762786865234375e-07}}, "documentContextAttributes": {"used": {"value": true, "score": 0.9964333772659302}, "created": {"value": true, "score": 0.999339759349823}, "shared": {"value": false, "score": 6.377696990966797e-06}}, "references": [{"label": "3]", "normalizedForm": "3]", "refKey": 3}, {"label": "[2,", "normalizedForm": "[2", "refKey": 2}]}], "references": [{"refKey": 3, "tei": "<biblStruct xml:id=\"b3\">\n\t<analytic>\n\t\t<title level=\"a\" type=\"main\">Graph integration of structured, semistructured and unstructured data for data journalism</title>\n\t\t<author>\n\t\t\t<persName><forename type=\"first\">Angelos</forename><forename type=\"middle\">Christos</forename><surname>Anadiotis</surname></persName>\n\t\t</author>\n\t\t<author>\n\t\t\t<persName><forename type=\"first\">Oana</forename><surname>Balalau</surname></persName>\n\t\t</author>\n\t\t<author>\n\t\t\t<persName><forename type=\"first\">Catarina</forename><surname>Concei\u00e7\u00e3o</surname></persName>\n\t\t\t<idno type=\"ORCID\">0000-0002-9703-4252</idno>\n\t\t</author>\n\t\t<author>\n\t\t\t<persName><forename type=\"first\">Helena</forename><surname>Galhardas</surname></persName>\n\t\t\t<idno type=\"ORCID\">0000-0002-9330-3910</idno>\n\t\t</author>\n\t\t<author>\n\t\t\t<persName><forename type=\"first\">Mhd</forename><forename type=\"middle\">Yamen</forename><surname>Haddad</surname></persName>\n\t\t\t<idno type=\"ORCID\">0000-0002-2206-1328</idno>\n\t\t</author>\n\t\t<author>\n\t\t\t<persName><forename type=\"first\">Ioana</forename><surname>Manolescu</surname></persName>\n\t\t</author>\n\t\t<author>\n\t\t\t<persName><forename type=\"first\">Tayeb</forename><surname>Merabti</surname></persName>\n\t\t</author>\n\t\t<author>\n\t\t\t<persName><forename type=\"first\">Jingmao</forename><surname>You</surname></persName>\n\t\t\t<idno type=\"ORCID\">0000-0002-2613-7107</idno>\n\t\t</author>\n\t\t<idno type=\"DOI\">10.1016/j.is.2021.101846</idno>\n\t</analytic>\n\t<monogr>\n\t\t<title level=\"j\">Information Systems</title>\n\t\t<title level=\"j\" type=\"abbrev\">Information Systems</title>\n\t\t<idno type=\"ISSN\">0306-4379</idno>\n\t\t<imprint>\n\t\t\t<biblScope unit=\"volume\">104</biblScope>\n\t\t\t<biblScope unit=\"page\">101846</biblScope>\n\t\t\t<date type=\"published\" when=\"2022-02\">2022</date>\n\t\t\t<publisher>Elsevier BV</publisher>\n\t\t</imprint>\n\t</monogr>\n</biblStruct>\n"}, {"refKey": 2, "tei": "<biblStruct xml:id=\"b2\">\n\t<analytic>\n\t\t<title level=\"a\" type=\"main\">Graph integration of structured, semistructured and unstructured data for data journalism</title>\n\t\t<author>\n\t\t\t<persName><forename type=\"first\">Angelos</forename><forename type=\"middle\">Christos</forename><surname>Anadiotis</surname></persName>\n\t\t</author>\n\t\t<author>\n\t\t\t<persName><forename type=\"first\">Oana</forename><surname>Balalau</surname></persName>\n\t\t</author>\n\t\t<author>\n\t\t\t<persName><forename type=\"first\">Catarina</forename><surname>Concei\u00e7\u00e3o</surname></persName>\n\t\t\t<idno type=\"ORCID\">0000-0002-9703-4252</idno>\n\t\t</author>\n\t\t<author>\n\t\t\t<persName><forename type=\"first\">Helena</forename><surname>Galhardas</surname></persName>\n\t\t\t<idno type=\"ORCID\">0000-0002-9330-3910</idno>\n\t\t</author>\n\t\t<author>\n\t\t\t<persName><forename type=\"first\">Mhd</forename><forename type=\"middle\">Yamen</forename><surname>Haddad</surname></persName>\n\t\t\t<idno type=\"ORCID\">0000-0002-2206-1328</idno>\n\t\t</author>\n\t\t<author>\n\t\t\t<persName><forename type=\"first\">Ioana</forename><surname>Manolescu</surname></persName>\n\t\t</author>\n\t\t<author>\n\t\t\t<persName><forename type=\"first\">Tayeb</forename><surname>Merabti</surname></persName>\n\t\t</author>\n\t\t<author>\n\t\t\t<persName><forename type=\"first\">Jingmao</forename><surname>You</surname></persName>\n\t\t\t<idno type=\"ORCID\">0000-0002-2613-7107</idno>\n\t\t</author>\n\t\t<idno type=\"DOI\">10.1016/j.is.2021.101846</idno>\n\t</analytic>\n\t<monogr>\n\t\t<title level=\"j\">Information Systems</title>\n\t\t<title level=\"j\" type=\"abbrev\">Information Systems</title>\n\t\t<idno type=\"ISSN\">0306-4379</idno>\n\t\t<imprint>\n\t\t\t<biblScope unit=\"volume\">104</biblScope>\n\t\t\t<biblScope unit=\"page\">101846</biblScope>\n\t\t\t<date type=\"published\" when=\"2022-02\">2021</date>\n\t\t\t<publisher>Elsevier BV</publisher>\n\t\t</imprint>\n\t</monogr>\n</biblStruct>\n"}], "runtime": 57145, "id": "f6e03880000f61425feff77c2c6076a242d36d43", "metadata": {"id": "f6e03880000f61425feff77c2c6076a242d36d43"}, "original_file_path": "../../datalake/Samuel/SOFTware-Sync/data/xml_not_sofctied/hal-04185938.grobid.tei.xml", "file_name": "hal-04185938.grobid.tei.xml"}