{"application": "software-mentions", "version": "0.8.0", "date": "2024-04-12T15:53+0000", "md5": "5561BAC1A683A3DD29A47FD722E2C4D1", "mentions": [{"type": "software", "software-type": "software", "software-name": {"rawForm": "scikit", "normalizedForm": "scikit", "offsetStart": 8, "offsetEnd": 14}, "context": "https://scikit-learn.org", "mentionContextAttributes": {"used": {"value": false, "score": 0.00018900632858276367}, "created": {"value": false, "score": 2.7894973754882812e-05}, "shared": {"value": true, "score": 0.9700324535369873}}, "documentContextAttributes": {"used": {"value": true, "score": 0.9999691247940063}, "created": {"value": false, "score": 2.7894973754882812e-05}, "shared": {"value": true, "score": 0.9700324535369873}}}, {"type": "software", "software-type": "software", "wikidataId": "Q1026367", "wikipediaExternalRef": 33490859, "lang": "en", "confidence": 0.909, "software-name": {"rawForm": "scikit-learn", "normalizedForm": "scikit-learn", "wikidataId": "Q1026367", "wikipediaExternalRef": 33490859, "lang": "en", "confidence": 0.909, "offsetStart": 134, "offsetEnd": 146}, "context": "Those models were trained on a vector representation of the phrases based on word counts and provided by the class CountVectorizer of scikit-learn.", "mentionContextAttributes": {"used": {"value": true, "score": 0.9999887943267822}, "created": {"value": false, "score": 1.1324882507324219e-05}, "shared": {"value": false, "score": 1.1920928955078125e-07}}, "documentContextAttributes": {"used": {"value": true, "score": 0.9999887943267822}, "created": {"value": false, "score": 1.1324882507324219e-05}, "shared": {"value": false, "score": 1.1920928955078125e-07}}}, {"type": "software", "software-type": "software", "software-name": {"rawForm": "scikit", "normalizedForm": "scikit", "offsetStart": 136, "offsetEnd": 142}, "context": "The synthetic datasets were generated by drawing 10k instances with the functions make_blobs, make_moons, and make_circles available in scikit-learn 1 . ", "mentionContextAttributes": {"used": {"value": true, "score": 0.9999691247940063}, "created": {"value": false, "score": 3.2186508178710938e-06}, "shared": {"value": false, "score": 2.384185791015625e-07}}, "documentContextAttributes": {"used": {"value": true, "score": 0.9999691247940063}, "created": {"value": false, "score": 2.7894973754882812e-05}, "shared": {"value": true, "score": 0.9700324535369873}}}], "references": [], "runtime": 49641, "id": "f392ffcfdc8eff40e493b2aa9a0d015abdd434ec", "metadata": {"id": "f392ffcfdc8eff40e493b2aa9a0d015abdd434ec"}, "original_file_path": "../../datalake/Samuel/SOFTware-Sync/data/xml_files/hal-03133223.grobid.tei.xml", "file_name": "hal-03133223.grobid.tei.xml"}