{"application": "software-mentions", "version": "0.8.0", "date": "2024-04-12T16:13+0000", "md5": "14655055690FFD2EF1DB721233DDDB42", "mentions": [{"type": "software", "software-type": "software", "software-name": {"rawForm": "Minizinc", "normalizedForm": "Minizinc", "offsetStart": 0, "offsetEnd": 8}, "context": "Minizinc [18]).", "mentionContextAttributes": {"used": {"value": true, "score": 0.9919737577438354}, "created": {"value": false, "score": 1.049041748046875e-05}, "shared": {"value": false, "score": 4.76837158203125e-07}}, "documentContextAttributes": {"used": {"value": true, "score": 0.9919737577438354}, "created": {"value": false, "score": 0.08775931596755981}, "shared": {"value": false, "score": 4.76837158203125e-07}}, "references": [{"label": "[18]", "normalizedForm": "[18]", "refKey": 18, "offsetStart": 24123, "offsetEnd": 24127}]}, {"type": "software", "software-type": "software", "software-name": {"rawForm": "Minizinc", "normalizedForm": "Minizinc", "offsetStart": 113, "offsetEnd": 126}, "context": "Eventually, the prediction algorithm will apply a finite domain constraint solver for \u2206 6 that we implemented in Minizinc [18] to enumerate all the changes that may or must lead to the target change.", "mentionContextAttributes": {"used": {"value": false, "score": 0.03818953037261963}, "created": {"value": false, "score": 0.08775931596755981}, "shared": {"value": false, "score": 1.1920928955078125e-07}}, "documentContextAttributes": {"used": {"value": true, "score": 0.9919737577438354}, "created": {"value": false, "score": 0.08775931596755981}, "shared": {"value": false, "score": 4.76837158203125e-07}}, "references": [{"label": "[18]", "normalizedForm": "[18]", "refKey": 18}]}], "references": [{"refKey": 18, "tei": "<biblStruct xml:id=\"b18\">\n\t<analytic>\n\t\t<title level=\"a\" type=\"main\">MiniSearch: A Solver-Independent Meta-Search Language for MiniZinc</title>\n\t\t<author>\n\t\t\t<persName><forename type=\"first\">Andrea</forename><surname>Rendl</surname></persName>\n\t\t</author>\n\t\t<author>\n\t\t\t<persName><forename type=\"first\">Tias</forename><surname>Guns</surname></persName>\n\t\t</author>\n\t\t<author>\n\t\t\t<persName><forename type=\"first\">Peter</forename><forename type=\"middle\">J</forename><surname>Stuckey</surname></persName>\n\t\t</author>\n\t\t<author>\n\t\t\t<persName><forename type=\"first\">Guido</forename><surname>Tack</surname></persName>\n\t\t</author>\n\t\t<idno type=\"DOI\">10.1007/978-3-319-23219-5_27</idno>\n\t</analytic>\n\t<monogr>\n\t\t<title level=\"m\">Lecture Notes in Computer Science</title>\n\t\t<editor>\n\t\t\t<persName><forename type=\"first\">G</forename><surname>Pesant</surname></persName>\n\t\t</editor>\n\t\t<imprint>\n\t\t\t<publisher>Springer International Publishing</publisher>\n\t\t\t<date type=\"published\" when=\"2015\">2015. 9255. 2015</date>\n\t\t\t<biblScope unit=\"page\" from=\"376\" to=\"392\" />\n\t\t</imprint>\n\t</monogr>\n</biblStruct>\n"}], "runtime": 64465, "id": "fab08f535c0df00c37cad362a3ecf7eb9a2d6ff6", "metadata": {"id": "fab08f535c0df00c37cad362a3ecf7eb9a2d6ff6"}, "original_file_path": "../../datalake/Samuel/SOFTware-Sync/data/xml_files/hal-02302463.grobid.tei.xml", "file_name": "hal-02302463.grobid.tei.xml"}