{"application": "software-mentions", "version": "0.8.0", "date": "2024-04-12T16:58+0000", "md5": "107AB8CD261B3ABC6B8934CAA7697646", "mentions": [{"type": "software", "software-type": "software", "software-name": {"rawForm": "Spade", "normalizedForm": "Spade", "offsetStart": 0, "offsetEnd": 5}, "version": {"rawForm": "1.8", "normalizedForm": "1.8"}, "context": "Spade uses the summary to expedite several steps of the analysis, e.g., the enumeration of RDF types and properties, as described below.", "mentionContextAttributes": {"used": {"value": false, "score": 0.20538312196731567}, "created": {"value": false, "score": 2.9146671295166016e-05}, "shared": {"value": false, "score": 1.7881393432617188e-07}}, "documentContextAttributes": {"used": {"value": true, "score": 0.9999271035194397}, "created": {"value": true, "score": 0.9999162554740906}, "shared": {"value": false, "score": 1.3709068298339844e-06}}}, {"type": "software", "software-type": "software", "software-name": {"rawForm": "Spade", "normalizedForm": "Spade", "offsetStart": 0, "offsetEnd": 5}, "version": {"rawForm": "1.8", "normalizedForm": "1.8"}, "context": "Spade exploits the gathered statistics in different steps, e.g., to guide the choice of dimensions, measures, and aggregate functions and to improve Aggregate Evaluation.", "mentionContextAttributes": {"used": {"value": false, "score": 4.571676254272461e-05}, "created": {"value": false, "score": 0.00012755393981933594}, "shared": {"value": false, "score": 1.7881393432617188e-07}}, "documentContextAttributes": {"used": {"value": true, "score": 0.9999271035194397}, "created": {"value": true, "score": 0.9999162554740906}, "shared": {"value": false, "score": 1.3709068298339844e-06}}}, {"type": "software", "software-type": "software", "software-name": {"rawForm": "Spade", "normalizedForm": "Spade", "offsetStart": 0, "offsetEnd": 5}, "version": {"rawForm": "1.8", "normalizedForm": "1.8"}, "context": "Spade uses the pool of analyzed attributes to generate candidate MDAs.", "mentionContextAttributes": {"used": {"value": true, "score": 0.5337962508201599}, "created": {"value": false, "score": 9.834766387939453e-06}, "shared": {"value": false, "score": 1.7881393432617188e-07}}, "documentContextAttributes": {"used": {"value": true, "score": 0.9999271035194397}, "created": {"value": true, "score": 0.9999162554740906}, "shared": {"value": false, "score": 1.3709068298339844e-06}}}, {"type": "software", "software-type": "software", "software-name": {"rawForm": "Spade", "normalizedForm": "Spade", "offsetStart": 0, "offsetEnd": 5}, "version": {"rawForm": "1.8", "normalizedForm": "1.8"}, "context": "Spade ensures that the results of evaluated MDAs are reused (not recomputed) in the other lattices where they appear.", "mentionContextAttributes": {"used": {"value": false, "score": 0.006723225116729736}, "created": {"value": false, "score": 5.424022674560547e-06}, "shared": {"value": false, "score": 1.7881393432617188e-07}}, "documentContextAttributes": {"used": {"value": true, "score": 0.9999271035194397}, "created": {"value": true, "score": 0.9999162554740906}, "shared": {"value": false, "score": 1.3709068298339844e-06}}}, {"type": "software", "software-type": "software", "software-name": {"rawForm": "Spade", "normalizedForm": "Spade", "offsetStart": 0, "offsetEnd": 5}, "version": {"rawForm": "1.8", "normalizedForm": "1.8"}, "context": "Spade natively supports three interestingness functions, from which the user can choose to suit their preferences: (i) variance, (ii) skewness, and (iii) kurtosis, where variance can detect deviation from uniform aggregate values, whereas the latter two can detect deviation from a normal distribution of aggregated values over numeric dimensions.", "mentionContextAttributes": {"used": {"value": false, "score": 6.312131881713867e-05}, "created": {"value": false, "score": 0.00012612342834472656}, "shared": {"value": false, "score": 5.364418029785156e-07}}, "documentContextAttributes": {"used": {"value": true, "score": 0.9999271035194397}, "created": {"value": true, "score": 0.9999162554740906}, "shared": {"value": false, "score": 1.3709068298339844e-06}}}, {"type": "software", "software-type": "software", "software-name": {"rawForm": "Spade", "normalizedForm": "Spade", "offsetStart": 0, "offsetEnd": 5}, "version": {"rawForm": "1.8", "normalizedForm": "1.8"}, "context": "Spade scales well with the data size and the number of measures.", "mentionContextAttributes": {"used": {"value": false, "score": 0.0005394220352172852}, "created": {"value": false, "score": 1.0192394256591797e-05}, "shared": {"value": false, "score": 2.980232238769531e-07}}, "documentContextAttributes": {"used": {"value": true, "score": 0.9999271035194397}, "created": {"value": true, "score": 0.9999162554740906}, "shared": {"value": false, "score": 1.3709068298339844e-06}}}, {"type": "software", "software-type": "software", "software-name": {"rawForm": "PGCube", "normalizedForm": "PGCube", "offsetStart": 0, "offsetEnd": 6}, "context": "PGCube d , PGCube's best effort to generate correct results, still produces errors in 9% to 21% of the computed aggregates across different datasets.", "mentionContextAttributes": {"used": {"value": false, "score": 0.0008173584938049316}, "created": {"value": false, "score": 7.808208465576172e-06}, "shared": {"value": false, "score": 4.172325134277344e-07}}, "documentContextAttributes": {"used": {"value": true, "score": 0.9999749064445496}, "created": {"value": false, "score": 0.013966500759124756}, "shared": {"value": false, "score": 7.748603820800781e-07}}}, {"type": "software", "software-type": "software", "software-name": {"rawForm": "ArrayCube", "normalizedForm": "ArrayCube", "offsetStart": 0, "offsetEnd": 9}, "context": "ArrayCube chooses the tree that minimizes the overall memory needed; it is called the MMST.", "mentionContextAttributes": {"used": {"value": false, "score": 0.00035834312438964844}, "created": {"value": false, "score": 0.002909541130065918}, "shared": {"value": false, "score": 1.7881393432617188e-07}}, "documentContextAttributes": {"used": {"value": true, "score": 0.9999832510948181}, "created": {"value": true, "score": 0.8865141868591309}, "shared": {"value": false, "score": 1.0132789611816406e-06}}, "references": [{"label": "[49]", "normalizedForm": "[49]", "refKey": 49}]}, {"type": "software", "software-type": "software", "software-name": {"rawForm": "ArrayCube", "normalizedForm": "ArrayCube", "offsetStart": 0, "offsetEnd": 9}, "context": "ArrayCube [49] is a widely accepted algorithm in this category proposing a one-pass solution that simultaneously aggregates along multiple dimensions.", "mentionContextAttributes": {"used": {"value": false, "score": 3.820657730102539e-05}, "created": {"value": false, "score": 0.020498335361480713}, "shared": {"value": false, "score": 1.7881393432617188e-07}}, "documentContextAttributes": {"used": {"value": true, "score": 0.9999832510948181}, "created": {"value": true, "score": 0.8865141868591309}, "shared": {"value": false, "score": 1.0132789611816406e-06}}, "references": [{"label": "[49]", "normalizedForm": "[49]", "refKey": 49, "offsetStart": 68106, "offsetEnd": 68110}]}, {"type": "software", "software-type": "software", "software-name": {"rawForm": "SeeDB", "normalizedForm": "SeeDB", "offsetStart": 0, "offsetEnd": 10}, "context": "SeeDB [43] identifies, in relational data, the one-dimensional aggregates that exhibit the largest deviation between a target dataset and a reference dataset. ", "mentionContextAttributes": {"used": {"value": false, "score": 0.0004596114158630371}, "created": {"value": false, "score": 6.616115570068359e-06}, "shared": {"value": false, "score": 2.980232238769531e-07}}, "documentContextAttributes": {"used": {"value": false, "score": 0.0004596114158630371}, "created": {"value": false, "score": 6.616115570068359e-06}, "shared": {"value": false, "score": 2.980232238769531e-07}}}, {"type": "software", "software-type": "software", "software-name": {"rawForm": "DeepEye", "normalizedForm": "DeepEye", "offsetStart": 0, "offsetEnd": 12}, "context": "DeepEye [35] finds and ranks visualizations by combining a binary classifier, supervised learning, and expert rules. ", "mentionContextAttributes": {"used": {"value": false, "score": 0.00012350082397460938}, "created": {"value": false, "score": 1.6033649444580078e-05}, "shared": {"value": false, "score": 1.7881393432617188e-07}}, "documentContextAttributes": {"used": {"value": false, "score": 0.00012350082397460938}, "created": {"value": false, "score": 1.6033649444580078e-05}, "shared": {"value": false, "score": 1.7881393432617188e-07}}}, {"type": "software", "software-type": "software", "software-name": {"rawForm": "QAGView", "normalizedForm": "QAGView", "offsetStart": 0, "offsetEnd": 15}, "context": "QAGView [45,46] provides summaries of high-valued aggregate query answers that ensure properties including coverage, diversity, and relevance, customized based on user preferences. ", "mentionContextAttributes": {"used": {"value": false, "score": 3.165006637573242e-05}, "created": {"value": false, "score": 2.5212764739990234e-05}, "shared": {"value": false, "score": 1.7881393432617188e-07}}, "documentContextAttributes": {"used": {"value": false, "score": 3.165006637573242e-05}, "created": {"value": false, "score": 2.5212764739990234e-05}, "shared": {"value": false, "score": 1.7881393432617188e-07}}}, {"type": "software", "software-type": "software", "software-name": {"rawForm": "LensXPlain", "normalizedForm": "LensXPlain", "offsetStart": 0, "offsetEnd": 15}, "context": "LensXPlain [38] helps users understand answers to aggregate queries by providing the top-k explanations.", "mentionContextAttributes": {"used": {"value": false, "score": 4.953145980834961e-05}, "created": {"value": false, "score": 2.682209014892578e-06}, "shared": {"value": false, "score": 4.172325134277344e-07}}, "documentContextAttributes": {"used": {"value": false, "score": 4.953145980834961e-05}, "created": {"value": false, "score": 2.682209014892578e-06}, "shared": {"value": false, "score": 4.172325134277344e-07}}}, {"type": "software", "software-type": "software", "software-name": {"rawForm": "Spade", "normalizedForm": "Spade", "offsetStart": 2, "offsetEnd": 7}, "version": {"rawForm": "1.8", "normalizedForm": "1.8"}, "context": "\u2022 Spade, a new RDF-oriented end-to-end framework that automatically identifies, enumerates, and efficiently evaluates RDF MDAs to determine the most interesting ones (Section 3);", "mentionContextAttributes": {"used": {"value": false, "score": 4.1425228118896484e-05}, "created": {"value": true, "score": 0.9741503596305847}, "shared": {"value": false, "score": 1.7881393432617188e-07}}, "documentContextAttributes": {"used": {"value": true, "score": 0.9999271035194397}, "created": {"value": true, "score": 0.9999162554740906}, "shared": {"value": false, "score": 1.3709068298339844e-06}}}, {"type": "software", "software-type": "software", "software-name": {"rawForm": "Aggregate Result Manager", "normalizedForm": "Aggregate Result Manager", "offsetStart": 4, "offsetEnd": 28}, "context": "The Aggregate Result Manager (line 19) receives the computed measures, and the values of the dimensions obtained from the cell index. ", "mentionContextAttributes": {"used": {"value": true, "score": 0.9770104289054871}, "created": {"value": false, "score": 8.404254913330078e-06}, "shared": {"value": false, "score": 1.7881393432617188e-07}}, "documentContextAttributes": {"used": {"value": true, "score": 0.9770104289054871}, "created": {"value": false, "score": 8.404254913330078e-06}, "shared": {"value": false, "score": 1.7881393432617188e-07}}}, {"type": "software", "software-type": "software", "software-name": {"rawForm": "ArrayCube", "normalizedForm": "ArrayCube", "offsetStart": 5, "offsetEnd": 14}, "context": "Like ArrayCube, we take an initial pass over the data to bring it into the array representation, where the (conceptual) multidimensional array is stored as a serialized one-dimensional array.", "mentionContextAttributes": {"used": {"value": false, "score": 0.0005875825881958008}, "created": {"value": false, "score": 0.026799321174621582}, "shared": {"value": false, "score": 5.364418029785156e-07}}, "documentContextAttributes": {"used": {"value": true, "score": 0.9999832510948181}, "created": {"value": true, "score": 0.8865141868591309}, "shared": {"value": false, "score": 1.0132789611816406e-06}}, "references": [{"label": "[49]", "normalizedForm": "[49]", "refKey": 49}]}, {"type": "software", "software-type": "software", "software-name": {"rawForm": "Online Attribute Analysis", "normalizedForm": "Online Attribute Analysis", "offsetStart": 5, "offsetEnd": 30}, "context": "(ii) Online Attribute Analysis's time is noticeable, between 15% and 37% of the total time, and increases with the number of measures: Spade must analyze them before deciding that they are not suitable dimensions. ", "mentionContextAttributes": {"used": {"value": false, "score": 0.11520373821258545}, "created": {"value": false, "score": 3.2782554626464844e-06}, "shared": {"value": false, "score": 1.7881393432617188e-07}}, "documentContextAttributes": {"used": {"value": true, "score": 0.9997642040252686}, "created": {"value": false, "score": 4.929304122924805e-05}, "shared": {"value": false, "score": 7.748603820800781e-07}}}, {"type": "software", "software-type": "software", "software-name": {"rawForm": "PGCube", "normalizedForm": "PGCube", "offsetStart": 6, "offsetEnd": 12}, "context": "Since PGCube is not able to prune unpromising aggregates, for fairness, in this section, early-stop is disabled. ", "mentionContextAttributes": {"used": {"value": false, "score": 0.00048488378524780273}, "created": {"value": false, "score": 3.0219554901123047e-05}, "shared": {"value": false, "score": 2.980232238769531e-07}}, "documentContextAttributes": {"used": {"value": true, "score": 0.9999749064445496}, "created": {"value": false, "score": 0.013966500759124756}, "shared": {"value": false, "score": 7.748603820800781e-07}}}, {"type": "software", "software-type": "software", "software-name": {"rawForm": "PGCube", "normalizedForm": "PGCube", "offsetStart": 6, "offsetEnd": 12}, "context": "* and PGCube d errors on real-graph aggregates.", "mentionContextAttributes": {"used": {"value": true, "score": 0.9999749064445496}, "created": {"value": false, "score": 6.139278411865234e-06}, "shared": {"value": false, "score": 1.7881393432617188e-07}}, "documentContextAttributes": {"used": {"value": true, "score": 0.9999749064445496}, "created": {"value": false, "score": 0.013966500759124756}, "shared": {"value": false, "score": 7.748603820800781e-07}}}, {"type": "software", "software-type": "software", "software-name": {"rawForm": "Spade", "normalizedForm": "Spade", "offsetStart": 9, "offsetEnd": 14}, "version": {"rawForm": "1.8", "normalizedForm": "1.8"}, "context": "Further, Spade using MVDCube is consistently faster than using PGCube * by up to 2.9\u00d7; it also scales better as |CFS |, N and M grow, and MVDCube with early-stop is consistently the fastest (R9).", "mentionContextAttributes": {"used": {"value": false, "score": 0.0026691555976867676}, "created": {"value": false, "score": 9.834766387939453e-06}, "shared": {"value": false, "score": 2.980232238769531e-07}}, "documentContextAttributes": {"used": {"value": true, "score": 0.9999271035194397}, "created": {"value": true, "score": 0.9999162554740906}, "shared": {"value": false, "score": 1.3709068298339844e-06}}}, {"type": "software", "software-type": "software", "software-name": {"rawForm": "PGCube", "normalizedForm": "PGCube", "offsetStart": 9, "offsetEnd": 15}, "context": "We chose PGCube * as on these graphs it is correct, and it is faster than PGCube d .", "mentionContextAttributes": {"used": {"value": true, "score": 0.9993438124656677}, "created": {"value": false, "score": 6.002187728881836e-05}, "shared": {"value": false, "score": 2.980232238769531e-07}}, "documentContextAttributes": {"used": {"value": true, "score": 0.9999749064445496}, "created": {"value": false, "score": 0.013966500759124756}, "shared": {"value": false, "score": 7.748603820800781e-07}}}, {"type": "software", "software-type": "software", "software-name": {"rawForm": "PGCube", "normalizedForm": "PGCube", "offsetStart": 10, "offsetEnd": 16}, "context": "To ensure PGCube correctness, each fact has only one value for each dimension.", "mentionContextAttributes": {"used": {"value": false, "score": 0.03349030017852783}, "created": {"value": false, "score": 3.999471664428711e-05}, "shared": {"value": false, "score": 1.7881393432617188e-07}}, "documentContextAttributes": {"used": {"value": true, "score": 0.9999749064445496}, "created": {"value": false, "score": 0.013966500759124756}, "shared": {"value": false, "score": 7.748603820800781e-07}}}, {"type": "software", "software-type": "software", "software-name": {"rawForm": "Online Attribute Analysis", "normalizedForm": "Online Attribute Analysis", "offsetStart": 10, "offsetEnd": 35}, "context": "Step 2 is Online Attribute Analysis.", "mentionContextAttributes": {"used": {"value": false, "score": 0.002438962459564209}, "created": {"value": false, "score": 4.929304122924805e-05}, "shared": {"value": false, "score": 7.748603820800781e-07}}, "documentContextAttributes": {"used": {"value": true, "score": 0.9997642040252686}, "created": {"value": false, "score": 4.929304122924805e-05}, "shared": {"value": false, "score": 7.748603820800781e-07}}}, {"type": "software", "software-type": "software", "software-name": {"rawForm": "PGCube", "normalizedForm": "PGCube", "offsetStart": 11, "offsetEnd": 17}, "context": "PGCube d , PGCube's best effort to generate correct results, still produces errors in 9% to 21% of the computed aggregates across different datasets.", "mentionContextAttributes": {"used": {"value": false, "score": 0.0008173584938049316}, "created": {"value": false, "score": 7.808208465576172e-06}, "shared": {"value": false, "score": 4.172325134277344e-07}}, "documentContextAttributes": {"used": {"value": true, "score": 0.9999749064445496}, "created": {"value": false, "score": 0.013966500759124756}, "shared": {"value": false, "score": 7.748603820800781e-07}}}, {"type": "software", "software-type": "software", "software-name": {"rawForm": "Spade", "normalizedForm": "Spade", "offsetStart": 12, "offsetEnd": 17}, "version": {"rawForm": "1.8", "normalizedForm": "1.8"}, "context": "This allows Spade to account for facts with multiple measure values and improve Aggregate Evaluation during Online Processing.", "mentionContextAttributes": {"used": {"value": false, "score": 0.00014257431030273438}, "created": {"value": false, "score": 0.0010901093482971191}, "shared": {"value": false, "score": 1.7881393432617188e-07}}, "documentContextAttributes": {"used": {"value": true, "score": 0.9999271035194397}, "created": {"value": true, "score": 0.9999162554740906}, "shared": {"value": false, "score": 1.3709068298339844e-06}}}, {"type": "software", "software-type": "software", "software-name": {"rawForm": "PGCube", "normalizedForm": "PGCube", "offsetStart": 12, "offsetEnd": 18}, "context": "Recall that PGCube's results may be erroneous (Section 4.2). ", "mentionContextAttributes": {"used": {"value": true, "score": 0.9094481468200684}, "created": {"value": false, "score": 5.900859832763672e-06}, "shared": {"value": false, "score": 5.364418029785156e-07}}, "documentContextAttributes": {"used": {"value": true, "score": 0.9999749064445496}, "created": {"value": false, "score": 0.013966500759124756}, "shared": {"value": false, "score": 7.748603820800781e-07}}}, {"type": "software", "software-type": "software", "software-name": {"rawForm": "ArrayCube", "normalizedForm": "ArrayCube", "offsetStart": 12, "offsetEnd": 21}, "context": "Analysis of ArrayCube errors on RDF.", "mentionContextAttributes": {"used": {"value": true, "score": 0.9998629093170166}, "created": {"value": false, "score": 3.7550926208496094e-06}, "shared": {"value": false, "score": 2.980232238769531e-07}}, "documentContextAttributes": {"used": {"value": true, "score": 0.9999832510948181}, "created": {"value": true, "score": 0.8865141868591309}, "shared": {"value": false, "score": 1.0132789611816406e-06}}, "references": [{"label": "[49]", "normalizedForm": "[49]", "refKey": 49}]}, {"type": "software", "software-type": "software", "software-name": {"rawForm": "Spade", "normalizedForm": "Spade", "offsetStart": 13, "offsetEnd": 18}, "version": {"rawForm": "1.8", "normalizedForm": "1.8"}, "context": "In contrast, Spade is a fully automated approach to discovering statistically interesting aggregates, with no user input required. ", "mentionContextAttributes": {"used": {"value": false, "score": 2.4020671844482422e-05}, "created": {"value": false, "score": 0.03937804698944092}, "shared": {"value": false, "score": 1.7881393432617188e-07}}, "documentContextAttributes": {"used": {"value": true, "score": 0.9999271035194397}, "created": {"value": true, "score": 0.9999162554740906}, "shared": {"value": false, "score": 1.3709068298339844e-06}}}, {"type": "software", "software-type": "software", "software-name": {"rawForm": "Spade", "normalizedForm": "Spade", "offsetStart": 13, "offsetEnd": 18}, "version": {"rawForm": "1.8", "normalizedForm": "1.8"}, "context": "We presented Spade, an extensible framework that enumerates a large and rich space of insights in the form of RDF aggregate queries and produces top-k results that maximize a given interestingness function.", "mentionContextAttributes": {"used": {"value": false, "score": 8.624792098999023e-05}, "created": {"value": true, "score": 0.9999162554740906}, "shared": {"value": false, "score": 2.980232238769531e-07}}, "documentContextAttributes": {"used": {"value": true, "score": 0.9999271035194397}, "created": {"value": true, "score": 0.9999162554740906}, "shared": {"value": false, "score": 1.3709068298339844e-06}}}, {"type": "software", "software-type": "software", "software-name": {"rawForm": "PGCube", "normalizedForm": "PGCube", "offsetStart": 13, "offsetEnd": 19}, "context": "In contrast, PGCube evaluates each lattice in a separate query, each of which joins the facts with the measures.", "mentionContextAttributes": {"used": {"value": false, "score": 0.002786695957183838}, "created": {"value": false, "score": 8.64267349243164e-06}, "shared": {"value": false, "score": 2.980232238769531e-07}}, "documentContextAttributes": {"used": {"value": true, "score": 0.9999749064445496}, "created": {"value": false, "score": 0.013966500759124756}, "shared": {"value": false, "score": 7.748603820800781e-07}}}, {"type": "software", "software-type": "software", "software-name": {"rawForm": "Spade", "normalizedForm": "Spade", "offsetStart": 15, "offsetEnd": 20}, "version": {"rawForm": "1.8", "normalizedForm": "1.8", "offsetStart": 29, "offsetEnd": 32}, "context": "We implemented Spade in Java 1.8 (18k lines of code); it relies on OntoSQL 1.0.12, ", "mentionContextAttributes": {"used": {"value": false, "score": 0.0008093714714050293}, "created": {"value": true, "score": 0.7523732781410217}, "shared": {"value": false, "score": 6.556510925292969e-07}}, "documentContextAttributes": {"used": {"value": true, "score": 0.9999271035194397}, "created": {"value": true, "score": 0.9999162554740906}, "shared": {"value": false, "score": 1.3709068298339844e-06}}}, {"type": "software", "software-type": "software", "software-name": {"rawForm": "Spade", "normalizedForm": "Spade", "offsetStart": 15, "offsetEnd": 20}, "version": {"rawForm": "1.8", "normalizedForm": "1.8"}, "context": "Figure 2 shows Spade's analytics pipeline; it comprises an offline phase, where an RDF graph is loaded and pre-processed, and an online phase, where user-specific analysis is performed.", "mentionContextAttributes": {"used": {"value": false, "score": 0.08938300609588623}, "created": {"value": false, "score": 4.941225051879883e-05}, "shared": {"value": false, "score": 2.980232238769531e-07}}, "documentContextAttributes": {"used": {"value": true, "score": 0.9999271035194397}, "created": {"value": true, "score": 0.9999162554740906}, "shared": {"value": false, "score": 1.3709068298339844e-06}}}, {"type": "software", "software-type": "software", "software-name": {"rawForm": "PGCube", "normalizedForm": "PGCube", "offsetStart": 16, "offsetEnd": 22}, "context": "We observe that PGCube * and PGCube d produce errors in, respectively, 14% and 12% of all computed aggregates (R4).", "mentionContextAttributes": {"used": {"value": true, "score": 0.9814297556877136}, "created": {"value": false, "score": 1.9669532775878906e-06}, "shared": {"value": false, "score": 2.980232238769531e-07}}, "documentContextAttributes": {"used": {"value": true, "score": 0.9999749064445496}, "created": {"value": false, "score": 0.013966500759124756}, "shared": {"value": false, "score": 7.748603820800781e-07}}}, {"type": "software", "software-type": "software", "software-name": {"rawForm": "PGCube", "normalizedForm": "PGCube", "offsetStart": 18, "offsetEnd": 24}, "context": "We denote this by PGCube.", "mentionContextAttributes": {"used": {"value": true, "score": 0.99676913022995}, "created": {"value": false, "score": 0.0030371546745300293}, "shared": {"value": false, "score": 7.748603820800781e-07}}, "documentContextAttributes": {"used": {"value": true, "score": 0.9999749064445496}, "created": {"value": false, "score": 0.013966500759124756}, "shared": {"value": false, "score": 7.748603820800781e-07}}}, {"type": "software", "software-type": "software", "software-name": {"rawForm": "ArrayCube", "normalizedForm": "ArrayCube", "offsetStart": 20, "offsetEnd": 29}, "context": "Results computed by ArrayCube may be incorrect in the presence of multi-valued dimensions.", "mentionContextAttributes": {"used": {"value": true, "score": 0.9992495775222778}, "created": {"value": false, "score": 8.404254913330078e-06}, "shared": {"value": false, "score": 1.7881393432617188e-07}}, "documentContextAttributes": {"used": {"value": true, "score": 0.9999832510948181}, "created": {"value": true, "score": 0.8865141868591309}, "shared": {"value": false, "score": 1.0132789611816406e-06}}, "references": [{"label": "[49]", "normalizedForm": "[49]", "refKey": 49}]}, {"type": "software", "software-type": "software", "software-name": {"rawForm": "ArrayCube", "normalizedForm": "ArrayCube", "offsetStart": 23, "offsetEnd": 32}, "context": "To evaluate all nodes, ArrayCube chooses, for each non-root node A, a parent node to compute A from, hence forming a spanning tree of the lattice.", "mentionContextAttributes": {"used": {"value": false, "score": 0.07287847995758057}, "created": {"value": false, "score": 1.0788440704345703e-05}, "shared": {"value": false, "score": 4.172325134277344e-07}}, "documentContextAttributes": {"used": {"value": true, "score": 0.9999832510948181}, "created": {"value": true, "score": 0.8865141868591309}, "shared": {"value": false, "score": 1.0132789611816406e-06}}, "references": [{"label": "[49]", "normalizedForm": "[49]", "refKey": 49}]}, {"type": "software", "software-type": "implicit", "software-name": {"rawForm": "code", "normalizedForm": "code", "offsetStart": 24, "offsetEnd": 28}, "context": "In both cases, our Java code is at a disadvantage against a C/C++ engine.", "mentionContextAttributes": {"used": {"value": false, "score": 0.0016309022903442383}, "created": {"value": false, "score": 0.0013713240623474121}, "shared": {"value": false, "score": 4.172325134277344e-07}}, "documentContextAttributes": {"used": {"value": false, "score": 0.0016309022903442383}, "created": {"value": true, "score": 0.7523732781410217}, "shared": {"value": false, "score": 6.556510925292969e-07}}}, {"type": "software", "software-type": "software", "software-name": {"rawForm": "Spade", "normalizedForm": "Spade", "offsetStart": 25, "offsetEnd": 30}, "version": {"rawForm": "1.8", "normalizedForm": "1.8"}, "context": "To address challenge C1, Spade identifies CFSs in three ways: (i) type-based: for each type T in the graph, the set of RDF nodes of typeT ; (ii) property-based: for a (user-specified) set of properties, all the RDF nodes having those outgoing properties; (iii) summary-based: each set of RDF nodes identified as equivalent by the RDFQuotient summary; RDF nodes in the same equivalence class tend to have many common properties, making them interesting candidates to be analyzed together.", "mentionContextAttributes": {"used": {"value": false, "score": 0.02874767780303955}, "created": {"value": false, "score": 1.055002212524414e-05}, "shared": {"value": false, "score": 8.940696716308594e-07}}, "documentContextAttributes": {"used": {"value": true, "score": 0.9999271035194397}, "created": {"value": true, "score": 0.9999162554740906}, "shared": {"value": false, "score": 1.3709068298339844e-06}}}, {"type": "software", "software-type": "software", "software-name": {"rawForm": "Spade", "normalizedForm": "Spade", "offsetStart": 28, "offsetEnd": 33}, "version": {"rawForm": "1.8", "normalizedForm": "1.8"}, "context": "In contrast to these works, Spade applies on a schemaless RDF graph, and hence must automatically derive those dimensions and measures that are good candidates to produce some insights.", "mentionContextAttributes": {"used": {"value": false, "score": 4.45246696472168e-05}, "created": {"value": false, "score": 0.0018401145935058594}, "shared": {"value": false, "score": 1.7881393432617188e-07}}, "documentContextAttributes": {"used": {"value": true, "score": 0.9999271035194397}, "created": {"value": true, "score": 0.9999162554740906}, "shared": {"value": false, "score": 1.3709068298339844e-06}}}, {"type": "software", "software-type": "software", "software-name": {"rawForm": "PGCube", "normalizedForm": "PGCube", "offsetStart": 29, "offsetEnd": 35}, "context": "As discussed in Section 4.2, PGCube may fail to compute correct results in the presence of multi-valued dimensions. ", "mentionContextAttributes": {"used": {"value": false, "score": 0.0007423162460327148}, "created": {"value": false, "score": 1.531839370727539e-05}, "shared": {"value": false, "score": 2.980232238769531e-07}}, "documentContextAttributes": {"used": {"value": true, "score": 0.9999749064445496}, "created": {"value": false, "score": 0.013966500759124756}, "shared": {"value": false, "score": 7.748603820800781e-07}}}, {"type": "software", "software-type": "software", "software-name": {"rawForm": "PGCube", "normalizedForm": "PGCube", "offsetStart": 29, "offsetEnd": 35}, "context": "We observe that PGCube * and PGCube d produce errors in, respectively, 14% and 12% of all computed aggregates (R4).", "mentionContextAttributes": {"used": {"value": true, "score": 0.9814297556877136}, "created": {"value": false, "score": 1.9669532775878906e-06}, "shared": {"value": false, "score": 2.980232238769531e-07}}, "documentContextAttributes": {"used": {"value": true, "score": 0.9999749064445496}, "created": {"value": false, "score": 0.013966500759124756}, "shared": {"value": false, "score": 7.748603820800781e-07}}}, {"type": "software", "software-type": "software", "software-name": {"rawForm": "ArrayCube", "normalizedForm": "ArrayCube", "offsetStart": 30, "offsetEnd": 39}, "context": "Efficient algorithms, such as ArrayCube [49], compute an aggregate in the lattice from the result of one of its parents, and compute all aggregates in the lattice in a single pass over the data.", "mentionContextAttributes": {"used": {"value": false, "score": 8.636713027954102e-05}, "created": {"value": false, "score": 2.0682811737060547e-05}, "shared": {"value": false, "score": 4.172325134277344e-07}}, "documentContextAttributes": {"used": {"value": true, "score": 0.9999832510948181}, "created": {"value": true, "score": 0.8865141868591309}, "shared": {"value": false, "score": 1.0132789611816406e-06}}, "references": [{"label": "[49]", "normalizedForm": "[49]", "refKey": 49, "offsetStart": 6572, "offsetEnd": 6576}]}, {"type": "software", "software-type": "software", "software-name": {"rawForm": "Spade", "normalizedForm": "Spade", "offsetStart": 31, "offsetEnd": 36}, "version": {"rawForm": "1.8", "normalizedForm": "1.8"}, "context": "Due to the automatic nature of Spade, in some datasets, there may be a small fraction of aggregates that, despite being statistically sound, are unlikely to be chosen by the user.", "mentionContextAttributes": {"used": {"value": false, "score": 0.00024962425231933594}, "created": {"value": false, "score": 4.5239925384521484e-05}, "shared": {"value": false, "score": 2.980232238769531e-07}}, "documentContextAttributes": {"used": {"value": true, "score": 0.9999271035194397}, "created": {"value": true, "score": 0.9999162554740906}, "shared": {"value": false, "score": 1.3709068298339844e-06}}}, {"type": "software", "software-type": "software", "software-name": {"rawForm": "Spade", "normalizedForm": "Spade", "offsetStart": 33, "offsetEnd": 38}, "version": {"rawForm": "1.8", "normalizedForm": "1.8"}, "context": "In the entire online pipeline of Spade, the most timeconsuming steps are Aggregate Evaluation, followed by Online Attribute Analysis (R8).", "mentionContextAttributes": {"used": {"value": false, "score": 0.342276394367218}, "created": {"value": false, "score": 3.11732292175293e-05}, "shared": {"value": false, "score": 1.7881393432617188e-07}}, "documentContextAttributes": {"used": {"value": true, "score": 0.9999271035194397}, "created": {"value": true, "score": 0.9999162554740906}, "shared": {"value": false, "score": 1.3709068298339844e-06}}}, {"type": "software", "software-type": "software", "software-name": {"rawForm": "PGCube", "normalizedForm": "PGCube", "offsetStart": 33, "offsetEnd": 39}, "context": "MVDCube consistently outperforms PGCube while scaling in the number of facts, measures, and dimensions; early-stop further improves the performance (R9).", "mentionContextAttributes": {"used": {"value": false, "score": 0.0006690621376037598}, "created": {"value": false, "score": 2.1159648895263672e-05}, "shared": {"value": false, "score": 2.980232238769531e-07}}, "documentContextAttributes": {"used": {"value": true, "score": 0.9999749064445496}, "created": {"value": false, "score": 0.013966500759124756}, "shared": {"value": false, "score": 7.748603820800781e-07}}}, {"type": "software", "software-type": "software", "software-name": {"rawForm": "PGCube", "normalizedForm": "PGCube", "offsetStart": 34, "offsetEnd": 40}, "context": "Specifically, MVDCube outperforms PGCube when there are many (more than 15) aggregates to evaluate (R3).", "mentionContextAttributes": {"used": {"value": false, "score": 0.0022780299186706543}, "created": {"value": false, "score": 4.351139068603516e-06}, "shared": {"value": false, "score": 2.980232238769531e-07}}, "documentContextAttributes": {"used": {"value": true, "score": 0.9999749064445496}, "created": {"value": false, "score": 0.013966500759124756}, "shared": {"value": false, "score": 7.748603820800781e-07}}}, {"type": "software", "software-type": "software", "software-name": {"rawForm": "PGCube", "normalizedForm": "PGCube", "offsetStart": 34, "offsetEnd": 40}, "context": "We denote by p A j the value that PGCube d computes for the same group.", "mentionContextAttributes": {"used": {"value": true, "score": 0.9999119639396667}, "created": {"value": false, "score": 2.3245811462402344e-06}, "shared": {"value": false, "score": 2.980232238769531e-07}}, "documentContextAttributes": {"used": {"value": true, "score": 0.9999749064445496}, "created": {"value": false, "score": 0.013966500759124756}, "shared": {"value": false, "score": 7.748603820800781e-07}}}, {"type": "software", "software-type": "software", "software-name": {"rawForm": "PGCube", "normalizedForm": "PGCube", "offsetStart": 36, "offsetEnd": 42}, "context": "Thus, we consider two variants: (i) PGCube computing counts using count( * ), denoted PGCube * , and (ii) PGCube computing counts using count(distinct), denoted PGCube d .", "mentionContextAttributes": {"used": {"value": false, "score": 0.003240227699279785}, "created": {"value": false, "score": 1.3172626495361328e-05}, "shared": {"value": false, "score": 4.172325134277344e-07}}, "documentContextAttributes": {"used": {"value": true, "score": 0.9999749064445496}, "created": {"value": false, "score": 0.013966500759124756}, "shared": {"value": false, "score": 7.748603820800781e-07}}}, {"type": "software", "software-type": "software", "software-name": {"rawForm": "ArrayCube", "normalizedForm": "ArrayCube", "offsetStart": 36, "offsetEnd": 50}, "context": "Among the existing algorithms [39], ArrayCube [49] computes the whole lattice in a single pass. ", "mentionContextAttributes": {"used": {"value": false, "score": 7.385015487670898e-05}, "created": {"value": false, "score": 8.493661880493164e-05}, "shared": {"value": false, "score": 1.7881393432617188e-07}}, "documentContextAttributes": {"used": {"value": true, "score": 0.9999832510948181}, "created": {"value": true, "score": 0.8865141868591309}, "shared": {"value": false, "score": 1.0132789611816406e-06}}, "references": [{"label": "[49]", "normalizedForm": "[49]", "refKey": 49}]}, {"type": "software", "software-type": "software", "software-name": {"rawForm": "PGCube", "normalizedForm": "PGCube", "offsetStart": 38, "offsetEnd": 44}, "context": "Experiment 2. We compare MVDCube with PGCube in run time and quality (correctness). ", "mentionContextAttributes": {"used": {"value": true, "score": 0.9999708533287048}, "created": {"value": false, "score": 3.7550926208496094e-06}, "shared": {"value": false, "score": 2.980232238769531e-07}}, "documentContextAttributes": {"used": {"value": true, "score": 0.9999749064445496}, "created": {"value": false, "score": 0.013966500759124756}, "shared": {"value": false, "score": 7.748603820800781e-07}}}, {"type": "software", "software-type": "software", "software-name": {"rawForm": "ArrayCube", "normalizedForm": "ArrayCube", "offsetStart": 44, "offsetEnd": 53}, "context": "Once a partition is evaluated, we apply the ArrayCube check (Section 4.1) in the nodes to learn if it is time to write results to disk (line 10).", "mentionContextAttributes": {"used": {"value": true, "score": 0.9990763664245605}, "created": {"value": false, "score": 5.543231964111328e-06}, "shared": {"value": false, "score": 1.7881393432617188e-07}}, "documentContextAttributes": {"used": {"value": true, "score": 0.9999832510948181}, "created": {"value": true, "score": 0.8865141868591309}, "shared": {"value": false, "score": 1.0132789611816406e-06}}, "references": [{"label": "[49]", "normalizedForm": "[49]", "refKey": 49}]}, {"type": "software", "software-type": "software", "software-name": {"rawForm": "code", "normalizedForm": "code", "offsetStart": 47, "offsetEnd": 51}, "context": "We implemented Spade in Java 1.8 (18k lines of code); it relies on OntoSQL 1.0.12, ", "mentionContextAttributes": {"used": {"value": false, "score": 0.0008093714714050293}, "created": {"value": true, "score": 0.7523732781410217}, "shared": {"value": false, "score": 6.556510925292969e-07}}, "documentContextAttributes": {"used": {"value": false, "score": 0.0016309022903442383}, "created": {"value": true, "score": 0.7523732781410217}, "shared": {"value": false, "score": 6.556510925292969e-07}}}, {"type": "software", "software-type": "software", "software-name": {"rawForm": "ArrayCube", "normalizedForm": "ArrayCube", "offsetStart": 48, "offsetEnd": 57}, "context": "Our memory analysis builds on the corresponding ArrayCube study [49].", "mentionContextAttributes": {"used": {"value": true, "score": 0.9959524273872375}, "created": {"value": false, "score": 8.32676887512207e-05}, "shared": {"value": false, "score": 1.7881393432617188e-07}}, "documentContextAttributes": {"used": {"value": true, "score": 0.9999832510948181}, "created": {"value": true, "score": 0.8865141868591309}, "shared": {"value": false, "score": 1.0132789611816406e-06}}, "references": [{"label": "[49]", "normalizedForm": "[49]", "refKey": 49, "offsetStart": 37810, "offsetEnd": 37814}]}, {"type": "software", "software-type": "software", "software-name": {"rawForm": "Spade", "normalizedForm": "Spade", "offsetStart": 50, "offsetEnd": 55}, "version": {"rawForm": "1.8", "normalizedForm": "1.8"}, "context": "In this section, we describe the system design of Spade, a new RDForiented end-to-end framework that automatically identifies, enumerates, and efficiently evaluates MDAs to determine the most interesting ones.", "mentionContextAttributes": {"used": {"value": false, "score": 2.950429916381836e-05}, "created": {"value": true, "score": 0.9999061226844788}, "shared": {"value": false, "score": 1.7881393432617188e-07}}, "documentContextAttributes": {"used": {"value": true, "score": 0.9999271035194397}, "created": {"value": true, "score": 0.9999162554740906}, "shared": {"value": false, "score": 1.3709068298339844e-06}}}, {"type": "software", "software-type": "software", "software-name": {"rawForm": "ArrayCube", "normalizedForm": "ArrayCube", "offsetStart": 52, "offsetEnd": 61}, "context": "Below, we formally characterize the situations when ArrayCube introduces errors on RDF data.", "mentionContextAttributes": {"used": {"value": false, "score": 0.016745388507843018}, "created": {"value": true, "score": 0.8865141868591309}, "shared": {"value": false, "score": 1.7881393432617188e-07}}, "documentContextAttributes": {"used": {"value": true, "score": 0.9999832510948181}, "created": {"value": true, "score": 0.8865141868591309}, "shared": {"value": false, "score": 1.0132789611816406e-06}}, "references": [{"label": "[49]", "normalizedForm": "[49]", "refKey": 49}]}, {"type": "software", "software-type": "software", "software-name": {"rawForm": "Spade", "normalizedForm": "Spade", "offsetStart": 53, "offsetEnd": 58}, "version": {"rawForm": "1.8", "normalizedForm": "1.8"}, "context": "\u2022 Experimental results validating (i) the ability of Spade to extract insights from a large space of candidate aggregates; (ii) the frequent, and potentially high errors that existing algorithms introduce on real-life, heterogeneous RDF graphs; (iii) the efficiency of our onepass algorithm, which is faster than PostgreSQL's GROUP BY CUBE implementation by 20% to 80%; (iv) the extra speedup of 10% to 43% achieved by our early-stop technique, and (v) the scalability of Spade as the size and complexity of the graphs increase (Section 6).", "mentionContextAttributes": {"used": {"value": false, "score": 0.07301461696624756}, "created": {"value": false, "score": 0.00018858909606933594}, "shared": {"value": false, "score": 1.3709068298339844e-06}}, "documentContextAttributes": {"used": {"value": true, "score": 0.9999271035194397}, "created": {"value": true, "score": 0.9999162554740906}, "shared": {"value": false, "score": 1.3709068298339844e-06}}}, {"type": "software", "software-type": "software", "software-name": {"rawForm": "Spade", "normalizedForm": "Spade", "offsetStart": 53, "offsetEnd": 58}, "version": {"rawForm": "1.8", "normalizedForm": "1.8"}, "context": "Figures 12a,12b,12c show the total execution time of Spade's online pipeline when we vary |CFS | \u2208 {1M, 2.5M, 5M, 7.5M, 10M}, M \u2208 {5, 10, 15, 20, 25, 30}, and N \u2208 {1, 2, 3, 4}, respectively; the Aggregate Evaluation step was executed through PGCube * , MVDCube, and MVDCube with early-stop as evaluation modules.", "mentionContextAttributes": {"used": {"value": true, "score": 0.9999271035194397}, "created": {"value": false, "score": 1.7285346984863281e-06}, "shared": {"value": false, "score": 5.364418029785156e-07}}, "documentContextAttributes": {"used": {"value": true, "score": 0.9999271035194397}, "created": {"value": true, "score": 0.9999162554740906}, "shared": {"value": false, "score": 1.3709068298339844e-06}}}, {"type": "software", "software-type": "software", "software-name": {"rawForm": "PGCube", "normalizedForm": "PGCube", "offsetStart": 55, "offsetEnd": 61}, "context": "Regarding the run time, Figure 9 shows MVDCube against PGCube * and PGCube d on our real datasets.", "mentionContextAttributes": {"used": {"value": true, "score": 0.9996845722198486}, "created": {"value": false, "score": 2.562999725341797e-06}, "shared": {"value": false, "score": 1.7881393432617188e-07}}, "documentContextAttributes": {"used": {"value": true, "score": 0.9999749064445496}, "created": {"value": false, "score": 0.013966500759124756}, "shared": {"value": false, "score": 7.748603820800781e-07}}}, {"type": "software", "software-type": "software", "software-name": {"rawForm": "Spade", "normalizedForm": "Spade", "offsetStart": 59, "offsetEnd": 64}, "version": {"rawForm": "1.8", "normalizedForm": "1.8"}, "context": "Given a CFS and a set of lattices (identified in Step 3 of Spade's pipeline), each with the dimensions D i and the measures M i , we construct one MMST per lattice as in [49].", "mentionContextAttributes": {"used": {"value": false, "score": 0.12252706289291382}, "created": {"value": false, "score": 9.715557098388672e-06}, "shared": {"value": false, "score": 1.7881393432617188e-07}}, "documentContextAttributes": {"used": {"value": true, "score": 0.9999271035194397}, "created": {"value": true, "score": 0.9999162554740906}, "shared": {"value": false, "score": 1.3709068298339844e-06}}}, {"type": "software", "software-type": "software", "software-name": {"rawForm": "PGCube", "normalizedForm": "PGCube", "offsetStart": 62, "offsetEnd": 68}, "context": "However, the support for counting of distinct values may help PGCube correct some wrong results. ", "mentionContextAttributes": {"used": {"value": false, "score": 0.001879274845123291}, "created": {"value": false, "score": 0.0005573034286499023}, "shared": {"value": false, "score": 2.980232238769531e-07}}, "documentContextAttributes": {"used": {"value": true, "score": 0.9999749064445496}, "created": {"value": false, "score": 0.013966500759124756}, "shared": {"value": false, "score": 7.748603820800781e-07}}}, {"type": "software", "software-type": "software", "software-name": {"rawForm": "PGCube", "normalizedForm": "PGCube", "offsetStart": 63, "offsetEnd": 69}, "context": "Further, Spade using MVDCube is consistently faster than using PGCube * by up to 2.9\u00d7; it also scales better as |CFS |, N and M grow, and MVDCube with early-stop is consistently the fastest (R9).", "mentionContextAttributes": {"used": {"value": false, "score": 0.0026691555976867676}, "created": {"value": false, "score": 9.834766387939453e-06}, "shared": {"value": false, "score": 2.980232238769531e-07}}, "documentContextAttributes": {"used": {"value": true, "score": 0.9999749064445496}, "created": {"value": false, "score": 0.013966500759124756}, "shared": {"value": false, "score": 7.748603820800781e-07}}}, {"type": "software", "software-type": "software", "software-name": {"rawForm": "Online Attribute Analysis", "normalizedForm": "Online Attribute Analysis", "offsetStart": 64, "offsetEnd": 89}, "context": "We obtain the global statistics for b for each attribute during Online Attribute Analysis step (Section 3).", "mentionContextAttributes": {"used": {"value": true, "score": 0.9997642040252686}, "created": {"value": false, "score": 3.36766242980957e-05}, "shared": {"value": false, "score": 1.7881393432617188e-07}}, "documentContextAttributes": {"used": {"value": true, "score": 0.9997642040252686}, "created": {"value": false, "score": 4.929304122924805e-05}, "shared": {"value": false, "score": 7.748603820800781e-07}}}, {"type": "software", "software-type": "software", "software-name": {"rawForm": "Spade", "normalizedForm": "Spade", "offsetStart": 65, "offsetEnd": 70}, "version": {"rawForm": "1.8", "normalizedForm": "1.8"}, "context": "To efficiently explore the large space of candidates aggregates, Spade introduces: (i) MVDCube, an efficient algorithm for evaluating many aggregates in a single pass over the data, 20% to 80% faster than the best comparable method implemented in PostgreSQL, and (ii) a novel probabilistic technique that prunes uninteresting aggregates early.", "mentionContextAttributes": {"used": {"value": false, "score": 9.244680404663086e-05}, "created": {"value": true, "score": 0.9796450734138489}, "shared": {"value": false, "score": 6.556510925292969e-07}}, "documentContextAttributes": {"used": {"value": true, "score": 0.9999271035194397}, "created": {"value": true, "score": 0.9999162554740906}, "shared": {"value": false, "score": 1.3709068298339844e-06}}}, {"type": "software", "software-type": "software", "software-name": {"rawForm": "PGCube", "normalizedForm": "PGCube", "offsetStart": 65, "offsetEnd": 71}, "context": "We observe that MVD-Cube achieves a time gain of 20% to 80% over PGCube * and of 30% to 83% over PGCube d on most datasets (R2).", "mentionContextAttributes": {"used": {"value": false, "score": 0.03382742404937744}, "created": {"value": false, "score": 5.662441253662109e-06}, "shared": {"value": false, "score": 4.172325134277344e-07}}, "documentContextAttributes": {"used": {"value": true, "score": 0.9999749064445496}, "created": {"value": false, "score": 0.013966500759124756}, "shared": {"value": false, "score": 7.748603820800781e-07}}}, {"type": "software", "software-type": "software", "software-name": {"rawForm": "ArrayCube", "normalizedForm": "ArrayCube", "offsetStart": 66, "offsetEnd": 75}, "context": "To evaluate all MDAs in the lattice determined by the dimensions, ArrayCube would use the MMST in Figure 3(b) and compute the aggregate A 1 by means of q, using its result to compute the rest of the lattice.", "mentionContextAttributes": {"used": {"value": true, "score": 0.9999832510948181}, "created": {"value": false, "score": 4.589557647705078e-06}, "shared": {"value": false, "score": 2.980232238769531e-07}}, "documentContextAttributes": {"used": {"value": true, "score": 0.9999832510948181}, "created": {"value": true, "score": 0.8865141868591309}, "shared": {"value": false, "score": 1.0132789611816406e-06}}, "references": [{"label": "[49]", "normalizedForm": "[49]", "refKey": 49}]}, {"type": "software", "software-type": "software", "software-name": {"rawForm": "Spade", "normalizedForm": "Spade", "offsetStart": 67, "offsetEnd": 72}, "version": {"rawForm": "1.8", "normalizedForm": "1.8"}, "context": "We now study the impact of |CFS |, N , and M on the performance of Spade.", "mentionContextAttributes": {"used": {"value": true, "score": 0.7856964468955994}, "created": {"value": false, "score": 0.13877058029174805}, "shared": {"value": false, "score": 2.980232238769531e-07}}, "documentContextAttributes": {"used": {"value": true, "score": 0.9999271035194397}, "created": {"value": true, "score": 0.9999162554740906}, "shared": {"value": false, "score": 1.3709068298339844e-06}}}, {"type": "software", "software-type": "software", "software-name": {"rawForm": "OntoSQL", "normalizedForm": "OntoSQL", "offsetStart": 67, "offsetEnd": 74}, "version": {"rawForm": "1.0.12", "normalizedForm": "1.0.12", "offsetStart": 75, "offsetEnd": 81}, "context": "We implemented Spade in Java 1.8 (18k lines of code); it relies on OntoSQL 1.0.12, ", "mentionContextAttributes": {"used": {"value": false, "score": 0.0008093714714050293}, "created": {"value": true, "score": 0.7523732781410217}, "shared": {"value": false, "score": 6.556510925292969e-07}}, "documentContextAttributes": {"used": {"value": false, "score": 0.0008093714714050293}, "created": {"value": true, "score": 0.7523732781410217}, "shared": {"value": false, "score": 6.556510925292969e-07}}}, {"type": "software", "software-type": "software", "software-name": {"rawForm": "PGCube", "normalizedForm": "PGCube", "offsetStart": 68, "offsetEnd": 74}, "context": "Regarding the run time, Figure 9 shows MVDCube against PGCube * and PGCube d on our real datasets.", "mentionContextAttributes": {"used": {"value": true, "score": 0.9996845722198486}, "created": {"value": false, "score": 2.562999725341797e-06}, "shared": {"value": false, "score": 1.7881393432617188e-07}}, "documentContextAttributes": {"used": {"value": true, "score": 0.9999749064445496}, "created": {"value": false, "score": 0.013966500759124756}, "shared": {"value": false, "score": 7.748603820800781e-07}}}, {"type": "software", "software-type": "software", "software-name": {"rawForm": "PGCube", "normalizedForm": "PGCube", "offsetStart": 71, "offsetEnd": 77}, "context": "We finally analyze the scalability of our approach and compare it with PGCube, when varying different data characteristics.", "mentionContextAttributes": {"used": {"value": true, "score": 0.7619747519493103}, "created": {"value": false, "score": 3.451108932495117e-05}, "shared": {"value": false, "score": 2.980232238769531e-07}}, "documentContextAttributes": {"used": {"value": true, "score": 0.9999749064445496}, "created": {"value": false, "score": 0.013966500759124756}, "shared": {"value": false, "score": 7.748603820800781e-07}}}, {"type": "software", "software-type": "software", "software-name": {"rawForm": "Spade", "normalizedForm": "Spade", "offsetStart": 74, "offsetEnd": 79}, "version": {"rawForm": "1.8", "normalizedForm": "1.8"}, "context": "Experiment 5. We analyze the performance of the entire online pipeline of Spade on benchmark datasets. ", "mentionContextAttributes": {"used": {"value": true, "score": 0.9992178082466125}, "created": {"value": false, "score": 4.07099723815918e-05}, "shared": {"value": false, "score": 2.980232238769531e-07}}, "documentContextAttributes": {"used": {"value": true, "score": 0.9999271035194397}, "created": {"value": true, "score": 0.9999162554740906}, "shared": {"value": false, "score": 1.3709068298339844e-06}}}, {"type": "software", "software-type": "software", "software-name": {"rawForm": "Spade", "normalizedForm": "Spade", "offsetStart": 74, "offsetEnd": 79}, "version": {"rawForm": "1.8", "normalizedForm": "1.8"}, "context": "We begin by showing, in Figure 6, example interesting aggregates found by Spade when using variance as an interestingness score:", "mentionContextAttributes": {"used": {"value": true, "score": 0.9996391534805298}, "created": {"value": false, "score": 3.6776065826416016e-05}, "shared": {"value": false, "score": 2.980232238769531e-07}}, "documentContextAttributes": {"used": {"value": true, "score": 0.9999271035194397}, "created": {"value": true, "score": 0.9999162554740906}, "shared": {"value": false, "score": 1.3709068298339844e-06}}}, {"type": "software", "software-type": "software", "software-name": {"rawForm": "PGCube", "normalizedForm": "PGCube", "offsetStart": 74, "offsetEnd": 80}, "context": "We chose PGCube * as on these graphs it is correct, and it is faster than PGCube d .", "mentionContextAttributes": {"used": {"value": true, "score": 0.9993438124656677}, "created": {"value": false, "score": 6.002187728881836e-05}, "shared": {"value": false, "score": 2.980232238769531e-07}}, "documentContextAttributes": {"used": {"value": true, "score": 0.9999749064445496}, "created": {"value": false, "score": 0.013966500759124756}, "shared": {"value": false, "score": 7.748603820800781e-07}}}, {"type": "software", "software-type": "software", "wikidataId": "Q192490", "wikipediaExternalRef": 23824, "lang": "en", "confidence": 0.9154, "software-name": {"rawForm": "PostgreSQL", "normalizedForm": "PostgreSQL", "wikidataId": "Q192490", "wikipediaExternalRef": 23824, "lang": "en", "confidence": 0.9154, "offsetStart": 75, "offsetEnd": 85}, "context": "Other one-pass algorithms for lattice-based aggregate computation, such as PostgreSQL's GROUP BY CUBE implementation [27] (PGCube), do support the counting of distinct values and can thus be used to obtain the correct result for Example 3. ", "mentionContextAttributes": {"used": {"value": false, "score": 0.00028443336486816406}, "created": {"value": false, "score": 0.00013637542724609375}, "shared": {"value": false, "score": 4.172325134277344e-07}}, "documentContextAttributes": {"used": {"value": false, "score": 0.3688928484916687}, "created": {"value": true, "score": 0.9796450734138489}, "shared": {"value": false, "score": 1.3709068298339844e-06}}}, {"type": "software", "software-type": "software", "software-name": {"rawForm": "Aggregate Result Manager (ARM)", "normalizedForm": "Aggregate Result Manager (ARM)", "offsetStart": 76, "offsetEnd": 106}, "context": "The final results are produced in an incremental fashion and handled by the Aggregate Result Manager (ARM). ", "mentionContextAttributes": {"used": {"value": true, "score": 0.9608259797096252}, "created": {"value": false, "score": 6.35981559753418e-05}, "shared": {"value": false, "score": 2.980232238769531e-07}}, "documentContextAttributes": {"used": {"value": true, "score": 0.9608259797096252}, "created": {"value": false, "score": 6.35981559753418e-05}, "shared": {"value": false, "score": 2.980232238769531e-07}}}, {"type": "software", "software-type": "software", "software-name": {"rawForm": "ArrayCube", "normalizedForm": "ArrayCube", "offsetStart": 83, "offsetEnd": 92}, "context": "Conversely, in a relational DW, once a fact table is joined with dimension tables, ArrayCube assumes that each fact has exactly one value for a dimension (for instance, due to a functional dependency). ", "mentionContextAttributes": {"used": {"value": false, "score": 0.0002410411834716797}, "created": {"value": false, "score": 1.4722347259521484e-05}, "shared": {"value": false, "score": 4.172325134277344e-07}}, "documentContextAttributes": {"used": {"value": true, "score": 0.9999832510948181}, "created": {"value": true, "score": 0.8865141868591309}, "shared": {"value": false, "score": 1.0132789611816406e-06}}, "references": [{"label": "[49]", "normalizedForm": "[49]", "refKey": 49}]}, {"type": "software", "software-type": "software", "wikidataId": "Q192490", "wikipediaExternalRef": 23824, "lang": "en", "confidence": 0.9154, "software-name": {"rawForm": "PostgreSQL", "normalizedForm": "PostgreSQL", "wikidataId": "Q192490", "wikipediaExternalRef": 23824, "lang": "en", "confidence": 0.9154, "offsetStart": 84, "offsetEnd": 94}, "context": "an efficient RDF storage and query answering platform on top of an RDBMS [5][6][7] (PostgreSQL in our case). ", "mentionContextAttributes": {"used": {"value": false, "score": 0.0001704692840576172}, "created": {"value": false, "score": 2.2113323211669922e-05}, "shared": {"value": false, "score": 1.7881393432617188e-07}}, "documentContextAttributes": {"used": {"value": false, "score": 0.3688928484916687}, "created": {"value": true, "score": 0.9796450734138489}, "shared": {"value": false, "score": 1.3709068298339844e-06}}}, {"type": "software", "software-type": "software", "software-name": {"rawForm": "Spade", "normalizedForm": "Spade", "offsetStart": 85, "offsetEnd": 90}, "version": {"rawForm": "1.8", "normalizedForm": "1.8"}, "context": "From these results, we conclude that for a fixed CFS, Aggregate Evaluation dominates Spade's execution, increasing with the number of distinct groups and the number of measures; Online Attribute Analysis has the second-highest cost, growing with the number of attributes (R8).", "mentionContextAttributes": {"used": {"value": true, "score": 0.6617441773414612}, "created": {"value": false, "score": 1.043081283569336e-05}, "shared": {"value": false, "score": 2.980232238769531e-07}}, "documentContextAttributes": {"used": {"value": true, "score": 0.9999271035194397}, "created": {"value": true, "score": 0.9999162554740906}, "shared": {"value": false, "score": 1.3709068298339844e-06}}}, {"type": "software", "software-type": "software", "software-name": {"rawForm": "PGCube", "normalizedForm": "PGCube", "offsetStart": 86, "offsetEnd": 92}, "context": "Thus, we consider two variants: (i) PGCube computing counts using count( * ), denoted PGCube * , and (ii) PGCube computing counts using count(distinct), denoted PGCube d .", "mentionContextAttributes": {"used": {"value": false, "score": 0.003240227699279785}, "created": {"value": false, "score": 1.3172626495361328e-05}, "shared": {"value": false, "score": 4.172325134277344e-07}}, "documentContextAttributes": {"used": {"value": true, "score": 0.9999749064445496}, "created": {"value": false, "score": 0.013966500759124756}, "shared": {"value": false, "score": 7.748603820800781e-07}}}, {"type": "software", "software-type": "software", "software-name": {"rawForm": "PGCube", "normalizedForm": "PGCube", "offsetStart": 88, "offsetEnd": 94}, "context": "We note that errors can easily exceed one order of magnitude (R5): in 3 out of 4 cases, PGCube d produces at least 1 tuple whose value is more than 30 times the true value.", "mentionContextAttributes": {"used": {"value": false, "score": 0.0027849674224853516}, "created": {"value": false, "score": 3.784894943237305e-05}, "shared": {"value": false, "score": 2.980232238769531e-07}}, "documentContextAttributes": {"used": {"value": true, "score": 0.9999749064445496}, "created": {"value": false, "score": 0.013966500759124756}, "shared": {"value": false, "score": 7.748603820800781e-07}}}, {"type": "software", "software-type": "software", "software-name": {"rawForm": "GROUP BY CUBE", "normalizedForm": "GROUP BY CUBE", "offsetStart": 88, "offsetEnd": 101}, "context": "Other one-pass algorithms for lattice-based aggregate computation, such as PostgreSQL's GROUP BY CUBE implementation [27] (PGCube), do support the counting of distinct values and can thus be used to obtain the correct result for Example 3. ", "mentionContextAttributes": {"used": {"value": false, "score": 0.00028443336486816406}, "created": {"value": false, "score": 0.00013637542724609375}, "shared": {"value": false, "score": 4.172325134277344e-07}}, "documentContextAttributes": {"used": {"value": false, "score": 0.3688928484916687}, "created": {"value": false, "score": 0.00018858909606933594}, "shared": {"value": false, "score": 1.3709068298339844e-06}}}, {"type": "software", "software-type": "software", "software-name": {"rawForm": "Spade", "normalizedForm": "Spade", "offsetStart": 89, "offsetEnd": 94}, "version": {"rawForm": "1.8", "normalizedForm": "1.8"}, "context": "These aggregates don't exhibit any significant outliers and were therefore ranked low by Spade.", "mentionContextAttributes": {"used": {"value": true, "score": 0.999833345413208}, "created": {"value": false, "score": 3.439188003540039e-05}, "shared": {"value": false, "score": 2.980232238769531e-07}}, "documentContextAttributes": {"used": {"value": true, "score": 0.9999271035194397}, "created": {"value": true, "score": 0.9999162554740906}, "shared": {"value": false, "score": 1.3709068298339844e-06}}}, {"type": "software", "software-type": "software", "software-name": {"rawForm": "PGCube", "normalizedForm": "PGCube", "offsetStart": 89, "offsetEnd": 95}, "context": "Experiment 3. We now quantify the error in those aggregates that are computed wrongly by PGCube d .", "mentionContextAttributes": {"used": {"value": true, "score": 0.9998230934143066}, "created": {"value": false, "score": 0.013966500759124756}, "shared": {"value": false, "score": 2.980232238769531e-07}}, "documentContextAttributes": {"used": {"value": true, "score": 0.9999749064445496}, "created": {"value": false, "score": 0.013966500759124756}, "shared": {"value": false, "score": 7.748603820800781e-07}}}, {"type": "software", "software-type": "software", "software-name": {"rawForm": "PGCube", "normalizedForm": "PGCube", "offsetStart": 97, "offsetEnd": 103}, "context": "We observe that MVD-Cube achieves a time gain of 20% to 80% over PGCube * and of 30% to 83% over PGCube d on most datasets (R2).", "mentionContextAttributes": {"used": {"value": false, "score": 0.03382742404937744}, "created": {"value": false, "score": 5.662441253662109e-06}, "shared": {"value": false, "score": 4.172325134277344e-07}}, "documentContextAttributes": {"used": {"value": true, "score": 0.9999749064445496}, "created": {"value": false, "score": 0.013966500759124756}, "shared": {"value": false, "score": 7.748603820800781e-07}}}, {"type": "software", "software-type": "software", "software-name": {"rawForm": "PGCube", "normalizedForm": "PGCube", "offsetStart": 106, "offsetEnd": 112}, "context": "Thus, we consider two variants: (i) PGCube computing counts using count( * ), denoted PGCube * , and (ii) PGCube computing counts using count(distinct), denoted PGCube d .", "mentionContextAttributes": {"used": {"value": false, "score": 0.003240227699279785}, "created": {"value": false, "score": 1.3172626495361328e-05}, "shared": {"value": false, "score": 4.172325134277344e-07}}, "documentContextAttributes": {"used": {"value": true, "score": 0.9999749064445496}, "created": {"value": false, "score": 0.013966500759124756}, "shared": {"value": false, "score": 7.748603820800781e-07}}}, {"type": "software", "software-type": "software", "wikidataId": "Q192490", "wikipediaExternalRef": 23824, "lang": "en", "confidence": 0.9154, "software-name": {"rawForm": "PostgreSQL", "normalizedForm": "PostgreSQL", "wikidataId": "Q192490", "wikipediaExternalRef": 23824, "lang": "en", "confidence": 0.9154, "offsetStart": 107, "offsetEnd": 117}, "context": "We compare the performance of our aggregate evaluation method against the best-effort baseline, which uses PostgreSQL's GROUP BY CUBE implementation, since 2016 based on an efficient one-pass computation of all aggregates in a lattice [26], that supports additional features such as count(distinct), which were not available in ArrayCube [49]. ", "mentionContextAttributes": {"used": {"value": false, "score": 0.3688928484916687}, "created": {"value": false, "score": 5.906820297241211e-05}, "shared": {"value": false, "score": 5.364418029785156e-07}}, "documentContextAttributes": {"used": {"value": false, "score": 0.3688928484916687}, "created": {"value": true, "score": 0.9796450734138489}, "shared": {"value": false, "score": 1.3709068298339844e-06}}}, {"type": "software", "software-type": "software", "software-name": {"rawForm": "Online Attribute Analysis", "normalizedForm": "Online Attribute Analysis", "offsetStart": 107, "offsetEnd": 132}, "context": "In the entire online pipeline of Spade, the most timeconsuming steps are Aggregate Evaluation, followed by Online Attribute Analysis (R8).", "mentionContextAttributes": {"used": {"value": false, "score": 0.342276394367218}, "created": {"value": false, "score": 3.11732292175293e-05}, "shared": {"value": false, "score": 1.7881393432617188e-07}}, "documentContextAttributes": {"used": {"value": true, "score": 0.9997642040252686}, "created": {"value": false, "score": 4.929304122924805e-05}, "shared": {"value": false, "score": 7.748603820800781e-07}}}, {"type": "software", "software-type": "software", "software-name": {"rawForm": "Spade", "normalizedForm": "Spade", "offsetStart": 112, "offsetEnd": 117}, "version": {"rawForm": "1.8", "normalizedForm": "1.8"}, "context": "Works in this area assume a fixed relational schema; more recently, they consider graphs as in [4], but, unlike Spade, they require them to have a very regular structure. ", "mentionContextAttributes": {"used": {"value": false, "score": 7.039308547973633e-05}, "created": {"value": false, "score": 0.00012230873107910156}, "shared": {"value": false, "score": 6.556510925292969e-07}}, "documentContextAttributes": {"used": {"value": true, "score": 0.9999271035194397}, "created": {"value": true, "score": 0.9999162554740906}, "shared": {"value": false, "score": 1.3709068298339844e-06}}}, {"type": "software", "software-type": "software", "software-name": {"rawForm": "PGCube", "normalizedForm": "PGCube", "offsetStart": 119, "offsetEnd": 125}, "context": "Regarding the errors, Table 3 shows, for each graph, the number of aggregates with incorrect results (#wrong aggs) for PGCube * and PGCube d .", "mentionContextAttributes": {"used": {"value": true, "score": 0.9994822144508362}, "created": {"value": false, "score": 3.3974647521972656e-06}, "shared": {"value": false, "score": 4.172325134277344e-07}}, "documentContextAttributes": {"used": {"value": true, "score": 0.9999749064445496}, "created": {"value": false, "score": 0.013966500759124756}, "shared": {"value": false, "score": 7.748603820800781e-07}}}, {"type": "software", "software-type": "software", "software-name": {"rawForm": "GROUP BY CUBE", "normalizedForm": "GROUP BY CUBE", "offsetStart": 120, "offsetEnd": 133}, "context": "We compare the performance of our aggregate evaluation method against the best-effort baseline, which uses PostgreSQL's GROUP BY CUBE implementation, since 2016 based on an efficient one-pass computation of all aggregates in a lattice [26], that supports additional features such as count(distinct), which were not available in ArrayCube [49]. ", "mentionContextAttributes": {"used": {"value": false, "score": 0.3688928484916687}, "created": {"value": false, "score": 5.906820297241211e-05}, "shared": {"value": false, "score": 5.364418029785156e-07}}, "documentContextAttributes": {"used": {"value": false, "score": 0.3688928484916687}, "created": {"value": false, "score": 0.00018858909606933594}, "shared": {"value": false, "score": 1.3709068298339844e-06}}}, {"type": "software", "software-type": "software", "software-name": {"rawForm": "PGCube", "normalizedForm": "PGCube", "offsetStart": 122, "offsetEnd": 128}, "context": "Similarly, Airline leads to almost 6k MDAs, the dataset is rather large (6M facts), and the repeated joins are expensive: PGCube * takes 5 times MVDCube's time.", "mentionContextAttributes": {"used": {"value": false, "score": 0.0006200671195983887}, "created": {"value": false, "score": 3.7550926208496094e-06}, "shared": {"value": false, "score": 1.7881393432617188e-07}}, "documentContextAttributes": {"used": {"value": true, "score": 0.9999749064445496}, "created": {"value": false, "score": 0.013966500759124756}, "shared": {"value": false, "score": 7.748603820800781e-07}}}, {"type": "software", "software-type": "software", "software-name": {"rawForm": "PGCube", "normalizedForm": "PGCube", "offsetStart": 123, "offsetEnd": 129}, "context": "Other one-pass algorithms for lattice-based aggregate computation, such as PostgreSQL's GROUP BY CUBE implementation [27] (PGCube), do support the counting of distinct values and can thus be used to obtain the correct result for Example 3. ", "mentionContextAttributes": {"used": {"value": false, "score": 0.00028443336486816406}, "created": {"value": false, "score": 0.00013637542724609375}, "shared": {"value": false, "score": 4.172325134277344e-07}}, "documentContextAttributes": {"used": {"value": true, "score": 0.9999749064445496}, "created": {"value": false, "score": 0.013966500759124756}, "shared": {"value": false, "score": 7.748603820800781e-07}}}, {"type": "software", "software-type": "software", "software-name": {"rawForm": "PGCube", "normalizedForm": "PGCube", "offsetStart": 123, "offsetEnd": 129}, "context": "When this happens, we record the maximum error, to measure the \"worstcase risk\" incurred by evaluating the lattice through PGCube.", "mentionContextAttributes": {"used": {"value": true, "score": 0.8970472812652588}, "created": {"value": false, "score": 9.000301361083984e-06}, "shared": {"value": false, "score": 1.7881393432617188e-07}}, "documentContextAttributes": {"used": {"value": true, "score": 0.9999749064445496}, "created": {"value": false, "score": 0.013966500759124756}, "shared": {"value": false, "score": 7.748603820800781e-07}}}, {"type": "software", "software-type": "software", "software-name": {"rawForm": "PGCube", "normalizedForm": "PGCube", "offsetStart": 132, "offsetEnd": 138}, "context": "Regarding the errors, Table 3 shows, for each graph, the number of aggregates with incorrect results (#wrong aggs) for PGCube * and PGCube d .", "mentionContextAttributes": {"used": {"value": true, "score": 0.9994822144508362}, "created": {"value": false, "score": 3.3974647521972656e-06}, "shared": {"value": false, "score": 4.172325134277344e-07}}, "documentContextAttributes": {"used": {"value": true, "score": 0.9999749064445496}, "created": {"value": false, "score": 0.013966500759124756}, "shared": {"value": false, "score": 7.748603820800781e-07}}}, {"type": "software", "software-type": "software", "software-name": {"rawForm": "Spade", "normalizedForm": "Spade", "offsetStart": 135, "offsetEnd": 140}, "version": {"rawForm": "1.8", "normalizedForm": "1.8"}, "context": "(ii) Online Attribute Analysis's time is noticeable, between 15% and 37% of the total time, and increases with the number of measures: Spade must analyze them before deciding that they are not suitable dimensions.", "mentionContextAttributes": {"used": {"value": false, "score": 0.11520373821258545}, "created": {"value": false, "score": 3.2782554626464844e-06}, "shared": {"value": false, "score": 1.7881393432617188e-07}}, "documentContextAttributes": {"used": {"value": true, "score": 0.9999271035194397}, "created": {"value": true, "score": 0.9999162554740906}, "shared": {"value": false, "score": 1.3709068298339844e-06}}}, {"type": "software", "software-type": "software", "wikidataId": "Q192490", "wikipediaExternalRef": 23824, "lang": "en", "confidence": 0.9154, "software-name": {"rawForm": "PostgreSQL", "normalizedForm": "PostgreSQL", "wikidataId": "Q192490", "wikipediaExternalRef": 23824, "lang": "en", "confidence": 0.9154, "offsetStart": 141, "offsetEnd": 151}, "context": "On real-world graphs, our algorithm, MVDCube, not only produces correct results but is also faster (by 20% to 80%) than the best comparable (PostgreSQL) baseline (R2), (R3). ", "mentionContextAttributes": {"used": {"value": false, "score": 0.000209808349609375}, "created": {"value": true, "score": 0.6929039359092712}, "shared": {"value": false, "score": 1.7881393432617188e-07}}, "documentContextAttributes": {"used": {"value": false, "score": 0.3688928484916687}, "created": {"value": true, "score": 0.9796450734138489}, "shared": {"value": false, "score": 1.3709068298339844e-06}}}, {"type": "software", "software-type": "software", "software-name": {"rawForm": "ArrayCube", "normalizedForm": "ArrayCube", "offsetStart": 156, "offsetEnd": 165}, "context": "Interestingly, if we alter the query q to count distinct CEOs in each group (in lieu of count( * )), no errors occur in the result of Example 3. By design, ArrayCube cannot compute aggregates including distinct: instead, it computes all aggregates from the result of the lattice root, where information about individual facts is no longer present.", "mentionContextAttributes": {"used": {"value": false, "score": 0.0019362568855285645}, "created": {"value": false, "score": 4.357099533081055e-05}, "shared": {"value": false, "score": 1.0132789611816406e-06}}, "documentContextAttributes": {"used": {"value": true, "score": 0.9999832510948181}, "created": {"value": true, "score": 0.8865141868591309}, "shared": {"value": false, "score": 1.0132789611816406e-06}}, "references": [{"label": "[49]", "normalizedForm": "[49]", "refKey": 49}]}, {"type": "software", "software-type": "software", "software-name": {"rawForm": "PGCube", "normalizedForm": "PGCube", "offsetStart": 161, "offsetEnd": 167}, "context": "Thus, we consider two variants: (i) PGCube computing counts using count( * ), denoted PGCube * , and (ii) PGCube computing counts using count(distinct), denoted PGCube d .", "mentionContextAttributes": {"used": {"value": false, "score": 0.003240227699279785}, "created": {"value": false, "score": 1.3172626495361328e-05}, "shared": {"value": false, "score": 4.172325134277344e-07}}, "documentContextAttributes": {"used": {"value": true, "score": 0.9999749064445496}, "created": {"value": false, "score": 0.013966500759124756}, "shared": {"value": false, "score": 7.748603820800781e-07}}}, {"type": "software", "software-type": "software", "software-name": {"rawForm": "Spade", "normalizedForm": "Spade", "offsetStart": 172, "offsetEnd": 177}, "version": {"rawForm": "1.8", "normalizedForm": "1.8"}, "context": "In Figure 11, each bar represents one configuration (\"u\" or \"d\" for value distribution | sparsity coefficient | number of measures) and reports the total execution time of Spade using MVDCube without early-stop.", "mentionContextAttributes": {"used": {"value": true, "score": 0.6009820699691772}, "created": {"value": false, "score": 9.47713851928711e-06}, "shared": {"value": false, "score": 1.7881393432617188e-07}}, "documentContextAttributes": {"used": {"value": true, "score": 0.9999271035194397}, "created": {"value": true, "score": 0.9999162554740906}, "shared": {"value": false, "score": 1.3709068298339844e-06}}}, {"type": "software", "software-type": "software", "software-name": {"rawForm": "Online Attribute Analysis", "normalizedForm": "Online Attribute Analysis", "offsetStart": 178, "offsetEnd": 203}, "context": "From these results, we conclude that for a fixed CFS, Aggregate Evaluation dominates Spade's execution, increasing with the number of distinct groups and the number of measures; Online Attribute Analysis has the second-highest cost, growing with the number of attributes (R8). ", "mentionContextAttributes": {"used": {"value": true, "score": 0.6617441773414612}, "created": {"value": false, "score": 1.043081283569336e-05}, "shared": {"value": false, "score": 2.980232238769531e-07}}, "documentContextAttributes": {"used": {"value": true, "score": 0.9997642040252686}, "created": {"value": false, "score": 4.929304122924805e-05}, "shared": {"value": false, "score": 7.748603820800781e-07}}}, {"type": "software", "software-type": "software", "software-name": {"rawForm": "PGCube", "normalizedForm": "PGCube", "offsetStart": 235, "offsetEnd": 241}, "context": "Except for the Foodista dataset, which has a small number of aggregates and both methods run under a second, MVDCube shows significant gains on CEOs, NASA and Nobel Prizes graphs, where many MDAs are evaluated, MVD-Cube gains 40% over PGCube.", "mentionContextAttributes": {"used": {"value": false, "score": 0.07230401039123535}, "created": {"value": false, "score": 3.737211227416992e-05}, "shared": {"value": false, "score": 2.980232238769531e-07}}, "documentContextAttributes": {"used": {"value": true, "score": 0.9999749064445496}, "created": {"value": false, "score": 0.013966500759124756}, "shared": {"value": false, "score": 7.748603820800781e-07}}}, {"type": "software", "software-type": "software", "software-name": {"rawForm": "PGCube", "normalizedForm": "PGCube", "offsetStart": 242, "offsetEnd": 248}, "context": "Figures 12a,12b,12c show the total execution time of Spade's online pipeline when we vary |CFS | \u2208 {1M, 2.5M, 5M, 7.5M, 10M}, M \u2208 {5, 10, 15, 20, 25, 30}, and N \u2208 {1, 2, 3, 4}, respectively; the Aggregate Evaluation step was executed through PGCube * , MVDCube, and MVDCube with early-stop as evaluation modules.", "mentionContextAttributes": {"used": {"value": true, "score": 0.9999271035194397}, "created": {"value": false, "score": 1.7285346984863281e-06}, "shared": {"value": false, "score": 5.364418029785156e-07}}, "documentContextAttributes": {"used": {"value": true, "score": 0.9999749064445496}, "created": {"value": false, "score": 0.013966500759124756}, "shared": {"value": false, "score": 7.748603820800781e-07}}}, {"type": "software", "software-type": "software", "wikidataId": "Q192490", "wikipediaExternalRef": 23824, "lang": "en", "confidence": 0.9154, "software-name": {"rawForm": "PostgreSQL", "normalizedForm": "PostgreSQL", "wikidataId": "Q192490", "wikipediaExternalRef": 23824, "lang": "en", "confidence": 0.9154, "offsetStart": 247, "offsetEnd": 257}, "context": "To efficiently explore the large space of candidates aggregates, Spade introduces: (i) MVDCube, an efficient algorithm for evaluating many aggregates in a single pass over the data, 20% to 80% faster than the best comparable method implemented in PostgreSQL, and (ii) a novel probabilistic technique that prunes uninteresting aggregates early. ", "mentionContextAttributes": {"used": {"value": false, "score": 9.244680404663086e-05}, "created": {"value": true, "score": 0.9796450734138489}, "shared": {"value": false, "score": 6.556510925292969e-07}}, "documentContextAttributes": {"used": {"value": false, "score": 0.3688928484916687}, "created": {"value": true, "score": 0.9796450734138489}, "shared": {"value": false, "score": 1.3709068298339844e-06}}}, {"type": "software", "software-type": "software", "wikidataId": "Q192490", "wikipediaExternalRef": 23824, "lang": "en", "confidence": 0.9154, "software-name": {"rawForm": "PostgreSQL", "normalizedForm": "PostgreSQL", "wikidataId": "Q192490", "wikipediaExternalRef": 23824, "lang": "en", "confidence": 0.9154, "offsetStart": 313, "offsetEnd": 323}, "context": "\u2022 Experimental results validating (i) the ability of Spade to extract insights from a large space of candidate aggregates; (ii) the frequent, and potentially high errors that existing algorithms introduce on real-life, heterogeneous RDF graphs; (iii) the efficiency of our onepass algorithm, which is faster than PostgreSQL's GROUP BY CUBE implementation by 20% to 80%; (iv) the extra speedup of 10% to 43% achieved by our early-stop technique, and (v) the scalability of Spade as the size and complexity of the graphs increase (Section 6).", "mentionContextAttributes": {"used": {"value": false, "score": 0.07301461696624756}, "created": {"value": false, "score": 0.00018858909606933594}, "shared": {"value": false, "score": 1.3709068298339844e-06}}, "documentContextAttributes": {"used": {"value": false, "score": 0.3688928484916687}, "created": {"value": true, "score": 0.9796450734138489}, "shared": {"value": false, "score": 1.3709068298339844e-06}}}, {"type": "software", "software-type": "software", "software-name": {"rawForm": "GROUP BY CUBE", "normalizedForm": "GROUP BY CUBE", "offsetStart": 326, "offsetEnd": 339}, "context": "\u2022 Experimental results validating (i) the ability of Spade to extract insights from a large space of candidate aggregates; (ii) the frequent, and potentially high errors that existing algorithms introduce on real-life, heterogeneous RDF graphs; (iii) the efficiency of our onepass algorithm, which is faster than PostgreSQL's GROUP BY CUBE implementation by 20% to 80%; (iv) the extra speedup of 10% to 43% achieved by our early-stop technique, and (v) the scalability of Spade as the size and complexity of the graphs increase (Section 6).", "mentionContextAttributes": {"used": {"value": false, "score": 0.07301461696624756}, "created": {"value": false, "score": 0.00018858909606933594}, "shared": {"value": false, "score": 1.3709068298339844e-06}}, "documentContextAttributes": {"used": {"value": false, "score": 0.3688928484916687}, "created": {"value": false, "score": 0.00018858909606933594}, "shared": {"value": false, "score": 1.3709068298339844e-06}}}, {"type": "software", "software-type": "software", "software-name": {"rawForm": "ArrayCube", "normalizedForm": "ArrayCube", "offsetStart": 328, "offsetEnd": 341}, "context": "We compare the performance of our aggregate evaluation method against the best-effort baseline, which uses PostgreSQL's GROUP BY CUBE implementation, since 2016 based on an efficient one-pass computation of all aggregates in a lattice [26], that supports additional features such as count(distinct), which were not available in ArrayCube [49]. ", "mentionContextAttributes": {"used": {"value": false, "score": 0.3688928484916687}, "created": {"value": false, "score": 5.900859832763672e-05}, "shared": {"value": false, "score": 4.76837158203125e-07}}, "documentContextAttributes": {"used": {"value": true, "score": 0.9999832510948181}, "created": {"value": true, "score": 0.8865141868591309}, "shared": {"value": false, "score": 1.0132789611816406e-06}}, "references": [{"label": "[49]", "normalizedForm": "[49]", "refKey": 49}]}, {"type": "software", "software-type": "software", "software-name": {"rawForm": "Spade", "normalizedForm": "Spade", "offsetStart": 472, "offsetEnd": 477}, "version": {"rawForm": "1.8", "normalizedForm": "1.8"}, "context": "\u2022 Experimental results validating (i) the ability of Spade to extract insights from a large space of candidate aggregates; (ii) the frequent, and potentially high errors that existing algorithms introduce on real-life, heterogeneous RDF graphs; (iii) the efficiency of our onepass algorithm, which is faster than PostgreSQL's GROUP BY CUBE implementation by 20% to 80%; (iv) the extra speedup of 10% to 43% achieved by our early-stop technique, and (v) the scalability of Spade as the size and complexity of the graphs increase (Section 6).", "mentionContextAttributes": {"used": {"value": false, "score": 0.07301461696624756}, "created": {"value": false, "score": 0.00018864870071411133}, "shared": {"value": false, "score": 1.3113021850585938e-06}}, "documentContextAttributes": {"used": {"value": true, "score": 0.9999271035194397}, "created": {"value": true, "score": 0.9999162554740906}, "shared": {"value": false, "score": 1.3709068298339844e-06}}}], "references": [{"refKey": 49, "tei": "<biblStruct xml:id=\"b49\">\n\t<monogr>\n\t\t<author>\n\t\t\t<persName><forename type=\"first\">Yihong</forename><surname>Zhao</surname></persName>\n\t\t</author>\n\t\t<author>\n\t\t\t<persName><forename type=\"first\">Prasad</forename><surname>Deshpande</surname></persName>\n\t\t</author>\n\t\t<author>\n\t\t\t<persName><forename type=\"first\">Jeffrey</forename><forename type=\"middle\">F</forename><surname>Naughton</surname></persName>\n\t\t</author>\n\t\t<title level=\"m\">An Array-Based Algorithm for Simultaneous Multidimensional Aggregates</title>\n\t\t<meeting><address><addrLine>Tucson, Arizona, USA</addrLine></address></meeting>\n\t\t<imprint>\n\t\t\t<publisher>SIGMOD. Association for Computing Machinery</publisher>\n\t\t\t<date>1997</date>\n\t\t\t<biblScope unit=\"page\">170</biblScope>\n\t\t</imprint>\n\t</monogr>\n</biblStruct>\n"}], "runtime": 120901, "id": "82b84c844752d0ab3e62a5885bccb3a8f917f309", "metadata": {"id": "82b84c844752d0ab3e62a5885bccb3a8f917f309"}, "original_file_path": "../../datalake/Samuel/SOFTware-Sync/data/xml_not_sofctied/hal-03320929.grobid.tei.xml", "file_name": "hal-03320929.grobid.tei.xml"}