{"application": "software-mentions", "version": "0.8.0", "date": "2024-04-12T16:07+0000", "md5": "B55FFD34FBC7F33556DB9A18440A613D", "mentions": [{"type": "software", "software-type": "software", "wikidataId": "Q54871", "wikipediaExternalRef": 2574343, "lang": "en", "confidence": 0.9098, "software-name": {"rawForm": "SPARQL", "normalizedForm": "SPARQL", "wikidataId": "Q54871", "wikipediaExternalRef": 2574343, "lang": "en", "confidence": 0.9098, "offsetStart": 10, "offsetEnd": 16}, "context": "} Fig. 1: SPARQL query used to compute the number of intersecting classes (nic) for a subclass C.", "mentionContextAttributes": {"used": {"value": true, "score": 0.9999914765357971}, "created": {"value": false, "score": 2.562999725341797e-06}, "shared": {"value": false, "score": 1.7881393432617188e-07}}, "documentContextAttributes": {"used": {"value": true, "score": 0.9999914765357971}, "created": {"value": true, "score": 0.9997761249542236}, "shared": {"value": false, "score": 2.3245811462402344e-06}}}, {"type": "software", "software-type": "software", "software-name": {"rawForm": "code", "normalizedForm": "code", "offsetStart": 11, "offsetEnd": 15}, "context": "The source code of the project is available on GitHub. 2  This paper is organized as follows: In Section II we summarize the principles of the approach to extract OWL axioms from RDF data to the improvement of which we contribute. ", "mentionContextAttributes": {"used": {"value": false, "score": 0.013100266456604004}, "created": {"value": true, "score": 0.631070077419281}, "shared": {"value": false, "score": 0.029252707958221436}}, "documentContextAttributes": {"used": {"value": false, "score": 0.013100266456604004}, "created": {"value": true, "score": 0.631070077419281}, "shared": {"value": false, "score": 0.029252707958221436}}}, {"type": "software", "software-type": "software", "wikidataId": "Q54871", "wikipediaExternalRef": 2574343, "lang": "en", "confidence": 0.9098, "software-name": {"rawForm": "SPARQL", "normalizedForm": "SPARQL", "wikidataId": "Q54871", "wikipediaExternalRef": 2574343, "lang": "en", "confidence": 0.9098, "offsetStart": 21, "offsetEnd": 27}, "context": "execution of the two SPARQL queries in our optimisation (Figures 6 and7).", "mentionContextAttributes": {"used": {"value": true, "score": 0.9819763898849487}, "created": {"value": false, "score": 9.238719940185547e-06}, "shared": {"value": false, "score": 1.7881393432617188e-07}}, "documentContextAttributes": {"used": {"value": true, "score": 0.9999914765357971}, "created": {"value": true, "score": 0.9997761249542236}, "shared": {"value": false, "score": 2.3245811462402344e-06}}}, {"type": "software", "software-type": "software", "wikidataId": "Q54871", "wikipediaExternalRef": 2574343, "lang": "en", "confidence": 0.9098, "software-name": {"rawForm": "SPARQL", "normalizedForm": "SPARQL", "wikidataId": "Q54871", "wikipediaExternalRef": 2574343, "lang": "en", "confidence": 0.9098, "offsetStart": 31, "offsetEnd": 37}, "context": "As a result, we have split the SPARQL query to compute exceptions to an axiom in two (the latter query being dependent on the result of first one):", "mentionContextAttributes": {"used": {"value": true, "score": 0.9999770522117615}, "created": {"value": false, "score": 0.00020313262939453125}, "shared": {"value": false, "score": 1.7881393432617188e-07}}, "documentContextAttributes": {"used": {"value": true, "score": 0.9999914765357971}, "created": {"value": true, "score": 0.9997761249542236}, "shared": {"value": false, "score": 2.3245811462402344e-06}}}, {"type": "software", "software-type": "software", "software-name": {"rawForm": "SubClassOf", "normalizedForm": "SubClassOf", "offsetStart": 35, "offsetEnd": 45}, "context": "Its OWL functional-style syntax is SubClassOf(C D), where C and D are OWL classes occurring in an RDF graph, e.g.", "mentionContextAttributes": {"used": {"value": false, "score": 0.011267423629760742}, "created": {"value": false, "score": 7.146596908569336e-05}, "shared": {"value": false, "score": 4.172325134277344e-07}}, "documentContextAttributes": {"used": {"value": true, "score": 0.7447963356971741}, "created": {"value": true, "score": 0.9998517036437988}, "shared": {"value": false, "score": 2.205371856689453e-06}}}, {"type": "software", "software-type": "software", "wikidataId": "Q54871", "wikipediaExternalRef": 2574343, "lang": "en", "confidence": 0.9098, "software-name": {"rawForm": "SPARQL", "normalizedForm": "SPARQL", "wikidataId": "Q54871", "wikipediaExternalRef": 2574343, "lang": "en", "confidence": 0.9098, "offsetStart": 50, "offsetEnd": 56}, "context": "In that case, the execution of the initial single SPARQL query (Figure 3) is faster than the Fig. 9: Comparison of the computation times (CPU) of axioms ARIs with the original heuristic and with our proposed optimization (A+B), highlighting the proportion of axioms for which our optimization saves time (in green) or loose time (in red).", "mentionContextAttributes": {"used": {"value": true, "score": 0.7367975115776062}, "created": {"value": false, "score": 5.543231964111328e-06}, "shared": {"value": false, "score": 7.748603820800781e-07}}, "documentContextAttributes": {"used": {"value": true, "score": 0.9999914765357971}, "created": {"value": true, "score": 0.9997761249542236}, "shared": {"value": false, "score": 2.3245811462402344e-06}}}, {"type": "software", "software-type": "software", "wikidataId": "Q54871", "wikipediaExternalRef": 2574343, "lang": "en", "confidence": 0.9098, "software-name": {"rawForm": "SPARQL", "normalizedForm": "SPARQL", "wikidataId": "Q54871", "wikipediaExternalRef": 2574343, "lang": "en", "confidence": 0.9098, "offsetStart": 53, "offsetEnd": 59}, "context": "Moreover, one may still want to resort to chunking a SPARQL query with a VALUES clause, due to the fact that some servers limit the number of elements handled in such a clause.", "mentionContextAttributes": {"used": {"value": false, "score": 0.0003331899642944336}, "created": {"value": false, "score": 1.9848346710205078e-05}, "shared": {"value": false, "score": 4.172325134277344e-07}}, "documentContextAttributes": {"used": {"value": true, "score": 0.9999914765357971}, "created": {"value": true, "score": 0.9997761249542236}, "shared": {"value": false, "score": 2.3245811462402344e-06}}}, {"type": "software", "software-type": "software", "wikidataId": "Q54871", "wikipediaExternalRef": 2574343, "lang": "en", "confidence": 0.9098, "software-name": {"rawForm": "SPARQL", "normalizedForm": "SPARQL", "wikidataId": "Q54871", "wikipediaExternalRef": 2574343, "lang": "en", "confidence": 0.9098, "offsetStart": 54, "offsetEnd": 60}, "context": "The LIMIT and OFFSET modifiers allow the results of a SPARQL query to be paginated, making it quicker to manipulate a subset.", "mentionContextAttributes": {"used": {"value": false, "score": 0.003645956516265869}, "created": {"value": false, "score": 1.329183578491211e-05}, "shared": {"value": false, "score": 1.7881393432617188e-07}}, "documentContextAttributes": {"used": {"value": true, "score": 0.9999914765357971}, "created": {"value": true, "score": 0.9997761249542236}, "shared": {"value": false, "score": 2.3245811462402344e-06}}}, {"type": "software", "software-type": "software", "wikidataId": "Q54871", "wikipediaExternalRef": 2574343, "lang": "en", "confidence": 0.9098, "software-name": {"rawForm": "SPARQL", "normalizedForm": "SPARQL", "wikidataId": "Q54871", "wikipediaExternalRef": 2574343, "lang": "en", "confidence": 0.9098, "offsetStart": 55, "offsetEnd": 61}, "context": "We build upon previous work on using URL parameters in SPARQL federated query services [15].", "mentionContextAttributes": {"used": {"value": false, "score": 0.00121307373046875}, "created": {"value": false, "score": 0.05094712972640991}, "shared": {"value": false, "score": 1.7881393432617188e-07}}, "documentContextAttributes": {"used": {"value": true, "score": 0.9999914765357971}, "created": {"value": true, "score": 0.9997761249542236}, "shared": {"value": false, "score": 2.3245811462402344e-06}}}, {"type": "software", "software-type": "software", "wikidataId": "Q54871", "wikipediaExternalRef": 2574343, "lang": "en", "confidence": 0.9098, "software-name": {"rawForm": "SPARQL", "normalizedForm": "SPARQL", "wikidataId": "Q54871", "wikipediaExternalRef": 2574343, "lang": "en", "confidence": 0.9098, "offsetStart": 57, "offsetEnd": 63}, "context": "} } Fig. 4: Implementation of our optimized heuristic in SPARQL: retrieval of the classes which instances are possible exceptions to axiom SubClassOf(<C> <D>).", "mentionContextAttributes": {"used": {"value": false, "score": 0.00024127960205078125}, "created": {"value": false, "score": 0.0004735589027404785}, "shared": {"value": false, "score": 1.7881393432617188e-07}}, "documentContextAttributes": {"used": {"value": true, "score": 0.9999914765357971}, "created": {"value": true, "score": 0.9997761249542236}, "shared": {"value": false, "score": 2.3245811462402344e-06}}}, {"type": "software", "software-type": "software", "wikidataId": "Q54871", "wikipediaExternalRef": 2574343, "lang": "en", "confidence": 0.9098, "software-name": {"rawForm": "SPARQL", "normalizedForm": "SPARQL", "wikidataId": "Q54871", "wikipediaExternalRef": 2574343, "lang": "en", "confidence": 0.9098, "offsetStart": 57, "offsetEnd": 63}, "context": "In general, it is quite tedious to implement chunking of SPARQL queries.", "mentionContextAttributes": {"used": {"value": false, "score": 0.0001838207244873047}, "created": {"value": false, "score": 0.007914841175079346}, "shared": {"value": false, "score": 2.980232238769531e-07}}, "documentContextAttributes": {"used": {"value": true, "score": 0.9999914765357971}, "created": {"value": true, "score": 0.9997761249542236}, "shared": {"value": false, "score": 2.3245811462402344e-06}}}, {"type": "software", "software-type": "software", "wikidataId": "Q54871", "wikipediaExternalRef": 2574343, "lang": "en", "confidence": 0.9098, "software-name": {"rawForm": "SPARQL", "normalizedForm": "SPARQL", "wikidataId": "Q54871", "wikipediaExternalRef": 2574343, "lang": "en", "confidence": 0.9098, "offsetStart": 59, "offsetEnd": 65}, "context": "Therefore, we have also developed a chunking technique for SPARQL queries in order to split the task into SELECT DISTINCT ?t", "mentionContextAttributes": {"used": {"value": false, "score": 4.5239925384521484e-05}, "created": {"value": true, "score": 0.999700665473938}, "shared": {"value": false, "score": 1.7881393432617188e-07}}, "documentContextAttributes": {"used": {"value": true, "score": 0.9999914765357971}, "created": {"value": true, "score": 0.9997761249542236}, "shared": {"value": false, "score": 2.3245811462402344e-06}}}, {"type": "software", "software-type": "software", "wikidataId": "Q54871", "wikipediaExternalRef": 2574343, "lang": "en", "confidence": 0.9098, "software-name": {"rawForm": "SPARQL", "normalizedForm": "SPARQL", "wikidataId": "Q54871", "wikipediaExternalRef": 2574343, "lang": "en", "confidence": 0.9098, "offsetStart": 60, "offsetEnd": 66}, "context": "The implementation of the above formulas was carried out in SPARQL. ", "mentionContextAttributes": {"used": {"value": true, "score": 0.9997423887252808}, "created": {"value": false, "score": 0.0078070759773254395}, "shared": {"value": false, "score": 1.7881393432617188e-07}}, "documentContextAttributes": {"used": {"value": true, "score": 0.9999914765357971}, "created": {"value": true, "score": 0.9997761249542236}, "shared": {"value": false, "score": 2.3245811462402344e-06}}}, {"type": "software", "software-type": "software", "software-name": {"rawForm": "SubClassOf", "normalizedForm": "SubClassOf", "offsetStart": 61, "offsetEnd": 71}, "context": "Focusing on the evaluation of subsumption axioms of the form SubClassOf(C, D), where C and D are class expressions, a possibility theory-based scoring involves a significant computational cost, in terms of resources and time. ", "mentionContextAttributes": {"used": {"value": false, "score": 0.0012078285217285156}, "created": {"value": false, "score": 5.84721565246582e-05}, "shared": {"value": false, "score": 2.980232238769531e-07}}, "documentContextAttributes": {"used": {"value": true, "score": 0.7447963356971741}, "created": {"value": true, "score": 0.9998517036437988}, "shared": {"value": false, "score": 2.205371856689453e-06}}}, {"type": "software", "software-type": "software", "wikidataId": "Q54871", "wikipediaExternalRef": 2574343, "lang": "en", "confidence": 0.9098, "software-name": {"rawForm": "SPARQL", "normalizedForm": "SPARQL", "wikidataId": "Q54871", "wikipediaExternalRef": 2574343, "lang": "en", "confidence": 0.9098, "offsetStart": 62, "offsetEnd": 68}, "context": "Require: numConf irmations \u0338 = ref erenceCardinality 1: q 1 \u2190 SPARQL query presented in Fig. 1 2: q 2 \u2190 SPARQL query presented in Fig. 4 3: of f set \u2190 0 4: limit \u2190 1000 5: exceptions \u2190 {} 6: types \u2190 {} 7: nic \u2190 eval(q 1 ) 8: while of f set \u0338 = nic do 9: q 2 \u2190 q 2 + LIM IT limit OF F SET of f set 10:", "mentionContextAttributes": {"used": {"value": true, "score": 0.9804267883300781}, "created": {"value": false, "score": 1.4901161193847656e-06}, "shared": {"value": false, "score": 8.940696716308594e-07}}, "documentContextAttributes": {"used": {"value": true, "score": 0.9999914765357971}, "created": {"value": true, "score": 0.9997761249542236}, "shared": {"value": false, "score": 2.3245811462402344e-06}}}, {"type": "software", "software-type": "software", "wikidataId": "Q54871", "wikipediaExternalRef": 2574343, "lang": "en", "confidence": 0.9098, "software-name": {"rawForm": "SPARQL", "normalizedForm": "SPARQL", "wikidataId": "Q54871", "wikipediaExternalRef": 2574343, "lang": "en", "confidence": 0.9098, "offsetStart": 65, "offsetEnd": 71}, "context": "} Fig. 2: Naive implementation of our possibilistic heuristic in SPARQL: retrieval of the confirmations for a given axiom SubClassOf(<C> <D>). ", "mentionContextAttributes": {"used": {"value": false, "score": 0.0003294944763183594}, "created": {"value": false, "score": 0.09444695711135864}, "shared": {"value": false, "score": 1.7881393432617188e-07}}, "documentContextAttributes": {"used": {"value": true, "score": 0.9999914765357971}, "created": {"value": true, "score": 0.9997761249542236}, "shared": {"value": false, "score": 2.3245811462402344e-06}}}, {"type": "software", "software-type": "software", "wikidataId": "Q54871", "wikipediaExternalRef": 2574343, "lang": "en", "confidence": 0.9098, "software-name": {"rawForm": "SPARQL", "normalizedForm": "SPARQL", "wikidataId": "Q54871", "wikipediaExternalRef": 2574343, "lang": "en", "confidence": 0.9098, "offsetStart": 67, "offsetEnd": 73}, "context": "} } Fig. 3: Naive implementation of our possibilistic heuristic in SPARQL: retrieval of the exceptions for a given axiom SubClassOf(<C> <D>).", "mentionContextAttributes": {"used": {"value": false, "score": 0.00033283233642578125}, "created": {"value": false, "score": 0.032374560832977295}, "shared": {"value": false, "score": 1.7881393432617188e-07}}, "documentContextAttributes": {"used": {"value": true, "score": 0.9999914765357971}, "created": {"value": true, "score": 0.9997761249542236}, "shared": {"value": false, "score": 2.3245811462402344e-06}}}, {"type": "software", "software-type": "software", "wikidataId": "Q54871", "wikipediaExternalRef": 2574343, "lang": "en", "confidence": 0.9098, "software-name": {"rawForm": "SPARQL", "normalizedForm": "SPARQL", "wikidataId": "Q54871", "wikipediaExternalRef": 2574343, "lang": "en", "confidence": 0.9098, "offsetStart": 70, "offsetEnd": 76}, "context": "} } } Fig. 6: Second implementation of our optimized heuristic with a SPARQL federated query using parameters loop and limit: retrieval of the classes which instances are possible exceptions to axiom SubClassOf(<C> <D>).", "mentionContextAttributes": {"used": {"value": false, "score": 0.000339508056640625}, "created": {"value": false, "score": 0.0057716965675354}, "shared": {"value": false, "score": 1.7881393432617188e-07}}, "documentContextAttributes": {"used": {"value": true, "score": 0.9999914765357971}, "created": {"value": true, "score": 0.9997761249542236}, "shared": {"value": false, "score": 2.3245811462402344e-06}}}, {"type": "software", "software-type": "software", "software-name": {"rawForm": "SubClassOf", "normalizedForm": "SubClassOf", "offsetStart": 76, "offsetEnd": 86}, "context": "Six categories of OWL axioms can be distinguished: Class expression axioms (SubClassOf, DisjointClasses, . . .", "mentionContextAttributes": {"used": {"value": false, "score": 0.0058078765869140625}, "created": {"value": false, "score": 2.2590160369873047e-05}, "shared": {"value": false, "score": 2.980232238769531e-07}}, "documentContextAttributes": {"used": {"value": true, "score": 0.7447963356971741}, "created": {"value": true, "score": 0.9998517036437988}, "shared": {"value": false, "score": 2.205371856689453e-06}}}, {"type": "software", "software-type": "software", "wikidataId": "Q54871", "wikipediaExternalRef": 2574343, "lang": "en", "confidence": 0.9098, "software-name": {"rawForm": "SPARQL", "normalizedForm": "SPARQL", "wikidataId": "Q54871", "wikipediaExternalRef": 2574343, "lang": "en", "confidence": 0.9098, "offsetStart": 78, "offsetEnd": 84}, "context": "Require: numConf irmations \u0338 = ref erenceCardinality 1: limit \u2190 1000 2: q 1 \u2190 SPARQL query presented in Fig. 6 3: types \u2190 eval(q 1 ) 4: start \u2190 0 5: step \u2190 50 6: limit \u2190 10000 7: while start \u0338 = \u2225types\u2225 do q 2 \u2190 SPARQL query presented in Fig.  exceptions \u2190 exceptions \u222a eval(q 2 ) 12:", "mentionContextAttributes": {"used": {"value": true, "score": 0.9708529710769653}, "created": {"value": false, "score": 1.4901161193847656e-06}, "shared": {"value": false, "score": 8.940696716308594e-07}}, "documentContextAttributes": {"used": {"value": true, "score": 0.9999914765357971}, "created": {"value": true, "score": 0.9997761249542236}, "shared": {"value": false, "score": 2.3245811462402344e-06}}}, {"type": "software", "software-type": "software", "software-name": {"rawForm": "SubClassOf", "normalizedForm": "SubClassOf", "offsetStart": 78, "offsetEnd": 88}, "context": "Within the framework of our special use case of computing the exceptions to a SubClassOf axiom, we propose a generic SPARQL operator allowing us to automatically integrate the pagination of the results with an iteration system.", "mentionContextAttributes": {"used": {"value": false, "score": 5.65648078918457e-05}, "created": {"value": true, "score": 0.9997761249542236}, "shared": {"value": false, "score": 1.7881393432617188e-07}}, "documentContextAttributes": {"used": {"value": true, "score": 0.7447963356971741}, "created": {"value": true, "score": 0.9998517036437988}, "shared": {"value": false, "score": 2.205371856689453e-06}}}, {"type": "software", "software-type": "software", "software-name": {"rawForm": "code", "normalizedForm": "code", "offsetStart": 82, "offsetEnd": 86}, "context": "The advantage of this operator is twofold: on the one hand, it makes it easier to code the iteration and chunking of SPARQL queries; on the other hand, the iteration and chunking are delegated to the SPARQL engine, which in general is more effective at performing them than the user code calling the engine several times.", "mentionContextAttributes": {"used": {"value": false, "score": 0.0004855990409851074}, "created": {"value": false, "score": 0.0001785755157470703}, "shared": {"value": false, "score": 1.1324882507324219e-06}}, "documentContextAttributes": {"used": {"value": false, "score": 0.013100266456604004}, "created": {"value": true, "score": 0.631070077419281}, "shared": {"value": false, "score": 0.029252707958221436}}}, {"type": "software", "software-type": "software", "wikidataId": "Q54871", "wikipediaExternalRef": 2574343, "lang": "en", "confidence": 0.9098, "software-name": {"rawForm": "SPARQL", "normalizedForm": "SPARQL", "wikidataId": "Q54871", "wikipediaExternalRef": 2574343, "lang": "en", "confidence": 0.9098, "offsetStart": 83, "offsetEnd": 89}, "context": "The results presented in Fig. 10 highlight a significant CPU time saved when using SPARQL federated queries with URL parameters.", "mentionContextAttributes": {"used": {"value": true, "score": 0.999983012676239}, "created": {"value": false, "score": 3.039836883544922e-06}, "shared": {"value": false, "score": 1.7881393432617188e-07}}, "documentContextAttributes": {"used": {"value": true, "score": 0.9999914765357971}, "created": {"value": true, "score": 0.9997761249542236}, "shared": {"value": false, "score": 2.3245811462402344e-06}}}, {"type": "software", "software-type": "software", "wikidataId": "Q54871", "wikipediaExternalRef": 2574343, "lang": "en", "confidence": 0.9098, "software-name": {"rawForm": "SPARQL", "normalizedForm": "SPARQL", "wikidataId": "Q54871", "wikipediaExternalRef": 2574343, "lang": "en", "confidence": 0.9098, "offsetStart": 84, "offsetEnd": 90}, "context": "Another challenge is to generalize this optimisation to computational problems with SPARQL queries having a similar form, and thus bring the benefit of our work to the semantic Web community.", "mentionContextAttributes": {"used": {"value": false, "score": 5.40614128112793e-05}, "created": {"value": true, "score": 0.6301109790802002}, "shared": {"value": false, "score": 2.980232238769531e-07}}, "documentContextAttributes": {"used": {"value": true, "score": 0.9999914765357971}, "created": {"value": true, "score": 0.9997761249542236}, "shared": {"value": false, "score": 2.3245811462402344e-06}}}, {"type": "software", "software-type": "software", "wikidataId": "Q54871", "wikipediaExternalRef": 2574343, "lang": "en", "confidence": 0.9098, "software-name": {"rawForm": "SPARQL", "normalizedForm": "SPARQL", "wikidataId": "Q54871", "wikipediaExternalRef": 2574343, "lang": "en", "confidence": 0.9098, "offsetStart": 89, "offsetEnd": 95}, "context": "To evaluate our last optimization using a loop+page operator relying on the extension of SPARQL federated query with URL parameters, we compared the times to compute axioms ARIs with this extension and with standard SPARQL queries.", "mentionContextAttributes": {"used": {"value": true, "score": 0.9999867081642151}, "created": {"value": false, "score": 1.4841556549072266e-05}, "shared": {"value": false, "score": 1.7881393432617188e-07}}, "documentContextAttributes": {"used": {"value": true, "score": 0.9999914765357971}, "created": {"value": true, "score": 0.9997761249542236}, "shared": {"value": false, "score": 2.3245811462402344e-06}}}, {"type": "software", "software-type": "software", "software-name": {"rawForm": "SubClassOf", "normalizedForm": "SubClassOf", "offsetStart": 90, "offsetEnd": 100}, "context": "Considering the naive implementation of the retrieval of the exceptions for a given axiom SubClassOf(<C> <D>) in the SPARQL query depicted in Figure 3, we can observe the possible and useless repetition of the retrieval of the same types ?t for different instances ?x of a subclass <C> satisfying a filter condition that does not depend on ?x.", "mentionContextAttributes": {"used": {"value": true, "score": 0.7447963356971741}, "created": {"value": false, "score": 6.258487701416016e-06}, "shared": {"value": false, "score": 7.748603820800781e-07}}, "documentContextAttributes": {"used": {"value": true, "score": 0.7447963356971741}, "created": {"value": true, "score": 0.9998517036437988}, "shared": {"value": false, "score": 2.205371856689453e-06}}}, {"type": "software", "software-type": "software", "software-name": {"rawForm": "SubClassOf", "normalizedForm": "SubClassOf", "offsetStart": 93, "offsetEnd": 103}, "context": "We presented an optimisation of a possibilistic heuristic approach for the assessment of OWL SubClassOf axioms against RDF data, enabling a significant CPU computation time saving and offering new perspectives to this approach.", "mentionContextAttributes": {"used": {"value": false, "score": 0.00028693675994873047}, "created": {"value": true, "score": 0.9998517036437988}, "shared": {"value": false, "score": 1.7881393432617188e-07}}, "documentContextAttributes": {"used": {"value": true, "score": 0.7447963356971741}, "created": {"value": true, "score": 0.9998517036437988}, "shared": {"value": false, "score": 2.205371856689453e-06}}}, {"type": "software", "software-type": "software", "software-name": {"rawForm": "SubClassOf", "normalizedForm": "SubClassOf", "offsetStart": 100, "offsetEnd": 110}, "context": "By using this novel loop+page operator, we propose another algorithm to compute the exceptions to a SubClassOf sol \u2190 sol \u222a res 10: end for 11: return sol <C> <D>axiom.", "mentionContextAttributes": {"used": {"value": false, "score": 0.0062220096588134766}, "created": {"value": true, "score": 0.8993666172027588}, "shared": {"value": false, "score": 4.172325134277344e-07}}, "documentContextAttributes": {"used": {"value": true, "score": 0.7447963356971741}, "created": {"value": true, "score": 0.9998517036437988}, "shared": {"value": false, "score": 2.205371856689453e-06}}}, {"type": "software", "software-type": "software", "wikidataId": "Q54871", "wikipediaExternalRef": 2574343, "lang": "en", "confidence": 0.9098, "software-name": {"rawForm": "SPARQL", "normalizedForm": "SPARQL", "wikidataId": "Q54871", "wikipediaExternalRef": 2574343, "lang": "en", "confidence": 0.9098, "offsetStart": 101, "offsetEnd": 107}, "context": "VALUES ?t { <t1> <t2> ... <tn> } } } Fig. 7: Second implementation of our optimized heuristic with a SPARQL federated query using parameters loop and limit: retrieval of the exceptions of SubClassOf(<C> <D>) as being the instances of the classes computed in Fig. 6.", "mentionContextAttributes": {"used": {"value": false, "score": 0.26517391204833984}, "created": {"value": false, "score": 2.682209014892578e-06}, "shared": {"value": false, "score": 4.172325134277344e-07}}, "documentContextAttributes": {"used": {"value": true, "score": 0.9999914765357971}, "created": {"value": true, "score": 0.9997761249542236}, "shared": {"value": false, "score": 2.3245811462402344e-06}}}, {"type": "software", "software-type": "software", "wikidataId": "Q54871", "wikipediaExternalRef": 2574343, "lang": "en", "confidence": 0.9098, "software-name": {"rawForm": "SPARQL", "normalizedForm": "SPARQL", "wikidataId": "Q54871", "wikipediaExternalRef": 2574343, "lang": "en", "confidence": 0.9098, "offsetStart": 104, "offsetEnd": 110}, "context": "Require: numConf irmations \u0338 = ref erenceCardinality 1: q 1 \u2190 SPARQL query presented in Fig. 1 2: q 2 \u2190 SPARQL query presented in Fig. 4 3: of f set \u2190 0 4: limit \u2190 1000 5: exceptions \u2190 {} 6: types \u2190 {} 7: nic \u2190 eval(q 1 ) 8: while of f set \u0338 = nic do 9: q 2 \u2190 q 2 + LIM IT limit OF F SET of f set 10:", "mentionContextAttributes": {"used": {"value": true, "score": 0.9804267883300781}, "created": {"value": false, "score": 1.4901161193847656e-06}, "shared": {"value": false, "score": 8.940696716308594e-07}}, "documentContextAttributes": {"used": {"value": true, "score": 0.9999914765357971}, "created": {"value": true, "score": 0.9997761249542236}, "shared": {"value": false, "score": 2.3245811462402344e-06}}}, {"type": "software", "software-type": "software", "software-name": {"rawForm": "SubClassOf", "normalizedForm": "SubClassOf", "offsetStart": 108, "offsetEnd": 118}, "context": "Taking inspiration from possibility theory [11], we previously proposed a possibilistic heuristic to assess SubClassOf axioms with the two possibilistic metrics of possibility and necessity of an axiom [10], [12]- [14].", "mentionContextAttributes": {"used": {"value": false, "score": 0.0028440356254577637}, "created": {"value": false, "score": 0.0008873939514160156}, "shared": {"value": false, "score": 1.7881393432617188e-07}}, "documentContextAttributes": {"used": {"value": true, "score": 0.7447963356971741}, "created": {"value": true, "score": 0.9998517036437988}, "shared": {"value": false, "score": 2.205371856689453e-06}}}, {"type": "software", "software-type": "software", "wikidataId": "Q54871", "wikipediaExternalRef": 2574343, "lang": "en", "confidence": 0.9098, "software-name": {"rawForm": "SPARQL", "normalizedForm": "SPARQL", "wikidataId": "Q54871", "wikipediaExternalRef": 2574343, "lang": "en", "confidence": 0.9098, "offsetStart": 113, "offsetEnd": 119}, "context": "In this approach, the extraction of candidate axioms relies on an evolutionary algorithm and their evaluation on SPARQL queries to compute a score based on possibility theory [11].", "mentionContextAttributes": {"used": {"value": false, "score": 0.0009542107582092285}, "created": {"value": false, "score": 3.045797348022461e-05}, "shared": {"value": false, "score": 1.7881393432617188e-07}}, "documentContextAttributes": {"used": {"value": true, "score": 0.9999914765357971}, "created": {"value": true, "score": 0.9997761249542236}, "shared": {"value": false, "score": 2.3245811462402344e-06}}}, {"type": "software", "software-type": "software", "software-name": {"rawForm": "SubClassOf", "normalizedForm": "SubClassOf", "offsetStart": 114, "offsetEnd": 124}, "context": "Additionally, considering the worst case where (almost) all the instances of subclass <C> are exceptions to axiom SubClassOf <C> <D> (in that case the axiom's ARI will be close to -1), the computation time of exceptions may be very long if the number of instances of <C> is high.", "mentionContextAttributes": {"used": {"value": false, "score": 0.07495039701461792}, "created": {"value": false, "score": 2.086162567138672e-06}, "shared": {"value": false, "score": 2.205371856689453e-06}}, "documentContextAttributes": {"used": {"value": true, "score": 0.7447963356971741}, "created": {"value": true, "score": 0.9998517036437988}, "shared": {"value": false, "score": 2.205371856689453e-06}}}, {"type": "software", "software-type": "software", "wikidataId": "Q54871", "wikipediaExternalRef": 2574343, "lang": "en", "confidence": 0.9098, "software-name": {"rawForm": "SPARQL", "normalizedForm": "SPARQL", "wikidataId": "Q54871", "wikipediaExternalRef": 2574343, "lang": "en", "confidence": 0.9098, "offsetStart": 115, "offsetEnd": 121}, "context": "of f set \u2190 of f set + min(nic -of f set, limit) 12: end while 13: start \u2190 0 14: step \u2190 100 while true do 20: q 3 \u2190 SPARQL query presented in Fig. 5 21: using VALUES { t i \u2208 types, i \u2208 [start, end] } 22: q 3 \u2190 q 3 + LIM IT limit OF F SET of f set Output: numExceptions, and a list of these exceptions.", "mentionContextAttributes": {"used": {"value": true, "score": 0.9935342073440552}, "created": {"value": false, "score": 1.9669532775878906e-06}, "shared": {"value": false, "score": 7.748603820800781e-07}}, "documentContextAttributes": {"used": {"value": true, "score": 0.9999914765357971}, "created": {"value": true, "score": 0.9997761249542236}, "shared": {"value": false, "score": 2.3245811462402344e-06}}}, {"type": "software", "software-type": "software", "wikidataId": "Q54871", "wikipediaExternalRef": 2574343, "lang": "en", "confidence": 0.9098, "software-name": {"rawForm": "SPARQL", "normalizedForm": "SPARQL", "wikidataId": "Q54871", "wikipediaExternalRef": 2574343, "lang": "en", "confidence": 0.9098, "offsetStart": 116, "offsetEnd": 122}, "context": "VALUES ?t { <t1> <t2> ... <tn> } } LIMIT $limit OFFSET $offset Fig. 5: Implementation of our optimized heuristic in SPARQL: retrieval of the exceptions of SubClassOf(<C> <D>) as being the instances of the classes computed in Fig. 4. several steps.", "mentionContextAttributes": {"used": {"value": true, "score": 0.7358217835426331}, "created": {"value": false, "score": 1.7285346984863281e-06}, "shared": {"value": false, "score": 4.172325134277344e-07}}, "documentContextAttributes": {"used": {"value": true, "score": 0.9999914765357971}, "created": {"value": true, "score": 0.9997761249542236}, "shared": {"value": false, "score": 2.3245811462402344e-06}}}, {"type": "software", "software-type": "software", "wikidataId": "Q54871", "wikipediaExternalRef": 2574343, "lang": "en", "confidence": 0.9098, "software-name": {"rawForm": "SPARQL", "normalizedForm": "SPARQL", "wikidataId": "Q54871", "wikipediaExternalRef": 2574343, "lang": "en", "confidence": 0.9098, "offsetStart": 117, "offsetEnd": 123}, "context": "Considering the naive implementation of the retrieval of the exceptions for a given axiom SubClassOf(<C> <D>) in the SPARQL query depicted in Figure 3, we can observe the possible and useless repetition of the retrieval of the same types ?t for different instances ?x of a subclass <C> satisfying a filter condition that does not depend on ?x.", "mentionContextAttributes": {"used": {"value": true, "score": 0.7447963356971741}, "created": {"value": false, "score": 6.258487701416016e-06}, "shared": {"value": false, "score": 7.748603820800781e-07}}, "documentContextAttributes": {"used": {"value": true, "score": 0.9999914765357971}, "created": {"value": true, "score": 0.9997761249542236}, "shared": {"value": false, "score": 2.3245811462402344e-06}}}, {"type": "software", "software-type": "software", "wikidataId": "Q54871", "wikipediaExternalRef": 2574343, "lang": "en", "confidence": 0.9098, "software-name": {"rawForm": "SPARQL", "normalizedForm": "SPARQL", "wikidataId": "Q54871", "wikipediaExternalRef": 2574343, "lang": "en", "confidence": 0.9098, "offsetStart": 117, "offsetEnd": 123}, "context": "Within the framework of our special use case of computing the exceptions to a SubClassOf axiom, we propose a generic SPARQL operator allowing us to automatically integrate the pagination of the results with an iteration system.", "mentionContextAttributes": {"used": {"value": false, "score": 5.65648078918457e-05}, "created": {"value": true, "score": 0.9997761249542236}, "shared": {"value": false, "score": 1.7881393432617188e-07}}, "documentContextAttributes": {"used": {"value": true, "score": 0.9999914765357971}, "created": {"value": true, "score": 0.9997761249542236}, "shared": {"value": false, "score": 2.3245811462402344e-06}}}, {"type": "software", "software-type": "software", "wikidataId": "Q54871", "wikipediaExternalRef": 2574343, "lang": "en", "confidence": 0.9098, "software-name": {"rawForm": "SPARQL", "normalizedForm": "SPARQL", "wikidataId": "Q54871", "wikipediaExternalRef": 2574343, "lang": "en", "confidence": 0.9098, "offsetStart": 117, "offsetEnd": 123}, "context": "The advantage of this operator is twofold: on the one hand, it makes it easier to code the iteration and chunking of SPARQL queries; on the other hand, the iteration and chunking are delegated to the SPARQL engine, which in general is more effective at performing them than the user code calling the engine several times.", "mentionContextAttributes": {"used": {"value": false, "score": 0.0004855990409851074}, "created": {"value": false, "score": 0.0001785755157470703}, "shared": {"value": false, "score": 1.1324882507324219e-06}}, "documentContextAttributes": {"used": {"value": true, "score": 0.9999914765357971}, "created": {"value": true, "score": 0.9997761249542236}, "shared": {"value": false, "score": 2.3245811462402344e-06}}}, {"type": "software", "software-type": "software", "software-name": {"rawForm": "SubClassOf", "normalizedForm": "SubClassOf", "offsetStart": 121, "offsetEnd": 131}, "context": "} } Fig. 3: Naive implementation of our possibilistic heuristic in SPARQL: retrieval of the exceptions for a given axiom SubClassOf(<C> <D>).", "mentionContextAttributes": {"used": {"value": false, "score": 0.00033283233642578125}, "created": {"value": false, "score": 0.032374560832977295}, "shared": {"value": false, "score": 1.7881393432617188e-07}}, "documentContextAttributes": {"used": {"value": true, "score": 0.7447963356971741}, "created": {"value": true, "score": 0.9998517036437988}, "shared": {"value": false, "score": 2.205371856689453e-06}}}, {"type": "software", "software-type": "software", "software-name": {"rawForm": "SubClassOf", "normalizedForm": "SubClassOf", "offsetStart": 122, "offsetEnd": 132}, "context": "} Fig. 2: Naive implementation of our possibilistic heuristic in SPARQL: retrieval of the confirmations for a given axiom SubClassOf(<C> <D>).", "mentionContextAttributes": {"used": {"value": false, "score": 0.0003294944763183594}, "created": {"value": false, "score": 0.09444695711135864}, "shared": {"value": false, "score": 1.7881393432617188e-07}}, "documentContextAttributes": {"used": {"value": true, "score": 0.7447963356971741}, "created": {"value": true, "score": 0.9998517036437988}, "shared": {"value": false, "score": 2.205371856689453e-06}}}, {"type": "software", "software-type": "software", "software-name": {"rawForm": "SubClassOf", "normalizedForm": "SubClassOf", "offsetStart": 139, "offsetEnd": 149}, "context": "} } Fig. 4: Implementation of our optimized heuristic in SPARQL: retrieval of the classes which instances are possible exceptions to axiom SubClassOf(<C> <D>).", "mentionContextAttributes": {"used": {"value": false, "score": 0.00024127960205078125}, "created": {"value": false, "score": 0.0004735589027404785}, "shared": {"value": false, "score": 1.7881393432617188e-07}}, "documentContextAttributes": {"used": {"value": true, "score": 0.7447963356971741}, "created": {"value": true, "score": 0.9998517036437988}, "shared": {"value": false, "score": 2.205371856689453e-06}}}, {"type": "software", "software-type": "software", "wikidataId": "Q54871", "wikipediaExternalRef": 2574343, "lang": "en", "confidence": 0.9098, "software-name": {"rawForm": "SPARQL", "normalizedForm": "SPARQL", "wikidataId": "Q54871", "wikipediaExternalRef": 2574343, "lang": "en", "confidence": 0.9098, "offsetStart": 140, "offsetEnd": 146}, "context": "Both the query to retrieve the classes potentially containing exceptions (Figure 6) and the query to retrieve the exceptions (Figure 7) are SPARQL federated queries using the parameters loop and limit in the URL of the remote query service in the SERVICE clause.", "mentionContextAttributes": {"used": {"value": true, "score": 0.9714900851249695}, "created": {"value": false, "score": 6.735324859619141e-06}, "shared": {"value": false, "score": 2.980232238769531e-07}}, "documentContextAttributes": {"used": {"value": true, "score": 0.9999914765357971}, "created": {"value": true, "score": 0.9997761249542236}, "shared": {"value": false, "score": 2.3245811462402344e-06}}}, {"type": "software", "software-type": "software", "software-name": {"rawForm": "SubClassOf", "normalizedForm": "SubClassOf", "offsetStart": 147, "offsetEnd": 157}, "context": "Our contribution lies in the proposition and the combination of a multi-threading system and two algorithms to compute the exceptions to candidate SubClassOf axioms: a first one relying on a classical approach for SPARQL query chunking and a second one where we put forward our expertise with the Corese semantic Web factory to propose a loop+page operator implemented with URL parameters for SPARQL federated queries.", "mentionContextAttributes": {"used": {"value": false, "score": 0.0021387338638305664}, "created": {"value": true, "score": 0.9791074991226196}, "shared": {"value": false, "score": 1.1324882507324219e-06}}, "documentContextAttributes": {"used": {"value": true, "score": 0.7447963356971741}, "created": {"value": true, "score": 0.9998517036437988}, "shared": {"value": false, "score": 2.205371856689453e-06}}}, {"type": "software", "software-type": "software", "software-name": {"rawForm": "SubClassOf", "normalizedForm": "SubClassOf", "offsetStart": 155, "offsetEnd": 165}, "context": "VALUES ?t { <t1> <t2> ... <tn> } } LIMIT $limit OFFSET $offset Fig. 5: Implementation of our optimized heuristic in SPARQL: retrieval of the exceptions of SubClassOf(<C> <D>) as being the instances of the classes computed in Fig. 4. several steps.", "mentionContextAttributes": {"used": {"value": true, "score": 0.7358217835426331}, "created": {"value": false, "score": 1.7285346984863281e-06}, "shared": {"value": false, "score": 4.172325134277344e-07}}, "documentContextAttributes": {"used": {"value": true, "score": 0.7447963356971741}, "created": {"value": true, "score": 0.9998517036437988}, "shared": {"value": false, "score": 2.205371856689453e-06}}}, {"type": "software", "software-type": "software", "wikidataId": "Q54871", "wikipediaExternalRef": 2574343, "lang": "en", "confidence": 0.9098, "software-name": {"rawForm": "SPARQL", "normalizedForm": "SPARQL", "wikidataId": "Q54871", "wikipediaExternalRef": 2574343, "lang": "en", "confidence": 0.9098, "offsetStart": 159, "offsetEnd": 165}, "context": "Over time, the semantic Web has developed significantly, relying on a series of W3C standards, the foremost of which are RDF (Resource Description Framework), SPARQL (SPARQL Protocol and RDF Query Language) and OWL (Web Ontology Language).", "mentionContextAttributes": {"used": {"value": false, "score": 0.0005301237106323242}, "created": {"value": false, "score": 0.059843480587005615}, "shared": {"value": false, "score": 2.3245811462402344e-06}}, "documentContextAttributes": {"used": {"value": true, "score": 0.9999914765357971}, "created": {"value": true, "score": 0.9997761249542236}, "shared": {"value": false, "score": 2.3245811462402344e-06}}}, {"type": "software", "software-type": "software", "wikidataId": "Q54871", "wikipediaExternalRef": 2574343, "lang": "en", "confidence": 0.9098, "software-name": {"rawForm": "SPARQL", "normalizedForm": "SPARQL", "wikidataId": "Q54871", "wikipediaExternalRef": 2574343, "lang": "en", "confidence": 0.9098, "offsetStart": 167, "offsetEnd": 173}, "context": "Over time, the semantic Web has developed significantly, relying on a series of W3C standards, the foremost of which are RDF (Resource Description Framework), SPARQL (SPARQL Protocol and RDF Query Language) and OWL (Web Ontology Language).", "mentionContextAttributes": {"used": {"value": false, "score": 0.0005301237106323242}, "created": {"value": false, "score": 0.059843480587005615}, "shared": {"value": false, "score": 2.3245811462402344e-06}}, "documentContextAttributes": {"used": {"value": true, "score": 0.9999914765357971}, "created": {"value": true, "score": 0.9997761249542236}, "shared": {"value": false, "score": 2.3245811462402344e-06}}}, {"type": "software", "software-type": "software", "software-name": {"rawForm": "SubClassOf", "normalizedForm": "SubClassOf", "offsetStart": 169, "offsetEnd": 179}, "context": "), Datatype definition axioms (DatatypeDefinition), Keys axioms (HasKey) and Assertion axioms (ClassAssertion, Object-PropertyAssertion). In this paper, we focus on the SubClassOf class expression axiom [13].", "mentionContextAttributes": {"used": {"value": false, "score": 0.39807891845703125}, "created": {"value": false, "score": 0.3635057210922241}, "shared": {"value": false, "score": 4.172325134277344e-07}}, "documentContextAttributes": {"used": {"value": true, "score": 0.7447963356971741}, "created": {"value": true, "score": 0.9998517036437988}, "shared": {"value": false, "score": 2.205371856689453e-06}}}, {"type": "software", "software-type": "software", "software-name": {"rawForm": "SubClassOf", "normalizedForm": "SubClassOf", "offsetStart": 188, "offsetEnd": 198}, "context": "VALUES ?t { <t1> <t2> ... <tn> } } } Fig. 7: Second implementation of our optimized heuristic with a SPARQL federated query using parameters loop and limit: retrieval of the exceptions of SubClassOf(<C> <D>) as being the instances of the classes computed in Fig. 6.", "mentionContextAttributes": {"used": {"value": false, "score": 0.26517391204833984}, "created": {"value": false, "score": 2.682209014892578e-06}, "shared": {"value": false, "score": 4.172325134277344e-07}}, "documentContextAttributes": {"used": {"value": true, "score": 0.7447963356971741}, "created": {"value": true, "score": 0.9998517036437988}, "shared": {"value": false, "score": 2.205371856689453e-06}}}, {"type": "software", "software-type": "software", "wikidataId": "Q54871", "wikipediaExternalRef": 2574343, "lang": "en", "confidence": 0.9098, "software-name": {"rawForm": "SPARQL", "normalizedForm": "SPARQL", "wikidataId": "Q54871", "wikipediaExternalRef": 2574343, "lang": "en", "confidence": 0.9098, "offsetStart": 200, "offsetEnd": 206}, "context": "The advantage of this operator is twofold: on the one hand, it makes it easier to code the iteration and chunking of SPARQL queries; on the other hand, the iteration and chunking are delegated to the SPARQL engine, which in general is more effective at performing them than the user code calling the engine several times.", "mentionContextAttributes": {"used": {"value": false, "score": 0.0004855990409851074}, "created": {"value": false, "score": 0.0001785755157470703}, "shared": {"value": false, "score": 1.1324882507324219e-06}}, "documentContextAttributes": {"used": {"value": true, "score": 0.9999914765357971}, "created": {"value": true, "score": 0.9997761249542236}, "shared": {"value": false, "score": 2.3245811462402344e-06}}}, {"type": "software", "software-type": "software", "software-name": {"rawForm": "SubClassOf", "normalizedForm": "SubClassOf", "offsetStart": 200, "offsetEnd": 210}, "context": "} } } Fig. 6: Second implementation of our optimized heuristic with a SPARQL federated query using parameters loop and limit: retrieval of the classes which instances are possible exceptions to axiom SubClassOf(<C> <D>).", "mentionContextAttributes": {"used": {"value": false, "score": 0.000339508056640625}, "created": {"value": false, "score": 0.0057716965675354}, "shared": {"value": false, "score": 1.7881393432617188e-07}}, "documentContextAttributes": {"used": {"value": true, "score": 0.7447963356971741}, "created": {"value": true, "score": 0.9998517036437988}, "shared": {"value": false, "score": 2.205371856689453e-06}}}, {"type": "software", "software-type": "software", "wikidataId": "Q54871", "wikipediaExternalRef": 2574343, "lang": "en", "confidence": 0.9098, "software-name": {"rawForm": "SPARQL", "normalizedForm": "SPARQL", "wikidataId": "Q54871", "wikipediaExternalRef": 2574343, "lang": "en", "confidence": 0.9098, "offsetStart": 212, "offsetEnd": 218}, "context": "Require: numConf irmations \u0338 = ref erenceCardinality 1: limit \u2190 1000 2: q 1 \u2190 SPARQL query presented in Fig. 6 3: types \u2190 eval(q 1 ) 4: start \u2190 0 5: step \u2190 50 6: limit \u2190 10000 7: while start \u0338 = \u2225types\u2225 do q 2 \u2190 SPARQL query presented in Fig.  exceptions \u2190 exceptions \u222a eval(q 2 ) 12:", "mentionContextAttributes": {"used": {"value": true, "score": 0.9708529710769653}, "created": {"value": false, "score": 1.4901161193847656e-06}, "shared": {"value": false, "score": 8.940696716308594e-07}}, "documentContextAttributes": {"used": {"value": true, "score": 0.9999914765357971}, "created": {"value": true, "score": 0.9997761249542236}, "shared": {"value": false, "score": 2.3245811462402344e-06}}}, {"type": "software", "software-type": "software", "wikidataId": "Q54871", "wikipediaExternalRef": 2574343, "lang": "en", "confidence": 0.9098, "software-name": {"rawForm": "SPARQL", "normalizedForm": "SPARQL", "wikidataId": "Q54871", "wikipediaExternalRef": 2574343, "lang": "en", "confidence": 0.9098, "offsetStart": 214, "offsetEnd": 220}, "context": "Our contribution lies in the proposition and the combination of a multi-threading system and two algorithms to compute the exceptions to candidate SubClassOf axioms: a first one relying on a classical approach for SPARQL query chunking and a second one where we put forward our expertise with the Corese semantic Web factory to propose a loop+page operator implemented with URL parameters for SPARQL federated queries.", "mentionContextAttributes": {"used": {"value": false, "score": 0.0021387338638305664}, "created": {"value": true, "score": 0.9791074991226196}, "shared": {"value": false, "score": 1.1324882507324219e-06}}, "documentContextAttributes": {"used": {"value": true, "score": 0.9999914765357971}, "created": {"value": true, "score": 0.9997761249542236}, "shared": {"value": false, "score": 2.3245811462402344e-06}}}, {"type": "software", "software-type": "software", "wikidataId": "Q54871", "wikipediaExternalRef": 2574343, "lang": "en", "confidence": 0.9098, "software-name": {"rawForm": "SPARQL", "normalizedForm": "SPARQL", "wikidataId": "Q54871", "wikipediaExternalRef": 2574343, "lang": "en", "confidence": 0.9098, "offsetStart": 216, "offsetEnd": 222}, "context": "To evaluate our last optimization using a loop+page operator relying on the extension of SPARQL federated query with URL parameters, we compared the times to compute axioms ARIs with this extension and with standard SPARQL queries.", "mentionContextAttributes": {"used": {"value": true, "score": 0.9999867081642151}, "created": {"value": false, "score": 1.4841556549072266e-05}, "shared": {"value": false, "score": 1.7881393432617188e-07}}, "documentContextAttributes": {"used": {"value": true, "score": 0.9999914765357971}, "created": {"value": true, "score": 0.9997761249542236}, "shared": {"value": false, "score": 2.3245811462402344e-06}}}, {"type": "software", "software-type": "software", "wikidataId": "Q54871", "wikipediaExternalRef": 2574343, "lang": "en", "confidence": 0.9098, "software-name": {"rawForm": "SPARQL", "normalizedForm": "SPARQL", "wikidataId": "Q54871", "wikipediaExternalRef": 2574343, "lang": "en", "confidence": 0.9098, "offsetStart": 217, "offsetEnd": 223}, "context": "To answer this problem, our contribution presented in this paper consists of (i) a multi-threading system to parallelize axiom assessment, (ii) a heuristic to avoid redundant computation and (iii) an optimization for SPARQL query chunking relying on an extension of the SPARQL 1.1 Federated Query standard.", "mentionContextAttributes": {"used": {"value": false, "score": 0.00016689300537109375}, "created": {"value": true, "score": 0.989491879940033}, "shared": {"value": false, "score": 5.364418029785156e-07}}, "documentContextAttributes": {"used": {"value": true, "score": 0.9999914765357971}, "created": {"value": true, "score": 0.9997761249542236}, "shared": {"value": false, "score": 2.3245811462402344e-06}}}, {"type": "software", "software-type": "software", "wikidataId": "Q54871", "wikipediaExternalRef": 2574343, "lang": "en", "confidence": 0.9098, "software-name": {"rawForm": "SPARQL", "normalizedForm": "SPARQL", "wikidataId": "Q54871", "wikipediaExternalRef": 2574343, "lang": "en", "confidence": 0.9098, "offsetStart": 264, "offsetEnd": 270}, "context": "A. a multi-threading system to parallelize OWL axioms assessment, especially the computation of exceptions to axioms, B. an extension of the original heuristic to avoid redundant computation, with an explanation of the computational problem, C. an optimization of SPARQL query chunking relying on an extension of SPARQL 1.1 Federated Query to automatically iterate a SPARQL federated query service call.", "mentionContextAttributes": {"used": {"value": false, "score": 0.004765510559082031}, "created": {"value": false, "score": 6.121397018432617e-05}, "shared": {"value": false, "score": 1.6093254089355469e-06}}, "documentContextAttributes": {"used": {"value": true, "score": 0.9999914765357971}, "created": {"value": true, "score": 0.9997761249542236}, "shared": {"value": false, "score": 2.3245811462402344e-06}}}, {"type": "software", "software-type": "software", "wikidataId": "Q54871", "wikipediaExternalRef": 2574343, "lang": "en", "confidence": 0.9098, "software-name": {"rawForm": "SPARQL", "normalizedForm": "SPARQL", "wikidataId": "Q54871", "wikipediaExternalRef": 2574343, "lang": "en", "confidence": 0.9098, "offsetStart": 270, "offsetEnd": 276}, "context": "To answer this problem, our contribution presented in this paper consists of (i) a multi-threading system to parallelize axiom assessment, (ii) a heuristic to avoid redundant computation and (iii) an optimization for SPARQL query chunking relying on an extension of the SPARQL 1.1 Federated Query standard.", "mentionContextAttributes": {"used": {"value": false, "score": 0.00016689300537109375}, "created": {"value": true, "score": 0.989491879940033}, "shared": {"value": false, "score": 5.364418029785156e-07}}, "documentContextAttributes": {"used": {"value": true, "score": 0.9999914765357971}, "created": {"value": true, "score": 0.9997761249542236}, "shared": {"value": false, "score": 2.3245811462402344e-06}}}, {"type": "software", "software-type": "software", "software-name": {"rawForm": "code", "normalizedForm": "code", "offsetStart": 283, "offsetEnd": 287}, "context": "The advantage of this operator is twofold: on the one hand, it makes it easier to code the iteration and chunking of SPARQL queries; on the other hand, the iteration and chunking are delegated to the SPARQL engine, which in general is more effective at performing them than the user code calling the engine several times.", "mentionContextAttributes": {"used": {"value": false, "score": 0.00048553943634033203}, "created": {"value": false, "score": 0.00017851591110229492}, "shared": {"value": false, "score": 1.0728836059570312e-06}}, "documentContextAttributes": {"used": {"value": false, "score": 0.013100266456604004}, "created": {"value": true, "score": 0.631070077419281}, "shared": {"value": false, "score": 0.029252707958221436}}}, {"type": "software", "software-type": "software", "wikidataId": "Q54871", "wikipediaExternalRef": 2574343, "lang": "en", "confidence": 0.9098, "software-name": {"rawForm": "SPARQL", "normalizedForm": "SPARQL", "wikidataId": "Q54871", "wikipediaExternalRef": 2574343, "lang": "en", "confidence": 0.9098, "offsetStart": 313, "offsetEnd": 319}, "context": "A. a multi-threading system to parallelize OWL axioms assessment, especially the computation of exceptions to axioms, B. an extension of the original heuristic to avoid redundant computation, with an explanation of the computational problem, C. an optimization of SPARQL query chunking relying on an extension of SPARQL 1.1 Federated Query to automatically iterate a SPARQL federated query service call.", "mentionContextAttributes": {"used": {"value": false, "score": 0.004765450954437256}, "created": {"value": false, "score": 6.115436553955078e-05}, "shared": {"value": false, "score": 1.5497207641601562e-06}}, "documentContextAttributes": {"used": {"value": true, "score": 0.9999914765357971}, "created": {"value": true, "score": 0.9997761249542236}, "shared": {"value": false, "score": 2.3245811462402344e-06}}}, {"type": "software", "software-type": "software", "wikidataId": "Q54871", "wikipediaExternalRef": 2574343, "lang": "en", "confidence": 0.9098, "software-name": {"rawForm": "SPARQL", "normalizedForm": "SPARQL", "wikidataId": "Q54871", "wikipediaExternalRef": 2574343, "lang": "en", "confidence": 0.9098, "offsetStart": 367, "offsetEnd": 373}, "context": "A. a multi-threading system to parallelize OWL axioms assessment, especially the computation of exceptions to axioms, B. an extension of the original heuristic to avoid redundant computation, with an explanation of the computational problem, C. an optimization of SPARQL query chunking relying on an extension of SPARQL 1.1 Federated Query to automatically iterate a SPARQL federated query service call.", "mentionContextAttributes": {"used": {"value": false, "score": 0.004765450954437256}, "created": {"value": false, "score": 6.115436553955078e-05}, "shared": {"value": false, "score": 1.5497207641601562e-06}}, "documentContextAttributes": {"used": {"value": true, "score": 0.9999914765357971}, "created": {"value": true, "score": 0.9997761249542236}, "shared": {"value": false, "score": 2.3245811462402344e-06}}}, {"type": "software", "software-type": "software", "wikidataId": "Q54871", "wikipediaExternalRef": 2574343, "lang": "en", "confidence": 0.9098, "software-name": {"rawForm": "SPARQL", "normalizedForm": "SPARQL", "wikidataId": "Q54871", "wikipediaExternalRef": 2574343, "lang": "en", "confidence": 0.9098, "offsetStart": 393, "offsetEnd": 399}, "context": "Our contribution lies in the proposition and the combination of a multi-threading system and two algorithms to compute the exceptions to candidate SubClassOf axioms: a first one relying on a classical approach for SPARQL query chunking and a second one where we put forward our expertise with the Corese semantic Web factory to propose a loop+page operator implemented with URL parameters for SPARQL federated queries.", "mentionContextAttributes": {"used": {"value": false, "score": 0.002138793468475342}, "created": {"value": true, "score": 0.9791074395179749}, "shared": {"value": false, "score": 1.0728836059570312e-06}}, "documentContextAttributes": {"used": {"value": true, "score": 0.9999914765357971}, "created": {"value": true, "score": 0.9997761249542236}, "shared": {"value": false, "score": 2.3245811462402344e-06}}}], "references": [], "runtime": 110581, "id": "769dd824061e5a92259042ac678554f1d98d998c", "metadata": {"id": "769dd824061e5a92259042ac678554f1d98d998c"}, "original_file_path": "../../datalake/Samuel/SOFTware-Sync/data/xml_files/hal-03892080.grobid.tei.xml", "file_name": "hal-03892080.grobid.tei.xml"}