{"application": "software-mentions", "version": "0.8.0", "date": "2024-04-12T15:42+0000", "md5": "1AB66C4DBB45932FFB7C276EB0390D52", "mentions": [{"type": "software", "software-type": "software", "software-name": {"rawForm": "SciGraph", "normalizedForm": "SciGraph", "offsetStart": 291, "offsetEnd": 303}, "context": "We have analyzed: the Berlin SPARQL Benchmark [10], the Tpc-h benchmark converted to RDF with Direct Mapping [51,54], the Nobel Prize database [4], an RDF serialization of the Dblp database (retrieved from https://www.rdfhdt.org/datasets/ on 14.01.2021), the Springer Nature knowledge graph SciGraph [32], the Covid19 knowledge graph [43], and SHACL constraints in the version 4 of Yago knowledge base [50]. ", "mentionContextAttributes": {"used": {"value": true, "score": 0.9998770952224731}, "created": {"value": false, "score": 2.0265579223632812e-06}, "shared": {"value": false, "score": 1.7881393432617188e-06}}, "documentContextAttributes": {"used": {"value": true, "score": 0.9998770952224731}, "created": {"value": false, "score": 2.0265579223632812e-06}, "shared": {"value": false, "score": 1.7881393432617188e-06}}}], "references": [], "runtime": 51377, "id": "f307d75d7250ab1a2ad316e588529fb1a4c88098", "metadata": {"id": "f307d75d7250ab1a2ad316e588529fb1a4c88098"}, "original_file_path": "../../datalake/Samuel/SOFTware-Sync/data/xml_files/hal-03559309.grobid.tei.xml", "file_name": "hal-03559309.grobid.tei.xml"}