{"application": "software-mentions", "version": "0.8.0", "date": "2024-04-12T17:32+0000", "md5": "E2E4A1E790FA5D392E78DC619088AEAD", "mentions": [{"type": "software", "software-type": "software", "software-name": {"rawForm": "Web Browsers", "normalizedForm": "Web Browsers", "offsetStart": 55, "offsetEnd": 67}, "context": "A standard JavaScript API for RDF could be embedded in Web Browsers, making CRUD operations on RDF data easier to perform from JavaScript, i.e for manipulating and displaying SPARQL results. ", "mentionContextAttributes": {"used": {"value": false, "score": 0.026728808879852295}, "created": {"value": false, "score": 0.00027686357498168945}, "shared": {"value": false, "score": 3.0994415283203125e-06}}, "documentContextAttributes": {"used": {"value": false, "score": 0.026728808879852295}, "created": {"value": false, "score": 0.00027686357498168945}, "shared": {"value": false, "score": 3.0994415283203125e-06}}}, {"type": "software", "software-type": "software", "software-name": {"rawForm": "Angular", "normalizedForm": "Angular", "offsetStart": 142, "offsetEnd": 149}, "context": "Their goal is to simplify the production and consumption of RDF data through SPARQL endpoints for use by other APIs or frameworks (ex: React, Angular). ", "mentionContextAttributes": {"used": {"value": false, "score": 8.630752563476562e-05}, "created": {"value": false, "score": 0.14427334070205688}, "shared": {"value": false, "score": 5.960464477539062e-07}}, "documentContextAttributes": {"used": {"value": false, "score": 8.630752563476562e-05}, "created": {"value": false, "score": 0.14427334070205688}, "shared": {"value": false, "score": 5.960464477539062e-07}}}, {"type": "software", "software-type": "software", "software-name": {"rawForm": "HyperGraphQL", "normalizedForm": "HyperGraphQL", "offsetStart": 323, "offsetEnd": 335}, "context": "When RDF becomes a native datatype of the language and when the language natively provides high level operators for RDF, it becomes easier to abstract algorithms from the syntax and related low-level concerns such as parsing data structures, syntactic sugar and variations, basic access and manipulation operations, etc. \u2022 HyperGraphQL (http://hypergraphql.org/) or GraphQL-LD, are GraphQL-based interfaces for querying RDF stores. ", "mentionContextAttributes": {"used": {"value": false, "score": 0.0012047290802001953}, "created": {"value": false, "score": 1.1086463928222656e-05}, "shared": {"value": false, "score": 1.0609626770019531e-05}}, "documentContextAttributes": {"used": {"value": false, "score": 0.0012047290802001953}, "created": {"value": false, "score": 0.010647416114807129}, "shared": {"value": false, "score": 1.0609626770019531e-05}}}, {"type": "software", "software-type": "software", "software-name": {"rawForm": "HyperGraphQL", "normalizedForm": "HyperGraphQL", "offsetStart": 345, "offsetEnd": 357}, "context": "Such an approach could be considered to propose several levels of complexity when a front-end developer has to deal with RDF data, depending on the applications that will be developed: 1) a low-level approach that would be close to the abstraction level of the DOM API, and a 2) higher-level approach that would propose concepts similar to what HyperGraphQL offers (see [15] and [16] for related works).", "mentionContextAttributes": {"used": {"value": false, "score": 0.0003428459167480469}, "created": {"value": false, "score": 0.010647416114807129}, "shared": {"value": false, "score": 7.033348083496094e-06}}, "documentContextAttributes": {"used": {"value": false, "score": 0.0012047290802001953}, "created": {"value": false, "score": 0.010647416114807129}, "shared": {"value": false, "score": 1.0609626770019531e-05}}}, {"type": "software", "software-type": "software", "software-name": {"rawForm": "GraphQL-LD", "normalizedForm": "GraphQL-LD", "offsetStart": 366, "offsetEnd": 376}, "context": "When RDF becomes a native datatype of the language and when the language natively provides high level operators for RDF, it becomes easier to abstract algorithms from the syntax and related low-level concerns such as parsing data structures, syntactic sugar and variations, basic access and manipulation operations, etc. \u2022 HyperGraphQL (http://hypergraphql.org/) or GraphQL-LD, are GraphQL-based interfaces for querying RDF stores. ", "mentionContextAttributes": {"used": {"value": false, "score": 0.0012047290802001953}, "created": {"value": false, "score": 1.1086463928222656e-05}, "shared": {"value": false, "score": 1.0609626770019531e-05}}, "documentContextAttributes": {"used": {"value": false, "score": 0.0012047290802001953}, "created": {"value": false, "score": 1.1086463928222656e-05}, "shared": {"value": false, "score": 1.0609626770019531e-05}}}], "references": [], "runtime": 84675, "id": "25d7436a66d4fbb931a814a6fcc42e736fbd8917", "metadata": {"id": "25d7436a66d4fbb931a814a6fcc42e736fbd8917"}, "original_file_path": "../../datalake/Samuel/SOFTware-Sync/data/xml_not_sofctied/hal-02058664.grobid.tei.xml", "file_name": "hal-02058664.grobid.tei.xml"}