{"application": "software-mentions", "version": "0.8.0", "date": "2024-04-12T16:00+0000", "md5": "31F0023508096D3452E373CD84FAE4F8", "mentions": [{"type": "software", "software-type": "software", "software-name": {"rawForm": "OxO", "normalizedForm": "OxO", "offsetStart": 0, "offsetEnd": 3}, "context": "OxO allows users to visually traverse the graph of mappings to identify additional potential mappings beyond direct ones (i.e., multi-hop mappings). ", "mentionContextAttributes": {"used": {"value": false, "score": 2.6166439056396484e-05}, "created": {"value": false, "score": 0.00046378374099731445}, "shared": {"value": false, "score": 2.980232238769531e-07}}, "documentContextAttributes": {"used": {"value": false, "score": 0.014735102653503418}, "created": {"value": false, "score": 0.00046378374099731445}, "shared": {"value": false, "score": 2.980232238769531e-07}}, "references": [{"label": "[84]", "normalizedForm": "[84]", "refKey": 75}]}, {"type": "software", "software-type": "software", "software-name": {"rawForm": "OxO", "normalizedForm": "OxO", "offsetStart": 0, "offsetEnd": 3}, "context": "OxO is a repository of ontology mappings and cross-references extracted from the OLS and UMLS.", "mentionContextAttributes": {"used": {"value": false, "score": 0.014735102653503418}, "created": {"value": false, "score": 0.00022411346435546875}, "shared": {"value": false, "score": 1.7881393432617188e-07}}, "documentContextAttributes": {"used": {"value": false, "score": 0.014735102653503418}, "created": {"value": false, "score": 0.00046378374099731445}, "shared": {"value": false, "score": 2.980232238769531e-07}}, "references": [{"label": "[84]", "normalizedForm": "[84]", "refKey": 75}]}, {"type": "software", "software-type": "software", "software-name": {"rawForm": "TGDK", "normalizedForm": "TGDK", "offsetStart": 0, "offsetEnd": 4}, "version": {"rawForm": "5:12", "normalizedForm": "5:12", "offsetStart": 5, "offsetEnd": 9}, "context": "TGDK 5:12 Knowledge Graphs for Life Sciences has also contributed to the systematic evaluation of mappings in public repositories (e.g., [81,44]) and mappings produced by automated ontology mapping systems (e.g., the Ontology Alignment Evaluation Initiative (OAEI) [138]). ", "mentionContextAttributes": {"used": {"value": false, "score": 0.000842750072479248}, "created": {"value": false, "score": 0.0017104148864746094}, "shared": {"value": false, "score": 4.172325134277344e-07}}, "documentContextAttributes": {"used": {"value": false, "score": 0.026000499725341797}, "created": {"value": true, "score": 0.5230289101600647}, "shared": {"value": false, "score": 0.00014138221740722656}}}, {"type": "software", "software-type": "software", "software-name": {"rawForm": "TxGNN", "normalizedForm": "TxGNN", "offsetStart": 0, "offsetEnd": 5}, "context": "TxGNN obtains a signature vector for each disease based on its neighboring proteins, exposure and other biomedical entities to compute a disease similarity and predict drug indication/contraindication for poorly characterized diseases.", "mentionContextAttributes": {"used": {"value": false, "score": 0.0011054277420043945}, "created": {"value": false, "score": 1.996755599975586e-05}, "shared": {"value": false, "score": 2.980232238769531e-07}}, "documentContextAttributes": {"used": {"value": false, "score": 0.12457555532455444}, "created": {"value": false, "score": 1.996755599975586e-05}, "shared": {"value": false, "score": 2.980232238769531e-07}}}, {"type": "software", "software-type": "software", "software-name": {"rawForm": "TxGNN", "normalizedForm": "TxGNN", "offsetStart": 0, "offsetEnd": 10}, "context": "TxGNN [72] uses a GNN pre-trained on a large heterogeneous, multi-relational KG of diseases and therapeutic candidates constructed from various knowledge bases. ", "mentionContextAttributes": {"used": {"value": false, "score": 0.12457555532455444}, "created": {"value": false, "score": 1.3053417205810547e-05}, "shared": {"value": false, "score": 1.7881393432617188e-07}}, "documentContextAttributes": {"used": {"value": false, "score": 0.12457555532455444}, "created": {"value": false, "score": 1.996755599975586e-05}, "shared": {"value": false, "score": 2.980232238769531e-07}}}, {"type": "software", "software-type": "software", "software-name": {"rawForm": "OntoProtein", "normalizedForm": "OntoProtein", "offsetStart": 0, "offsetEnd": 11}, "context": "OntoProtein was the first to inject gene ontology descriptions into a PLM for sequences to predict protein interactions, function and contact prediction. ", "mentionContextAttributes": {"used": {"value": false, "score": 0.001326918601989746}, "created": {"value": false, "score": 0.009973645210266113}, "shared": {"value": false, "score": 2.980232238769531e-07}}, "documentContextAttributes": {"used": {"value": false, "score": 0.001326918601989746}, "created": {"value": true, "score": 0.7143231630325317}, "shared": {"value": false, "score": 2.980232238769531e-07}}, "references": [{"label": "KeAP [194]", "normalizedForm": "KeAP [194]", "refKey": 0}]}, {"type": "software", "software-type": "software", "software-name": {"rawForm": "OntoProtein", "normalizedForm": "OntoProtein", "offsetStart": 0, "offsetEnd": 11}, "context": "OntoProtein proposes to reconstruct masked amino acids while minimizing the embedding distance between the contextual representation of proteins and associated knowledge terms. ", "mentionContextAttributes": {"used": {"value": false, "score": 0.00012254714965820312}, "created": {"value": true, "score": 0.7143231630325317}, "shared": {"value": false, "score": 2.980232238769531e-07}}, "documentContextAttributes": {"used": {"value": false, "score": 0.001326918601989746}, "created": {"value": true, "score": 0.7143231630325317}, "shared": {"value": false, "score": 2.980232238769531e-07}}, "references": [{"label": "KeAP [194]", "normalizedForm": "KeAP [194]", "refKey": 0}]}, {"type": "software", "software-type": "software", "software-name": {"rawForm": "OntoProtein", "normalizedForm": "OntoProtein", "offsetStart": 0, "offsetEnd": 11}, "context": "OntoProtein [192] is a recent example of how to integrate KGs into the process of pre-training LLMs in the bioinformatic domain, thus achieving improved results on protein-related knowledge discovery tasks.", "mentionContextAttributes": {"used": {"value": false, "score": 3.618001937866211e-05}, "created": {"value": false, "score": 0.04272884130477905}, "shared": {"value": false, "score": 1.7881393432617188e-07}}, "documentContextAttributes": {"used": {"value": false, "score": 0.001326918601989746}, "created": {"value": true, "score": 0.7143231630325317}, "shared": {"value": false, "score": 2.980232238769531e-07}}, "references": [{"label": "KeAP [194]", "normalizedForm": "KeAP [194]", "refKey": 0}]}, {"type": "software", "software-type": "software", "software-name": {"rawForm": "SHEPHERD", "normalizedForm": "SHEPHERD", "offsetStart": 13, "offsetEnd": 25}, "context": "For example, SHEPHERD [2] incorporates a multi-relational KG (extracted from PrimeKG [19]) of diseases, phenotypes and genes, and leverages patient simulated data to discover novel connections between patients' clinical, phenotype and gene information to accelerate the diagnoses of rare diseases. ", "mentionContextAttributes": {"used": {"value": false, "score": 0.00023484230041503906}, "created": {"value": false, "score": 0.0001074671745300293}, "shared": {"value": false, "score": 2.980232238769531e-07}}, "documentContextAttributes": {"used": {"value": false, "score": 0.00023484230041503906}, "created": {"value": false, "score": 0.0001074671745300293}, "shared": {"value": false, "score": 2.980232238769531e-07}}}, {"type": "software", "software-type": "software", "software-name": {"rawForm": "DeepGOZero", "normalizedForm": "DeepGOZero", "offsetStart": 13, "offsetEnd": 28}, "context": "For example, DeepGOZero [99] and HMI [185] use formal semantics including the class hierarchy, class disjointness axioms and complex class restrictions in OWL as additional constraints for training the multi-label classifier for protein function prediction. ", "mentionContextAttributes": {"used": {"value": false, "score": 0.0005699396133422852}, "created": {"value": false, "score": 4.947185516357422e-06}, "shared": {"value": false, "score": 1.7881393432617188e-07}}, "documentContextAttributes": {"used": {"value": false, "score": 0.0005699396133422852}, "created": {"value": false, "score": 4.947185516357422e-06}, "shared": {"value": false, "score": 1.7881393432617188e-07}}, "references": [{"label": "HMI [185]", "normalizedForm": "HMI [185]", "refKey": 0, "offsetStart": 48533, "offsetEnd": 48542}]}, {"type": "software", "software-type": "software", "software-name": {"rawForm": "TGDK", "normalizedForm": "TGDK", "offsetStart": 32, "offsetEnd": 36}, "version": {"rawForm": "5:12", "normalizedForm": "5:12"}, "context": "We would also like to thank the TGDK editors in chief for organizing this inaugural issue.", "mentionContextAttributes": {"used": {"value": false, "score": 0.026000499725341797}, "created": {"value": true, "score": 0.5230289101600647}, "shared": {"value": false, "score": 0.00014138221740722656}}, "documentContextAttributes": {"used": {"value": false, "score": 0.026000499725341797}, "created": {"value": true, "score": 0.5230289101600647}, "shared": {"value": false, "score": 0.00014138221740722656}}}, {"type": "software", "software-type": "software", "software-name": {"rawForm": "GOLabler", "normalizedForm": "GOLabler", "offsetStart": 36, "offsetEnd": 50}, "context": "A large part of these works such as GOLabler [189] focus on exploring feature extraction, feature ensemble, and automatic feature learning of the proteins. ", "mentionContextAttributes": {"used": {"value": false, "score": 0.00011986494064331055}, "created": {"value": false, "score": 0.4119463562965393}, "shared": {"value": false, "score": 2.980232238769531e-07}}, "documentContextAttributes": {"used": {"value": false, "score": 0.00011986494064331055}, "created": {"value": false, "score": 0.4119463562965393}, "shared": {"value": false, "score": 2.980232238769531e-07}}}, {"type": "software", "software-type": "software", "wikidataId": "Q1628290", "wikipediaExternalRef": 25505874, "lang": "en", "confidence": 0.5218, "software-name": {"rawForm": "Neo4J", "normalizedForm": "Neo4J", "wikidataId": "Q1628290", "wikipediaExternalRef": 25505874, "lang": "en", "confidence": 0.5218, "offsetStart": 53, "offsetEnd": 60}, "context": "Examples of state of the art implementations include Neo4J12 , GraphDB 13 , and RDFox14 . ", "mentionContextAttributes": {"used": {"value": false, "score": 0.00020265579223632812}, "created": {"value": false, "score": 0.009860813617706299}, "shared": {"value": false, "score": 2.980232238769531e-07}}, "documentContextAttributes": {"used": {"value": false, "score": 0.01735687255859375}, "created": {"value": false, "score": 0.009860813617706299}, "shared": {"value": false, "score": 9.173154830932617e-05}}}, {"type": "software", "software-type": "software", "software-name": {"rawForm": "OntoProtein", "normalizedForm": "OntoProtein", "offsetStart": 61, "offsetEnd": 78}, "context": "To enhance Protein Language Models (PLM), approaches such as OntoProtein [192] and KeAP [194] use a KG of protein sequences augmented with textual annotations from the Gene Ontology (GO). ", "mentionContextAttributes": {"used": {"value": false, "score": 0.00012612342834472656}, "created": {"value": false, "score": 4.64320182800293e-05}, "shared": {"value": false, "score": 1.7881393432617188e-07}}, "documentContextAttributes": {"used": {"value": false, "score": 0.001326918601989746}, "created": {"value": true, "score": 0.7143231630325317}, "shared": {"value": false, "score": 2.980232238769531e-07}}, "references": [{"label": "KeAP [194]", "normalizedForm": "KeAP [194]", "refKey": 0, "offsetStart": 45214, "offsetEnd": 45224}]}, {"type": "software", "software-type": "software", "wikidataId": "Q1628290", "wikipediaExternalRef": 25505874, "lang": "en", "confidence": 0.5218, "software-name": {"rawForm": "Neo4J", "normalizedForm": "Neo4J", "wikidataId": "Q1628290", "wikipediaExternalRef": 25505874, "lang": "en", "confidence": 0.5218, "offsetStart": 70, "offsetEnd": 75}, "context": "Graph databases often provide built-in tools for visualization, e.g., Neo4J, whereas different Javascript libraries (e.g., SigmaJS15 ) are available for developing visualization front ends. ", "mentionContextAttributes": {"used": {"value": false, "score": 2.580881118774414e-05}, "created": {"value": false, "score": 0.0001316070556640625}, "shared": {"value": false, "score": 9.173154830932617e-05}}, "documentContextAttributes": {"used": {"value": false, "score": 0.01735687255859375}, "created": {"value": false, "score": 0.009860813617706299}, "shared": {"value": false, "score": 9.173154830932617e-05}}}, {"type": "software", "software-type": "software", "software-name": {"rawForm": "PrimeKG", "normalizedForm": "PrimeKG", "offsetStart": 77, "offsetEnd": 84}, "context": "For example, SHEPHERD [2] incorporates a multi-relational KG (extracted from PrimeKG [19]) of diseases, phenotypes and genes, and leverages patient simulated data to discover novel connections between patients' clinical, phenotype and gene information to accelerate the diagnoses of rare diseases. ", "mentionContextAttributes": {"used": {"value": false, "score": 0.00023484230041503906}, "created": {"value": false, "score": 0.0001074671745300293}, "shared": {"value": false, "score": 2.980232238769531e-07}}, "documentContextAttributes": {"used": {"value": false, "score": 0.00023484230041503906}, "created": {"value": false, "score": 0.0001074671745300293}, "shared": {"value": false, "score": 2.980232238769531e-07}}}, {"type": "software", "software-type": "software", "software-name": {"rawForm": "RDFox", "normalizedForm": "RDFox", "offsetStart": 80, "offsetEnd": 87}, "context": "Examples of state of the art implementations include Neo4J12 , GraphDB 13 , and RDFox14 . ", "mentionContextAttributes": {"used": {"value": false, "score": 0.00020265579223632812}, "created": {"value": false, "score": 0.009860813617706299}, "shared": {"value": false, "score": 2.980232238769531e-07}}, "documentContextAttributes": {"used": {"value": false, "score": 0.00020265579223632812}, "created": {"value": false, "score": 0.009860813617706299}, "shared": {"value": false, "score": 2.980232238769531e-07}}}, {"type": "software", "software-type": "software", "software-name": {"rawForm": "Jena", "normalizedForm": "Jena", "offsetStart": 117, "offsetEnd": 121}, "context": "Relational KG stores, either based on relational databases or through NOSQL databases and / or triple stores such as Jena TDB 11 , have reached a considerable level of maturity and have been optimized in order to avoid common problems, e.g., a large number of null values in columns or optimized query performance [142]. ", "mentionContextAttributes": {"used": {"value": false, "score": 0.0014206171035766602}, "created": {"value": false, "score": 2.104043960571289e-05}, "shared": {"value": false, "score": 4.172325134277344e-07}}, "documentContextAttributes": {"used": {"value": false, "score": 0.0014206171035766602}, "created": {"value": false, "score": 2.104043960571289e-05}, "shared": {"value": false, "score": 4.172325134277344e-07}}}, {"type": "software", "software-type": "software", "software-name": {"rawForm": "SapBERT", "normalizedForm": "SapBERT", "offsetStart": 118, "offsetEnd": 130}, "context": "For example in in-model use, a model can be pre-trained using a KG, and an example of a pre-trained language model is SapBERT [108], which utilizes synonyms in the UMLS Metathesaurus to further pre-train a BERT language model. ", "mentionContextAttributes": {"used": {"value": false, "score": 0.00014519691467285156}, "created": {"value": false, "score": 2.1755695343017578e-05}, "shared": {"value": false, "score": 4.172325134277344e-07}}, "documentContextAttributes": {"used": {"value": false, "score": 0.00014519691467285156}, "created": {"value": false, "score": 2.1755695343017578e-05}, "shared": {"value": false, "score": 4.172325134277344e-07}}}, {"type": "software", "software-type": "software", "software-name": {"rawForm": "OxO", "normalizedForm": "OxO", "offsetStart": 122, "offsetEnd": 125}, "context": "Prominent examples include the UMLS Metathesaurus [9], BioPortal [132,152], MONDO [172], and the EBI services: OLS [174], OxO [84] and the RDF platform [85].", "mentionContextAttributes": {"used": {"value": false, "score": 0.00040858983993530273}, "created": {"value": false, "score": 3.159046173095703e-06}, "shared": {"value": false, "score": 2.980232238769531e-07}}, "documentContextAttributes": {"used": {"value": false, "score": 0.014735102653503418}, "created": {"value": false, "score": 0.00046378374099731445}, "shared": {"value": false, "score": 2.980232238769531e-07}}, "references": [{"label": "[84]", "normalizedForm": "[84]", "refKey": 75, "offsetStart": 31563, "offsetEnd": 31567}]}, {"type": "software", "software-type": "software", "software-name": {"rawForm": "SigmaJS", "normalizedForm": "SigmaJS", "offsetStart": 123, "offsetEnd": 132}, "context": "Graph databases often provide built-in tools for visualization, e.g., Neo4J, whereas different Javascript libraries (e.g., SigmaJS15 ) are available for developing visualization front ends. ", "mentionContextAttributes": {"used": {"value": false, "score": 2.580881118774414e-05}, "created": {"value": false, "score": 0.0001316070556640625}, "shared": {"value": false, "score": 9.173154830932617e-05}}, "documentContextAttributes": {"used": {"value": false, "score": 2.580881118774414e-05}, "created": {"value": false, "score": 0.0001316070556640625}, "shared": {"value": false, "score": 9.173154830932617e-05}}}, {"type": "software", "software-type": "software", "software-name": {"rawForm": "TGDK", "normalizedForm": "TGDK", "offsetStart": 132, "offsetEnd": 136}, "version": {"rawForm": "5:16", "normalizedForm": "5:16", "offsetStart": 137, "offsetEnd": 141}, "context": "Digital Healthcare involves predictions using clinical data and ontologies, including diagnosis (e.g., rare diseases) and procedure TGDK 5:16 Knowledge Graphs for Life Sciences predictions (e.g., ICU readmissions). ", "mentionContextAttributes": {"used": {"value": false, "score": 8.589029312133789e-05}, "created": {"value": false, "score": 4.762411117553711e-05}, "shared": {"value": false, "score": 1.7881393432617188e-07}}, "documentContextAttributes": {"used": {"value": false, "score": 0.026000499725341797}, "created": {"value": true, "score": 0.5230289101600647}, "shared": {"value": false, "score": 0.00014138221740722656}}}, {"type": "software", "software-type": "software", "software-name": {"rawForm": "DeepOnto", "normalizedForm": "DeepOnto", "offsetStart": 152, "offsetEnd": 164}, "context": "Among them, pre-trained language models such as BERT have been applied for KG construction with a promising performance achieved (see e.g., the package DeepOnto [63]), while the more recent and more powerful generative language models like GPT series [13] have not been well applied at the time of writing, especially in the life science domain.", "mentionContextAttributes": {"used": {"value": false, "score": 0.0017936229705810547}, "created": {"value": false, "score": 0.04270726442337036}, "shared": {"value": false, "score": 1.0132789611816406e-06}}, "documentContextAttributes": {"used": {"value": false, "score": 0.0017936229705810547}, "created": {"value": false, "score": 0.04270726442337036}, "shared": {"value": false, "score": 1.0132789611816406e-06}}}, {"type": "software", "software-type": "software", "software-name": {"rawForm": "ProteinBERT", "normalizedForm": "ProteinBERT", "offsetStart": 169, "offsetEnd": 185}, "context": "Recent research has focused on applying language models over large databases of proteins or molecules for self-supervised representation learning, such as ESM [148] and ProteinBERT [10] for protein sequences, or Molformer for the molecule simplified molecular-input line-entry system (SMILES) [151]. ", "mentionContextAttributes": {"used": {"value": false, "score": 0.00013566017150878906}, "created": {"value": false, "score": 0.08617627620697021}, "shared": {"value": false, "score": 4.172325134277344e-07}}, "documentContextAttributes": {"used": {"value": false, "score": 0.00013566017150878906}, "created": {"value": false, "score": 0.08617627620697021}, "shared": {"value": false, "score": 4.172325134277344e-07}}}, {"type": "software", "software-type": "software", "software-name": {"rawForm": "ChEMBL", "normalizedForm": "ChEMBL", "offsetStart": 178, "offsetEnd": 184}, "context": "By structured we refer to data modeled according to an existing structure, e.g., data in tables or public or proprietary reference (relational) databases such as UniProt[29]  or ChEMBL[50].", "mentionContextAttributes": {"used": {"value": false, "score": 0.10823506116867065}, "created": {"value": false, "score": 0.00012612342834472656}, "shared": {"value": false, "score": 3.5762786865234375e-07}}, "documentContextAttributes": {"used": {"value": false, "score": 0.19322657585144043}, "created": {"value": false, "score": 0.00012612342834472656}, "shared": {"value": false, "score": 1.0728836059570312e-06}}, "references": [{"label": "[50]", "normalizedForm": "[50]", "refKey": 41, "offsetStart": 79090, "offsetEnd": 79094}]}, {"type": "software", "software-type": "software", "software-name": {"rawForm": "SapBERT", "normalizedForm": "SapBERT", "offsetStart": 181, "offsetEnd": 188}, "context": "Furthermore, rule-based approaches can be combined with relation classification using specialized pre-trained language models adapted for life science domains, e.g., BioBERT [102], SapBERT [108], and RoBERTa-PM [104], to name a few.", "mentionContextAttributes": {"used": {"value": false, "score": 5.4836273193359375e-05}, "created": {"value": false, "score": 9.179115295410156e-06}, "shared": {"value": false, "score": 2.384185791015625e-07}}, "documentContextAttributes": {"used": {"value": false, "score": 0.00014519691467285156}, "created": {"value": false, "score": 2.1755695343017578e-05}, "shared": {"value": false, "score": 4.172325134277344e-07}}}, {"type": "software", "software-type": "software", "software-name": {"rawForm": "ChEMBL", "normalizedForm": "ChEMBL", "offsetStart": 202, "offsetEnd": 208}, "context": "TERA includes three sub-KGs: (i) the Chemical sub-KG, which is constructed by integrating the vocabulary MeSH (Medical Subject Headings) with selective knowledge from two chemical databases PubChem and ChEMBL utilizing the chemical mappings in Wikidata; (ii) the Taxonomy sub-KG, which is constructed by integrating EOL (Environment Ontology for Livestock) and the NCBITaxon ontology utilizing NIBI-EOL mappings in Wikidata; and (iii) the ECOTOX sub-KG, which is composed of RDF triples transformed from experimental risk results and is aligned with the other two sub-KGs by the ontology alignment system LogMap [80] and the chemical mappings in Wikidata. ", "mentionContextAttributes": {"used": {"value": false, "score": 0.19322657585144043}, "created": {"value": false, "score": 1.0251998901367188e-05}, "shared": {"value": false, "score": 1.0728836059570312e-06}}, "documentContextAttributes": {"used": {"value": false, "score": 0.19322657585144043}, "created": {"value": false, "score": 0.00012612342834472656}, "shared": {"value": false, "score": 1.0728836059570312e-06}}, "references": [{"label": "[50]", "normalizedForm": "[50]", "refKey": 41}]}, {"type": "software", "software-type": "software", "wikidataId": "Q1628290", "wikipediaExternalRef": 25505874, "lang": "en", "confidence": 0.5218, "software-name": {"rawForm": "Neo4J", "normalizedForm": "Neo4J", "wikidataId": "Q1628290", "wikipediaExternalRef": 25505874, "lang": "en", "confidence": 0.5218, "offsetStart": 203, "offsetEnd": 208}, "context": "Support for complex queries is also either built in a graph database or a triple store by supporting the SPARQL query language [140,197], or proprietary query languages such as Cypher [47], supported by Neo4J.", "mentionContextAttributes": {"used": {"value": false, "score": 0.01735687255859375}, "created": {"value": false, "score": 0.0003929734230041504}, "shared": {"value": false, "score": 2.384185791015625e-07}}, "documentContextAttributes": {"used": {"value": false, "score": 0.01735687255859375}, "created": {"value": false, "score": 0.009860813617706299}, "shared": {"value": false, "score": 9.173154830932617e-05}}}, {"type": "software", "software-type": "software", "software-name": {"rawForm": "Molformer", "normalizedForm": "Molformer", "offsetStart": 212, "offsetEnd": 221}, "context": "Recent research has focused on applying language models over large databases of proteins or molecules for self-supervised representation learning, such as ESM [148] and ProteinBERT [10] for protein sequences, or Molformer for the molecule simplified molecular-input line-entry system (SMILES) [151]. ", "mentionContextAttributes": {"used": {"value": false, "score": 0.00013566017150878906}, "created": {"value": false, "score": 0.08617621660232544}, "shared": {"value": false, "score": 3.5762786865234375e-07}}, "documentContextAttributes": {"used": {"value": false, "score": 0.00013566017150878906}, "created": {"value": false, "score": 0.08617621660232544}, "shared": {"value": false, "score": 3.5762786865234375e-07}}}, {"type": "software", "software-type": "software", "software-name": {"rawForm": "LogMap", "normalizedForm": "LogMap", "offsetStart": 605, "offsetEnd": 616}, "context": "TERA includes three sub-KGs: (i) the Chemical sub-KG, which is constructed by integrating the vocabulary MeSH (Medical Subject Headings) with selective knowledge from two chemical databases PubChem and ChEMBL utilizing the chemical mappings in Wikidata; (ii) the Taxonomy sub-KG, which is constructed by integrating EOL (Environment Ontology for Livestock) and the NCBITaxon ontology utilizing NIBI-EOL mappings in Wikidata; and (iii) the ECOTOX sub-KG, which is composed of RDF triples transformed from experimental risk results and is aligned with the other two sub-KGs by the ontology alignment system LogMap [80] and the chemical mappings in Wikidata. ", "mentionContextAttributes": {"used": {"value": false, "score": 0.19322657585144043}, "created": {"value": false, "score": 1.0251998901367188e-05}, "shared": {"value": false, "score": 1.0728836059570312e-06}}, "documentContextAttributes": {"used": {"value": false, "score": 0.19322657585144043}, "created": {"value": false, "score": 1.0251998901367188e-05}, "shared": {"value": false, "score": 1.0728836059570312e-06}}}], "references": [{"refKey": 75, "tei": "<biblStruct xml:id=\"b75\">\n\t<analytic>\n\t\t<title level=\"a\" type=\"main\">5:27 Parkinson. OxO -A Gravy of Ontology Mapping Extracts</title>\n\t\t<author>\n\t\t\t<persName><forename type=\"first\">Simon</forename><surname>Jupp</surname></persName>\n\t\t</author>\n\t\t<author>\n\t\t\t<persName><forename type=\"first\">Thomas</forename><surname>Liener</surname></persName>\n\t\t</author>\n\t\t<author>\n\t\t\t<persName><forename type=\"first\">Sirarat</forename><surname>Sarntivijai</surname></persName>\n\t\t</author>\n\t\t<author>\n\t\t\t<persName><forename type=\"first\">Olga</forename><surname>Vrousgou</surname></persName>\n\t\t</author>\n\t\t<author>\n\t\t\t<persName><forename type=\"first\">Tony</forename><surname>Burdett</surname></persName>\n\t\t</author>\n\t\t<author>\n\t\t\t<persName><forename type=\"first\">Helen</forename><forename type=\"middle\">E</forename></persName>\n\t\t</author>\n\t</analytic>\n\t<monogr>\n\t\t<title level=\"m\">Proceedings of the 8th International Conference on Biomedical Ontology (ICBO 2017)</title>\n\t\t<title level=\"s\">CEUR Workshop Proceedings</title>\n\t\t<editor>\n\t\t\t<persName><forename type=\"first\">Matthew</forename><surname>Horridge</surname></persName>\n\t\t</editor>\n\t\t<editor>\n\t\t\t<persName><forename type=\"first\">Phillip</forename><surname>Lord</surname></persName>\n\t\t</editor>\n\t\t<editor>\n\t\t\t<persName><forename type=\"first\">Jennifer</forename><forename type=\"middle\">D</forename><surname>Warrender</surname></persName>\n\t\t</editor>\n\t\t<meeting>the 8th International Conference on Biomedical Ontology (ICBO 2017)</meeting>\n\t\t<imprint>\n\t\t\t<date>2017</date>\n\t\t\t<biblScope unit=\"volume\">2137</biblScope>\n\t\t</imprint>\n\t</monogr>\n</biblStruct>\n"}, {"refKey": 0, "tei": "<biblStruct xml:id=\"b0\">\n\t<monogr>\n\t\t<title level=\"m\" type=\"main\">Knowledge Graphs for the Life Sciences: Recent Developments, Challenges and Opportunities *</title>\n\t\t<author>\n\t\t\t<persName><forename type=\"first\">Jiaoyan</forename><surname>Chen</surname></persName>\n\t\t</author>\n\t\t<author>\n\t\t\t<persName><forename type=\"first\">Hang</forename><surname>Dong</surname></persName>\n\t\t</author>\n\t\t<author>\n\t\t\t<persName><forename type=\"first\">Janna</forename><surname>Hastings</surname></persName>\n\t\t</author>\n\t\t<author>\n\t\t\t<persName><forename type=\"first\">Ernesto</forename><surname>Jim\u00e9nez-Ruiz</surname></persName>\n\t\t</author>\n\t\t<author>\n\t\t\t<persName><forename type=\"first\">Vanessa</forename><surname>L\u00f3pez</surname></persName>\n\t\t</author>\n\t\t<author>\n\t\t\t<persName><forename type=\"first\">Pierre</forename><surname>Monnin</surname></persName>\n\t\t</author>\n\t\t<author>\n\t\t\t<persName><forename type=\"first\">Catia</forename><surname>Pesquita</surname></persName>\n\t\t</author>\n\t\t<author>\n\t\t\t<persName><forename type=\"first\">Petr</forename><surname>\u0160koda</surname></persName>\n\t\t</author>\n\t\t<author>\n\t\t\t<persName><forename type=\"first\">Valentina</forename><surname>Tamma</surname></persName>\n\t\t</author>\n\t\t<author>\n\t\t\t<persName><forename type=\"first\">Hang</forename><surname>Chen</surname></persName>\n\t\t</author>\n\t\t<author>\n\t\t\t<persName><forename type=\"first\">Janna</forename><surname>Dong</surname></persName>\n\t\t</author>\n\t\t<author>\n\t\t\t<persName><forename type=\"first\">Valentina</forename><surname>Hastings</surname></persName>\n\t\t</author>\n\t\t<author>\n\t\t\t<persName><surname>Tamma</surname></persName>\n\t\t</author>\n\t\t<author>\n\t\t\t<persName><forename type=\"first\">Aidan</forename><surname>Hogan</surname></persName>\n\t\t</author>\n\t\t<author>\n\t\t\t<persName><forename type=\"first\">Ian</forename><surname>Horrocks</surname></persName>\n\t\t</author>\n\t\t<author>\n\t\t\t<persName><forename type=\"first\">Andreas</forename><surname>Hotho</surname></persName>\n\t\t</author>\n\t\t<author>\n\t\t\t<persName><forename type=\"first\">Lalana</forename><surname>Kagal</surname></persName>\n\t\t</author>\n\t\t<idno type=\"DOI\">10.4230/TGDK.1.1.5</idno>\n\t\t<idno>808AAB72DE34041DFE27263F289C3BC0</idno>\n\t\t<imprint>\n\t\t\t<date></date>\n\t\t</imprint>\n\t</monogr>\n</biblStruct>\n"}, {"refKey": 41, "tei": "<biblStruct xml:id=\"b41\">\n\t<analytic>\n\t\t<title level=\"a\" type=\"main\">ChEMBL: a large-scale bioactivity database for drug discovery</title>\n\t\t<author>\n\t\t\t<persName><forename type=\"first\">Anna</forename><surname>Gaulton</surname></persName>\n\t\t</author>\n\t\t<author>\n\t\t\t<persName><forename type=\"first\">Louisa</forename><forename type=\"middle\">J</forename><surname>Bellis</surname></persName>\n\t\t</author>\n\t\t<author>\n\t\t\t<persName><forename type=\"first\">A</forename><forename type=\"middle\">P</forename><surname>Bento</surname></persName>\n\t\t</author>\n\t\t<author>\n\t\t\t<persName><forename type=\"first\">Jon</forename><surname>Chambers</surname></persName>\n\t\t</author>\n\t\t<author>\n\t\t\t<persName><forename type=\"first\">Mark</forename><surname>Davies</surname></persName>\n\t\t</author>\n\t\t<author>\n\t\t\t<persName><forename type=\"first\">Anne</forename><surname>Hersey</surname></persName>\n\t\t</author>\n\t\t<author>\n\t\t\t<persName><forename type=\"first\">Yvonne</forename><surname>Light</surname></persName>\n\t\t</author>\n\t\t<author>\n\t\t\t<persName><forename type=\"first\">Shaun</forename><surname>Mcglinchey</surname></persName>\n\t\t</author>\n\t\t<author>\n\t\t\t<persName><forename type=\"first\">David</forename><surname>Michalovich</surname></persName>\n\t\t</author>\n\t\t<author>\n\t\t\t<persName><forename type=\"first\">Bissan</forename><surname>Al-Lazikani</surname></persName>\n\t\t</author>\n\t\t<author>\n\t\t\t<persName><forename type=\"first\">John</forename><forename type=\"middle\">P</forename><surname>Overington</surname></persName>\n\t\t</author>\n\t\t<idno type=\"DOI\">10.1093/nar/gkr777</idno>\n\t</analytic>\n\t<monogr>\n\t\t<title level=\"j\">Nucleic Acids Research</title>\n\t\t<title level=\"j\" type=\"abbrev\">Nucleic Acids Research</title>\n\t\t<idno type=\"ISSN\">0305-1048</idno>\n\t\t<idno type=\"ISSNe\">1362-4962</idno>\n\t\t<imprint>\n\t\t\t<biblScope unit=\"volume\">40</biblScope>\n\t\t\t<biblScope unit=\"issue\">D1</biblScope>\n\t\t\t<biblScope unit=\"page\" from=\"D1100\" to=\"D1107\" />\n\t\t\t<date type=\"published\" when=\"2011-09-23\">2012</date>\n\t\t\t<publisher>Oxford University Press (OUP)</publisher>\n\t\t</imprint>\n\t</monogr>\n</biblStruct>\n"}], "runtime": 119814, "id": "27d859fc334627f3e6d74c2c541626283bf8bbff", "metadata": {"id": "27d859fc334627f3e6d74c2c541626283bf8bbff"}, "original_file_path": "../../datalake/Samuel/SOFTware-Sync/data/xml_files/hal-04353523.grobid.tei.xml", "file_name": "hal-04353523.grobid.tei.xml"}