{"application": "software-mentions", "version": "0.8.0", "date": "2024-04-12T16:07+0000", "md5": "4978BFA1DD6249597C53EDE8CEDE8D8A", "mentions": [{"type": "software", "software-type": "software", "wikidataId": "Q465", "wikipediaExternalRef": 11865154, "lang": "en", "confidence": 0.9004, "software-name": {"rawForm": "DBpedia Spotlight", "normalizedForm": "DBpedia Spotlight", "wikidataId": "Q465", "wikipediaExternalRef": 11865154, "lang": "en", "confidence": 0.9004, "offsetStart": 20, "offsetEnd": 37}, "context": "In order to improve DBpedia Spotlight's detection capabilities, words or abbreviated expressions within medical reports are added to text fields using a symbolic approach, with rules and dictionaries (e.g., the abbreviation \"ic\" which means \"heart failure\" is not recognized by DBpedia Spotlight, but is thus correctly identified through this symbolic approach).", "mentionContextAttributes": {"used": {"value": false, "score": 0.002019822597503662}, "created": {"value": false, "score": 4.166364669799805e-05}, "shared": {"value": false, "score": 7.748603820800781e-07}}, "documentContextAttributes": {"used": {"value": true, "score": 0.9998123645782471}, "created": {"value": false, "score": 0.006424129009246826}, "shared": {"value": false, "score": 1.4901161193847656e-06}}}, {"type": "software", "software-type": "software", "wikidataId": "Q54871", "wikipediaExternalRef": 2574343, "lang": "en", "confidence": 0.7837, "software-name": {"rawForm": "SPARQL", "normalizedForm": "SPARQL", "wikidataId": "Q54871", "wikipediaExternalRef": 2574343, "lang": "en", "confidence": 0.7837, "offsetStart": 25, "offsetEnd": 31}, "version": {"rawForm": "1.1", "normalizedForm": "1.1", "offsetStart": 32, "offsetEnd": 35}, "context": "It implements RDF, RDFS, SPARQL 1.1 Query & Update, OWL RL.", "mentionContextAttributes": {"used": {"value": false, "score": 0.15987038612365723}, "created": {"value": false, "score": 0.0001004338264465332}, "shared": {"value": false, "score": 1.7881393432617188e-07}}, "documentContextAttributes": {"used": {"value": true, "score": 0.9999890327453613}, "created": {"value": false, "score": 0.0001004338264465332}, "shared": {"value": false, "score": 1.7881393432617188e-07}}}, {"type": "software", "software-type": "software", "wikidataId": "Q465", "wikipediaExternalRef": 11865154, "lang": "en", "confidence": 0.9004, "software-name": {"rawForm": "DBpedia Spotlight", "normalizedForm": "DBpedia Spotlight", "wikidataId": "Q465", "wikipediaExternalRef": 11865154, "lang": "en", "confidence": 0.9004, "offsetStart": 64, "offsetEnd": 81}, "context": "For each EMR to model, from the list of resources identified by DBpedia Spotlight, we query the access point of the French-speaking chapter of DBpedia4 to determine if these resources have as subject (property dcterms:subject) one or more of the 14 selected concepts.", "mentionContextAttributes": {"used": {"value": true, "score": 0.8878211975097656}, "created": {"value": false, "score": 2.6524066925048828e-05}, "shared": {"value": false, "score": 2.980232238769531e-07}}, "documentContextAttributes": {"used": {"value": true, "score": 0.9998123645782471}, "created": {"value": false, "score": 0.006424129009246826}, "shared": {"value": false, "score": 1.4901161193847656e-06}}}, {"type": "software", "software-type": "software", "wikidataId": "Q465", "wikipediaExternalRef": 11865154, "lang": "en", "confidence": 0.9004, "software-name": {"rawForm": "DBpedia Spotlight", "normalizedForm": "DBpedia Spotlight", "wikidataId": "Q465", "wikipediaExternalRef": 11865154, "lang": "en", "confidence": 0.9004, "offsetStart": 104, "offsetEnd": 124}, "context": "To detect in an EMR concepts from the medical domain present in DBpedia, we used the semantic annotator DBpedia Spotlight [7]. ", "mentionContextAttributes": {"used": {"value": true, "score": 0.9998123645782471}, "created": {"value": false, "score": 3.039836883544922e-06}, "shared": {"value": false, "score": 1.7881393432617188e-07}}, "documentContextAttributes": {"used": {"value": true, "score": 0.9998123645782471}, "created": {"value": false, "score": 0.006424129009246826}, "shared": {"value": false, "score": 1.4901161193847656e-06}}}, {"type": "software", "software-type": "software", "wikidataId": "Q465", "wikipediaExternalRef": 11865154, "lang": "en", "confidence": 0.9052, "software-name": {"rawForm": "DBpedia Spotlight", "normalizedForm": "DBpedia Spotlight", "wikidataId": "Q465", "wikipediaExternalRef": 11865154, "lang": "en", "confidence": 0.9052, "offsetStart": 108, "offsetEnd": 125}, "context": "The creation of vector representations was done on the HP Elite-Book and on this same machine were deployed DBpedia Spotlight as well as domain-specific ontologies with Corese Semantic Web Factory [6], 11 a software platform for the Semantic Web. ", "mentionContextAttributes": {"used": {"value": true, "score": 0.9992122054100037}, "created": {"value": false, "score": 0.006424129009246826}, "shared": {"value": false, "score": 1.4901161193847656e-06}}, "documentContextAttributes": {"used": {"value": true, "score": 0.9998123645782471}, "created": {"value": false, "score": 0.006424129009246826}, "shared": {"value": false, "score": 1.4901161193847656e-06}}}, {"type": "software", "software-type": "software", "wikidataId": "Q1026367", "wikipediaExternalRef": 33490859, "lang": "en", "confidence": 0.7138, "software-name": {"rawForm": "Scikit-Learn", "normalizedForm": "Scikit-Learn", "wikidataId": "Q1026367", "wikipediaExternalRef": 33490859, "lang": "en", "confidence": 0.7138, "offsetStart": 109, "offsetEnd": 121}, "context": "We performed the hospitalization prediction task with different state-of-the-art algorithms available in the Scikit-Learn library [14]:", "mentionContextAttributes": {"used": {"value": true, "score": 0.999994695186615}, "created": {"value": false, "score": 4.369020462036133e-05}, "shared": {"value": false, "score": 1.7881393432617188e-07}}, "documentContextAttributes": {"used": {"value": true, "score": 0.999994695186615}, "created": {"value": false, "score": 4.369020462036133e-05}, "shared": {"value": false, "score": 1.7881393432617188e-07}}, "references": [{"label": "[14]", "normalizedForm": "[14]", "refKey": 14, "offsetStart": 19079, "offsetEnd": 19083}]}, {"type": "software", "software-type": "software", "wikidataId": "Q17064545", "wikipediaExternalRef": 40008429, "lang": "en", "confidence": 0.6255, "software-name": {"rawForm": "libsvm", "normalizedForm": "libsvm", "wikidataId": "Q17064545", "wikipediaExternalRef": 40008429, "lang": "en", "confidence": 0.6255, "offsetStart": 116, "offsetEnd": 122}, "context": "-SV C: Support vector machine (SVC stands for 'Support Vector Classification') whose implementation is based on the libsvm implementation [4]. ", "mentionContextAttributes": {"used": {"value": false, "score": 0.0029054880142211914}, "created": {"value": false, "score": 0.00025463104248046875}, "shared": {"value": false, "score": 1.7881393432617188e-07}}, "documentContextAttributes": {"used": {"value": false, "score": 0.0029054880142211914}, "created": {"value": false, "score": 0.00025463104248046875}, "shared": {"value": false, "score": 1.7881393432617188e-07}}}, {"type": "software", "software-type": "software", "wikidataId": "Q465", "wikipediaExternalRef": 11865154, "lang": "en", "confidence": 0.9004, "software-name": {"rawForm": "DBpedia Spotlight", "normalizedForm": "DBpedia Spotlight", "wikidataId": "Q465", "wikipediaExternalRef": 11865154, "lang": "en", "confidence": 0.9004, "offsetStart": 156, "offsetEnd": 173}, "context": "The text field related to symptoms has been poorly filled in by doctors -as it was an 'observation' field -and the majority of the remarks thus detected by DBpedia Spotlight are mostly false alerts.", "mentionContextAttributes": {"used": {"value": true, "score": 0.5811144113540649}, "created": {"value": false, "score": 1.4841556549072266e-05}, "shared": {"value": false, "score": 1.7881393432617188e-07}}, "documentContextAttributes": {"used": {"value": true, "score": 0.9998123645782471}, "created": {"value": false, "score": 0.006424129009246826}, "shared": {"value": false, "score": 1.4901161193847656e-06}}}, {"type": "software", "software-type": "software", "software-name": {"rawForm": "Corese Semantic Web Factory", "normalizedForm": "Corese Semantic Web Factory", "offsetStart": 169, "offsetEnd": 199}, "context": "The creation of vector representations was done on the HP Elite-Book and on this same machine were deployed DBpedia Spotlight as well as domain-specific ontologies with Corese Semantic Web Factory [6], 11 a software platform for the Semantic Web. ", "mentionContextAttributes": {"used": {"value": true, "score": 0.9992121458053589}, "created": {"value": false, "score": 0.006424129009246826}, "shared": {"value": false, "score": 1.430511474609375e-06}}, "documentContextAttributes": {"used": {"value": true, "score": 0.9992121458053589}, "created": {"value": false, "score": 0.006424129009246826}, "shared": {"value": false, "score": 1.430511474609375e-06}}}, {"type": "software", "software-type": "software", "wikidataId": "Q54871", "wikipediaExternalRef": 2574343, "lang": "en", "confidence": 0.9098, "software-name": {"rawForm": "SPARQL", "normalizedForm": "SPARQL", "wikidataId": "Q54871", "wikipediaExternalRef": 2574343, "lang": "en", "confidence": 0.9098, "offsetStart": 213, "offsetEnd": 219}, "version": {"rawForm": "1.1", "normalizedForm": "1.1", "offsetStart": 220, "offsetEnd": 223}, "context": "We extracted from the ATC OWL-SKOS representation the labels of the superclasses of the drugs listed in the PRIMEGE database, using the properties rdfs:subClassOf and member of on different depth levels thanks to SPARQL 1.1 queries with property paths10 (e.g. ", "mentionContextAttributes": {"used": {"value": true, "score": 0.9999890327453613}, "created": {"value": false, "score": 2.1457672119140625e-06}, "shared": {"value": false, "score": 1.1920928955078125e-07}}, "documentContextAttributes": {"used": {"value": true, "score": 0.9999890327453613}, "created": {"value": false, "score": 0.0001004338264465332}, "shared": {"value": false, "score": 1.7881393432617188e-07}}}, {"type": "software", "software-type": "software", "wikidataId": "Q465", "wikipediaExternalRef": 11865154, "lang": "en", "confidence": 0.9004, "software-name": {"rawForm": "DBpedia Spotlight", "normalizedForm": "DBpedia Spotlight", "wikidataId": "Q465", "wikipediaExternalRef": 11865154, "lang": "en", "confidence": 0.9004, "offsetStart": 278, "offsetEnd": 295}, "context": "In order to improve DBpedia Spotlight's detection capabilities, words or abbreviated expressions within medical reports are added to text fields using a symbolic approach, with rules and dictionaries (e.g., the abbreviation \"ic\" which means \"heart failure\" is not recognized by DBpedia Spotlight, but is thus correctly identified through this symbolic approach).", "mentionContextAttributes": {"used": {"value": false, "score": 0.002019822597503662}, "created": {"value": false, "score": 4.1604042053222656e-05}, "shared": {"value": false, "score": 7.152557373046875e-07}}, "documentContextAttributes": {"used": {"value": true, "score": 0.9998123645782471}, "created": {"value": false, "score": 0.006424129009246826}, "shared": {"value": false, "score": 1.4901161193847656e-06}}}], "references": [{"refKey": 14, "tei": "<biblStruct xml:id=\"b14\">\n\t<analytic>\n\t\t<title level=\"a\" type=\"main\">Scikit-learn: Machine learning in Python</title>\n\t\t<author>\n\t\t\t<persName><forename type=\"first\">F</forename><surname>Pedregosa</surname></persName>\n\t\t</author>\n\t\t<author>\n\t\t\t<persName><forename type=\"first\">G</forename><surname>Varoquaux</surname></persName>\n\t\t</author>\n\t\t<author>\n\t\t\t<persName><forename type=\"first\">A</forename><surname>Gramfort</surname></persName>\n\t\t</author>\n\t\t<author>\n\t\t\t<persName><forename type=\"first\">V</forename><surname>Michel</surname></persName>\n\t\t</author>\n\t\t<author>\n\t\t\t<persName><forename type=\"first\">B</forename><surname>Thirion</surname></persName>\n\t\t</author>\n\t\t<author>\n\t\t\t<persName><forename type=\"first\">O</forename><surname>Grisel</surname></persName>\n\t\t</author>\n\t\t<author>\n\t\t\t<persName><forename type=\"first\">M</forename><surname>Blondel</surname></persName>\n\t\t</author>\n\t\t<author>\n\t\t\t<persName><forename type=\"first\">P</forename><surname>Prettenhofer</surname></persName>\n\t\t</author>\n\t\t<author>\n\t\t\t<persName><forename type=\"first\">R</forename><surname>Weiss</surname></persName>\n\t\t</author>\n\t\t<author>\n\t\t\t<persName><forename type=\"first\">V</forename><surname>Dubourg</surname></persName>\n\t\t</author>\n\t\t<author>\n\t\t\t<persName><forename type=\"first\">J</forename><surname>Vanderplas</surname></persName>\n\t\t</author>\n\t\t<author>\n\t\t\t<persName><forename type=\"first\">A</forename><surname>Passos</surname></persName>\n\t\t</author>\n\t\t<author>\n\t\t\t<persName><forename type=\"first\">D</forename><surname>Cournapeau</surname></persName>\n\t\t</author>\n\t\t<author>\n\t\t\t<persName><forename type=\"first\">M</forename><surname>Brucher</surname></persName>\n\t\t</author>\n\t\t<author>\n\t\t\t<persName><forename type=\"first\">M</forename><surname>Perrot</surname></persName>\n\t\t</author>\n\t\t<author>\n\t\t\t<persName><forename type=\"first\">E</forename><surname>Duchesnay</surname></persName>\n\t\t</author>\n\t</analytic>\n\t<monogr>\n\t\t<title level=\"j\">Journal of Machine Learning Research</title>\n\t\t<imprint>\n\t\t\t<biblScope unit=\"volume\">12</biblScope>\n\t\t\t<biblScope unit=\"page\">2830</biblScope>\n\t\t\t<date>2011</date>\n\t\t</imprint>\n\t</monogr>\n</biblStruct>\n"}], "runtime": 28506, "id": "3264a31d57bb16073a52935c5a40062588b5c49f", "metadata": {"id": "3264a31d57bb16073a52935c5a40062588b5c49f"}, "original_file_path": "../../datalake/Samuel/SOFTware-Sync/data/xml_files/hal-02064421.grobid.tei.xml", "file_name": "hal-02064421.grobid.tei.xml"}