{"application": "software-mentions", "version": "0.8.0", "date": "2024-04-15T07:24+0000", "md5": "3B60C52858AA16AE4DF620F87AA5173A", "mentions": [{"type": "software", "software-type": "software", "software-name": {"rawForm": "RDFQuotient", "normalizedForm": "RDFQuotient", "offsetStart": 0, "offsetEnd": 11}, "context": "RDFQuotient summaries can be built efficiently, in linear time in the size of the graph. ", "mentionContextAttributes": {"used": {"value": false, "score": 0.0004392266273498535}, "created": {"value": false, "score": 9.238719940185547e-06}, "shared": {"value": false, "score": 2.980232238769531e-07}}, "documentContextAttributes": {"used": {"value": true, "score": 0.9999168515205383}, "created": {"value": true, "score": 0.999823808670044}, "shared": {"value": false, "score": 1.6093254089355469e-06}}}, {"type": "software", "software-type": "software", "software-name": {"rawForm": "RDFQuotient", "normalizedForm": "RDFQuotient", "offsetStart": 0, "offsetEnd": 11}, "context": "RDFQuotient summarizes the structure of the data triples, which form a vast majority of RDF graphs; complementary proposals summarize the ontology, the values, find the most frequent property groups etc. Closest to us are quotient summaries which group nodes by the set of their outgoing data properties (\"characteristic sets\" [6]) and possibly also by by the set of their incoming data properties (forward and backward bisimulation [5]). ", "mentionContextAttributes": {"used": {"value": true, "score": 0.964512050151825}, "created": {"value": false, "score": 3.159046173095703e-06}, "shared": {"value": false, "score": 1.6093254089355469e-06}}, "documentContextAttributes": {"used": {"value": true, "score": 0.9999168515205383}, "created": {"value": true, "score": 0.999823808670044}, "shared": {"value": false, "score": 1.6093254089355469e-06}}}, {"type": "software", "software-type": "software", "software-name": {"rawForm": "RDFQuotient", "normalizedForm": "RDFQuotient", "offsetStart": 3, "offsetEnd": 14}, "context": "An RDFQuotient summary provides an overview of the complete structure of an RDF graph, while being typically many orders of magnitude smaller, thus can be easily grasped by new users. ", "mentionContextAttributes": {"used": {"value": false, "score": 5.811452865600586e-05}, "created": {"value": false, "score": 3.8683414459228516e-05}, "shared": {"value": false, "score": 4.172325134277344e-07}}, "documentContextAttributes": {"used": {"value": true, "score": 0.9999168515205383}, "created": {"value": true, "score": 0.999823808670044}, "shared": {"value": false, "score": 1.6093254089355469e-06}}}, {"type": "software", "software-type": "software", "software-name": {"rawForm": "RDFQuotient", "normalizedForm": "RDFQuotient", "offsetStart": 15, "offsetEnd": 26}, "context": "We demonstrate RDFQuotient, a tool for constructing a complete summary of the structure of an RDF graph which does not require any user input. ", "mentionContextAttributes": {"used": {"value": true, "score": 0.9999168515205383}, "created": {"value": true, "score": 0.928559422492981}, "shared": {"value": false, "score": 1.7881393432617188e-07}}, "documentContextAttributes": {"used": {"value": true, "score": 0.9999168515205383}, "created": {"value": true, "score": 0.999823808670044}, "shared": {"value": false, "score": 1.6093254089355469e-06}}}, {"type": "software", "software-type": "software", "software-name": {"rawForm": "RDFQuotient", "normalizedForm": "RDFQuotient", "offsetStart": 19, "offsetEnd": 30}, "context": "We demonstrate our RDFQuotient tool, which builds compact summaries of heterogeneous RDF graphs for the purpose of first-sight visualizations. ", "mentionContextAttributes": {"used": {"value": true, "score": 0.9954267144203186}, "created": {"value": true, "score": 0.999823808670044}, "shared": {"value": false, "score": 2.980232238769531e-07}}, "documentContextAttributes": {"used": {"value": true, "score": 0.9999168515205383}, "created": {"value": true, "score": 0.999823808670044}, "shared": {"value": false, "score": 1.6093254089355469e-06}}}, {"type": "software", "software-type": "software", "software-name": {"rawForm": "RDFQuotient", "normalizedForm": "RDFQuotient", "offsetStart": 28, "offsetEnd": 39}, "context": "The particular advantage of RDFQuotient is its tolerance to heterogeneity, which enables it to build compact, easy-to-visualize summaries even from very large graphs, while preserving many of the important structural features of the graph. ", "mentionContextAttributes": {"used": {"value": false, "score": 5.716085433959961e-05}, "created": {"value": false, "score": 0.0007257461547851562}, "shared": {"value": false, "score": 4.172325134277344e-07}}, "documentContextAttributes": {"used": {"value": true, "score": 0.9999168515205383}, "created": {"value": true, "score": 0.999823808670044}, "shared": {"value": false, "score": 1.6093254089355469e-06}}}, {"type": "software", "software-type": "software", "software-name": {"rawForm": "Postgres", "normalizedForm": "Postgres", "offsetStart": 65, "offsetEnd": 73}, "version": {"rawForm": "9.6", "normalizedForm": "9.6", "offsetStart": 74, "offsetEnd": 77}, "context": "The implementation is made in Java 1.8; RDF graphs are stored in Postgres 9.6 and traversed from there. ", "mentionContextAttributes": {"used": {"value": true, "score": 0.8103987574577332}, "created": {"value": false, "score": 1.9609928131103516e-05}, "shared": {"value": false, "score": 1.7881393432617188e-07}}, "documentContextAttributes": {"used": {"value": true, "score": 0.8103987574577332}, "created": {"value": false, "score": 1.9609928131103516e-05}, "shared": {"value": false, "score": 1.7881393432617188e-07}}}, {"type": "software", "software-type": "software", "software-name": {"rawForm": "RDFQuotient", "normalizedForm": "RDFQuotient", "offsetStart": 71, "offsetEnd": 82}, "context": "Motivating example Figure 1 illustrates a possible visualization of an RDFQuotient summary of a BSBM [1] benchmark graph of 10 8 triples.", "mentionContextAttributes": {"used": {"value": false, "score": 0.01142263412475586}, "created": {"value": false, "score": 1.4901161193847656e-06}, "shared": {"value": false, "score": 1.7881393432617188e-07}}, "documentContextAttributes": {"used": {"value": true, "score": 0.9999168515205383}, "created": {"value": true, "score": 0.999823808670044}, "shared": {"value": false, "score": 1.6093254089355469e-06}}}, {"type": "software", "software-type": "software", "software-name": {"rawForm": "RDFQuotient", "normalizedForm": "RDFQuotient", "offsetStart": 96, "offsetEnd": 107}, "context": "These relations lead to the typed weak (G /\u2261 TW ), respectively, to the typed strong (G /\u2261 TS ) RDFQuotient summaries.", "mentionContextAttributes": {"used": {"value": true, "score": 0.9695860147476196}, "created": {"value": false, "score": 2.2649765014648438e-06}, "shared": {"value": false, "score": 1.1920928955078125e-07}}, "documentContextAttributes": {"used": {"value": true, "score": 0.9999168515205383}, "created": {"value": true, "score": 0.999823808670044}, "shared": {"value": false, "score": 1.6093254089355469e-06}}}, {"type": "software", "software-type": "software", "software-name": {"rawForm": "RDFQuotient", "normalizedForm": "RDFQuotient", "offsetStart": 206, "offsetEnd": 217}, "context": "Further, we decide that in any RDF equivalence relation, any class node, i.e., a URI c appearing in a triple of the form (n, type, c), is (i) only equivalent to itself and (ii) represented by itself in any RDFQuotient summary.", "mentionContextAttributes": {"used": {"value": false, "score": 0.10383367538452148}, "created": {"value": false, "score": 1.2636184692382812e-05}, "shared": {"value": false, "score": 9.5367431640625e-07}}, "documentContextAttributes": {"used": {"value": true, "score": 0.9999168515205383}, "created": {"value": true, "score": 0.999823808670044}, "shared": {"value": false, "score": 1.6093254089355469e-06}}}], "references": [], "runtime": 56396, "id": "3a32d7e159f03f276b3d747a376ee248fb175a1d", "metadata": {"id": "3a32d7e159f03f276b3d747a376ee248fb175a1d"}, "original_file_path": "../../datalake/Samuel/SOFTware-Sync/data/xml_not_sofctied/hal-01978784.grobid.tei.xml", "file_name": "hal-01978784.grobid.tei.xml"}