{"application": "software-mentions", "version": "0.8.0", "date": "2024-04-12T16:02+0000", "md5": "3268EA7B564B97518F0BFEC60449A172", "mentions": [{"type": "software", "software-type": "software", "software-name": {"rawForm": "WebAudio", "normalizedForm": "WebAudio", "offsetStart": 4, "offsetEnd": 12}, "context": "The WebAudio API was incomplete!", "mentionContextAttributes": {"used": {"value": true, "score": 0.9937253594398499}, "created": {"value": false, "score": 7.998943328857422e-05}, "shared": {"value": false, "score": 2.1457672119140625e-06}}, "documentContextAttributes": {"used": {"value": true, "score": 0.9937253594398499}, "created": {"value": false, "score": 7.998943328857422e-05}, "shared": {"value": false, "score": 2.1457672119140625e-06}}}], "references": [], "runtime": 64222, "id": "16e6be732e893d907066aa8e7e7d83101805c42c", "metadata": {"id": "16e6be732e893d907066aa8e7e7d83101805c42c"}, "original_file_path": "../../datalake/Samuel/SOFTware-Sync/data/xml_files/hal-03871527.grobid.tei.xml", "file_name": "hal-03871527.grobid.tei.xml"}