{"application": "software-mentions", "version": "0.8.0", "date": "2024-04-12T16:22+0000", "md5": "122E1E6BA74ECE3F91289A8A8E8A7B74", "mentions": [{"type": "software", "software-type": "software", "wikidataId": "Q1171872", "wikipediaExternalRef": 1329168, "lang": "en", "confidence": 0.6033, "software-name": {"rawForm": "Dashboard", "normalizedForm": "Dashboard", "wikidataId": "Q1171872", "wikipediaExternalRef": 1329168, "lang": "en", "confidence": 0.6033, "offsetStart": 14, "offsetEnd": 23}, "context": "2) Researcher Dashboard: The researcher dashboard will facilitate that researchers can browse advertised datasets, add/remove a dataset to/from favorites, define cohort, get descriptive statistics, train AI models, etc. ", "mentionContextAttributes": {"used": {"value": false, "score": 0.00014030933380126953}, "created": {"value": false, "score": 0.002136409282684326}, "shared": {"value": false, "score": 2.384185791015625e-06}}, "documentContextAttributes": {"used": {"value": false, "score": 0.00014030933380126953}, "created": {"value": false, "score": 0.002136409282684326}, "shared": {"value": false, "score": 2.384185791015625e-06}}}], "references": [], "runtime": 61563, "id": "92b366843fb7101c02f5d626a9076c519ac5e51b", "metadata": {"id": "92b366843fb7101c02f5d626a9076c519ac5e51b"}, "original_file_path": "../../datalake/Samuel/SOFTware-Sync/data/xml_files/hal-04092216.grobid.tei.xml", "file_name": "hal-04092216.grobid.tei.xml"}