{"application": "software-mentions", "version": "0.8.0", "date": "2024-04-12T16:18+0000", "md5": "58EA0578C03699EE6BD5B13E7F6DD251", "mentions": [{"type": "software", "software-type": "software", "wikidataId": "Q47509047", "wikipediaExternalRef": 54022970, "lang": "en", "confidence": 0.7789, "software-name": {"rawForm": "Pytorch", "normalizedForm": "Pytorch", "wikidataId": "Q47509047", "wikipediaExternalRef": 54022970, "lang": "en", "confidence": 0.7789, "offsetStart": 46, "offsetEnd": 53}, "publisher": {"rawForm": "TensorRT", "normalizedForm": "TensorRT", "offsetStart": 55, "offsetEnd": 63}, "context": "Specifically, the models are implemented with Pytorch (TensorRT) framework  for an inference time testing on the Nvidia GTX 1080Ti (Nvidia TX2) platform. ", "mentionContextAttributes": {"used": {"value": false, "score": 0.3318633437156677}, "created": {"value": false, "score": 0.04734891653060913}, "shared": {"value": false, "score": 1.1920928955078125e-07}}, "documentContextAttributes": {"used": {"value": false, "score": 0.3318633437156677}, "created": {"value": false, "score": 0.04734891653060913}, "shared": {"value": false, "score": 1.1920928955078125e-07}}}, {"type": "software", "software-type": "software", "wikidataId": "Q169478", "wikipediaExternalRef": 20412, "lang": "en", "confidence": 0.9128, "software-name": {"rawForm": "MATLAB", "normalizedForm": "MATLAB", "wikidataId": "Q169478", "wikipediaExternalRef": 20412, "lang": "en", "confidence": 0.9128, "offsetStart": 291, "offsetEnd": 297}, "context": "It can be observed that GAFF achieves state-of-the-art performance on this dataset (it is slightly less accurate than CFR [19], which applies cascaded Fuse-and-Refine blocks for sequential feature enhancement and needs more computation than GAFF (see Methods Platform Runtime ACF+T+THOG [8] MATLAB 2730ms Halfway Fusion [14] Titan X 430ms Fusion RPN+BF [14] MATLAB 800ms IAF R-CNN [11] Titan X 210ms IATDNN+IASS [6] Titan X 250ms CIAN [20] 1080Ti 70ms MSDS-RCNN [10] Titan X 220ms CFR [19] 1080Ti 50ms GAFF (ours) 1080Ti 9.34ms Table 8: Detection results on FLIR dataset [1].", "mentionContextAttributes": {"used": {"value": false, "score": 0.18513107299804688}, "created": {"value": false, "score": 2.1457672119140625e-06}, "shared": {"value": false, "score": 3.5762786865234375e-07}}, "documentContextAttributes": {"used": {"value": false, "score": 0.18513131141662598}, "created": {"value": false, "score": 2.1457672119140625e-06}, "shared": {"value": false, "score": 3.5762786865234375e-07}}}, {"type": "software", "software-type": "environment", "wikidataId": "Q169478", "wikipediaExternalRef": 20412, "lang": "en", "confidence": 0.9128, "software-name": {"rawForm": "MATLAB", "normalizedForm": "MATLAB", "wikidataId": "Q169478", "wikipediaExternalRef": 20412, "lang": "en", "confidence": 0.9128, "offsetStart": 358, "offsetEnd": 364}, "context": "It can be observed that GAFF achieves state-of-the-art performance on this dataset (it is slightly less accurate than CFR [19], which applies cascaded Fuse-and-Refine blocks for sequential feature enhancement and needs more computation than GAFF (see Methods Platform Runtime ACF+T+THOG [8] MATLAB 2730ms Halfway Fusion [14] Titan X 430ms Fusion RPN+BF [14] MATLAB 800ms IAF R-CNN [11] Titan X 210ms IATDNN+IASS [6] Titan X 250ms CIAN [20] 1080Ti 70ms MSDS-RCNN [10] Titan X 220ms CFR [19] 1080Ti 50ms GAFF (ours) 1080Ti 9.34ms Table 8: Detection results on FLIR dataset [1].", "mentionContextAttributes": {"used": {"value": false, "score": 0.18513131141662598}, "created": {"value": false, "score": 2.1457672119140625e-06}, "shared": {"value": false, "score": 3.5762786865234375e-07}}, "documentContextAttributes": {"used": {"value": false, "score": 0.18513131141662598}, "created": {"value": false, "score": 2.1457672119140625e-06}, "shared": {"value": false, "score": 3.5762786865234375e-07}}}], "references": [], "runtime": 74368, "id": "f8b72ba98af99ef3815144fd3ac36a1ab102fa1c", "metadata": {"id": "f8b72ba98af99ef3815144fd3ac36a1ab102fa1c"}, "original_file_path": "../../datalake/Samuel/SOFTware-Sync/data/xml_files/hal-03119907.grobid.tei.xml", "file_name": "hal-03119907.grobid.tei.xml"}