{"application": "software-mentions", "version": "0.8.0", "date": "2024-04-15T07:11+0000", "md5": "B21FE31C26A7DAC4B40DF1186E0AD916", "mentions": [{"type": "software", "software-type": "software", "software-name": {"rawForm": "MapReduce", "normalizedForm": "MapReduce", "offsetStart": 20, "offsetEnd": 29}, "context": "Besides the seminal MapReduce framework [16], which is not suitable for iterative computations on the same data, one can mention Apache Spark [26], Apache Flink [10] and the machine learning-oriented Petuum [25]. ", "mentionContextAttributes": {"used": {"value": false, "score": 0.0005205273628234863}, "created": {"value": false, "score": 0.001513838768005371}, "shared": {"value": false, "score": 7.748603820800781e-07}}, "documentContextAttributes": {"used": {"value": false, "score": 0.0005205273628234863}, "created": {"value": false, "score": 0.001513838768005371}, "shared": {"value": false, "score": 7.748603820800781e-07}}}, {"type": "software", "software-type": "software", "software-name": {"rawForm": "Apache Spark", "normalizedForm": "Apache Spark", "offsetStart": 27, "offsetEnd": 39}, "context": "Some striking examples are Apache Spark [26] and Petuum [25], the latter being fully targeted to machine learning.", "mentionContextAttributes": {"used": {"value": false, "score": 0.0002567768096923828}, "created": {"value": false, "score": 0.00014495849609375}, "shared": {"value": false, "score": 1.7881393432617188e-07}}, "documentContextAttributes": {"used": {"value": false, "score": 0.0005205273628234863}, "created": {"value": false, "score": 0.001513838768005371}, "shared": {"value": false, "score": 7.748603820800781e-07}}, "references": [{"label": "[26]", "normalizedForm": "[26]", "refKey": 26, "offsetStart": 2257, "offsetEnd": 2261}]}, {"type": "software", "software-type": "software", "software-name": {"rawForm": "Apache Spark", "normalizedForm": "Apache Spark", "offsetStart": 40, "offsetEnd": 52}, "context": "For instance, the repartition method in Apache Spark relies on a deterministic shuffle which preserves the size of the partitions.", "mentionContextAttributes": {"used": {"value": false, "score": 8.970499038696289e-05}, "created": {"value": false, "score": 3.9637088775634766e-05}, "shared": {"value": false, "score": 1.7881393432617188e-07}}, "documentContextAttributes": {"used": {"value": false, "score": 0.0005205273628234863}, "created": {"value": false, "score": 0.001513838768005371}, "shared": {"value": false, "score": 7.748603820800781e-07}}, "references": [{"label": "[26]", "normalizedForm": "[26]", "refKey": 26}]}, {"type": "software", "software-type": "software", "software-name": {"rawForm": "Petuum", "normalizedForm": "Petuum", "offsetStart": 49, "offsetEnd": 55}, "context": "Some striking examples are Apache Spark [26] and Petuum [25], the latter being fully targeted to machine learning.", "mentionContextAttributes": {"used": {"value": false, "score": 0.0002567768096923828}, "created": {"value": false, "score": 0.00014495849609375}, "shared": {"value": false, "score": 1.7881393432617188e-07}}, "documentContextAttributes": {"used": {"value": false, "score": 0.0005205273628234863}, "created": {"value": false, "score": 0.001513838768005371}, "shared": {"value": false, "score": 7.748603820800781e-07}}, "references": [{"label": "[25]", "normalizedForm": "[25]", "refKey": 25, "offsetStart": 2273, "offsetEnd": 2277}]}, {"type": "software", "software-type": "software", "software-name": {"rawForm": "Hadoop Distributed File System", "normalizedForm": "Hadoop Distributed File System", "offsetStart": 100, "offsetEnd": 130}, "context": "In these frameworks, the data is typically first read from a distributed file system (such as HDFS, Hadoop Distributed File System) and partitioned across the memory of each machine in the form of an appropriate distributed data structure. ", "mentionContextAttributes": {"used": {"value": false, "score": 0.00978100299835205}, "created": {"value": false, "score": 0.0005396604537963867}, "shared": {"value": false, "score": 1.7285346984863281e-06}}, "documentContextAttributes": {"used": {"value": false, "score": 0.00978100299835205}, "created": {"value": false, "score": 0.0005396604537963867}, "shared": {"value": false, "score": 1.7285346984863281e-06}}}, {"type": "software", "software-type": "software", "software-name": {"rawForm": "Apache Spark", "normalizedForm": "Apache Spark", "offsetStart": 129, "offsetEnd": 145}, "context": "Besides the seminal MapReduce framework [16], which is not suitable for iterative computations on the same data, one can mention Apache Spark [26], Apache Flink [10] and the machine learning-oriented Petuum [25]. ", "mentionContextAttributes": {"used": {"value": false, "score": 0.0005205273628234863}, "created": {"value": false, "score": 0.001513838768005371}, "shared": {"value": false, "score": 7.748603820800781e-07}}, "documentContextAttributes": {"used": {"value": false, "score": 0.0005205273628234863}, "created": {"value": false, "score": 0.001513838768005371}, "shared": {"value": false, "score": 7.748603820800781e-07}}, "references": [{"label": "[26]", "normalizedForm": "[26]", "refKey": 26}]}, {"type": "software", "software-type": "software", "software-name": {"rawForm": "Apache Flink", "normalizedForm": "Apache Flink", "offsetStart": 148, "offsetEnd": 165}, "context": "Besides the seminal MapReduce framework [16], which is not suitable for iterative computations on the same data, one can mention Apache Spark [26], Apache Flink [10] and the machine learning-oriented Petuum [25]. ", "mentionContextAttributes": {"used": {"value": false, "score": 0.0005205273628234863}, "created": {"value": false, "score": 0.001513838768005371}, "shared": {"value": false, "score": 7.748603820800781e-07}}, "documentContextAttributes": {"used": {"value": false, "score": 0.0005205273628234863}, "created": {"value": false, "score": 0.001513838768005371}, "shared": {"value": false, "score": 7.748603820800781e-07}}}, {"type": "software", "software-type": "software", "software-name": {"rawForm": "Petuum", "normalizedForm": "Petuum", "offsetStart": 200, "offsetEnd": 210}, "context": "Besides the seminal MapReduce framework [16], which is not suitable for iterative computations on the same data, one can mention Apache Spark [26], Apache Flink [10] and the machine learning-oriented Petuum [25]. ", "mentionContextAttributes": {"used": {"value": false, "score": 0.0005205273628234863}, "created": {"value": false, "score": 0.001513838768005371}, "shared": {"value": false, "score": 7.748603820800781e-07}}, "documentContextAttributes": {"used": {"value": false, "score": 0.0005205273628234863}, "created": {"value": false, "score": 0.001513838768005371}, "shared": {"value": false, "score": 7.748603820800781e-07}}, "references": [{"label": "[25]", "normalizedForm": "[25]", "refKey": 25}]}], "references": [{"refKey": 26, "tei": "<biblStruct xml:id=\"b26\">\n\t<monogr>\n\t\t<author>\n\t\t\t<persName><forename type=\"first\">M</forename><surname>Zaharia</surname></persName>\n\t\t</author>\n\t\t<author>\n\t\t\t<persName><forename type=\"first\">M</forename><surname>Chowdhury</surname></persName>\n\t\t</author>\n\t\t<author>\n\t\t\t<persName><forename type=\"first\">M</forename><forename type=\"middle\">J</forename><surname>Franklin</surname></persName>\n\t\t</author>\n\t\t<author>\n\t\t\t<persName><forename type=\"first\">S</forename><surname>Shenker</surname></persName>\n\t\t</author>\n\t\t<author>\n\t\t\t<persName><forename type=\"first\">I</forename><surname>Stoica</surname></persName>\n\t\t</author>\n\t\t<title level=\"m\">Spark : Cluster Computing with Working Sets</title>\n\t\t<imprint>\n\t\t\t<publisher>HotCloud</publisher>\n\t\t\t<date>2012</date>\n\t\t</imprint>\n\t</monogr>\n</biblStruct>\n"}, {"refKey": 25, "tei": "<biblStruct xml:id=\"b25\">\n\t<analytic>\n\t\t<title level=\"a\" type=\"main\">Petuum: A New Platform for Distributed Machine Learning on Big Data</title>\n\t\t<author>\n\t\t\t<persName><forename type=\"first\">Eric</forename><forename type=\"middle\">P</forename><surname>Xing</surname></persName>\n\t\t</author>\n\t\t<author>\n\t\t\t<persName><forename type=\"first\">Qirong</forename><surname>Ho</surname></persName>\n\t\t</author>\n\t\t<author>\n\t\t\t<persName><forename type=\"first\">Wei</forename><surname>Dai</surname></persName>\n\t\t</author>\n\t\t<author>\n\t\t\t<persName><forename type=\"first\">Jin</forename><forename type=\"middle\">Kyu</forename><surname>Kim</surname></persName>\n\t\t</author>\n\t\t<author>\n\t\t\t<persName><forename type=\"first\">Jinliang</forename><surname>Wei</surname></persName>\n\t\t</author>\n\t\t<author>\n\t\t\t<persName><forename type=\"first\">Seunghak</forename><surname>Lee</surname></persName>\n\t\t</author>\n\t\t<author>\n\t\t\t<persName><forename type=\"first\">Xun</forename><surname>Zheng</surname></persName>\n\t\t</author>\n\t\t<author>\n\t\t\t<persName><forename type=\"first\">Pengtao</forename><surname>Xie</surname></persName>\n\t\t</author>\n\t\t<author>\n\t\t\t<persName><forename type=\"first\">Abhimanu</forename><surname>Kumar</surname></persName>\n\t\t</author>\n\t\t<author>\n\t\t\t<persName><forename type=\"first\">Yaoliang</forename><surname>Yu</surname></persName>\n\t\t</author>\n\t\t<idno type=\"DOI\">10.1109/tbdata.2015.2472014</idno>\n\t</analytic>\n\t<monogr>\n\t\t<title level=\"j\">IEEE Transactions on Big Data</title>\n\t\t<title level=\"j\" type=\"abbrev\">IEEE Trans. Big Data</title>\n\t\t<idno type=\"ISSNe\">2332-7790</idno>\n\t\t<imprint>\n\t\t\t<biblScope unit=\"volume\">1</biblScope>\n\t\t\t<biblScope unit=\"issue\">2</biblScope>\n\t\t\t<biblScope unit=\"page\" from=\"49\" to=\"67\" />\n\t\t\t<date type=\"published\" when=\"2015-06-01\">2015</date>\n\t\t\t<publisher>Institute of Electrical and Electronics Engineers (IEEE)</publisher>\n\t\t</imprint>\n\t</monogr>\n</biblStruct>\n"}], "runtime": 113702, "id": "1d5611e34fe5fe35ec73b7dc7ecc555d7f246a82", "metadata": {"id": "1d5611e34fe5fe35ec73b7dc7ecc555d7f246a82"}, "original_file_path": "../../datalake/Samuel/SOFTware-Sync/data/xml_not_sofctied/hal-02166428.grobid.tei.xml", "file_name": "hal-02166428.grobid.tei.xml"}