{"application": "software-mentions", "version": "0.8.0", "date": "2024-04-12T16:17+0000", "md5": "482A40B37CCE72D824697C0AB020CDA9", "mentions": [{"type": "software", "software-type": "software", "wikidataId": "Q5348900", "wikipediaExternalRef": 34300504, "lang": "en", "confidence": 0.8998, "software-name": {"rawForm": "Eigen library", "normalizedForm": "Eigen library", "wikidataId": "Q5348900", "wikipediaExternalRef": 34300504, "lang": "en", "confidence": 0.8998, "offsetStart": 77, "offsetEnd": 90}, "context": "The design matrix and the labels are kept in memory as dense matrices of the Eigen library. ", "mentionContextAttributes": {"used": {"value": true, "score": 0.9220171570777893}, "created": {"value": false, "score": 0.00022488832473754883}, "shared": {"value": false, "score": 3.5762786865234375e-07}}, "documentContextAttributes": {"used": {"value": true, "score": 0.9220171570777893}, "created": {"value": false, "score": 0.00022488832473754883}, "shared": {"value": false, "score": 3.5762786865234375e-07}}}], "references": [], "runtime": 86349, "id": "a021beafd3621ef4aed5735be96e7e576e2f2b3f", "metadata": {"id": "a021beafd3621ef4aed5735be96e7e576e2f2b3f"}, "original_file_path": "../../datalake/Samuel/SOFTware-Sync/data/xml_files/hal-03424974.grobid.tei.xml", "file_name": "hal-03424974.grobid.tei.xml"}