{"application": "software-mentions", "version": "0.8.0", "date": "2024-04-15T07:25+0000", "md5": "7883718656057724CCFC49F5F391E48C", "mentions": [{"type": "software", "software-type": "software", "software-name": {"rawForm": "PlantCLEF", "normalizedForm": "PlantCLEF", "offsetStart": 4, "offsetEnd": 13}, "context": "The PlantCLEF2023 challenge aims to contribute to this pursuit by addressing a multi-image (and metadata) classification problem involving an extensive set of classes (80,000 plant species).", "mentionContextAttributes": {"used": {"value": false, "score": 0.00020003318786621094}, "created": {"value": false, "score": 0.07132101058959961}, "shared": {"value": false, "score": 1.7881393432617188e-07}}, "documentContextAttributes": {"used": {"value": false, "score": 0.008721649646759033}, "created": {"value": false, "score": 0.07132101058959961}, "shared": {"value": false, "score": 2.980232238769531e-07}}}, {"type": "software", "software-type": "software", "software-name": {"rawForm": "LifeCLEF", "normalizedForm": "LifeCLEF", "offsetStart": 57, "offsetEnd": 65}, "context": "This paper presented the overview and the results of the LifeCLEF 2023 plant identification challenge following the 12 previous ones conducted within CLEF evaluation forum.", "mentionContextAttributes": {"used": {"value": true, "score": 0.9994911551475525}, "created": {"value": false, "score": 0.048757851123809814}, "shared": {"value": false, "score": 1.7881393432617188e-07}}, "documentContextAttributes": {"used": {"value": true, "score": 0.9994911551475525}, "created": {"value": false, "score": 0.048757851123809814}, "shared": {"value": false, "score": 1.7881393432617188e-07}}}, {"type": "software", "software-type": "software", "software-name": {"rawForm": "PlantCLEF", "normalizedForm": "PlantCLEF", "offsetStart": 66, "offsetEnd": 75}, "context": "To address these challenges, during two years of competition, the PlantCLEF 2022 and 2023 challenges introduced a multi-image (and metadata) classification problem involving an extensive number of classes, specifically 80,000 plant species.", "mentionContextAttributes": {"used": {"value": false, "score": 0.0005365610122680664}, "created": {"value": false, "score": 0.007989704608917236}, "shared": {"value": false, "score": 2.980232238769531e-07}}, "documentContextAttributes": {"used": {"value": false, "score": 0.008721649646759033}, "created": {"value": false, "score": 0.07132101058959961}, "shared": {"value": false, "score": 2.980232238769531e-07}}}, {"type": "software", "software-type": "software", "software-name": {"rawForm": "PlantCLEF", "normalizedForm": "PlantCLEF", "offsetStart": 70, "offsetEnd": 79}, "context": "The noisy web training dataset helps: incorporating the comprehensive PlantCLEF training dataset, which includes both the trusted and web datasets, yielded notable benefits despite the extended training duration and the inherent residual noise present in the web dataset. ", "mentionContextAttributes": {"used": {"value": false, "score": 0.008721649646759033}, "created": {"value": false, "score": 0.00017023086547851562}, "shared": {"value": false, "score": 2.980232238769531e-07}}, "documentContextAttributes": {"used": {"value": false, "score": 0.008721649646759033}, "created": {"value": false, "score": 0.07132101058959961}, "shared": {"value": false, "score": 2.980232238769531e-07}}}, {"type": "software", "software-type": "software", "software-name": {"rawForm": "LifeCLEF", "normalizedForm": "LifeCLEF", "offsetStart": 85, "offsetEnd": 93}, "context": "The long-term evaluation of automated plant identification, conducted as part of the LifeCLEF initiative [8], demonstrates the impact of CNNs on performance within a few years. ", "mentionContextAttributes": {"used": {"value": false, "score": 0.023633122444152832}, "created": {"value": false, "score": 0.00011867284774780273}, "shared": {"value": false, "score": 1.7881393432617188e-07}}, "documentContextAttributes": {"used": {"value": true, "score": 0.9994911551475525}, "created": {"value": false, "score": 0.048757851123809814}, "shared": {"value": false, "score": 1.7881393432617188e-07}}}, {"type": "software", "software-type": "software", "software-name": {"rawForm": "Pl@ntNet", "normalizedForm": "Pl@ntNet", "offsetStart": 103, "offsetEnd": 111}, "context": "Only observations with a high confidence score, determined through the collaborative review process on Pl@ntNet, were selected for the challenge, ensuring a high level of determination quality.", "mentionContextAttributes": {"used": {"value": true, "score": 0.9998650550842285}, "created": {"value": false, "score": 3.820657730102539e-05}, "shared": {"value": false, "score": 2.980232238769531e-07}}, "documentContextAttributes": {"used": {"value": true, "score": 0.9999608993530273}, "created": {"value": false, "score": 0.0005183815956115723}, "shared": {"value": false, "score": 1.6689300537109375e-06}}}, {"type": "software", "software-type": "software", "software-name": {"rawForm": "Pl@ntNet", "normalizedForm": "Pl@ntNet", "offsetStart": 107, "offsetEnd": 115}, "context": "However, this difference aligns with the realistic scenario faced by automatic identification systems like Pl@ntNet and Inaturalist.", "mentionContextAttributes": {"used": {"value": false, "score": 0.001361548900604248}, "created": {"value": false, "score": 0.00010472536087036133}, "shared": {"value": false, "score": 2.980232238769531e-07}}, "documentContextAttributes": {"used": {"value": true, "score": 0.9999608993530273}, "created": {"value": false, "score": 0.0005183815956115723}, "shared": {"value": false, "score": 1.6689300537109375e-06}}}, {"type": "software", "software-type": "software", "wikidataId": "Q16958215", "wikipediaExternalRef": 40178883, "lang": "en", "confidence": 0.3167, "software-name": {"rawForm": "Inaturalist", "normalizedForm": "Inaturalist", "wikidataId": "Q16958215", "wikipediaExternalRef": 40178883, "lang": "en", "confidence": 0.3167, "offsetStart": 120, "offsetEnd": 131}, "context": "However, this difference aligns with the realistic scenario faced by automatic identification systems like Pl@ntNet and Inaturalist. ", "mentionContextAttributes": {"used": {"value": false, "score": 0.001361548900604248}, "created": {"value": false, "score": 0.00010472536087036133}, "shared": {"value": false, "score": 2.980232238769531e-07}}, "documentContextAttributes": {"used": {"value": false, "score": 0.001361548900604248}, "created": {"value": false, "score": 0.00010472536087036133}, "shared": {"value": false, "score": 2.980232238769531e-07}}}, {"type": "software", "software-type": "software", "software-name": {"rawForm": "Pl@ntNet", "normalizedForm": "Pl@ntNet", "offsetStart": 134, "offsetEnd": 142}, "context": "Test set: For the evaluation of the models, a separate test set was constructed using multi-image plant observations collected on the Pl@ntNet platform throughout 2021, ensuring that they were not present in the training datasets.", "mentionContextAttributes": {"used": {"value": true, "score": 0.9999608993530273}, "created": {"value": false, "score": 0.0005183815956115723}, "shared": {"value": false, "score": 2.384185791015625e-07}}, "documentContextAttributes": {"used": {"value": true, "score": 0.9999608993530273}, "created": {"value": false, "score": 0.0005183815956115723}, "shared": {"value": false, "score": 1.6689300537109375e-06}}}, {"type": "software", "software-type": "software", "software-name": {"rawForm": "Google", "normalizedForm": "Google", "offsetStart": 139, "offsetEnd": 145}, "context": "\"Web\" training set: in contrast, the \"web\" training dataset was compiled from a collection of web images obtained from search engines like Google and Bing. ", "mentionContextAttributes": {"used": {"value": true, "score": 0.9991602897644043}, "created": {"value": false, "score": 6.0439109802246094e-05}, "shared": {"value": false, "score": 7.152557373046875e-07}}, "documentContextAttributes": {"used": {"value": true, "score": 0.9991602897644043}, "created": {"value": false, "score": 6.0439109802246094e-05}, "shared": {"value": false, "score": 7.152557373046875e-07}}}, {"type": "software", "software-type": "software", "software-name": {"rawForm": "Bing", "normalizedForm": "Bing", "offsetStart": 150, "offsetEnd": 154}, "context": "\"Web\" training set: in contrast, the \"web\" training dataset was compiled from a collection of web images obtained from search engines like Google and Bing. ", "mentionContextAttributes": {"used": {"value": true, "score": 0.9991602897644043}, "created": {"value": false, "score": 6.0439109802246094e-05}, "shared": {"value": false, "score": 7.152557373046875e-07}}, "documentContextAttributes": {"used": {"value": true, "score": 0.9991602897644043}, "created": {"value": false, "score": 6.0439109802246094e-05}, "shared": {"value": false, "score": 7.152557373046875e-07}}}, {"type": "software", "software-type": "software", "software-name": {"rawForm": "Pl@ntNet", "normalizedForm": "Pl@ntNet", "offsetStart": 169, "offsetEnd": 177}, "context": "This type of data is aggregated from academic sources such as museums, universities, and national institutions, as well as collaborative platforms like inaturalist, and Pl@ntNet, implying a fairly high certainty of determination quality. ", "mentionContextAttributes": {"used": {"value": false, "score": 0.24515479803085327}, "created": {"value": false, "score": 0.00011301040649414062}, "shared": {"value": false, "score": 1.6689300537109375e-06}}, "documentContextAttributes": {"used": {"value": true, "score": 0.9999608993530273}, "created": {"value": false, "score": 0.0005183815956115723}, "shared": {"value": false, "score": 1.6689300537109375e-06}}}], "references": [], "runtime": 12314, "id": "5cfc469d818b4ae89bb58b6b0fbb6cc29dc1c2dc", "metadata": {"id": "5cfc469d818b4ae89bb58b6b0fbb6cc29dc1c2dc"}, "original_file_path": "../../datalake/Samuel/SOFTware-Sync/data/xml_not_sofctied/hal-04345310.grobid.tei.xml", "file_name": "hal-04345310.grobid.tei.xml"}