{"application": "software-mentions", "version": "0.8.0", "date": "2024-04-15T07:11+0000", "md5": "098D779FEE8860888191A5552C49ACD4", "mentions": [{"type": "software", "software-type": "software", "software-name": {"rawForm": "Spade", "normalizedForm": "Spade", "offsetStart": 0, "offsetEnd": 5}, "context": "Spade uses a variety of methods to identify candidate fact sets (CFS, in short). ", "mentionContextAttributes": {"used": {"value": false, "score": 0.00018358230590820312}, "created": {"value": false, "score": 3.1054019927978516e-05}, "shared": {"value": false, "score": 1.7881393432617188e-07}}, "documentContextAttributes": {"used": {"value": true, "score": 0.8808207511901855}, "created": {"value": true, "score": 0.9999328255653381}, "shared": {"value": false, "score": 2.0265579223632812e-06}}}, {"type": "software", "software-type": "software", "software-name": {"rawForm": "Spade", "normalizedForm": "Spade", "offsetStart": 0, "offsetEnd": 5}, "context": "Spade handles implicit data when exploring CFS, dimensions and measures by relying on an ontology-aware RDF platform. ", "mentionContextAttributes": {"used": {"value": false, "score": 0.0001957416534423828}, "created": {"value": false, "score": 0.0014451146125793457}, "shared": {"value": false, "score": 1.7881393432617188e-07}}, "documentContextAttributes": {"used": {"value": true, "score": 0.8808207511901855}, "created": {"value": true, "score": 0.9999328255653381}, "shared": {"value": false, "score": 2.0265579223632812e-06}}}, {"type": "software", "software-type": "software", "software-name": {"rawForm": "Spade", "normalizedForm": "Spade", "offsetStart": 0, "offsetEnd": 5}, "context": "Spade chooses aggregates that are visually interesting, a property formally based on statistic properties of the aggregation query results.", "mentionContextAttributes": {"used": {"value": false, "score": 0.00020503997802734375}, "created": {"value": false, "score": 3.3915042877197266e-05}, "shared": {"value": false, "score": 1.7881393432617188e-07}}, "documentContextAttributes": {"used": {"value": true, "score": 0.8808207511901855}, "created": {"value": true, "score": 0.9999328255653381}, "shared": {"value": false, "score": 2.0265579223632812e-06}}}, {"type": "software", "software-type": "software", "software-name": {"rawForm": "Spade", "normalizedForm": "Spade", "offsetStart": 0, "offsetEnd": 5}, "context": "Spade is a generic, extensible framework, which we instantiated with: (i) novel methods for enumerating candidate measures and dimensions in the vast space of possibilities provided by an RDF graph; (ii) a set of aggregate interestingness functions; (iii) ontology-based interactive exploration, and (iv) efficient early-stop techniques for estimating the interestingness of an aggregate query.", "mentionContextAttributes": {"used": {"value": false, "score": 0.00040417909622192383}, "created": {"value": true, "score": 0.9316595792770386}, "shared": {"value": false, "score": 1.3709068298339844e-06}}, "documentContextAttributes": {"used": {"value": true, "score": 0.8808207511901855}, "created": {"value": true, "score": 0.9999328255653381}, "shared": {"value": false, "score": 2.0265579223632812e-06}}}, {"type": "software", "software-type": "software", "software-name": {"rawForm": "Spade", "normalizedForm": "Spade", "offsetStart": 0, "offsetEnd": 5}, "context": "Spade is designed as a framework (see Figure 3) where operations are chained to identify the most interesting MDAs.", "mentionContextAttributes": {"used": {"value": false, "score": 3.355741500854492e-05}, "created": {"value": true, "score": 0.9968663454055786}, "shared": {"value": false, "score": 1.7881393432617188e-07}}, "documentContextAttributes": {"used": {"value": true, "score": 0.8808207511901855}, "created": {"value": true, "score": 0.9999328255653381}, "shared": {"value": false, "score": 2.0265579223632812e-06}}}, {"type": "software", "software-type": "software", "software-name": {"rawForm": "Spade", "normalizedForm": "Spade", "offsetStart": 0, "offsetEnd": 5}, "context": "Spade stores RDF graphs in OntoSQL; it builds an RDFQuotient [5] summary; it also finds CFS, enumerates and analyzes their properties, creates and stores derived properties directly in Postgres.", "mentionContextAttributes": {"used": {"value": false, "score": 0.001852273941040039}, "created": {"value": false, "score": 6.616115570068359e-06}, "shared": {"value": false, "score": 2.980232238769531e-07}}, "documentContextAttributes": {"used": {"value": true, "score": 0.8808207511901855}, "created": {"value": true, "score": 0.9999328255653381}, "shared": {"value": false, "score": 2.0265579223632812e-06}}}, {"type": "software", "software-type": "software", "software-name": {"rawForm": "Spade", "normalizedForm": "Spade", "offsetStart": 0, "offsetEnd": 5}, "context": "Spade considers the following CFS: (i) for each type T in the graph, the set of resources of type T ; (ii) for a (user-specified) set of properties, all the resources having those outgoing properties; (iii) each set of resources identified as equivalent by the RDFQuotient summary.", "mentionContextAttributes": {"used": {"value": false, "score": 0.05880618095397949}, "created": {"value": false, "score": 3.2782554626464844e-06}, "shared": {"value": false, "score": 5.364418029785156e-07}}, "documentContextAttributes": {"used": {"value": true, "score": 0.8808207511901855}, "created": {"value": true, "score": 0.9999328255653381}, "shared": {"value": false, "score": 2.0265579223632812e-06}}}, {"type": "software", "software-type": "software", "software-name": {"rawForm": "Spade", "normalizedForm": "Spade", "offsetStart": 0, "offsetEnd": 5}, "context": "Spade derives the following properties: (i) counts, e.g., how many ingredients a recipe has; (ii) keywords, e.g., if a recipe is called \"Apple and Cinnamon Rolls\", we consider the keywords \"Apple\", \"Cinnamon\" and \"Rolls\" as values of the property kw-title for the same resource; (iii) the language obtained by analyzing text attributes; (iv) paths, e.g., a recipe with an ingredient whose name is \"Beef\", has the attribute ingredient-name with the value \"Beef\"; (v) types, sub-types and super-types: when CFS are typed, we pre-compute (from the ontology which may come with the graph) their possible more/less general types, to prepare for semantic navigation; (vi) discretized values, e.g., transforming the minutes needed to cook a recipe into buckets: [0-10], [10][11][12][13][14][15][16][17][18][19][20], [20-100], [>100] etc.", "mentionContextAttributes": {"used": {"value": true, "score": 0.8808207511901855}, "created": {"value": false, "score": 2.562999725341797e-06}, "shared": {"value": false, "score": 1.0132789611816406e-06}}, "documentContextAttributes": {"used": {"value": true, "score": 0.8808207511901855}, "created": {"value": true, "score": 0.9999328255653381}, "shared": {"value": false, "score": 2.0265579223632812e-06}}}, {"type": "software", "software-type": "software", "software-name": {"rawForm": "Spade", "normalizedForm": "Spade", "offsetStart": 0, "offsetEnd": 5}, "context": "Spade supports variance, skewness and kurtosis (second to fourth statistic moments) computed over the set of Aggi values.", "mentionContextAttributes": {"used": {"value": false, "score": 0.00010007619857788086}, "created": {"value": false, "score": 7.927417755126953e-06}, "shared": {"value": false, "score": 1.7881393432617188e-07}}, "documentContextAttributes": {"used": {"value": true, "score": 0.8808207511901855}, "created": {"value": true, "score": 0.9999328255653381}, "shared": {"value": false, "score": 2.0265579223632812e-06}}}, {"type": "software", "software-type": "software", "software-name": {"rawForm": "Spade", "normalizedForm": "Spade", "offsetStart": 17, "offsetEnd": 22}, "context": "To address this, Spade employs key techniques including new extensions of lattice-based computation for multi-dimensional aggregates [14], and new extensions of online aggregation [8] to stop the computation of an aggregate as soon as it is deemed not in the top-k, which distinguishes from our prior work [4,10] with formal guarantees of the correctness of pruning. 5. Handling and exploiting semantics An RDF graph may feature an ontology, stating relationships that may exist between types and properties, e.g., any FrenchRecipe is a Recipe, or a recipe with a correction is a ModifiedRecipe. ", "mentionContextAttributes": {"used": {"value": false, "score": 0.0002968311309814453}, "created": {"value": false, "score": 0.002327263355255127}, "shared": {"value": false, "score": 1.0132789611816406e-06}}, "documentContextAttributes": {"used": {"value": true, "score": 0.8808207511901855}, "created": {"value": true, "score": 0.9999328255653381}, "shared": {"value": false, "score": 2.0265579223632812e-06}}}, {"type": "software", "software-type": "software", "software-name": {"rawForm": "Spade", "normalizedForm": "Spade", "offsetStart": 18, "offsetEnd": 23}, "context": "We have developed Spade, a system that provides users with top-k most interesting aggregate queries identified automatically in a given RDF graph.", "mentionContextAttributes": {"used": {"value": false, "score": 4.178285598754883e-05}, "created": {"value": true, "score": 0.9999328255653381}, "shared": {"value": false, "score": 4.172325134277344e-07}}, "documentContextAttributes": {"used": {"value": true, "score": 0.8808207511901855}, "created": {"value": true, "score": 0.9999328255653381}, "shared": {"value": false, "score": 2.0265579223632812e-06}}}, {"type": "software", "software-type": "software", "software-name": {"rawForm": "OntoSQL", "normalizedForm": "OntoSQL", "offsetStart": 27, "offsetEnd": 34}, "language": {"rawForm": "Java", "normalizedForm": "Java"}, "context": "Spade stores RDF graphs in OntoSQL; it builds an RDFQuotient [5] summary; it also finds CFS, enumerates and analyzes their properties, creates and stores derived properties directly in Postgres.", "mentionContextAttributes": {"used": {"value": false, "score": 0.001852273941040039}, "created": {"value": false, "score": 6.616115570068359e-06}, "shared": {"value": false, "score": 2.980232238769531e-07}}, "documentContextAttributes": {"used": {"value": false, "score": 0.001852273941040039}, "created": {"value": true, "score": 0.9927913546562195}, "shared": {"value": false, "score": 1.043081283569336e-05}}}, {"type": "software", "software-type": "software", "software-name": {"rawForm": "Spade", "normalizedForm": "Spade", "offsetStart": 37, "offsetEnd": 42}, "context": "We outline them below, and highlight Spade's contributions. 1. Identifying candidate facts sets In the absence of a relational data warehouse schema, it is not clear where \"the facts\" are in an RDF graph.", "mentionContextAttributes": {"used": {"value": false, "score": 0.03337407112121582}, "created": {"value": false, "score": 0.029967904090881348}, "shared": {"value": false, "score": 2.980232238769531e-07}}, "documentContextAttributes": {"used": {"value": true, "score": 0.8808207511901855}, "created": {"value": true, "score": 0.9999328255653381}, "shared": {"value": false, "score": 2.0265579223632812e-06}}}, {"type": "software", "software-type": "software", "software-name": {"rawForm": "Spade", "normalizedForm": "Spade", "offsetStart": 37, "offsetEnd": 42}, "context": "A specific CFS, among those found by Spade, can also be chosen.", "mentionContextAttributes": {"used": {"value": false, "score": 0.0001850128173828125}, "created": {"value": false, "score": 0.00047892332077026367}, "shared": {"value": false, "score": 4.172325134277344e-07}}, "documentContextAttributes": {"used": {"value": true, "score": 0.8808207511901855}, "created": {"value": true, "score": 0.9999328255653381}, "shared": {"value": false, "score": 2.0265579223632812e-06}}}, {"type": "software", "software-type": "software", "software-name": {"rawForm": "Spade", "normalizedForm": "Spade", "offsetStart": 41, "offsetEnd": 46}, "context": "For instance, from the Foodista dataset, Spade recommends \"the number of recipes by category\" (Figure 2(a)) and \"the number of recipes by ingredient and category\" (Figure 2", "mentionContextAttributes": {"used": {"value": false, "score": 0.000859379768371582}, "created": {"value": false, "score": 3.439188003540039e-05}, "shared": {"value": false, "score": 4.172325134277344e-07}}, "documentContextAttributes": {"used": {"value": true, "score": 0.8808207511901855}, "created": {"value": true, "score": 0.9999328255653381}, "shared": {"value": false, "score": 2.0265579223632812e-06}}}, {"type": "software", "software-type": "software", "software-name": {"rawForm": "Spade", "normalizedForm": "Spade", "offsetStart": 45, "offsetEnd": 50}, "context": "We have developed and propose to demonstrate Spade, a tool helping users discover meaningful content of an RDF graph by showing them the results of aggregation (OLAP-style) queries automatically identified from the data.", "mentionContextAttributes": {"used": {"value": false, "score": 0.00010865926742553711}, "created": {"value": true, "score": 0.999928891658783}, "shared": {"value": false, "score": 1.2516975402832031e-06}}, "documentContextAttributes": {"used": {"value": true, "score": 0.8808207511901855}, "created": {"value": true, "score": 0.9999328255653381}, "shared": {"value": false, "score": 2.0265579223632812e-06}}}, {"type": "software", "software-type": "software", "software-name": {"rawForm": "Spade", "normalizedForm": "Spade", "offsetStart": 50, "offsetEnd": 55}, "context": "We explain the concepts and operations underlying Spade (Figure 3), before outlining our algorithms.", "mentionContextAttributes": {"used": {"value": false, "score": 0.0046272873878479}, "created": {"value": true, "score": 0.9816497564315796}, "shared": {"value": false, "score": 1.7881393432617188e-07}}, "documentContextAttributes": {"used": {"value": true, "score": 0.8808207511901855}, "created": {"value": true, "score": 0.9999328255653381}, "shared": {"value": false, "score": 2.0265579223632812e-06}}}, {"type": "software", "software-type": "software", "software-name": {"rawForm": "Spade", "normalizedForm": "Spade", "offsetStart": 60, "offsetEnd": 65}, "context": "Besides type and user input based methods as in Dagger [4], Spade also identifies CFS automatically based on their incoming and outgoing properties, with the help of an RDF graph summary [5]. ", "mentionContextAttributes": {"used": {"value": false, "score": 0.00016546249389648438}, "created": {"value": false, "score": 6.139278411865234e-06}, "shared": {"value": false, "score": 1.7881393432617188e-07}}, "documentContextAttributes": {"used": {"value": true, "score": 0.8808207511901855}, "created": {"value": true, "score": 0.9999328255653381}, "shared": {"value": false, "score": 2.0265579223632812e-06}}}, {"type": "software", "software-type": "software", "software-name": {"rawForm": "Spade", "normalizedForm": "Spade", "offsetStart": 66, "offsetEnd": 71}, "context": "\u2022 Refining discovered insights Users can refine a MDA returned by Spade by focusing on some of its groups, e.g., from a recipe aggregate with dimensions {Category, Difficulty, Keyword}, they may drill-down to specific values of one or more of the dimensions and visualize the results.", "mentionContextAttributes": {"used": {"value": false, "score": 0.0024390816688537598}, "created": {"value": false, "score": 0.0020407438278198242}, "shared": {"value": false, "score": 1.7881393432617188e-07}}, "documentContextAttributes": {"used": {"value": true, "score": 0.8808207511901855}, "created": {"value": true, "score": 0.9999328255653381}, "shared": {"value": false, "score": 2.0265579223632812e-06}}}, {"type": "software", "software-type": "software", "software-name": {"rawForm": "Spade", "normalizedForm": "Spade", "offsetStart": 68, "offsetEnd": 73}, "context": "In this section, we discuss optimization of expensive operations in Spade.", "mentionContextAttributes": {"used": {"value": false, "score": 0.0009526610374450684}, "created": {"value": true, "score": 0.9985634088516235}, "shared": {"value": false, "score": 5.364418029785156e-07}}, "documentContextAttributes": {"used": {"value": true, "score": 0.8808207511901855}, "created": {"value": true, "score": 0.9999328255653381}, "shared": {"value": false, "score": 2.0265579223632812e-06}}}, {"type": "software", "software-type": "software", "software-name": {"rawForm": "Spade", "normalizedForm": "Spade", "offsetStart": 82, "offsetEnd": 87}, "context": "\u2022 Ontology-driven navigation Let (S, D, m, Agg) be an interesting MDA returned by Spade over the CFS S, dimensions D, with the measure m and aggregation function Agg, such that a large fraction (> 80%) of the S nodes have a common RDF type, e.g., FrenchRecipe.", "mentionContextAttributes": {"used": {"value": false, "score": 0.08951818943023682}, "created": {"value": false, "score": 4.351139068603516e-06}, "shared": {"value": false, "score": 4.172325134277344e-07}}, "documentContextAttributes": {"used": {"value": true, "score": 0.8808207511901855}, "created": {"value": true, "score": 0.9999328255653381}, "shared": {"value": false, "score": 2.0265579223632812e-06}}}, {"type": "software", "software-type": "software", "software-name": {"rawForm": "Spade", "normalizedForm": "Spade", "offsetStart": 89, "offsetEnd": 94}, "context": "While the above techniques significantly improve the efficiency of aggregate evaluation, Spade also optimizes the order in which all tasks in Figure 3 are executed.", "mentionContextAttributes": {"used": {"value": false, "score": 5.835294723510742e-05}, "created": {"value": false, "score": 3.74913215637207e-05}, "shared": {"value": false, "score": 2.980232238769531e-07}}, "documentContextAttributes": {"used": {"value": true, "score": 0.8808207511901855}, "created": {"value": true, "score": 0.9999328255653381}, "shared": {"value": false, "score": 2.0265579223632812e-06}}}, {"type": "software", "software-type": "software", "software-name": {"rawForm": "Spade", "normalizedForm": "Spade", "offsetStart": 91, "offsetEnd": 96}, "context": "Resources that comply with the given criteria will be considered as a CFS and processed by Spade.", "mentionContextAttributes": {"used": {"value": false, "score": 0.04322260618209839}, "created": {"value": false, "score": 0.00044471025466918945}, "shared": {"value": false, "score": 5.364418029785156e-07}}, "documentContextAttributes": {"used": {"value": true, "score": 0.8808207511901855}, "created": {"value": true, "score": 0.9999328255653381}, "shared": {"value": false, "score": 2.0265579223632812e-06}}}, {"type": "software", "software-type": "software", "software-name": {"rawForm": "OntoSQL", "normalizedForm": "OntoSQL", "offsetStart": 98, "offsetEnd": 106}, "language": {"rawForm": "Java", "normalizedForm": "Java", "wikidataId": "Q251", "offsetStart": 139, "offsetEnd": 143}, "context": "We implemented it as a Java-based tool (circa 40 classes and 10K lines of code) running on top of OntoSQL2 , a Java and Postgres-based platform we developed [3] for efficient RDF storage and query answering. ", "mentionContextAttributes": {"used": {"value": false, "score": 0.00022220611572265625}, "created": {"value": true, "score": 0.9927913546562195}, "shared": {"value": false, "score": 1.043081283569336e-05}}, "documentContextAttributes": {"used": {"value": false, "score": 0.001852273941040039}, "created": {"value": true, "score": 0.9927913546562195}, "shared": {"value": false, "score": 1.043081283569336e-05}}}, {"type": "software", "software-type": "software", "software-name": {"rawForm": "Spade", "normalizedForm": "Spade", "offsetStart": 110, "offsetEnd": 115}, "context": "Besides the properties or derived properties (e.g., \"the number of ingredients in each recipe\") of CFS nodes, Spade is also capable of using keywords extracted from text nodes as dimensions, e.g., \"group recipes by the keywords in their titles\" (\"Ricotta\" in the title of n3), or paths as dimensions or measures, e.g., \"group recipes by the names of their ingredients\" (\"Beef\" is the name of n11, an ingredient for n9).", "mentionContextAttributes": {"used": {"value": false, "score": 0.05008953809738159}, "created": {"value": false, "score": 2.7418136596679688e-06}, "shared": {"value": false, "score": 7.152557373046875e-07}}, "documentContextAttributes": {"used": {"value": true, "score": 0.8808207511901855}, "created": {"value": true, "score": 0.9999328255653381}, "shared": {"value": false, "score": 2.0265579223632812e-06}}}, {"type": "software", "software-type": "software", "wikidataId": "Q192490", "wikipediaExternalRef": 23824, "lang": "en", "confidence": 0.8658, "software-name": {"rawForm": "Postgres", "normalizedForm": "Postgres", "wikidataId": "Q192490", "wikipediaExternalRef": 23824, "lang": "en", "confidence": 0.8658, "offsetStart": 120, "offsetEnd": 128}, "context": "We implemented it as a Java-based tool (circa 40 classes and 10K lines of code) running on top of OntoSQL2 , a Java and Postgres-based platform we developed [3] for efficient RDF storage and query answering. ", "mentionContextAttributes": {"used": {"value": false, "score": 0.00022214651107788086}, "created": {"value": true, "score": 0.9927914142608643}, "shared": {"value": false, "score": 1.0371208190917969e-05}}, "documentContextAttributes": {"used": {"value": false, "score": 0.001852273941040039}, "created": {"value": true, "score": 0.9927914142608643}, "shared": {"value": false, "score": 1.0371208190917969e-05}}}, {"type": "software", "software-type": "software", "wikidataId": "Q192490", "wikipediaExternalRef": 23824, "lang": "en", "confidence": 0.8658, "software-name": {"rawForm": "Postgres", "normalizedForm": "Postgres", "wikidataId": "Q192490", "wikipediaExternalRef": 23824, "lang": "en", "confidence": 0.8658, "offsetStart": 185, "offsetEnd": 193}, "context": "Spade stores RDF graphs in OntoSQL; it builds an RDFQuotient [5] summary; it also finds CFS, enumerates and analyzes their properties, creates and stores derived properties directly in Postgres.", "mentionContextAttributes": {"used": {"value": false, "score": 0.001852273941040039}, "created": {"value": false, "score": 6.556510925292969e-06}, "shared": {"value": false, "score": 2.384185791015625e-07}}, "documentContextAttributes": {"used": {"value": false, "score": 0.001852273941040039}, "created": {"value": true, "score": 0.9927914142608643}, "shared": {"value": false, "score": 1.0371208190917969e-05}}}, {"type": "software", "software-type": "software", "software-name": {"rawForm": "Spade", "normalizedForm": "Spade", "offsetStart": 226, "offsetEnd": 231}, "context": "Then we have Attribute Analysis which computes a set of statistics: number of CFs having an attribute, type (e.g., String, Integer, Date) of the attribute values, their number of distinct values, lowest and highest value etc. Spade exploits these statistics in various ways in different steps, e.g., to guide the choice of dimensions, measures and aggregation functions, and to improve the aggregate evaluation.", "mentionContextAttributes": {"used": {"value": false, "score": 0.007067203521728516}, "created": {"value": false, "score": 5.9723854064941406e-05}, "shared": {"value": false, "score": 2.0265579223632812e-06}}, "documentContextAttributes": {"used": {"value": true, "score": 0.8808207511901855}, "created": {"value": true, "score": 0.9999328255653381}, "shared": {"value": false, "score": 2.0265579223632812e-06}}}], "references": [], "runtime": 98416, "id": "d65c8847eaf3f21e3f6ef8f99c3196287b2e25a7", "metadata": {"id": "d65c8847eaf3f21e3f6ef8f99c3196287b2e25a7"}, "original_file_path": "../../datalake/Samuel/SOFTware-Sync/data/xml_not_sofctied/hal-02152844.grobid.tei.xml", "file_name": "hal-02152844.grobid.tei.xml"}