{"application": "software-mentions", "version": "0.8.0", "date": "2024-04-15T07:21+0000", "md5": "8EF3C662E5BA80CF1CAC47BA5A7DD776", "mentions": [{"type": "software", "software-type": "software", "software-name": {"rawForm": "Edgelet", "normalizedForm": "Edgelet", "offsetStart": 0, "offsetEnd": 7}, "context": "Edgelet computing leverages the TEE security to perform computations on clear-text data (once decrypted locally).", "mentionContextAttributes": {"used": {"value": false, "score": 6.467103958129883e-05}, "created": {"value": false, "score": 3.3795833587646484e-05}, "shared": {"value": false, "score": 1.7881393432617188e-07}}, "documentContextAttributes": {"used": {"value": true, "score": 0.9868667721748352}, "created": {"value": true, "score": 0.9847146272659302}, "shared": {"value": false, "score": 1.4424324035644531e-05}}}, {"type": "software", "software-type": "software", "software-name": {"rawForm": "Edgelet", "normalizedForm": "Edgelet", "offsetStart": 0, "offsetEnd": 7}, "context": "Edgelet computing counter-measures are horizontal and vertical partitioning.", "mentionContextAttributes": {"used": {"value": false, "score": 0.016335010528564453}, "created": {"value": false, "score": 7.212162017822266e-06}, "shared": {"value": false, "score": 1.7881393432617188e-07}}, "documentContextAttributes": {"used": {"value": true, "score": 0.9868667721748352}, "created": {"value": true, "score": 0.9847146272659302}, "shared": {"value": false, "score": 1.4424324035644531e-05}}}, {"type": "software", "software-type": "software", "software-name": {"rawForm": "Open Enclave", "normalizedForm": "Open Enclave", "offsetStart": 0, "offsetEnd": 12}, "context": "Open Enclave provides support for Intel SGX as well as preview support for ARM TrustZone, thus aiming to generalize the development of enclave applications across TEEs.", "mentionContextAttributes": {"used": {"value": false, "score": 8.994340896606445e-05}, "created": {"value": false, "score": 0.11560338735580444}, "shared": {"value": false, "score": 3.516674041748047e-06}}, "documentContextAttributes": {"used": {"value": false, "score": 0.25155389308929443}, "created": {"value": false, "score": 0.11560338735580444}, "shared": {"value": false, "score": 4.708766937255859e-06}}}, {"type": "software", "software-type": "software", "software-name": {"rawForm": "Open Enclave", "normalizedForm": "Open Enclave", "offsetStart": 0, "offsetEnd": 12}, "context": "Open Enclave provides support for Intel SGX as well as preview support for ARM TrustZone, thus aiming to generalize the development of enclave applications across TEEs. ", "mentionContextAttributes": {"used": {"value": false, "score": 8.994340896606445e-05}, "created": {"value": false, "score": 0.11560338735580444}, "shared": {"value": false, "score": 3.516674041748047e-06}}, "documentContextAttributes": {"used": {"value": false, "score": 0.25155389308929443}, "created": {"value": false, "score": 0.11560338735580444}, "shared": {"value": false, "score": 4.708766937255859e-06}}}, {"type": "software", "software-type": "software", "software-name": {"rawForm": "Computing Combiner", "normalizedForm": "Computing Combiner", "offsetStart": 2, "offsetEnd": 20}, "context": "A Computing Combiner operator must then be added in the QEP to combine the outputs of all sub-operators.", "mentionContextAttributes": {"used": {"value": false, "score": 0.05150121450424194}, "created": {"value": false, "score": 0.00014829635620117188}, "shared": {"value": false, "score": 2.980232238769531e-07}}, "documentContextAttributes": {"used": {"value": true, "score": 0.9453079700469971}, "created": {"value": false, "score": 0.03257805109024048}, "shared": {"value": false, "score": 4.172325134277344e-07}}}, {"type": "software", "software-type": "implicit", "software-name": {"rawForm": "code", "normalizedForm": "code", "offsetStart": 4, "offsetEnd": 8}, "context": "The code is written on top of Open Enclave [5], an SDK for developing enclave applications in C/C++. ", "mentionContextAttributes": {"used": {"value": false, "score": 0.25155389308929443}, "created": {"value": false, "score": 0.09438443183898926}, "shared": {"value": false, "score": 4.708766937255859e-06}}, "documentContextAttributes": {"used": {"value": false, "score": 0.25155389308929443}, "created": {"value": false, "score": 0.09438443183898926}, "shared": {"value": false, "score": 4.708766937255859e-06}}}, {"type": "software", "software-type": "implicit", "software-name": {"rawForm": "code", "normalizedForm": "code", "offsetStart": 4, "offsetEnd": 8}, "context": "The code is written on top of Open Enclave [14], an SDK for developing enclave applications in C/C++. ", "mentionContextAttributes": {"used": {"value": false, "score": 0.22128379344940186}, "created": {"value": false, "score": 0.08117640018463135}, "shared": {"value": false, "score": 3.7550926208496094e-06}}, "documentContextAttributes": {"used": {"value": false, "score": 0.25155389308929443}, "created": {"value": false, "score": 0.09438443183898926}, "shared": {"value": false, "score": 4.708766937255859e-06}}}, {"type": "software", "software-type": "software", "software-name": {"rawForm": "Edgelet", "normalizedForm": "Edgelet", "offsetStart": 4, "offsetEnd": 11}, "context": "The Edgelet framework allows individuals to provide their health data with strong guarantees of confidentiality, through a secure box, a smartphone, or a PC, and to benefit from the results obtained.", "mentionContextAttributes": {"used": {"value": false, "score": 3.927946090698242e-05}, "created": {"value": false, "score": 0.07068628072738647}, "shared": {"value": false, "score": 1.6093254089355469e-06}}, "documentContextAttributes": {"used": {"value": true, "score": 0.9868667721748352}, "created": {"value": true, "score": 0.9847146272659302}, "shared": {"value": false, "score": 1.4424324035644531e-05}}}, {"type": "software", "software-type": "software", "software-name": {"rawForm": "Snapshot Builder", "normalizedForm": "Snapshot Builder", "offsetStart": 4, "offsetEnd": 20}, "context": "The Snapshot Builder then sends the representative snapshot to a Computer operator which, in turn, computes the final result and eventually delivers it to the Querier.", "mentionContextAttributes": {"used": {"value": true, "score": 0.5994484424591064}, "created": {"value": false, "score": 1.7464160919189453e-05}, "shared": {"value": false, "score": 2.980232238769531e-07}}, "documentContextAttributes": {"used": {"value": true, "score": 0.5994484424591064}, "created": {"value": false, "score": 0.00028693675994873047}, "shared": {"value": false, "score": 2.980232238769531e-07}}}, {"type": "software", "software-type": "software", "software-name": {"rawForm": "Edgelet", "normalizedForm": "Edgelet", "offsetStart": 5, "offsetEnd": 12}, "context": "Does Edgelet computing concretely make sense?", "mentionContextAttributes": {"used": {"value": false, "score": 0.03426629304885864}, "created": {"value": false, "score": 6.258487701416016e-06}, "shared": {"value": false, "score": 4.172325134277344e-07}}, "documentContextAttributes": {"used": {"value": true, "score": 0.9868667721748352}, "created": {"value": true, "score": 0.9847146272659302}, "shared": {"value": false, "score": 1.4424324035644531e-05}}}, {"type": "software", "software-type": "software", "software-name": {"rawForm": "Edgelet", "normalizedForm": "Edgelet", "offsetStart": 10, "offsetEnd": 17}, "context": "Next, the Edgelet platform redistributes the data and launches the computation phase with the corresponding Computers.", "mentionContextAttributes": {"used": {"value": false, "score": 0.007572352886199951}, "created": {"value": false, "score": 0.029097259044647217}, "shared": {"value": false, "score": 2.980232238769531e-07}}, "documentContextAttributes": {"used": {"value": true, "score": 0.9868667721748352}, "created": {"value": true, "score": 0.9847146272659302}, "shared": {"value": false, "score": 1.4424324035644531e-05}}}, {"type": "software", "software-type": "software", "software-name": {"rawForm": "Edgelet", "normalizedForm": "Edgelet", "offsetStart": 24, "offsetEnd": 31}, "context": "Part 2: Execution of an Edgelet computation.", "mentionContextAttributes": {"used": {"value": false, "score": 0.009874820709228516}, "created": {"value": false, "score": 4.798173904418945e-05}, "shared": {"value": false, "score": 1.7881393432617188e-07}}, "documentContextAttributes": {"used": {"value": true, "score": 0.9868667721748352}, "created": {"value": true, "score": 0.9847146272659302}, "shared": {"value": false, "score": 1.4424324035644531e-05}}}, {"type": "software", "software-type": "software", "software-name": {"rawForm": "Open Enclave", "normalizedForm": "Open Enclave", "offsetStart": 30, "offsetEnd": 45}, "context": "The code is written on top of Open Enclave [5], an SDK for developing enclave applications in C/C++. ", "mentionContextAttributes": {"used": {"value": false, "score": 0.25155389308929443}, "created": {"value": false, "score": 0.09438443183898926}, "shared": {"value": false, "score": 4.708766937255859e-06}}, "documentContextAttributes": {"used": {"value": false, "score": 0.25155389308929443}, "created": {"value": false, "score": 0.11560338735580444}, "shared": {"value": false, "score": 4.708766937255859e-06}}}, {"type": "software", "software-type": "software", "software-name": {"rawForm": "Open Enclave", "normalizedForm": "Open Enclave", "offsetStart": 30, "offsetEnd": 46}, "context": "The code is written on top of Open Enclave [14], an SDK for developing enclave applications in C/C++. ", "mentionContextAttributes": {"used": {"value": false, "score": 0.22128379344940186}, "created": {"value": false, "score": 0.08117640018463135}, "shared": {"value": false, "score": 3.7550926208496094e-06}}, "documentContextAttributes": {"used": {"value": false, "score": 0.25155389308929443}, "created": {"value": false, "score": 0.11560338735580444}, "shared": {"value": false, "score": 4.708766937255859e-06}}}, {"type": "software", "software-type": "software", "software-name": {"rawForm": "Snapshot Builder", "normalizedForm": "Snapshot Builder", "offsetStart": 31, "offsetEnd": 47}, "context": "The Data Processors (here, the Snapshot Builder and the Computer) can be decomposed into sub-operators assigned to different edgelets (i.e., TEE-enabled devices) for performance or privacy concerns. ", "mentionContextAttributes": {"used": {"value": false, "score": 0.003625631332397461}, "created": {"value": false, "score": 0.00021791458129882812}, "shared": {"value": false, "score": 2.980232238769531e-07}}, "documentContextAttributes": {"used": {"value": true, "score": 0.5994484424591064}, "created": {"value": false, "score": 0.00028693675994873047}, "shared": {"value": false, "score": 2.980232238769531e-07}}}, {"type": "software", "software-type": "software", "software-name": {"rawForm": "Computing Combiner", "normalizedForm": "Computing Combiner", "offsetStart": 32, "offsetEnd": 50}, "context": "Note that we need to add to the Computing Combiner an Active Backup, i.e., a replicated instance running in parallel with it, in order to handle its potential failure.", "mentionContextAttributes": {"used": {"value": false, "score": 0.01793307065963745}, "created": {"value": false, "score": 0.03257805109024048}, "shared": {"value": false, "score": 4.172325134277344e-07}}, "documentContextAttributes": {"used": {"value": true, "score": 0.9453079700469971}, "created": {"value": false, "score": 0.03257805109024048}, "shared": {"value": false, "score": 4.172325134277344e-07}}}, {"type": "software", "software-type": "software", "software-name": {"rawForm": "Computing Combiner", "normalizedForm": "Computing Combiner", "offsetStart": 32, "offsetEnd": 50}, "context": "Note that we need to add to the Computing Combiner an Active Backup, i.e., a replicated instance running in parallel with it, in order to handle its potential failure.", "mentionContextAttributes": {"used": {"value": false, "score": 0.01793307065963745}, "created": {"value": false, "score": 0.03257805109024048}, "shared": {"value": false, "score": 4.172325134277344e-07}}, "documentContextAttributes": {"used": {"value": true, "score": 0.9453079700469971}, "created": {"value": false, "score": 0.03257805109024048}, "shared": {"value": false, "score": 4.172325134277344e-07}}}, {"type": "software", "software-type": "software", "software-name": {"rawForm": "Edgelet", "normalizedForm": "Edgelet", "offsetStart": 37, "offsetEnd": 44}, "context": "Second, it presents the internals of Edgelet computing and let the audience play with important parameters related to resiliency and data privacy and observe the outcome by themselves.", "mentionContextAttributes": {"used": {"value": false, "score": 0.0031949877738952637}, "created": {"value": false, "score": 0.005350887775421143}, "shared": {"value": false, "score": 2.980232238769531e-07}}, "documentContextAttributes": {"used": {"value": true, "score": 0.9868667721748352}, "created": {"value": true, "score": 0.9847146272659302}, "shared": {"value": false, "score": 1.4424324035644531e-05}}}, {"type": "software", "software-type": "software", "software-name": {"rawForm": "Edgelet", "normalizedForm": "Edgelet", "offsetStart": 42, "offsetEnd": 49}, "context": "We call this new data management paradigm Edgelet computing and propose dedicated execution strategies that guarantee three fundamental properties, namely Resiliency -a query completes before a given deadline according to a given fault presumption rate -, Validity -the query result is equivalent to the one obtained in a centralized context -and Crowd Liability -the liability of the processing is equally distributed among all query participants -.", "mentionContextAttributes": {"used": {"value": false, "score": 0.00032067298889160156}, "created": {"value": true, "score": 0.7465861439704895}, "shared": {"value": false, "score": 1.4901161193847656e-06}}, "documentContextAttributes": {"used": {"value": true, "score": 0.9868667721748352}, "created": {"value": true, "score": 0.9847146272659302}, "shared": {"value": false, "score": 1.4424324035644531e-05}}}, {"type": "software", "software-type": "software", "software-name": {"rawForm": "Edgelet", "normalizedForm": "Edgelet", "offsetStart": 45, "offsetEnd": 52}, "context": "The demonstration shows the internals of the Edgelet computing framework applied to the fully decentralized context and illustrates its usage through execution scenarios on multiple personal devices.", "mentionContextAttributes": {"used": {"value": true, "score": 0.9868667721748352}, "created": {"value": false, "score": 0.003311455249786377}, "shared": {"value": false, "score": 1.7881393432617188e-07}}, "documentContextAttributes": {"used": {"value": true, "score": 0.9868667721748352}, "created": {"value": true, "score": 0.9847146272659302}, "shared": {"value": false, "score": 1.4424324035644531e-05}}}, {"type": "software", "software-type": "software", "software-name": {"rawForm": "DomYcile", "normalizedForm": "DomYcile", "offsetStart": 48, "offsetEnd": 56}, "context": "identical to those deployed in the field by the DomYcile project [8], incorporate a STM32F417 microcontroller. ", "mentionContextAttributes": {"used": {"value": false, "score": 0.005003035068511963}, "created": {"value": false, "score": 0.00022482872009277344}, "shared": {"value": false, "score": 2.980232238769531e-07}}, "documentContextAttributes": {"used": {"value": false, "score": 0.03846865892410278}, "created": {"value": false, "score": 0.004554092884063721}, "shared": {"value": false, "score": 6.616115570068359e-06}}, "references": [{"label": "[8]", "normalizedForm": "[8]", "refKey": 8, "offsetStart": 18530, "offsetEnd": 18533}]}, {"type": "software", "software-type": "software", "software-name": {"rawForm": "Snapshot", "normalizedForm": "Snapshot", "offsetStart": 48, "offsetEnd": 56}, "context": "Initially, we launch the collection phase where Snapshot Builders receive contributions from thousands of simulated Data Contributors and build representative snapshots. ", "mentionContextAttributes": {"used": {"value": false, "score": 0.0009660124778747559}, "created": {"value": true, "score": 0.9994357824325562}, "shared": {"value": false, "score": 4.172325134277344e-07}}, "documentContextAttributes": {"used": {"value": true, "score": 0.5555273294448853}, "created": {"value": true, "score": 0.9994357824325562}, "shared": {"value": false, "score": 4.172325134277344e-07}}}, {"type": "software", "software-type": "software", "software-name": {"rawForm": "Edgelet", "normalizedForm": "Edgelet", "offsetStart": 53, "offsetEnd": 60}, "context": "Today, we aim at enlarging the use cases targeted by Edgelet computing, considering that the solutions proposed in [14] apply whenever decentralized computations satisfying Resiliency, Validity, and Crowd Liability need to be performed among TEEenabled personal devices (edgelets) connected through \"uncertain\" communications.", "mentionContextAttributes": {"used": {"value": false, "score": 0.00016450881958007812}, "created": {"value": true, "score": 0.7368959784507751}, "shared": {"value": false, "score": 5.364418029785156e-07}}, "documentContextAttributes": {"used": {"value": true, "score": 0.9868667721748352}, "created": {"value": true, "score": 0.9847146272659302}, "shared": {"value": false, "score": 1.4424324035644531e-05}}}, {"type": "software", "software-type": "software", "wikidataId": "Q14579", "wikipediaExternalRef": 21347315, "lang": "en", "confidence": 0.857, "software-name": {"rawForm": "Linux", "normalizedForm": "Linux", "wikidataId": "Q14579", "wikipediaExternalRef": 21347315, "lang": "en", "confidence": 0.857, "offsetStart": 57, "offsetEnd": 62}, "version": {"rawForm": "20.04", "normalizedForm": "20.04", "offsetStart": 63, "offsetEnd": 68}, "context": "4 Cores with SGX 1-FLC runs secure enclaves in an Ubuntu Linux 20.04 environment. ", "mentionContextAttributes": {"used": {"value": false, "score": 0.0016380548477172852}, "created": {"value": false, "score": 9.715557098388672e-06}, "shared": {"value": false, "score": 2.980232238769531e-07}}, "documentContextAttributes": {"used": {"value": false, "score": 0.0016380548477172852}, "created": {"value": false, "score": 4.7147274017333984e-05}, "shared": {"value": false, "score": 8.940696716308594e-07}}}, {"type": "software", "software-type": "software", "software-name": {"rawForm": "Edgelet", "normalizedForm": "Edgelet", "offsetStart": 57, "offsetEnd": 64}, "context": "In this section, we first recall from [14] the basics of Edgelet execution strategies that can scale to a large number of participants while providing privacy guarantees.", "mentionContextAttributes": {"used": {"value": false, "score": 5.429983139038086e-05}, "created": {"value": true, "score": 0.6228728294372559}, "shared": {"value": false, "score": 2.980232238769531e-07}}, "documentContextAttributes": {"used": {"value": true, "score": 0.9868667721748352}, "created": {"value": true, "score": 0.9847146272659302}, "shared": {"value": false, "score": 1.4424324035644531e-05}}}, {"type": "software", "software-type": "software", "software-name": {"rawForm": "Computing Combiner", "normalizedForm": "Computing Combiner", "offsetStart": 62, "offsetEnd": 80}, "context": "Right before the query deadline, the knowledge is sent to the Computing Combiner which combines all received knowledges and sends the final result to the Querier.", "mentionContextAttributes": {"used": {"value": true, "score": 0.9453079700469971}, "created": {"value": false, "score": 0.00011473894119262695}, "shared": {"value": false, "score": 2.980232238769531e-07}}, "documentContextAttributes": {"used": {"value": true, "score": 0.9453079700469971}, "created": {"value": false, "score": 0.03257805109024048}, "shared": {"value": false, "score": 4.172325134277344e-07}}}, {"type": "software", "software-type": "software", "software-name": {"rawForm": "Computing Combiner", "normalizedForm": "Computing Combiner", "offsetStart": 62, "offsetEnd": 80}, "context": "Right before the query deadline, the knowledge is sent to the Computing Combiner which combines all received knowledges and sends the final result to the Querier.", "mentionContextAttributes": {"used": {"value": true, "score": 0.9453079700469971}, "created": {"value": false, "score": 0.00011473894119262695}, "shared": {"value": false, "score": 2.980232238769531e-07}}, "documentContextAttributes": {"used": {"value": true, "score": 0.9453079700469971}, "created": {"value": false, "score": 0.03257805109024048}, "shared": {"value": false, "score": 4.172325134277344e-07}}}, {"type": "software", "software-type": "software", "software-name": {"rawForm": "DomYcile", "normalizedForm": "DomYcile", "offsetStart": 63, "offsetEnd": 71}, "context": "This research work is being validated in the field through the DomYcile project [2]: 8,000 elderly people receiving home care in the French Yvelines district are equipped with a secure box (see Figure 1.b) where their medical records are stored and processed (local queries today, clustering algorithms crossing the data of several patients tomorrow); currently, the boxes are not connected to the Internet for subscription cost and acceptability reasons, but are connected opportunistically by caregivers during their visits.", "mentionContextAttributes": {"used": {"value": false, "score": 0.006181120872497559}, "created": {"value": false, "score": 0.004554092884063721}, "shared": {"value": false, "score": 6.616115570068359e-06}}, "documentContextAttributes": {"used": {"value": false, "score": 0.03846865892410278}, "created": {"value": false, "score": 0.004554092884063721}, "shared": {"value": false, "score": 6.616115570068359e-06}}, "references": [{"label": "[2]", "normalizedForm": "[2]", "refKey": 2, "offsetStart": 2456, "offsetEnd": 2459}]}, {"type": "software", "software-type": "software", "software-name": {"rawForm": "Combiners", "normalizedForm": "Combiners", "offsetStart": 64, "offsetEnd": 73}, "context": "At the end, the aggregated data is transmitted to the Computing Combiners for the combination phase and the query is completed. ", "mentionContextAttributes": {"used": {"value": true, "score": 0.7725265026092529}, "created": {"value": false, "score": 7.253885269165039e-05}, "shared": {"value": false, "score": 2.980232238769531e-07}}, "documentContextAttributes": {"used": {"value": true, "score": 0.7725265026092529}, "created": {"value": false, "score": 7.253885269165039e-05}, "shared": {"value": false, "score": 2.980232238769531e-07}}}, {"type": "software", "software-type": "software", "software-name": {"rawForm": "Edgelet", "normalizedForm": "Edgelet", "offsetStart": 75, "offsetEnd": 82}, "context": "First, it exemplifies the versatility of the approach by demonstrating the Edgelet computing mechanisms running on different TEE-enabled devices (from PC with SGX up to smart objects with TPM).", "mentionContextAttributes": {"used": {"value": false, "score": 0.045880913734436035}, "created": {"value": false, "score": 0.0022019147872924805}, "shared": {"value": false, "score": 1.7881393432617188e-07}}, "documentContextAttributes": {"used": {"value": true, "score": 0.9868667721748352}, "created": {"value": true, "score": 0.9847146272659302}, "shared": {"value": false, "score": 1.4424324035644531e-05}}}, {"type": "software", "software-type": "software", "software-name": {"rawForm": "Edgelet", "normalizedForm": "Edgelet", "offsetStart": 77, "offsetEnd": 84}, "context": "The method for executing an iterative algorithm A (e.g., K-Means [7]) in the Edgelet context is the following: each edgelet implementing a Computer iterates on (1) a local convergence phase where it computes A on its local partition, improving its local knowledge (e.g., its centroids), and broadcasts this knowledge to all others Computers, and (2) a synchronization phase where it receives the knowledge of the other Computers it has heard of and integrates them in its own knowledge (e.g., the barycenter for each centroid).", "mentionContextAttributes": {"used": {"value": false, "score": 0.37580227851867676}, "created": {"value": false, "score": 1.0073184967041016e-05}, "shared": {"value": false, "score": 1.2516975402832031e-06}}, "documentContextAttributes": {"used": {"value": true, "score": 0.9868667721748352}, "created": {"value": true, "score": 0.9847146272659302}, "shared": {"value": false, "score": 1.4424324035644531e-05}}}, {"type": "software", "software-type": "software", "software-name": {"rawForm": "Edgelet", "normalizedForm": "Edgelet", "offsetStart": 78, "offsetEnd": 85}, "context": "The method for executing an iterative algorithm A (e.g., K-Means [11]) in the Edgelet context is the following: each edgelet implementing a Computer iterates on (1) a local convergence phase where it computes A on its local partition, improving its local knowledge (e.g., its centroids), and broadcasts this knowledge to all others Computers, and (2) a synchronization phase where it receives the knowledge of the other Computers it has heard of and integrates them in its own knowledge (e.g., the barycenter for each centroid).", "mentionContextAttributes": {"used": {"value": false, "score": 0.3877336382865906}, "created": {"value": false, "score": 1.0192394256591797e-05}, "shared": {"value": false, "score": 1.1324882507324219e-06}}, "documentContextAttributes": {"used": {"value": true, "score": 0.9868667721748352}, "created": {"value": true, "score": 0.9847146272659302}, "shared": {"value": false, "score": 1.4424324035644531e-05}}}, {"type": "software", "software-type": "software", "software-name": {"rawForm": "Edgelet", "normalizedForm": "Edgelet", "offsetStart": 79, "offsetEnd": 86}, "context": "A lot of research work has been produced on the different areas encompassed by Edgelet computing: Computing architectures: from cloud, fog, edge computing to mobile edge [13], mobile ad-hoc cloud computing [25] and cross-device federated machine learning [7]; Private/Confidential computing: using homomorphic encryption [8], secure multiparty computation [6], differential privacy techniques [12] or TEEs (in the cloud [20], or at the edges [9,15]).", "mentionContextAttributes": {"used": {"value": false, "score": 0.011639177799224854}, "created": {"value": false, "score": 0.0004119277000427246}, "shared": {"value": false, "score": 1.8477439880371094e-06}}, "documentContextAttributes": {"used": {"value": true, "score": 0.9868667721748352}, "created": {"value": true, "score": 0.9847146272659302}, "shared": {"value": false, "score": 1.4424324035644531e-05}}}, {"type": "software", "software-type": "software", "software-name": {"rawForm": "DomYcile", "normalizedForm": "DomYcile", "offsetStart": 84, "offsetEnd": 92}, "context": "These secure boxes (see Figure 1.b, identical to those deployed in the field by the DomYcile project [2], incorporate a STM32F417 microcontroller.", "mentionContextAttributes": {"used": {"value": false, "score": 0.03846865892410278}, "created": {"value": false, "score": 6.395578384399414e-05}, "shared": {"value": false, "score": 1.7881393432617188e-07}}, "documentContextAttributes": {"used": {"value": false, "score": 0.03846865892410278}, "created": {"value": false, "score": 0.004554092884063721}, "shared": {"value": false, "score": 6.616115570068359e-06}}, "references": [{"label": "[2]", "normalizedForm": "[2]", "refKey": 2, "offsetStart": 12659, "offsetEnd": 12662}]}, {"type": "software", "software-type": "software", "software-name": {"rawForm": "Edgelet", "normalizedForm": "Edgelet", "offsetStart": 92, "offsetEnd": 99}, "context": "The first objective of this demonstration is to present the computational mechanisms of the Edgelet framework using TEE-enabled devices ranging from high-end device (PC) to low-end device (home box).", "mentionContextAttributes": {"used": {"value": false, "score": 0.00300675630569458}, "created": {"value": true, "score": 0.9847146272659302}, "shared": {"value": false, "score": 1.7881393432617188e-07}}, "documentContextAttributes": {"used": {"value": true, "score": 0.9868667721748352}, "created": {"value": true, "score": 0.9847146272659302}, "shared": {"value": false, "score": 1.4424324035644531e-05}}}, {"type": "software", "software-type": "software", "software-name": {"rawForm": "Edgelet", "normalizedForm": "Edgelet", "offsetStart": 92, "offsetEnd": 99}, "context": "The first objective of this demonstration is to present the computational mechanisms of the Edgelet framework using TEEenabled devices ranging from high-end device (PC) to low-end device (home box).", "mentionContextAttributes": {"used": {"value": false, "score": 0.0035969018936157227}, "created": {"value": true, "score": 0.9821481704711914}, "shared": {"value": false, "score": 1.7881393432617188e-07}}, "documentContextAttributes": {"used": {"value": true, "score": 0.9868667721748352}, "created": {"value": true, "score": 0.9847146272659302}, "shared": {"value": false, "score": 1.4424324035644531e-05}}}, {"type": "software", "software-type": "software", "software-name": {"rawForm": "Edgelet", "normalizedForm": "Edgelet", "offsetStart": 93, "offsetEnd": 100}, "context": "The scenario consists of two interactive parts related to the configuration and execution of Edgelet computations. ", "mentionContextAttributes": {"used": {"value": false, "score": 0.005109965801239014}, "created": {"value": false, "score": 0.0012965202331542969}, "shared": {"value": false, "score": 1.7881393432617188e-07}}, "documentContextAttributes": {"used": {"value": true, "score": 0.9868667721748352}, "created": {"value": true, "score": 0.9847146272659302}, "shared": {"value": false, "score": 1.4424324035644531e-05}}}, {"type": "software", "software-type": "software", "software-name": {"rawForm": "Edgelet", "normalizedForm": "Edgelet", "offsetStart": 93, "offsetEnd": 100}, "context": "The scenario consists of two interactive parts related to the configuration and execution of Edgelet computations.", "mentionContextAttributes": {"used": {"value": false, "score": 0.005109965801239014}, "created": {"value": false, "score": 0.0012965202331542969}, "shared": {"value": false, "score": 1.7881393432617188e-07}}, "documentContextAttributes": {"used": {"value": true, "score": 0.9868667721748352}, "created": {"value": true, "score": 0.9847146272659302}, "shared": {"value": false, "score": 1.4424324035644531e-05}}}, {"type": "software", "software-type": "software", "wikidataId": "Q381", "wikipediaExternalRef": 990298, "lang": "en", "confidence": 0.8775, "software-name": {"rawForm": "Ubuntu", "normalizedForm": "Ubuntu", "wikidataId": "Q381", "wikipediaExternalRef": 990298, "lang": "en", "confidence": 0.8775, "offsetStart": 94, "offsetEnd": 100}, "context": "A laptop with an Intel Core i5-9400H 2.5GHz 4 Cores with SGX 1-FLC runs secure enclaves in an Ubuntu Linux 20.04 environment. ", "mentionContextAttributes": {"used": {"value": false, "score": 0.00047200918197631836}, "created": {"value": false, "score": 4.7147274017333984e-05}, "shared": {"value": false, "score": 8.940696716308594e-07}}, "documentContextAttributes": {"used": {"value": false, "score": 0.00047200918197631836}, "created": {"value": false, "score": 4.7147274017333984e-05}, "shared": {"value": false, "score": 8.940696716308594e-07}}}, {"type": "software", "software-type": "software", "wikidataId": "Q14579", "wikipediaExternalRef": 21347315, "lang": "en", "confidence": 0.857, "software-name": {"rawForm": "Linux", "normalizedForm": "Linux", "wikidataId": "Q14579", "wikipediaExternalRef": 21347315, "lang": "en", "confidence": 0.857, "offsetStart": 101, "offsetEnd": 106}, "version": {"rawForm": "20.04", "normalizedForm": "20.04", "offsetStart": 107, "offsetEnd": 112}, "context": "A laptop with an Intel Core i5-9400H 2.5GHz 4 Cores with SGX 1-FLC runs secure enclaves in an Ubuntu Linux 20.04 environment. ", "mentionContextAttributes": {"used": {"value": false, "score": 0.00047200918197631836}, "created": {"value": false, "score": 4.7147274017333984e-05}, "shared": {"value": false, "score": 8.940696716308594e-07}}, "documentContextAttributes": {"used": {"value": false, "score": 0.0016380548477172852}, "created": {"value": false, "score": 4.7147274017333984e-05}, "shared": {"value": false, "score": 8.940696716308594e-07}}}, {"type": "software", "software-type": "software", "software-name": {"rawForm": "Edgelet", "normalizedForm": "Edgelet", "offsetStart": 105, "offsetEnd": 112}, "context": "Contrary to participatory sensing or sensor networks which focus on stream queries over elementary data, Edgelet computing aims at handling rich data (e.g., healthcare folders, spending habits) and complex processing (e.g., machine learning, data mining) over edgelets data seen as a horizontal partitioning of a shared database (i.e., edgelets data conform to a common schema).", "mentionContextAttributes": {"used": {"value": false, "score": 0.0002454519271850586}, "created": {"value": false, "score": 0.0027913451194763184}, "shared": {"value": false, "score": 2.8014183044433594e-06}}, "documentContextAttributes": {"used": {"value": true, "score": 0.9868667721748352}, "created": {"value": true, "score": 0.9847146272659302}, "shared": {"value": false, "score": 1.4424324035644531e-05}}}, {"type": "software", "software-type": "software", "software-name": {"rawForm": "Edgelet", "normalizedForm": "Edgelet", "offsetStart": 108, "offsetEnd": 115}, "context": "To the best of our knowledge, none of the aforementioned papers and surveys address the challenge raised by Edgelet computing: how to perform complex and scalable distributed queries on data scattered on multiple personal devices while ensuring fault and disconnection tolerance?", "mentionContextAttributes": {"used": {"value": false, "score": 0.00012540817260742188}, "created": {"value": true, "score": 0.7124354243278503}, "shared": {"value": false, "score": 2.980232238769531e-07}}, "documentContextAttributes": {"used": {"value": true, "score": 0.9868667721748352}, "created": {"value": true, "score": 0.9847146272659302}, "shared": {"value": false, "score": 1.4424324035644531e-05}}}, {"type": "software", "software-type": "software", "software-name": {"rawForm": "Edgelet", "normalizedForm": "Edgelet", "offsetStart": 110, "offsetEnd": 117}, "context": "This can finally help minimizing the workload (e.g., when energy consumption matters) or exploit the inherent Edgelet computing parallelism.", "mentionContextAttributes": {"used": {"value": false, "score": 4.953145980834961e-05}, "created": {"value": false, "score": 0.0002288818359375}, "shared": {"value": false, "score": 4.172325134277344e-07}}, "documentContextAttributes": {"used": {"value": true, "score": 0.9868667721748352}, "created": {"value": true, "score": 0.9847146272659302}, "shared": {"value": false, "score": 1.4424324035644531e-05}}}, {"type": "software", "software-type": "software", "software-name": {"rawForm": "Snapshot", "normalizedForm": "Snapshot", "offsetStart": 112, "offsetEnd": 120}, "context": "Figure 2 presents the QEP for an example query using horizontal partitioning (Data Contributors are assigned to Snapshot Builders, e.g., by hashing their public key) and vertical partitioning (each Computer manages a single statistic, e.g., Age, BMI).", "mentionContextAttributes": {"used": {"value": true, "score": 0.5555273294448853}, "created": {"value": false, "score": 1.7285346984863281e-06}, "shared": {"value": false, "score": 2.980232238769531e-07}}, "documentContextAttributes": {"used": {"value": true, "score": 0.5555273294448853}, "created": {"value": true, "score": 0.9994357824325562}, "shared": {"value": false, "score": 4.172325134277344e-07}}}, {"type": "software", "software-type": "software", "software-name": {"rawForm": "Edgelet", "normalizedForm": "Edgelet", "offsetStart": 115, "offsetEnd": 122}, "context": "The shift of responsibility from a unique data controller (in the GDPR sense) to the crowd is a salient feature of Edgelet computing.", "mentionContextAttributes": {"used": {"value": false, "score": 0.00018286705017089844}, "created": {"value": false, "score": 0.0011737942695617676}, "shared": {"value": false, "score": 1.7881393432617188e-07}}, "documentContextAttributes": {"used": {"value": true, "score": 0.9868667721748352}, "created": {"value": true, "score": 0.9847146272659302}, "shared": {"value": false, "score": 1.4424324035644531e-05}}}, {"type": "software", "software-type": "software", "software-name": {"rawForm": "Dash Python", "normalizedForm": "Dash Python", "offsetStart": 138, "offsetEnd": 149}, "context": "The second objective is to present the internal aspects of the solution, we thus develop the following software: (1) a GUI implemented in Dash Python that allows interactive configuration and visualization of Edgelet queries; (2) an Edgelet manager that orchestrates executions and communications between simulated and real edgelets (PC and home boxes); (3) a web client accessible to attendees' smartphones via a QR code allowing them to visualize the processed data and interact in real-time with the execution.", "mentionContextAttributes": {"used": {"value": false, "score": 0.00047916173934936523}, "created": {"value": true, "score": 0.7798876166343689}, "shared": {"value": false, "score": 1.4483928680419922e-05}}, "documentContextAttributes": {"used": {"value": false, "score": 0.00047916173934936523}, "created": {"value": true, "score": 0.7798876166343689}, "shared": {"value": false, "score": 1.4483928680419922e-05}}}, {"type": "software", "software-type": "software", "software-name": {"rawForm": "Dash Python", "normalizedForm": "Dash Python", "offsetStart": 138, "offsetEnd": 149}, "context": "The second objective is to present the internal aspects of the solution, we thus develop the following software: (1) a GUI implemented in Dash Python that allows interactive configuration and visualization of Edgelet queries; (2) an Edgelet manager that orchestrates executions and communications between simulated and real edgelets (PC and home boxes); (3) a web client accessible to attendees' smartphones via a QR code allowing them to visualize the processed data and interact in real-time with the execution.", "mentionContextAttributes": {"used": {"value": false, "score": 0.00047916173934936523}, "created": {"value": true, "score": 0.7798876166343689}, "shared": {"value": false, "score": 1.4483928680419922e-05}}, "documentContextAttributes": {"used": {"value": false, "score": 0.00047916173934936523}, "created": {"value": true, "score": 0.7798876166343689}, "shared": {"value": false, "score": 1.4483928680419922e-05}}}, {"type": "software", "software-type": "software", "software-name": {"rawForm": "Snapshot Builder", "normalizedForm": "Snapshot Builder", "offsetStart": 153, "offsetEnd": 169}, "context": "We illustrate the Overcollection principle by considering a query over a sample dataset (e.g., C individuals with age > 65) where Data Processors (i.e., Snapshot Builder and Computers) execute distributive operators. ", "mentionContextAttributes": {"used": {"value": false, "score": 0.10010325908660889}, "created": {"value": false, "score": 0.00028693675994873047}, "shared": {"value": false, "score": 2.980232238769531e-07}}, "documentContextAttributes": {"used": {"value": true, "score": 0.5994484424591064}, "created": {"value": false, "score": 0.00028693675994873047}, "shared": {"value": false, "score": 2.980232238769531e-07}}}, {"type": "software", "software-type": "software", "software-name": {"rawForm": "Snapshot Builder", "normalizedForm": "Snapshot Builder", "offsetStart": 154, "offsetEnd": 170}, "context": "We illustrate the Overcollection principle by considering a query over a sample dataset (e.g., \ud835\udc36 individuals with age > 65) where Data Processors (i.e., Snapshot Builder and Computers) execute distributive operators. ", "mentionContextAttributes": {"used": {"value": false, "score": 0.07986295223236084}, "created": {"value": false, "score": 0.0002747178077697754}, "shared": {"value": false, "score": 2.384185791015625e-07}}, "documentContextAttributes": {"used": {"value": true, "score": 0.5994484424591064}, "created": {"value": false, "score": 0.00028693675994873047}, "shared": {"value": false, "score": 2.980232238769531e-07}}}, {"type": "software", "software-type": "software", "software-name": {"rawForm": "Snapshot", "normalizedForm": "Snapshot", "offsetStart": 164, "offsetEnd": 172}, "context": "The simplest form of a QEP is a tree with Data Contributors at the leaves (one per edgelet contributing to the query with its data) sending the requested data to a Snapshot Builder operator, the role of which is to collect a representative snapshot of cardinality \ud835\udc36 (e.g., select tuples from \ud835\udc36 = 2000 patients over 65 years old).", "mentionContextAttributes": {"used": {"value": false, "score": 0.001860499382019043}, "created": {"value": false, "score": 1.0013580322265625e-05}, "shared": {"value": false, "score": 3.5762786865234375e-07}}, "documentContextAttributes": {"used": {"value": true, "score": 0.5555273294448853}, "created": {"value": true, "score": 0.9994357824325562}, "shared": {"value": false, "score": 4.172325134277344e-07}}}, {"type": "software", "software-type": "software", "software-name": {"rawForm": "Edgelet", "normalizedForm": "Edgelet", "offsetStart": 209, "offsetEnd": 216}, "context": "The second objective is to present the internal aspects of the solution, we thus develop the following software: (1) a GUI implemented in Dash Python that allows interactive configuration and visualization of Edgelet queries; (2) an Edgelet manager that orchestrates executions and communications between simulated and real edgelets (PC and home boxes); (3) a web client accessible to attendees' smartphones via a QR code allowing them to visualize the processed data and interact in real-time with the execution.", "mentionContextAttributes": {"used": {"value": false, "score": 0.00047910213470458984}, "created": {"value": true, "score": 0.7798875570297241}, "shared": {"value": false, "score": 1.4424324035644531e-05}}, "documentContextAttributes": {"used": {"value": true, "score": 0.9868667721748352}, "created": {"value": true, "score": 0.9847146272659302}, "shared": {"value": false, "score": 1.4424324035644531e-05}}}, {"type": "software", "software-type": "software", "software-name": {"rawForm": "Edgelet", "normalizedForm": "Edgelet", "offsetStart": 209, "offsetEnd": 216}, "context": "The second objective is to present the internal aspects of the solution, we thus develop the following software: (1) a GUI implemented in Dash Python that allows interactive configuration and visualization of Edgelet queries; (2) an Edgelet manager that orchestrates executions and communications between simulated and real edgelets (PC and home boxes); (3) a web client accessible to attendees' smartphones via a QR code allowing them to visualize the processed data and interact in real-time with the execution.", "mentionContextAttributes": {"used": {"value": false, "score": 0.00047910213470458984}, "created": {"value": true, "score": 0.7798875570297241}, "shared": {"value": false, "score": 1.4424324035644531e-05}}, "documentContextAttributes": {"used": {"value": true, "score": 0.9868667721748352}, "created": {"value": true, "score": 0.9847146272659302}, "shared": {"value": false, "score": 1.4424324035644531e-05}}}, {"type": "software", "software-type": "software", "software-name": {"rawForm": "Edgelet", "normalizedForm": "Edgelet", "offsetStart": 233, "offsetEnd": 240}, "context": "The second objective is to present the internal aspects of the solution, we thus develop the following software: (1) a GUI implemented in Dash Python that allows interactive configuration and visualization of Edgelet queries; (2) an Edgelet manager that orchestrates executions and communications between simulated and real edgelets (PC and home boxes); (3) a web client accessible to attendees' smartphones via a QR code allowing them to visualize the processed data and interact in real-time with the execution.", "mentionContextAttributes": {"used": {"value": false, "score": 0.00047910213470458984}, "created": {"value": true, "score": 0.7798875570297241}, "shared": {"value": false, "score": 1.4424324035644531e-05}}, "documentContextAttributes": {"used": {"value": true, "score": 0.9868667721748352}, "created": {"value": true, "score": 0.9847146272659302}, "shared": {"value": false, "score": 1.4424324035644531e-05}}}, {"type": "software", "software-type": "software", "software-name": {"rawForm": "Edgelet", "normalizedForm": "Edgelet", "offsetStart": 233, "offsetEnd": 240}, "context": "The second objective is to present the internal aspects of the solution, we thus develop the following software: (1) a GUI implemented in Dash Python that allows interactive configuration and visualization of Edgelet queries; (2) an Edgelet manager that orchestrates executions and communications between simulated and real edgelets (PC and home boxes); (3) a web client accessible to attendees' smartphones via a QR code allowing them to visualize the processed data and interact in real-time with the execution.", "mentionContextAttributes": {"used": {"value": false, "score": 0.00047910213470458984}, "created": {"value": true, "score": 0.7798875570297241}, "shared": {"value": false, "score": 1.4424324035644531e-05}}, "documentContextAttributes": {"used": {"value": true, "score": 0.9868667721748352}, "created": {"value": true, "score": 0.9847146272659302}, "shared": {"value": false, "score": 1.4424324035644531e-05}}}], "references": [{"refKey": 8, "tei": "<biblStruct xml:id=\"b8\">\n\t<analytic>\n\t\t<title level=\"a\" type=\"main\">Private Database Queries Using Somewhat Homomorphic Encryption</title>\n\t\t<author>\n\t\t\t<persName><forename type=\"first\">Dan</forename><surname>Boneh</surname></persName>\n\t\t</author>\n\t\t<author>\n\t\t\t<persName><forename type=\"first\">Craig</forename><surname>Gentry</surname></persName>\n\t\t</author>\n\t\t<author>\n\t\t\t<persName><forename type=\"first\">Shai</forename><surname>Halevi</surname></persName>\n\t\t</author>\n\t\t<author>\n\t\t\t<persName><forename type=\"first\">Frank</forename><surname>Wang</surname></persName>\n\t\t</author>\n\t\t<author>\n\t\t\t<persName><forename type=\"first\">David</forename><forename type=\"middle\">J</forename><surname>Wu</surname></persName>\n\t\t</author>\n\t\t<idno type=\"DOI\">10.1007/978-3-642-38980-1_7</idno>\n\t</analytic>\n\t<monogr>\n\t\t<title level=\"m\">Applied Cryptography and Network Security</title>\n\t\t<imprint>\n\t\t\t<publisher>Springer Berlin Heidelberg</publisher>\n\t\t\t<date type=\"published\" when=\"2013\">2013</date>\n\t\t\t<biblScope unit=\"volume\">7954</biblScope>\n\t\t\t<biblScope unit=\"page\" from=\"102\" to=\"118\" />\n\t\t</imprint>\n\t</monogr>\n</biblStruct>\n"}, {"refKey": 2, "tei": "<biblStruct xml:id=\"b2\">\n\t<monogr>\n\t\t<title level=\"m\">DomYcile Project</title>\n\t\t<imprint>\n\t\t\t<date>2020</date>\n\t\t</imprint>\n\t</monogr>\n</biblStruct>\n"}], "runtime": 78880, "id": "5380d516570f8ffd1411cb307ce60eac2df9651a", "metadata": {"id": "5380d516570f8ffd1411cb307ce60eac2df9651a"}, "original_file_path": "../../datalake/Samuel/SOFTware-Sync/data/xml_not_sofctied/hal-04228038.grobid.tei.xml", "file_name": "hal-04228038.grobid.tei.xml"}