{"application": "software-mentions", "version": "0.8.0", "date": "2024-04-12T17:09+0000", "md5": "01BD04BD2E10793B41C6D62A1A8228AD", "mentions": [{"type": "software", "software-type": "software", "software-name": {"rawForm": "LibriSpeech", "normalizedForm": "LibriSpeech", "offsetStart": 31, "offsetEnd": 46}, "context": "The experiment is conducted on LibriSpeech [19]. ", "mentionContextAttributes": {"used": {"value": true, "score": 0.9928321838378906}, "created": {"value": false, "score": 0.002271711826324463}, "shared": {"value": false, "score": 7.152557373046875e-07}}, "documentContextAttributes": {"used": {"value": true, "score": 0.9928321838378906}, "created": {"value": false, "score": 0.002271711826324463}, "shared": {"value": false, "score": 7.152557373046875e-07}}}], "references": [], "runtime": 104930, "id": "70b51b088b0bb8006dba178c712212b0b3b8ab51", "metadata": {"id": "70b51b088b0bb8006dba178c712212b0b3b8ab51"}, "original_file_path": "../../datalake/Samuel/SOFTware-Sync/data/xml_not_sofctied/hal-02907918.grobid.tei.xml", "file_name": "hal-02907918.grobid.tei.xml"}