{"application": "software-mentions", "version": "0.8.0", "date": "2024-04-12T17:23+0000", "md5": "DB715AB3B0906E4745C3B738D6E05A09", "mentions": [{"type": "software", "software-type": "software", "software-name": {"rawForm": "gMark", "normalizedForm": "gMark", "offsetStart": 3, "offsetEnd": 8}, "context": "As gMark tries to construct the instance that best fits the size parameter and schema constraints, the resulting sizes vary (especially for the very dense graphs social and shop). ", "mentionContextAttributes": {"used": {"value": false, "score": 7.367134094238281e-05}, "created": {"value": false, "score": 0.00019818544387817383}, "shared": {"value": false, "score": 3.5762786865234375e-07}}, "documentContextAttributes": {"used": {"value": true, "score": 0.9999713897705078}, "created": {"value": false, "score": 0.00019818544387817383}, "shared": {"value": false, "score": 3.5762786865234375e-07}}}, {"type": "software", "software-type": "software", "software-name": {"rawForm": "PGX", "normalizedForm": "PGX", "offsetStart": 31, "offsetEnd": 34}, "version": {"rawForm": "3.1", "normalizedForm": "3.1"}, "publisher": {"rawForm": "Oracle", "normalizedForm": "Oracle"}, "context": ", where Q i (G) computes (with PGX) the counting query Q i , on the original graph, and Q T i ( \u011c) computes (with our engine) the translated query Q T i , on the summary.", "mentionContextAttributes": {"used": {"value": true, "score": 0.9176788330078125}, "created": {"value": false, "score": 7.152557373046875e-06}, "shared": {"value": false, "score": 4.76837158203125e-07}}, "documentContextAttributes": {"used": {"value": true, "score": 0.9823551774024963}, "created": {"value": false, "score": 0.0023654699325561523}, "shared": {"value": false, "score": 4.76837158203125e-07}}}, {"type": "software", "software-type": "software", "software-name": {"rawForm": "gMark", "normalizedForm": "gMark", "offsetStart": 33, "offsetEnd": 41}, "context": "We obtained these datasets using gMark [5], a synthetic graph instance and query workload generator. ", "mentionContextAttributes": {"used": {"value": true, "score": 0.9999713897705078}, "created": {"value": false, "score": 4.649162292480469e-06}, "shared": {"value": false, "score": 1.1920928955078125e-07}}, "documentContextAttributes": {"used": {"value": true, "score": 0.9999713897705078}, "created": {"value": false, "score": 0.00019818544387817383}, "shared": {"value": false, "score": 3.5762786865234375e-07}}}, {"type": "software", "software-type": "software", "software-name": {"rawForm": "gMark", "normalizedForm": "gMark", "offsetStart": 61, "offsetEnd": 69}, "context": "As a performance baseline, we considered the shop dataset in gMark [5], simulating the WatDiv benchmark [1] (also a benchmark in [19]). ", "mentionContextAttributes": {"used": {"value": true, "score": 0.9999115467071533}, "created": {"value": false, "score": 3.6954879760742188e-06}, "shared": {"value": false, "score": 1.1920928955078125e-07}}, "documentContextAttributes": {"used": {"value": true, "score": 0.9999713897705078}, "created": {"value": false, "score": 0.00019818544387817383}, "shared": {"value": false, "score": 3.5762786865234375e-07}}}, {"type": "software", "software-type": "software", "software-name": {"rawForm": "PGX", "normalizedForm": "PGX", "offsetStart": 67, "offsetEnd": 70}, "version": {"rawForm": "3.1", "normalizedForm": "3.1", "offsetStart": 71, "offsetEnd": 74}, "publisher": {"rawForm": "Oracle", "normalizedForm": "Oracle", "offsetStart": 55, "offsetEnd": 61}, "context": "As the underlying graph database backend, we have used Oracle Labs PGX 3.1, which is the only property graph engine allowing for the evaluation of complex RPQs.", "mentionContextAttributes": {"used": {"value": true, "score": 0.9823551774024963}, "created": {"value": false, "score": 0.0023654699325561523}, "shared": {"value": false, "score": 2.384185791015625e-07}}, "documentContextAttributes": {"used": {"value": true, "score": 0.9823551774024963}, "created": {"value": false, "score": 0.0023654699325561523}, "shared": {"value": false, "score": 4.76837158203125e-07}}}, {"type": "software", "software-type": "software", "wikidataId": "Q1461054", "wikipediaExternalRef": 8232236, "lang": "en", "confidence": 0.9164, "software-name": {"rawForm": "OpenJDK", "normalizedForm": "OpenJDK", "wikidataId": "Q1461054", "wikipediaExternalRef": 8232236, "lang": "en", "confidence": 0.9164, "offsetStart": 74, "offsetEnd": 81}, "version": {"rawForm": "1.8", "normalizedForm": "1.8", "offsetStart": 82, "offsetEnd": 86}, "context": "The summarization and approximation modules are implemented in Java using OpenJDK 1.88 . ", "mentionContextAttributes": {"used": {"value": true, "score": 0.99623703956604}, "created": {"value": false, "score": 0.00016582012176513672}, "shared": {"value": false, "score": 2.384185791015625e-07}}, "documentContextAttributes": {"used": {"value": true, "score": 0.99623703956604}, "created": {"value": false, "score": 0.00016582012176513672}, "shared": {"value": false, "score": 2.384185791015625e-07}}}], "references": [], "runtime": 29436, "id": "ef47e3a470ba08dacc9663256f8b04660db69d60", "metadata": {"id": "ef47e3a470ba08dacc9663256f8b04660db69d60"}, "original_file_path": "../../datalake/Samuel/SOFTware-Sync/data/xml_not_sofctied/hal-02417259.grobid.tei.xml", "file_name": "hal-02417259.grobid.tei.xml"}