{"application": "software-mentions", "version": "0.8.0", "date": "2024-04-12T16:16+0000", "md5": "E9FE8B1DDF51899E9E5419F4DF509754", "mentions": [{"type": "software", "software-type": "software", "software-name": {"rawForm": "2P", "normalizedForm": "2P", "offsetStart": 3, "offsetEnd": 5}, "context": "SEP2P is a peer-to-peer system and only relies on the PDMS nodes to enable the aforementioned applications.", "mentionContextAttributes": {"used": {"value": false, "score": 0.0006959438323974609}, "created": {"value": false, "score": 0.00016307830810546875}, "shared": {"value": false, "score": 6.556510925292969e-07}}, "documentContextAttributes": {"used": {"value": true, "score": 0.9998655319213867}, "created": {"value": true, "score": 0.9999242424964905}, "shared": {"value": false, "score": 4.7147274017333984e-05}}}, {"type": "software", "software-type": "software", "software-name": {"rawForm": "2P", "normalizedForm": "2P", "offsetStart": 3, "offsetEnd": 5}, "context": "SEP2P distributed secure actor selection protocol (1) Generates the verifiable random VRND T (see Section 3.4).", "mentionContextAttributes": {"used": {"value": true, "score": 0.9820549488067627}, "created": {"value": false, "score": 2.086162567138672e-06}, "shared": {"value": false, "score": 1.7881393432617188e-07}}, "documentContextAttributes": {"used": {"value": true, "score": 0.9998655319213867}, "created": {"value": true, "score": 0.9999242424964905}, "shared": {"value": false, "score": 4.7147274017333984e-05}}}, {"type": "software", "software-type": "software", "software-name": {"rawForm": "2P", "normalizedForm": "2P", "offsetStart": 3, "offsetEnd": 5}, "context": "SEP2P also considers a secure PDMS at the user-side but our attack model considers having many colluding nodes.", "mentionContextAttributes": {"used": {"value": false, "score": 4.965066909790039e-05}, "created": {"value": false, "score": 0.00012564659118652344}, "shared": {"value": false, "score": 2.980232238769531e-07}}, "documentContextAttributes": {"used": {"value": true, "score": 0.9998655319213867}, "created": {"value": true, "score": 0.9999242424964905}, "shared": {"value": false, "score": 4.7147274017333984e-05}}}, {"type": "software", "software-type": "software", "software-name": {"rawForm": "2P", "normalizedForm": "2P", "offsetStart": 7, "offsetEnd": 9}, "context": "(1) SEP2P is highly scalable w.r.t.", "mentionContextAttributes": {"used": {"value": false, "score": 0.00012254714965820312}, "created": {"value": false, "score": 3.516674041748047e-06}, "shared": {"value": false, "score": 5.364418029785156e-07}}, "documentContextAttributes": {"used": {"value": true, "score": 0.9998655319213867}, "created": {"value": true, "score": 0.9999242424964905}, "shared": {"value": false, "score": 4.7147274017333984e-05}}}, {"type": "software", "software-type": "software", "software-name": {"rawForm": "2P", "normalizedForm": "2P", "offsetStart": 10, "offsetEnd": 12}, "context": "Hence, SEP2P leverages the classical DHT techniques as a basis for communication efficiency and scalability.", "mentionContextAttributes": {"used": {"value": false, "score": 5.561113357543945e-05}, "created": {"value": false, "score": 4.082918167114258e-05}, "shared": {"value": false, "score": 1.7881393432617188e-07}}, "documentContextAttributes": {"used": {"value": true, "score": 0.9998655319213867}, "created": {"value": true, "score": 0.9999242424964905}, "shared": {"value": false, "score": 4.7147274017333984e-05}}}, {"type": "software", "software-type": "software", "software-name": {"rawForm": "2P", "normalizedForm": "2P", "offsetStart": 18, "offsetEnd": 20}, "context": "(1) We propose a P2P architecture of PDMSs, called SEP2P (for Secure and Efficient P2P), based on classical Distributed Hash Tables (DHT) and analyze potential data leakages of data sources and data processors.", "mentionContextAttributes": {"used": {"value": false, "score": 0.00014090538024902344}, "created": {"value": true, "score": 0.9963749647140503}, "shared": {"value": false, "score": 6.556510925292969e-07}}, "documentContextAttributes": {"used": {"value": true, "score": 0.9998655319213867}, "created": {"value": true, "score": 0.9999242424964905}, "shared": {"value": false, "score": 4.7147274017333984e-05}}}, {"type": "software", "software-type": "software", "software-name": {"rawForm": "2P", "normalizedForm": "2P", "offsetStart": 20, "offsetEnd": 22}, "context": "The objective of SEP2P is to offer the maximum possible confidentiality protection of the user private data under the above considered threat model.", "mentionContextAttributes": {"used": {"value": false, "score": 0.00020360946655273438}, "created": {"value": false, "score": 0.0019212961196899414}, "shared": {"value": false, "score": 1.1324882507324219e-06}}, "documentContextAttributes": {"used": {"value": true, "score": 0.9998655319213867}, "created": {"value": true, "score": 0.9999242424964905}, "shared": {"value": false, "score": 4.7147274017333984e-05}}}, {"type": "software", "software-type": "software", "software-name": {"rawForm": "2P", "normalizedForm": "2P", "offsetStart": 23, "offsetEnd": 25}, "context": "For this reason, in SEP2P we provide a table of couples (k i , rs i ), named k-table, which allows any node to find k i legitimate nodes in the region of associated rs i size.", "mentionContextAttributes": {"used": {"value": false, "score": 0.00014495849609375}, "created": {"value": false, "score": 0.12029510736465454}, "shared": {"value": false, "score": 4.172325134277344e-07}}, "documentContextAttributes": {"used": {"value": true, "score": 0.9998655319213867}, "created": {"value": true, "score": 0.9999242424964905}, "shared": {"value": false, "score": 4.7147274017333984e-05}}}, {"type": "software", "software-type": "software", "software-name": {"rawForm": "2P", "normalizedForm": "2P", "offsetStart": 25, "offsetEnd": 27}, "context": "The results show that SEP2P is the slowest in latency and has the higher total setup cost for crypto-operations.", "mentionContextAttributes": {"used": {"value": true, "score": 0.998515248298645}, "created": {"value": false, "score": 9.834766387939453e-06}, "shared": {"value": false, "score": 2.980232238769531e-07}}, "documentContextAttributes": {"used": {"value": true, "score": 0.9998655319213867}, "created": {"value": true, "score": 0.9999242424964905}, "shared": {"value": false, "score": 4.7147274017333984e-05}}}, {"type": "software", "software-type": "software", "software-name": {"rawForm": "2P", "normalizedForm": "2P", "offsetStart": 25, "offsetEnd": 27}, "context": "We now concentrate on SEP2P to study its scalability and its robustness to node failure.", "mentionContextAttributes": {"used": {"value": false, "score": 0.0029088258743286133}, "created": {"value": true, "score": 0.9973838925361633}, "shared": {"value": false, "score": 2.980232238769531e-07}}, "documentContextAttributes": {"used": {"value": true, "score": 0.9998655319213867}, "created": {"value": true, "score": 0.9999242424964905}, "shared": {"value": false, "score": 4.7147274017333984e-05}}}, {"type": "software", "software-type": "software", "software-name": {"rawForm": "2P", "normalizedForm": "2P", "offsetStart": 26, "offsetEnd": 28}, "context": "Moreover, the focus in SEP2P is on the secure and efficient random node selection.", "mentionContextAttributes": {"used": {"value": false, "score": 0.00010377168655395508}, "created": {"value": false, "score": 0.041667044162750244}, "shared": {"value": false, "score": 1.7881393432617188e-07}}, "documentContextAttributes": {"used": {"value": true, "score": 0.9998655319213867}, "created": {"value": true, "score": 0.9999242424964905}, "shared": {"value": false, "score": 4.7147274017333984e-05}}}, {"type": "software", "software-type": "software", "software-name": {"rawForm": "2P", "normalizedForm": "2P", "offsetStart": 27, "offsetEnd": 29}, "context": "Security effectiveness: SEP2P achieves an ideal security effectiveness, i.e. as good as a trusted server, independently of the number of colluding nodes.", "mentionContextAttributes": {"used": {"value": false, "score": 0.00011938810348510742}, "created": {"value": false, "score": 1.6987323760986328e-05}, "shared": {"value": false, "score": 2.980232238769531e-07}}, "documentContextAttributes": {"used": {"value": true, "score": 0.9998655319213867}, "created": {"value": true, "score": 0.9999242424964905}, "shared": {"value": false, "score": 4.7147274017333984e-05}}}, {"type": "software", "software-type": "software", "software-name": {"rawForm": "2P", "normalizedForm": "2P", "offsetStart": 28, "offsetEnd": 30}, "context": "To this end, we proposed SEP2P, a fully-distributed P2P system laying the foundation for secure, efficient and scalable execution of distributed computations.", "mentionContextAttributes": {"used": {"value": false, "score": 9.018182754516602e-05}, "created": {"value": true, "score": 0.9999242424964905}, "shared": {"value": false, "score": 8.940696716308594e-07}}, "documentContextAttributes": {"used": {"value": true, "score": 0.9998655319213867}, "created": {"value": true, "score": 0.9999242424964905}, "shared": {"value": false, "score": 4.7147274017333984e-05}}}, {"type": "software", "software-type": "software", "software-name": {"rawForm": "2P", "normalizedForm": "2P", "offsetStart": 41, "offsetEnd": 43}, "context": "Thus, PDMSs can establish peer-to-peer (P2P) connections with other PDMSs, and can be used as data processor in order to provide part of the processing required in distributed applications.", "mentionContextAttributes": {"used": {"value": false, "score": 6.967782974243164e-05}, "created": {"value": false, "score": 0.00030791759490966797}, "shared": {"value": false, "score": 5.185604095458984e-06}}, "documentContextAttributes": {"used": {"value": true, "score": 0.9998655319213867}, "created": {"value": true, "score": 0.9999242424964905}, "shared": {"value": false, "score": 4.7147274017333984e-05}}}, {"type": "software", "software-type": "software", "software-name": {"rawForm": "2P", "normalizedForm": "2P", "offsetStart": 42, "offsetEnd": 44}, "context": "We describe some important features in SEP2P which make this possible and then sketch the protocol.", "mentionContextAttributes": {"used": {"value": false, "score": 6.74128532409668e-05}, "created": {"value": true, "score": 0.9980093240737915}, "shared": {"value": false, "score": 1.7881393432617188e-07}}, "documentContextAttributes": {"used": {"value": true, "score": 0.9998655319213867}, "created": {"value": true, "score": 0.9999242424964905}, "shared": {"value": false, "score": 4.7147274017333984e-05}}}, {"type": "software", "software-type": "software", "software-name": {"rawForm": "2P", "normalizedForm": "2P", "offsetStart": 43, "offsetEnd": 45}, "context": "The nodes that must be chosen using the SEP2P protocol are shown in pink, and we used the symbol \u221a to denote that a node is a verifier (as specified in Section 3.6).", "mentionContextAttributes": {"used": {"value": true, "score": 0.9998655319213867}, "created": {"value": false, "score": 6.407499313354492e-05}, "shared": {"value": false, "score": 7.748603820800781e-07}}, "documentContextAttributes": {"used": {"value": true, "score": 0.9998655319213867}, "created": {"value": true, "score": 0.9999242424964905}, "shared": {"value": false, "score": 4.7147274017333984e-05}}}, {"type": "software", "software-type": "software", "software-name": {"rawForm": "2P", "normalizedForm": "2P", "offsetStart": 45, "offsetEnd": 47}, "context": "This can have two negative impacts on the SEP2P protocol: during the selection of k T Ls in R 1 (or k SLs in R 2 ) and A actors in R 3 .", "mentionContextAttributes": {"used": {"value": false, "score": 0.0010918974876403809}, "created": {"value": false, "score": 1.6510486602783203e-05}, "shared": {"value": false, "score": 1.7881393432617188e-07}}, "documentContextAttributes": {"used": {"value": true, "score": 0.9998655319213867}, "created": {"value": true, "score": 0.9999242424964905}, "shared": {"value": false, "score": 4.7147274017333984e-05}}}, {"type": "software", "software-type": "software", "software-name": {"rawForm": "2P", "normalizedForm": "2P", "offsetStart": 48, "offsetEnd": 50}, "context": "A distributed hash table (DHT) [23,30,34] in a P2P network offers an optimized solution to the problem of locating the node(s) storing a specific data item.", "mentionContextAttributes": {"used": {"value": false, "score": 6.347894668579102e-05}, "created": {"value": false, "score": 5.263090133666992e-05}, "shared": {"value": false, "score": 1.7881393432617188e-07}}, "documentContextAttributes": {"used": {"value": true, "score": 0.9998655319213867}, "created": {"value": true, "score": 0.9999242424964905}, "shared": {"value": false, "score": 4.7147274017333984e-05}}}, {"type": "software", "software-type": "software", "software-name": {"rawForm": "2P", "normalizedForm": "2P", "offsetStart": 48, "offsetEnd": 50}, "context": "Note also that this behavior does not affect SEP2P.", "mentionContextAttributes": {"used": {"value": false, "score": 0.012768685817718506}, "created": {"value": false, "score": 3.737211227416992e-05}, "shared": {"value": false, "score": 2.980232238769531e-07}}, "documentContextAttributes": {"used": {"value": true, "score": 0.9998655319213867}, "created": {"value": true, "score": 0.9999242424964905}, "shared": {"value": false, "score": 4.7147274017333984e-05}}}, {"type": "software", "software-type": "software", "software-name": {"rawForm": "2P", "normalizedForm": "2P", "offsetStart": 49, "offsetEnd": 51}, "context": "Let us note that a real implementation of the SEP2P distributed system is not very useful if we consider the above listed objectives of the evaluation.", "mentionContextAttributes": {"used": {"value": false, "score": 0.0001804828643798828}, "created": {"value": false, "score": 0.2664998769760132}, "shared": {"value": false, "score": 4.172325134277344e-07}}, "documentContextAttributes": {"used": {"value": true, "score": 0.9998655319213867}, "created": {"value": true, "score": 0.9999242424964905}, "shared": {"value": false, "score": 4.7147274017333984e-05}}}, {"type": "software", "software-type": "software", "software-name": {"rawForm": "2P", "normalizedForm": "2P", "offsetStart": 51, "offsetEnd": 53}, "context": "In the following, we assume that each node n in SEP2P keeps a node cache, called cache n , of the IP address and certificate of legitimate nodes w.r.t. a region of size rs 3 centered on node n location.", "mentionContextAttributes": {"used": {"value": false, "score": 0.1698225736618042}, "created": {"value": false, "score": 4.035234451293945e-05}, "shared": {"value": false, "score": 2.980232238769531e-07}}, "documentContextAttributes": {"used": {"value": true, "score": 0.9998655319213867}, "created": {"value": true, "score": 0.9999242424964905}, "shared": {"value": false, "score": 4.7147274017333984e-05}}}, {"type": "software", "software-type": "software", "software-name": {"rawForm": "2P", "normalizedForm": "2P", "offsetStart": 53, "offsetEnd": 55}, "context": "To this end, we proposed SEP2P, a fully-distributed P2P system laying the foundation for secure, efficient and scalable execution of distributed computations.", "mentionContextAttributes": {"used": {"value": false, "score": 9.018182754516602e-05}, "created": {"value": true, "score": 0.9999242424964905}, "shared": {"value": false, "score": 8.940696716308594e-07}}, "documentContextAttributes": {"used": {"value": true, "score": 0.9998655319213867}, "created": {"value": true, "score": 0.9999242424964905}, "shared": {"value": false, "score": 4.7147274017333984e-05}}}, {"type": "software", "software-type": "software", "software-name": {"rawForm": "2P", "normalizedForm": "2P", "offsetStart": 54, "offsetEnd": 56}, "context": "(1) We propose a P2P architecture of PDMSs, called SEP2P (for Secure and Efficient P2P), based on classical Distributed Hash Tables (DHT) and analyze potential data leakages of data sources and data processors.", "mentionContextAttributes": {"used": {"value": false, "score": 0.00014090538024902344}, "created": {"value": true, "score": 0.9963749647140503}, "shared": {"value": false, "score": 6.556510925292969e-07}}, "documentContextAttributes": {"used": {"value": true, "score": 0.9998655319213867}, "created": {"value": true, "score": 0.9999242424964905}, "shared": {"value": false, "score": 4.7147274017333984e-05}}}, {"type": "software", "software-type": "software", "software-name": {"rawForm": "2P", "normalizedForm": "2P", "offsetStart": 54, "offsetEnd": 56}, "context": "Consequently, each node may play several roles for SEP2P applications: Node role 1.", "mentionContextAttributes": {"used": {"value": false, "score": 0.0019511580467224121}, "created": {"value": false, "score": 1.4960765838623047e-05}, "shared": {"value": false, "score": 2.980232238769531e-07}}, "documentContextAttributes": {"used": {"value": true, "score": 0.9998655319213867}, "created": {"value": true, "score": 0.9999242424964905}, "shared": {"value": false, "score": 4.7147274017333984e-05}}}, {"type": "software", "software-type": "software", "software-name": {"rawForm": "2P", "normalizedForm": "2P", "offsetStart": 54, "offsetEnd": 56}, "context": "Thus, the k-table optimize the overall cost of the SEP2P protocol and warrant that any node can be selected as triggering node or execution setter.", "mentionContextAttributes": {"used": {"value": false, "score": 0.0011842846870422363}, "created": {"value": false, "score": 2.676248550415039e-05}, "shared": {"value": false, "score": 2.980232238769531e-07}}, "documentContextAttributes": {"used": {"value": true, "score": 0.9998655319213867}, "created": {"value": true, "score": 0.9999242424964905}, "shared": {"value": false, "score": 4.7147274017333984e-05}}}, {"type": "software", "software-type": "software", "software-name": {"rawForm": "2P", "normalizedForm": "2P", "offsetStart": 56, "offsetEnd": 58}, "context": "Node role 2. Given the fully-decentralized nature of SEP2P, each node is a potential data processor, also called actor, providing part of the required processing.", "mentionContextAttributes": {"used": {"value": false, "score": 0.0002613067626953125}, "created": {"value": false, "score": 0.000164031982421875}, "shared": {"value": false, "score": 1.7881393432617188e-07}}, "documentContextAttributes": {"used": {"value": true, "score": 0.9998655319213867}, "created": {"value": true, "score": 0.9999242424964905}, "shared": {"value": false, "score": 4.7147274017333984e-05}}}, {"type": "software", "software-type": "software", "software-name": {"rawForm": "2P", "normalizedForm": "2P", "offsetStart": 59, "offsetEnd": 61}, "context": "The above cited solutions are based on fully-distributed (P2P) or hybrid architectures.", "mentionContextAttributes": {"used": {"value": false, "score": 0.0002511739730834961}, "created": {"value": false, "score": 0.01767146587371826}, "shared": {"value": false, "score": 4.172325134277344e-07}}, "documentContextAttributes": {"used": {"value": true, "score": 0.9998655319213867}, "created": {"value": true, "score": 0.9999242424964905}, "shared": {"value": false, "score": 4.7147274017333984e-05}}}, {"type": "software", "software-type": "software", "software-name": {"rawForm": "2P", "normalizedForm": "2P", "offsetStart": 63, "offsetEnd": 65}, "context": "Not surprisingly ES.NAV has the same verification cost than SEP2P, but the cost of ES.AV or M.Hash is much larger (2k + A + 1 and 2k + A respectively) since both must check the certificate of each actor in the list.", "mentionContextAttributes": {"used": {"value": false, "score": 0.005465865135192871}, "created": {"value": false, "score": 2.187490463256836e-05}, "shared": {"value": false, "score": 2.980232238769531e-07}}, "documentContextAttributes": {"used": {"value": true, "score": 0.9998655319213867}, "created": {"value": true, "score": 0.9999242424964905}, "shared": {"value": false, "score": 4.7147274017333984e-05}}}, {"type": "software", "software-type": "software", "software-name": {"rawForm": "2P", "normalizedForm": "2P", "offsetStart": 68, "offsetEnd": 70}, "context": "First, the cost of the actor selection increases since (part of) SEP2P protocol must be executed twice (or more times).", "mentionContextAttributes": {"used": {"value": false, "score": 0.007534384727478027}, "created": {"value": false, "score": 6.717443466186523e-05}, "shared": {"value": false, "score": 2.980232238769531e-07}}, "documentContextAttributes": {"used": {"value": true, "score": 0.9998655319213867}, "created": {"value": true, "score": 0.9999242424964905}, "shared": {"value": false, "score": 4.7147274017333984e-05}}}, {"type": "software", "software-type": "software", "software-name": {"rawForm": "2P", "normalizedForm": "2P", "offsetStart": 69, "offsetEnd": 71}, "context": "In this paper, we motivate and study the feasibility of such a pure P2P personal data management system and provide efficient and scalable mechanisms to reduce the data leakage to its minimum with covert adversaries.", "mentionContextAttributes": {"used": {"value": false, "score": 0.0002110004425048828}, "created": {"value": true, "score": 0.9999069571495056}, "shared": {"value": false, "score": 1.0132789611816406e-06}}, "documentContextAttributes": {"used": {"value": true, "score": 0.9998655319213867}, "created": {"value": true, "score": 0.9999242424964905}, "shared": {"value": false, "score": 4.7147274017333984e-05}}}, {"type": "software", "software-type": "software", "software-name": {"rawForm": "2P", "normalizedForm": "2P", "offsetStart": 75, "offsetEnd": 77}, "context": "Instead, we propose to distributively store and index those profiles in SEP2P, thus greatly improving users' privacy. ", "mentionContextAttributes": {"used": {"value": false, "score": 0.0002816915512084961}, "created": {"value": true, "score": 0.9998438358306885}, "shared": {"value": false, "score": 2.980232238769531e-07}}, "documentContextAttributes": {"used": {"value": true, "score": 0.9998655319213867}, "created": {"value": true, "score": 0.9999242424964905}, "shared": {"value": false, "score": 4.7147274017333984e-05}}}, {"type": "software", "software-type": "software", "software-name": {"rawForm": "2P", "normalizedForm": "2P", "offsetStart": 79, "offsetEnd": 81}, "context": "To generate verifiable random values or validate the query actor selection, SEP2P employs distributed computations between a small subset of the nodes thanks to the notion of node legitimacy and probabilistic guarantees defined below using the notations in Table 2  To be able to provide probabilistic guarantees as explained in Section 3.2, we need to estimate the number of nodes in a region:", "mentionContextAttributes": {"used": {"value": false, "score": 0.04158639907836914}, "created": {"value": false, "score": 0.00020051002502441406}, "shared": {"value": false, "score": 1.1324882507324219e-06}}, "documentContextAttributes": {"used": {"value": true, "score": 0.9998655319213867}, "created": {"value": true, "score": 0.9999242424964905}, "shared": {"value": false, "score": 4.7147274017333984e-05}}}, {"type": "software", "software-type": "software", "software-name": {"rawForm": "2P", "normalizedForm": "2P", "offsetStart": 84, "offsetEnd": 86}, "context": "(1) We propose a P2P architecture of PDMSs, called SEP2P (for Secure and Efficient P2P), based on classical Distributed Hash Tables (DHT) and analyze potential data leakages of data sources and data processors.", "mentionContextAttributes": {"used": {"value": false, "score": 0.00014090538024902344}, "created": {"value": true, "score": 0.9963749647140503}, "shared": {"value": false, "score": 6.556510925292969e-07}}, "documentContextAttributes": {"used": {"value": true, "score": 0.9998655319213867}, "created": {"value": true, "score": 0.9999242424964905}, "shared": {"value": false, "score": 4.7147274017333984e-05}}}, {"type": "software", "software-type": "software", "software-name": {"rawForm": "2P", "normalizedForm": "2P", "offsetStart": 88, "offsetEnd": 90}, "context": "Given the considered threat model, we derive in this section the requirements that a SEP2P must address to protect the data privacy of the users.", "mentionContextAttributes": {"used": {"value": false, "score": 0.001758873462677002}, "created": {"value": true, "score": 0.6941694021224976}, "shared": {"value": false, "score": 6.556510925292969e-07}}, "documentContextAttributes": {"used": {"value": true, "score": 0.9998655319213867}, "created": {"value": true, "score": 0.9999242424964905}, "shared": {"value": false, "score": 4.7147274017333984e-05}}}, {"type": "software", "software-type": "software", "software-name": {"rawForm": "2P", "normalizedForm": "2P", "offsetStart": 89, "offsetEnd": 91}, "context": "If the SLs cannot find enough nodes in R 3 , they can attest it (e.g., in Step 8.c in SEP2P protocol) and S can use the k signatures to displace the actor selection to another region (e.g., selected by rehashing the initial RND T ).", "mentionContextAttributes": {"used": {"value": false, "score": 0.011513173580169678}, "created": {"value": false, "score": 1.8477439880371094e-06}, "shared": {"value": false, "score": 2.980232238769531e-07}}, "documentContextAttributes": {"used": {"value": true, "score": 0.9998655319213867}, "created": {"value": true, "score": 0.9999242424964905}, "shared": {"value": false, "score": 4.7147274017333984e-05}}}, {"type": "software", "software-type": "software", "software-name": {"rawForm": "2P", "normalizedForm": "2P", "offsetStart": 91, "offsetEnd": 93}, "context": "This section evaluates the effectiveness, efficiency, scalability and robustness of the SEP2P actor selection protocol.", "mentionContextAttributes": {"used": {"value": false, "score": 0.016428768634796143}, "created": {"value": false, "score": 0.0007452964782714844}, "shared": {"value": false, "score": 2.980232238769531e-07}}, "documentContextAttributes": {"used": {"value": true, "score": 0.9998655319213867}, "created": {"value": true, "score": 0.9999242424964905}, "shared": {"value": false, "score": 4.7147274017333984e-05}}}, {"type": "software", "software-type": "software", "software-name": {"rawForm": "2P", "normalizedForm": "2P", "offsetStart": 112, "offsetEnd": 114}, "context": "Thus, none of these works consider the secure and efficient actor selection for distributed processing as in SEP2P.", "mentionContextAttributes": {"used": {"value": false, "score": 4.011392593383789e-05}, "created": {"value": false, "score": 0.07181698083877563}, "shared": {"value": false, "score": 2.980232238769531e-07}}, "documentContextAttributes": {"used": {"value": true, "score": 0.9998655319213867}, "created": {"value": true, "score": 0.9999242424964905}, "shared": {"value": false, "score": 4.7147274017333984e-05}}}, {"type": "software", "software-type": "software", "software-name": {"rawForm": "2P", "normalizedForm": "2P", "offsetStart": 114, "offsetEnd": 116}, "context": "We have considered small (10K) to very large (10M) networks and four values for C%, leading to eight different SEP2P network configurations.", "mentionContextAttributes": {"used": {"value": true, "score": 0.995743453502655}, "created": {"value": false, "score": 0.00010722875595092773}, "shared": {"value": false, "score": 1.7881393432617188e-07}}, "documentContextAttributes": {"used": {"value": true, "score": 0.9998655319213867}, "created": {"value": true, "score": 0.9999242424964905}, "shared": {"value": false, "score": 4.7147274017333984e-05}}}, {"type": "software", "software-type": "software", "software-name": {"rawForm": "2P", "normalizedForm": "2P", "offsetStart": 114, "offsetEnd": 116}, "context": "Personal Data Management Systems arrive at a rapid pace allowing users to share their personal data within large P2P communities.", "mentionContextAttributes": {"used": {"value": false, "score": 0.00010389089584350586}, "created": {"value": false, "score": 0.002660214900970459}, "shared": {"value": false, "score": 4.7147274017333984e-05}}, "documentContextAttributes": {"used": {"value": true, "score": 0.9998655319213867}, "created": {"value": true, "score": 0.9999242424964905}, "shared": {"value": false, "score": 4.7147274017333984e-05}}}, {"type": "software", "software-type": "software", "software-name": {"rawForm": "2P", "normalizedForm": "2P", "offsetStart": 120, "offsetEnd": 122}, "context": "Imposed and uniform distribution of node location: the node ID, used when inserting a node in the DHT, is imposed in SEP2P, in a way that leads to a uniformly distributed node location in the DHT virtual space.", "mentionContextAttributes": {"used": {"value": false, "score": 0.03989875316619873}, "created": {"value": false, "score": 1.8537044525146484e-05}, "shared": {"value": false, "score": 2.980232238769531e-07}}, "documentContextAttributes": {"used": {"value": true, "score": 0.9998655319213867}, "created": {"value": true, "score": 0.9999242424964905}, "shared": {"value": false, "score": 4.7147274017333984e-05}}}, {"type": "software", "software-type": "software", "software-name": {"rawForm": "2P", "normalizedForm": "2P", "offsetStart": 127, "offsetEnd": 129}, "context": "To better underline our contributions and to provide a comparison basis, we implemented three strategies in addition to the SEP2P actor selection protocol.", "mentionContextAttributes": {"used": {"value": false, "score": 0.0009139776229858398}, "created": {"value": true, "score": 0.9950820207595825}, "shared": {"value": false, "score": 1.7881393432617188e-07}}, "documentContextAttributes": {"used": {"value": true, "score": 0.9998655319213867}, "created": {"value": true, "score": 0.9999242424964905}, "shared": {"value": false, "score": 4.7147274017333984e-05}}}, {"type": "software", "software-type": "software", "software-name": {"rawForm": "Kademlia", "normalizedForm": "Kademlia", "offsetStart": 136, "offsetEnd": 149}, "context": "For instance, the virtual space is represented as a multi-dimensional space in CAN [30], as a ring in Chord [34] or as a binary tree in Kademlia [23] and is uniformly divided among the nodes in the network. ", "mentionContextAttributes": {"used": {"value": false, "score": 0.009243786334991455}, "created": {"value": false, "score": 4.2378902435302734e-05}, "shared": {"value": false, "score": 5.364418029785156e-07}}, "documentContextAttributes": {"used": {"value": false, "score": 0.009243786334991455}, "created": {"value": false, "score": 4.2378902435302734e-05}, "shared": {"value": false, "score": 5.364418029785156e-07}}}, {"type": "software", "software-type": "software", "software-name": {"rawForm": "2P", "normalizedForm": "2P", "offsetStart": 164, "offsetEnd": 166}, "context": "Indeed, if an attacker could master by chance k colluding nodes in a region of size rs 1 = rs 2 , then she could completely circumvent the security mechanism of SEP2P since, for example, she can obtain k signatures from these regrouped colluding nodes for an actor list of her willing.", "mentionContextAttributes": {"used": {"value": false, "score": 0.21123039722442627}, "created": {"value": false, "score": 8.970499038696289e-05}, "shared": {"value": false, "score": 4.172325134277344e-07}}, "documentContextAttributes": {"used": {"value": true, "score": 0.9998655319213867}, "created": {"value": true, "score": 0.9999242424964905}, "shared": {"value": false, "score": 4.7147274017333984e-05}}}, {"type": "software", "software-type": "software", "software-name": {"rawForm": "2P", "normalizedForm": "2P", "offsetStart": 187, "offsetEnd": 189}, "context": "Evidently, this solution in not acceptable since it represents a highly desirable target for attackers, i.e., a central point of attack and contradicts the fully distributed nature of SEP2P.", "mentionContextAttributes": {"used": {"value": false, "score": 0.00018358230590820312}, "created": {"value": false, "score": 0.0001938343048095703}, "shared": {"value": false, "score": 2.980232238769531e-07}}, "documentContextAttributes": {"used": {"value": true, "score": 0.9998655319213867}, "created": {"value": true, "score": 0.9999242424964905}, "shared": {"value": false, "score": 4.7147274017333984e-05}}}, {"type": "software", "software-type": "software", "software-name": {"rawForm": "2P", "normalizedForm": "2P", "offsetStart": 189, "offsetEnd": 191}, "context": "Differently, existing work focus on data aggregation or publishing and consider that all the nodes in the network participate in the protocol with their data being thus complementary to SEP2P.", "mentionContextAttributes": {"used": {"value": false, "score": 9.948015213012695e-05}, "created": {"value": false, "score": 0.10550051927566528}, "shared": {"value": false, "score": 4.172325134277344e-07}}, "documentContextAttributes": {"used": {"value": true, "score": 0.9998655319213867}, "created": {"value": true, "score": 0.9999242424964905}, "shared": {"value": false, "score": 4.7147274017333984e-05}}}, {"type": "software", "software-type": "software", "software-name": {"rawForm": "2P", "normalizedForm": "2P", "offsetStart": 229, "offsetEnd": 231}, "context": "In this context, an important issue needed to be addressed is: how can users/applications execute queries and computations over this massively distributed data in a secure and efficient way, relying exclusively on peer-to-peer (P2P) interactions?", "mentionContextAttributes": {"used": {"value": false, "score": 0.002395331859588623}, "created": {"value": false, "score": 0.42829179763793945}, "shared": {"value": false, "score": 6.735324859619141e-06}}, "documentContextAttributes": {"used": {"value": true, "score": 0.9998655319213867}, "created": {"value": true, "score": 0.9999242424964905}, "shared": {"value": false, "score": 4.7147274017333984e-05}}}, {"type": "software", "software-type": "software", "software-name": {"rawForm": "2P", "normalizedForm": "2P", "offsetStart": 239, "offsetEnd": 241}, "context": "(2) We focus on the verifiable random assignment problem and propose a generic solution (i.e., independent of the distributed computation tasks) which largely minimizes the verification cost (e.g., 8 asymmetric crypto-operations with a SEP2P network of 1M nodes of which 10K are colluding corrupted nodes).", "mentionContextAttributes": {"used": {"value": false, "score": 0.0003485679626464844}, "created": {"value": true, "score": 0.5110823512077332}, "shared": {"value": false, "score": 5.364418029785156e-07}}, "documentContextAttributes": {"used": {"value": true, "score": 0.9998655319213867}, "created": {"value": true, "score": 0.9999242424964905}, "shared": {"value": false, "score": 4.7147274017333984e-05}}}, {"type": "software", "software-type": "software", "software-name": {"rawForm": "2P", "normalizedForm": "2P", "offsetStart": 452, "offsetEnd": 454}, "context": "(7) S gathers the k messages and sends to all SL j the list The goal of steps 1 and 2 is to displace the DHT region, where actors will be selected, from T to S with three benefits: (1) T is likely to be corrupted (as any node is allowed to trigger a computation) while S is chosen randomly using the verifiable random protocol; (2) it distributes the potential leaks in a different region for each computation; (3) it balances the load on the whole SEP2P network thus improving the overall performance.", "mentionContextAttributes": {"used": {"value": true, "score": 0.9338438510894775}, "created": {"value": false, "score": 4.351139068603516e-06}, "shared": {"value": false, "score": 1.1324882507324219e-06}}, "documentContextAttributes": {"used": {"value": true, "score": 0.9998655319213867}, "created": {"value": true, "score": 0.9999242424964905}, "shared": {"value": false, "score": 4.7147274017333984e-05}}}], "references": [], "runtime": 79672, "id": "22023d0fa2e5a03b2808ee2e298f9061f606de7a", "metadata": {"id": "22023d0fa2e5a03b2808ee2e298f9061f606de7a"}, "original_file_path": "../../datalake/Samuel/SOFTware-Sync/data/xml_files/hal-02269222.grobid.tei.xml", "file_name": "hal-02269222.grobid.tei.xml"}