{"application": "software-mentions", "version": "0.8.0", "date": "2024-04-15T07:28+0000", "md5": "2DAAF7A302A725C2DC21F65CDF8E6140", "mentions": [{"type": "software", "software-type": "software", "software-name": {"rawForm": "Logical Expression Converter", "normalizedForm": "Logical Expression Converter", "offsetStart": 109, "offsetEnd": 137}, "context": "We directly translated the rules to a propositional formula, and then converted the formula to DNF using the Logical Expression Converter program (Haskell code available here). ", "mentionContextAttributes": {"used": {"value": true, "score": 0.9999722242355347}, "created": {"value": false, "score": 0.00037360191345214844}, "shared": {"value": false, "score": 2.384185791015625e-07}}, "documentContextAttributes": {"used": {"value": true, "score": 0.9999722242355347}, "created": {"value": false, "score": 0.00037360191345214844}, "shared": {"value": false, "score": 2.384185791015625e-07}}}, {"type": "software", "software-type": "software", "software-name": {"rawForm": "code", "normalizedForm": "code", "offsetStart": 155, "offsetEnd": 159}, "context": "We directly translated the rules to a propositional formula, and then converted the formula to DNF using the Logical Expression Converter program (Haskell code available here). ", "mentionContextAttributes": {"used": {"value": true, "score": 0.9999722242355347}, "created": {"value": false, "score": 0.00037360191345214844}, "shared": {"value": false, "score": 2.384185791015625e-07}}, "documentContextAttributes": {"used": {"value": true, "score": 0.9999722242355347}, "created": {"value": false, "score": 0.00037360191345214844}, "shared": {"value": false, "score": 2.384185791015625e-07}}}, {"type": "software", "software-type": "software", "software-name": {"rawForm": "DIMACS", "normalizedForm": "DIMACS", "offsetStart": 162, "offsetEnd": 168}, "context": "We then use a parser to transform this expression, and combine it with \ud835\udc45 \ud835\udc34\ud835\udc37\ud835\udc37 to produce the DNF format used by our application (which is a DNF version of the DIMACS CNF format 3 ). ", "mentionContextAttributes": {"used": {"value": true, "score": 0.9877449870109558}, "created": {"value": false, "score": 0.0009107589721679688}, "shared": {"value": false, "score": 9.5367431640625e-07}}, "documentContextAttributes": {"used": {"value": true, "score": 0.9877449870109558}, "created": {"value": false, "score": 0.0009107589721679688}, "shared": {"value": false, "score": 9.5367431640625e-07}}}], "references": [], "runtime": 52297, "id": "3700b88036b821c88fa7571904370d23d13c74e5", "metadata": {"id": "3700b88036b821c88fa7571904370d23d13c74e5"}, "original_file_path": "../../datalake/Samuel/SOFTware-Sync/data/xml_not_sofctied/hal-04240432.grobid.tei.xml", "file_name": "hal-04240432.grobid.tei.xml"}