{"application": "software-mentions", "version": "0.8.0", "date": "2024-04-15T07:21+0000", "md5": "A55218567C8FA91DAD35488845007978", "mentions": [{"type": "software", "software-type": "software", "software-name": {"rawForm": "Linux", "normalizedForm": "Linux", "offsetStart": 197, "offsetEnd": 202}, "context": "Les exp\u00e9riences ont \u00e9t\u00e9 effectu\u00e9es sur un Dell Precision 3561 \u00e9quip\u00e9 d'un processeur Intel(R) Core i7-11850H de 11e g\u00e9n\u00e9ration, avec 32 Go de RAM fonctionnant sous le syst\u00e8me d'exploitation Fedora Linux 35. ", "mentionContextAttributes": {"used": {"value": false, "score": 0.19339781999588013}, "created": {"value": false, "score": 4.0531158447265625e-06}, "shared": {"value": false, "score": 1.5497207641601562e-06}}, "documentContextAttributes": {"used": {"value": false, "score": 0.19339781999588013}, "created": {"value": false, "score": 4.0531158447265625e-06}, "shared": {"value": false, "score": 1.5497207641601562e-06}}}], "references": [], "runtime": 71591, "id": "ee48d8b2b3f640d40f4ed69191732ce36a2b86be", "metadata": {"id": "ee48d8b2b3f640d40f4ed69191732ce36a2b86be"}, "original_file_path": "../../datalake/Samuel/SOFTware-Sync/data/xml_not_sofctied/hal-04152604.grobid.tei.xml", "file_name": "hal-04152604.grobid.tei.xml"}