{"application": "software-mentions", "version": "0.8.0", "date": "2024-04-12T17:05+0000", "md5": "95A9572314C410C0616DC82AF6B28D0A", "mentions": [{"type": "software", "software-type": "software", "wikidataId": "Q3011087", "wikipediaExternalRef": 36177168, "lang": "en", "confidence": 0.6193, "software-name": {"rawForm": "d3js", "normalizedForm": "d3js", "wikidataId": "Q3011087", "wikipediaExternalRef": 36177168, "lang": "en", "confidence": 0.6193, "offsetStart": 65, "offsetEnd": 69}, "context": "Visualizations and interactions are created using JavaScript and d3js. ", "mentionContextAttributes": {"used": {"value": true, "score": 0.9939456582069397}, "created": {"value": false, "score": 0.004687190055847168}, "shared": {"value": false, "score": 5.960464477539062e-07}}, "documentContextAttributes": {"used": {"value": true, "score": 0.9939456582069397}, "created": {"value": false, "score": 0.004687190055847168}, "shared": {"value": false, "score": 5.960464477539062e-07}}}], "references": [], "runtime": 69990, "id": "40b0715b070ad8a9715757e62141b1c70271b0f7", "metadata": {"id": "40b0715b070ad8a9715757e62141b1c70271b0f7"}, "original_file_path": "../../datalake/Samuel/SOFTware-Sync/data/xml_not_sofctied/hal-04255496.grobid.tei.xml", "file_name": "hal-04255496.grobid.tei.xml"}