{"application": "software-mentions", "version": "0.8.0", "date": "2024-04-12T16:05+0000", "md5": "C10421EDD6A02C184247552A8F3C1CF0", "mentions": [{"type": "software", "software-type": "software", "software-name": {"rawForm": "RULK", "normalizedForm": "RULK", "offsetStart": 0, "offsetEnd": 4}, "context": "RULK tracks the user's knowledge through an internal state represented by a vector current knowledge state \u00ec \ud835\udc50 \ud835\udc58\ud835\udc60 . ", "mentionContextAttributes": {"used": {"value": false, "score": 0.0001118779182434082}, "created": {"value": false, "score": 7.808208465576172e-06}, "shared": {"value": false, "score": 2.980232238769531e-07}}, "documentContextAttributes": {"used": {"value": true, "score": 0.999419093132019}, "created": {"value": true, "score": 0.9999062418937683}, "shared": {"value": false, "score": 1.6093254089355469e-06}}}, {"type": "software", "software-type": "software", "software-name": {"rawForm": "RULK", "normalizedForm": "RULK", "offsetStart": 0, "offsetEnd": 4}, "context": "RULK LM .", "mentionContextAttributes": {"used": {"value": true, "score": 0.7187144160270691}, "created": {"value": false, "score": 2.2232532501220703e-05}, "shared": {"value": false, "score": 1.1324882507324219e-06}}, "documentContextAttributes": {"used": {"value": true, "score": 0.999419093132019}, "created": {"value": true, "score": 0.9999062418937683}, "shared": {"value": false, "score": 1.6093254089355469e-06}}}, {"type": "software", "software-type": "software", "software-name": {"rawForm": "RULK", "normalizedForm": "RULK", "offsetStart": 0, "offsetEnd": 4}, "context": "RULK mixed approaches.", "mentionContextAttributes": {"used": {"value": false, "score": 0.1935552954673767}, "created": {"value": false, "score": 2.0325183868408203e-05}, "shared": {"value": false, "score": 1.0132789611816406e-06}}, "documentContextAttributes": {"used": {"value": true, "score": 0.999419093132019}, "created": {"value": true, "score": 0.9999062418937683}, "shared": {"value": false, "score": 1.6093254089355469e-06}}}, {"type": "software", "software-type": "software", "software-name": {"rawForm": "RULK KW", "normalizedForm": "RULK KW", "offsetStart": 0, "offsetEnd": 7}, "context": "RULK KW . ", "mentionContextAttributes": {"used": {"value": true, "score": 0.8557432293891907}, "created": {"value": false, "score": 1.2695789337158203e-05}, "shared": {"value": false, "score": 1.3709068298339844e-06}}, "documentContextAttributes": {"used": {"value": true, "score": 0.8557432293891907}, "created": {"value": false, "score": 1.2695789337158203e-05}, "shared": {"value": false, "score": 1.3709068298339844e-06}}}, {"type": "software", "software-type": "software", "software-name": {"rawForm": "RULK", "normalizedForm": "RULK", "offsetStart": 9, "offsetEnd": 13}, "context": "where \ud835\udc3a RULK is the estimated knowledge gain according to the respective RULK implementation.", "mentionContextAttributes": {"used": {"value": true, "score": 0.9921465516090393}, "created": {"value": false, "score": 9.357929229736328e-06}, "shared": {"value": false, "score": 1.7881393432617188e-07}}, "documentContextAttributes": {"used": {"value": true, "score": 0.999419093132019}, "created": {"value": true, "score": 0.9999062418937683}, "shared": {"value": false, "score": 1.6093254089355469e-06}}}, {"type": "software", "software-type": "software", "software-name": {"rawForm": "RULK", "normalizedForm": "RULK", "offsetStart": 13, "offsetEnd": 17}, "context": "RQ2 How does RULK NE compare to other existing RULK implementations?", "mentionContextAttributes": {"used": {"value": false, "score": 9.590387344360352e-05}, "created": {"value": false, "score": 1.5676021575927734e-05}, "shared": {"value": false, "score": 2.980232238769531e-07}}, "documentContextAttributes": {"used": {"value": true, "score": 0.999419093132019}, "created": {"value": true, "score": 0.9999062418937683}, "shared": {"value": false, "score": 1.6093254089355469e-06}}}, {"type": "software", "software-type": "software", "software-name": {"rawForm": "RULK", "normalizedForm": "RULK", "offsetStart": 13, "offsetEnd": 17}, "context": "We will call RULK NE this Named-Entity-based variant of the framework.", "mentionContextAttributes": {"used": {"value": false, "score": 0.00043267011642456055}, "created": {"value": true, "score": 0.9996401071548462}, "shared": {"value": false, "score": 2.980232238769531e-07}}, "documentContextAttributes": {"used": {"value": true, "score": 0.999419093132019}, "created": {"value": true, "score": 0.9999062418937683}, "shared": {"value": false, "score": 1.6093254089355469e-06}}}, {"type": "software", "software-type": "software", "software-name": {"rawForm": "RULK", "normalizedForm": "RULK", "offsetStart": 23, "offsetEnd": 27}, "context": "The extended framework RULK NE represents and tracks user knowledge as a collection of such entities.", "mentionContextAttributes": {"used": {"value": false, "score": 0.004932105541229248}, "created": {"value": false, "score": 0.05129373073577881}, "shared": {"value": false, "score": 2.980232238769531e-07}}, "documentContextAttributes": {"used": {"value": true, "score": 0.999419093132019}, "created": {"value": true, "score": 0.9999062418937683}, "shared": {"value": false, "score": 1.6093254089355469e-06}}}, {"type": "software", "software-type": "software", "software-name": {"rawForm": "RULK", "normalizedForm": "RULK", "offsetStart": 28, "offsetEnd": 32}, "context": "To fill this gap, we extend RULK-Representing User Knowledge in Search-as-Learning-with entity linking capabilities.", "mentionContextAttributes": {"used": {"value": false, "score": 0.0009282827377319336}, "created": {"value": true, "score": 0.9986879825592041}, "shared": {"value": false, "score": 1.2516975402832031e-06}}, "documentContextAttributes": {"used": {"value": true, "score": 0.999419093132019}, "created": {"value": true, "score": 0.9999062418937683}, "shared": {"value": false, "score": 1.6093254089355469e-06}}}, {"type": "software", "software-type": "software", "software-name": {"rawForm": "RULK", "normalizedForm": "RULK", "offsetStart": 28, "offsetEnd": 32}, "context": "We recently proposed in [2] RULK-A framework for Representing User Knowledge in Search-as-Learning-two different types of representation: keyword-based and language-model-based, exploiting large pre-trained language models.", "mentionContextAttributes": {"used": {"value": false, "score": 9.638071060180664e-05}, "created": {"value": true, "score": 0.9998059272766113}, "shared": {"value": false, "score": 8.940696716308594e-07}}, "documentContextAttributes": {"used": {"value": true, "score": 0.999419093132019}, "created": {"value": true, "score": 0.9999062418937683}, "shared": {"value": false, "score": 1.6093254089355469e-06}}}, {"type": "software", "software-type": "software", "software-name": {"rawForm": "RULK", "normalizedForm": "RULK", "offsetStart": 31, "offsetEnd": 35}, "context": "We test our proposed framework RULK NE on the same dataset previously used in [2].", "mentionContextAttributes": {"used": {"value": false, "score": 0.07382428646087646}, "created": {"value": true, "score": 0.9069722890853882}, "shared": {"value": false, "score": 1.7881393432617188e-07}}, "documentContextAttributes": {"used": {"value": true, "score": 0.999419093132019}, "created": {"value": true, "score": 0.9999062418937683}, "shared": {"value": false, "score": 1.6093254089355469e-06}}}, {"type": "software", "software-type": "software", "software-name": {"rawForm": "RULK", "normalizedForm": "RULK", "offsetStart": 36, "offsetEnd": 40}, "context": "The search system that instantiates RULK is assumed to have access to a target knowledge, or reference document, covering the \"ideal\" knowledge to be acquired regarding a specific topic \ud835\udc47 . ", "mentionContextAttributes": {"used": {"value": false, "score": 0.0025352835655212402}, "created": {"value": false, "score": 0.00013399124145507812}, "shared": {"value": false, "score": 5.364418029785156e-07}}, "documentContextAttributes": {"used": {"value": true, "score": 0.999419093132019}, "created": {"value": true, "score": 0.9999062418937683}, "shared": {"value": false, "score": 1.6093254089355469e-06}}}, {"type": "software", "software-type": "software", "software-name": {"rawForm": "RULK", "normalizedForm": "RULK", "offsetStart": 36, "offsetEnd": 40}, "context": "We propose a novel instantiation of RULK using named entities (NE) to represent both the internal and target knowledge states. ", "mentionContextAttributes": {"used": {"value": false, "score": 0.00015497207641601562}, "created": {"value": true, "score": 0.9998743534088135}, "shared": {"value": false, "score": 1.7881393432617188e-07}}, "documentContextAttributes": {"used": {"value": true, "score": 0.999419093132019}, "created": {"value": true, "score": 0.9999062418937683}, "shared": {"value": false, "score": 1.6093254089355469e-06}}}, {"type": "software", "software-type": "software", "software-name": {"rawForm": "RULK", "normalizedForm": "RULK", "offsetStart": 42, "offsetEnd": 46}, "context": "We have proposed an implementation of the RULK framework using named entities to represent the user's knowledge state and the contents of the documents.", "mentionContextAttributes": {"used": {"value": false, "score": 0.0001804828643798828}, "created": {"value": true, "score": 0.99977707862854}, "shared": {"value": false, "score": 2.980232238769531e-07}}, "documentContextAttributes": {"used": {"value": true, "score": 0.999419093132019}, "created": {"value": true, "score": 0.9999062418937683}, "shared": {"value": false, "score": 1.6093254089355469e-06}}}, {"type": "software", "software-type": "software", "software-name": {"rawForm": "RULK", "normalizedForm": "RULK", "offsetStart": 44, "offsetEnd": 48}, "context": "Figure 1 shows an overview of the framework RULK as presented in [2].", "mentionContextAttributes": {"used": {"value": false, "score": 0.06469184160232544}, "created": {"value": false, "score": 0.0005699396133422852}, "shared": {"value": false, "score": 5.364418029785156e-07}}, "documentContextAttributes": {"used": {"value": true, "score": 0.999419093132019}, "created": {"value": true, "score": 0.9999062418937683}, "shared": {"value": false, "score": 1.6093254089355469e-06}}}, {"type": "software", "software-type": "software", "software-name": {"rawForm": "RULK", "normalizedForm": "RULK", "offsetStart": 47, "offsetEnd": 51}, "context": "RQ2 How does RULK NE compare to other existing RULK implementations?", "mentionContextAttributes": {"used": {"value": false, "score": 9.590387344360352e-05}, "created": {"value": false, "score": 1.5676021575927734e-05}, "shared": {"value": false, "score": 2.980232238769531e-07}}, "documentContextAttributes": {"used": {"value": true, "score": 0.999419093132019}, "created": {"value": true, "score": 0.9999062418937683}, "shared": {"value": false, "score": 1.6093254089355469e-06}}}, {"type": "software", "software-type": "software", "software-name": {"rawForm": "RULK", "normalizedForm": "RULK", "offsetStart": 48, "offsetEnd": 52}, "context": "Such entity-based representation, which we name RULK NE , is a highly structured and rich representation that promises to be more accurate and detailed than a representation based simply on keywords or latent semantic components.", "mentionContextAttributes": {"used": {"value": false, "score": 5.263090133666992e-05}, "created": {"value": true, "score": 0.9947848320007324}, "shared": {"value": false, "score": 4.172325134277344e-07}}, "documentContextAttributes": {"used": {"value": true, "score": 0.999419093132019}, "created": {"value": true, "score": 0.9999062418937683}, "shared": {"value": false, "score": 1.6093254089355469e-06}}}, {"type": "software", "software-type": "software", "software-name": {"rawForm": "RULK", "normalizedForm": "RULK", "offsetStart": 55, "offsetEnd": 59}, "context": "More specifically, we propose another instantiation of RULK that leverages the coverage of a large KG as a measure of user knowledge.", "mentionContextAttributes": {"used": {"value": false, "score": 0.0001506805419921875}, "created": {"value": true, "score": 0.9999062418937683}, "shared": {"value": false, "score": 2.980232238769531e-07}}, "documentContextAttributes": {"used": {"value": true, "score": 0.999419093132019}, "created": {"value": true, "score": 0.9999062418937683}, "shared": {"value": false, "score": 1.6093254089355469e-06}}}, {"type": "software", "software-type": "software", "software-name": {"rawForm": "RULK", "normalizedForm": "RULK", "offsetStart": 57, "offsetEnd": 61}, "context": "We also test a combination of our proposed instantiation RULK NE with the previous approaches RULK LM , RULK KW , and RULK KW+LM .", "mentionContextAttributes": {"used": {"value": true, "score": 0.5647785067558289}, "created": {"value": true, "score": 0.9002022743225098}, "shared": {"value": false, "score": 2.980232238769531e-07}}, "documentContextAttributes": {"used": {"value": true, "score": 0.999419093132019}, "created": {"value": true, "score": 0.9999062418937683}, "shared": {"value": false, "score": 1.6093254089355469e-06}}}, {"type": "software", "software-type": "software", "software-name": {"rawForm": "RULK", "normalizedForm": "RULK", "offsetStart": 66, "offsetEnd": 70}, "context": "The estimated knowledge gain resulting from the proposed approach RULK NE reported a correlation of 0.0931 with the ALG and 0.118 with RPL.", "mentionContextAttributes": {"used": {"value": true, "score": 0.9943918585777283}, "created": {"value": false, "score": 8.64267349243164e-06}, "shared": {"value": false, "score": 1.7881393432617188e-07}}, "documentContextAttributes": {"used": {"value": true, "score": 0.999419093132019}, "created": {"value": true, "score": 0.9999062418937683}, "shared": {"value": false, "score": 1.6093254089355469e-06}}}, {"type": "software", "software-type": "software", "software-name": {"rawForm": "SearchX", "normalizedForm": "SearchX", "offsetStart": 69, "offsetEnd": 80}, "context": "The dataset was collected with a search system implemented on top of SearchX [11], a framework for Interactive Information Retrieval research. ", "mentionContextAttributes": {"used": {"value": true, "score": 0.999933660030365}, "created": {"value": false, "score": 0.0009445548057556152}, "shared": {"value": false, "score": 2.980232238769531e-07}}, "documentContextAttributes": {"used": {"value": true, "score": 0.999933660030365}, "created": {"value": false, "score": 0.0009445548057556152}, "shared": {"value": false, "score": 2.980232238769531e-07}}}, {"type": "software", "software-type": "software", "software-name": {"rawForm": "dbpedia_spotlight", "normalizedForm": "dbpedia_spotlight", "offsetStart": 69, "offsetEnd": 86}, "context": "We automatically annotate the texts with DBpedia resources using the dbpedia_spotlight tool [9].", "mentionContextAttributes": {"used": {"value": true, "score": 0.9498560428619385}, "created": {"value": false, "score": 1.8537044525146484e-05}, "shared": {"value": false, "score": 1.7881393432617188e-07}}, "documentContextAttributes": {"used": {"value": true, "score": 0.9498560428619385}, "created": {"value": false, "score": 1.8537044525146484e-05}, "shared": {"value": false, "score": 1.7881393432617188e-07}}, "references": [{"label": "[9]", "normalizedForm": "[9]", "refKey": 9, "offsetStart": 16576, "offsetEnd": 16579}]}, {"type": "software", "software-type": "software", "software-name": {"rawForm": "RULK", "normalizedForm": "RULK", "offsetStart": 73, "offsetEnd": 77}, "context": "To answer our first research question (RQ1), we test the validity of the RULK NE by computing the Pearson correlation between the actual knowledge gain of a user and its estimated knowledge gain \ud835\udc3a, as measured by the estimator \ud835\udf3d .", "mentionContextAttributes": {"used": {"value": true, "score": 0.9807713031768799}, "created": {"value": false, "score": 0.007605850696563721}, "shared": {"value": false, "score": 1.7881393432617188e-07}}, "documentContextAttributes": {"used": {"value": true, "score": 0.999419093132019}, "created": {"value": true, "score": 0.9999062418937683}, "shared": {"value": false, "score": 1.6093254089355469e-06}}}, {"type": "software", "software-type": "software", "software-name": {"rawForm": "RULK", "normalizedForm": "RULK", "offsetStart": 74, "offsetEnd": 78}, "context": "where \ud835\udc3a RULK is the estimated knowledge gain according to the respective RULK implementation.", "mentionContextAttributes": {"used": {"value": true, "score": 0.9921465516090393}, "created": {"value": false, "score": 9.357929229736328e-06}, "shared": {"value": false, "score": 1.7881393432617188e-07}}, "documentContextAttributes": {"used": {"value": true, "score": 0.999419093132019}, "created": {"value": true, "score": 0.9999062418937683}, "shared": {"value": false, "score": 1.6093254089355469e-06}}}, {"type": "software", "software-type": "software", "software-name": {"rawForm": "RULK", "normalizedForm": "RULK", "offsetStart": 75, "offsetEnd": 79}, "context": "In this section, we first give a brief overview of our previously proposed RULK framework [2].", "mentionContextAttributes": {"used": {"value": false, "score": 0.00014400482177734375}, "created": {"value": true, "score": 0.9913922548294067}, "shared": {"value": false, "score": 2.980232238769531e-07}}, "documentContextAttributes": {"used": {"value": true, "score": 0.999419093132019}, "created": {"value": true, "score": 0.9999062418937683}, "shared": {"value": false, "score": 1.6093254089355469e-06}}}, {"type": "software", "software-type": "software", "software-name": {"rawForm": "RULK", "normalizedForm": "RULK", "offsetStart": 94, "offsetEnd": 98}, "context": "We also test a combination of our proposed instantiation RULK NE with the previous approaches RULK LM , RULK KW , and RULK KW+LM .", "mentionContextAttributes": {"used": {"value": true, "score": 0.5647785067558289}, "created": {"value": true, "score": 0.9002022743225098}, "shared": {"value": false, "score": 2.980232238769531e-07}}, "documentContextAttributes": {"used": {"value": true, "score": 0.999419093132019}, "created": {"value": true, "score": 0.9999062418937683}, "shared": {"value": false, "score": 1.6093254089355469e-06}}}, {"type": "software", "software-type": "software", "software-name": {"rawForm": "RULK", "normalizedForm": "RULK", "offsetStart": 104, "offsetEnd": 108}, "context": "We also test a combination of our proposed instantiation RULK NE with the previous approaches RULK LM , RULK KW , and RULK KW+LM .", "mentionContextAttributes": {"used": {"value": true, "score": 0.5647785067558289}, "created": {"value": true, "score": 0.9002022743225098}, "shared": {"value": false, "score": 2.980232238769531e-07}}, "documentContextAttributes": {"used": {"value": true, "score": 0.999419093132019}, "created": {"value": true, "score": 0.9999062418937683}, "shared": {"value": false, "score": 1.6093254089355469e-06}}}, {"type": "software", "software-type": "software", "software-name": {"rawForm": "RULK", "normalizedForm": "RULK", "offsetStart": 106, "offsetEnd": 110}, "context": "We compare our approach against previous work [2], in which knowledge states were represented by keywords RULK KW and large language models RULK LM .", "mentionContextAttributes": {"used": {"value": true, "score": 0.6885847449302673}, "created": {"value": false, "score": 0.01200646162033081}, "shared": {"value": false, "score": 1.7881393432617188e-07}}, "documentContextAttributes": {"used": {"value": true, "score": 0.999419093132019}, "created": {"value": true, "score": 0.9999062418937683}, "shared": {"value": false, "score": 1.6093254089355469e-06}}}, {"type": "software", "software-type": "software", "software-name": {"rawForm": "RULK", "normalizedForm": "RULK", "offsetStart": 118, "offsetEnd": 122}, "context": "We also test a combination of our proposed instantiation RULK NE with the previous approaches RULK LM , RULK KW , and RULK KW+LM .", "mentionContextAttributes": {"used": {"value": true, "score": 0.5647785067558289}, "created": {"value": true, "score": 0.9002022743225098}, "shared": {"value": false, "score": 2.980232238769531e-07}}, "documentContextAttributes": {"used": {"value": true, "score": 0.999419093132019}, "created": {"value": true, "score": 0.9999062418937683}, "shared": {"value": false, "score": 1.6093254089355469e-06}}}, {"type": "software", "software-type": "software", "software-name": {"rawForm": "RULK", "normalizedForm": "RULK", "offsetStart": 120, "offsetEnd": 124}, "context": "Therefore, in this paper, we answer the following research questions: RQ1 Are the estimated knowledge gains produced by RULK NE correlated to actual users' knowledge?", "mentionContextAttributes": {"used": {"value": true, "score": 0.6760863065719604}, "created": {"value": true, "score": 0.9334712624549866}, "shared": {"value": false, "score": 1.7881393432617188e-07}}, "documentContextAttributes": {"used": {"value": true, "score": 0.999419093132019}, "created": {"value": true, "score": 0.9999062418937683}, "shared": {"value": false, "score": 1.6093254089355469e-06}}}, {"type": "software", "software-type": "software", "software-name": {"rawForm": "RULK", "normalizedForm": "RULK", "offsetStart": 140, "offsetEnd": 144}, "context": "We compare our approach against previous work [2], in which knowledge states were represented by keywords RULK KW and large language models RULK LM .", "mentionContextAttributes": {"used": {"value": true, "score": 0.6885847449302673}, "created": {"value": false, "score": 0.01200646162033081}, "shared": {"value": false, "score": 1.7881393432617188e-07}}, "documentContextAttributes": {"used": {"value": true, "score": 0.999419093132019}, "created": {"value": true, "score": 0.9999062418937683}, "shared": {"value": false, "score": 1.6093254089355469e-06}}}, {"type": "software", "software-type": "software", "software-name": {"rawForm": "RULK", "normalizedForm": "RULK", "offsetStart": 150, "offsetEnd": 154}, "context": "One can only foresee that these tools will be improved and new, even better tools will become available in a near future, thus contributing to making RULK NE more and more accurate.", "mentionContextAttributes": {"used": {"value": false, "score": 8.791685104370117e-05}, "created": {"value": false, "score": 0.015710294246673584}, "shared": {"value": false, "score": 1.6093254089355469e-06}}, "documentContextAttributes": {"used": {"value": true, "score": 0.999419093132019}, "created": {"value": true, "score": 0.9999062418937683}, "shared": {"value": false, "score": 1.6093254089355469e-06}}}, {"type": "software", "software-type": "software", "software-name": {"rawForm": "RULK", "normalizedForm": "RULK", "offsetStart": 157, "offsetEnd": 161}, "context": "These two representations are briefly described above, in Section 2. achieved the best performance when using a combination of keywords and language models, RULK KW+LM .", "mentionContextAttributes": {"used": {"value": true, "score": 0.999419093132019}, "created": {"value": false, "score": 3.4928321838378906e-05}, "shared": {"value": false, "score": 1.1920928955078125e-07}}, "documentContextAttributes": {"used": {"value": true, "score": 0.999419093132019}, "created": {"value": true, "score": 0.9999062418937683}, "shared": {"value": false, "score": 1.6093254089355469e-06}}}], "references": [{"refKey": 9, "tei": "<biblStruct xml:id=\"b9\">\n\t<analytic>\n\t\t<title level=\"a\" type=\"main\">DBpedia spotlight</title>\n\t\t<author>\n\t\t\t<persName><forename type=\"first\">Pablo</forename><forename type=\"middle\">N</forename><surname>Mendes</surname></persName>\n\t\t</author>\n\t\t<author>\n\t\t\t<persName><forename type=\"first\">Max</forename><surname>Jakob</surname></persName>\n\t\t</author>\n\t\t<author>\n\t\t\t<persName><forename type=\"first\">Andr\u00e9s</forename><surname>Garc\u00eda-Silva</surname></persName>\n\t\t</author>\n\t\t<author>\n\t\t\t<persName><forename type=\"first\">Christian</forename><surname>Bizer</surname></persName>\n\t\t</author>\n\t\t<idno type=\"DOI\">10.1145/2063518.2063519</idno>\n\t</analytic>\n\t<monogr>\n\t\t<title level=\"m\">Proceedings of the 7th International Conference on Semantic Systems</title>\n\t\t<meeting>the 7th International Conference on Semantic Systems</meeting>\n\t\t<imprint>\n\t\t\t<publisher>ACM</publisher>\n\t\t\t<date type=\"published\" when=\"2011-09-07\">2011</date>\n\t\t\t<biblScope unit=\"page\">8</biblScope>\n\t\t</imprint>\n\t</monogr>\n</biblStruct>\n"}], "runtime": 83349, "id": "4113b4c4834d1d3db521cb12990978c5a723db2e", "metadata": {"id": "4113b4c4834d1d3db521cb12990978c5a723db2e"}, "original_file_path": "../../datalake/Samuel/SOFTware-Sync/data/xml_files/hal-04152998.grobid.tei.xml", "file_name": "hal-04152998.grobid.tei.xml"}