{"application": "software-mentions", "version": "0.8.0", "date": "2024-04-15T07:29+0000", "md5": "3E4BDAD168C5CB015AF67B0996310558", "mentions": [{"type": "software", "software-type": "software", "wikidataId": "Q189210", "wikipediaExternalRef": 288311, "lang": "en", "confidence": 0.4603, "software-name": {"rawForm": "Web-App", "normalizedForm": "Web-App", "wikidataId": "Q189210", "wikipediaExternalRef": 288311, "lang": "en", "confidence": 0.4603, "offsetStart": 18, "offsetEnd": 25}, "context": "A pure JavaScript Web-App is openly available from: https://dgraux.github.io/LOV-ES/ ", "mentionContextAttributes": {"used": {"value": false, "score": 4.1604042053222656e-05}, "created": {"value": false, "score": 0.0010993480682373047}, "shared": {"value": true, "score": 0.9907263517379761}}, "documentContextAttributes": {"used": {"value": false, "score": 0.15395694971084595}, "created": {"value": false, "score": 0.24895000457763672}, "shared": {"value": true, "score": 0.9907263517379761}}}, {"type": "software", "software-type": "software", "wikidataId": "Q189210", "wikipediaExternalRef": 288311, "lang": "en", "confidence": 0.4603, "software-name": {"rawForm": "Web-App", "normalizedForm": "Web-App", "wikidataId": "Q189210", "wikipediaExternalRef": 288311, "lang": "en", "confidence": 0.4603, "offsetStart": 38, "offsetEnd": 45}, "context": "Figure 1 presents our pure JavaScript Web-App: LOV-ES.", "mentionContextAttributes": {"used": {"value": false, "score": 0.15395694971084595}, "created": {"value": false, "score": 0.24895000457763672}, "shared": {"value": false, "score": 0.0003829002380371094}}, "documentContextAttributes": {"used": {"value": false, "score": 0.15395694971084595}, "created": {"value": false, "score": 0.24895000457763672}, "shared": {"value": true, "score": 0.9907263517379761}}}], "references": [], "runtime": 33492, "id": "fc8efc4d32f1ec498d4eee6041b1def8ccc39a83", "metadata": {"id": "fc8efc4d32f1ec498d4eee6041b1def8ccc39a83"}, "original_file_path": "../../datalake/Samuel/SOFTware-Sync/data/xml_not_sofctied/hal-03765857.grobid.tei.xml", "file_name": "hal-03765857.grobid.tei.xml"}