{"application": "software-mentions", "version": "0.8.0", "date": "2024-04-12T17:30+0000", "md5": "38C3240FD4DB975091114F70E859C780", "mentions": [{"type": "software", "software-type": "software", "software-name": {"rawForm": "code", "normalizedForm": "code", "offsetStart": 4, "offsetEnd": 8}, "url": {"rawForm": "https://github.com/sisaman/GAP", "normalizedForm": "https://github.com/sisaman/GAP", "offsetStart": 34, "offsetEnd": 64}, "context": "Our code is publicly available at https://github.com/sisaman/GAP.", "mentionContextAttributes": {"used": {"value": false, "score": 5.924701690673828e-05}, "created": {"value": false, "score": 0.09775716066360474}, "shared": {"value": true, "score": 0.9935414791107178}}, "documentContextAttributes": {"used": {"value": false, "score": 5.924701690673828e-05}, "created": {"value": false, "score": 0.09775716066360474}, "shared": {"value": true, "score": 0.9935414791107178}}}, {"type": "software", "software-type": "software", "wikidataId": "Q47509047", "wikipediaExternalRef": 54022970, "lang": "en", "confidence": 0.7826, "software-name": {"rawForm": "PyTorch", "normalizedForm": "PyTorch", "wikidataId": "Q47509047", "wikipediaExternalRef": 54022970, "lang": "en", "confidence": 0.7826, "offsetStart": 34, "offsetEnd": 46}, "context": "All the models are implemented in PyTorch [35] using PyTorch-Geometric (PyG) [12]. ", "mentionContextAttributes": {"used": {"value": true, "score": 0.9078187942504883}, "created": {"value": false, "score": 6.830692291259766e-05}, "shared": {"value": false, "score": 1.1920928955078125e-07}}, "documentContextAttributes": {"used": {"value": true, "score": 0.9078187942504883}, "created": {"value": false, "score": 6.830692291259766e-05}, "shared": {"value": false, "score": 1.1920928955078125e-07}}}, {"type": "software", "software-type": "software", "software-name": {"rawForm": "PyTorch-Geometric (PyG)", "normalizedForm": "PyTorch-Geometric (PyG)", "offsetStart": 53, "offsetEnd": 80}, "context": "All the models are implemented in PyTorch [35] using PyTorch-Geometric (PyG) [12]. ", "mentionContextAttributes": {"used": {"value": true, "score": 0.9078187942504883}, "created": {"value": false, "score": 6.830692291259766e-05}, "shared": {"value": false, "score": 1.1920928955078125e-07}}, "documentContextAttributes": {"used": {"value": true, "score": 0.9078187942504883}, "created": {"value": false, "score": 6.830692291259766e-05}, "shared": {"value": false, "score": 1.1920928955078125e-07}}}, {"type": "software", "software-type": "software", "wikidataId": "Q364", "wikipediaExternalRef": 18545292, "lang": "en", "confidence": 0.912, "software-name": {"rawForm": "GitHub", "normalizedForm": "GitHub", "wikidataId": "Q364", "wikipediaExternalRef": 18545292, "lang": "en", "confidence": 0.912, "offsetStart": 56, "offsetEnd": 62}, "context": "Our open-source implementation is publicly available on GitHub at https://github.com/sisaman/GAP.", "mentionContextAttributes": {"used": {"value": false, "score": 0.002233266830444336}, "created": {"value": true, "score": 0.8668999075889587}, "shared": {"value": true, "score": 0.9937782287597656}}, "documentContextAttributes": {"used": {"value": false, "score": 0.002233266830444336}, "created": {"value": true, "score": 0.8668999075889587}, "shared": {"value": true, "score": 0.9937782287597656}}}], "references": [], "runtime": 125415, "id": "01da4715e9f78385956f15b21b3845c602dcc8b6", "metadata": {"id": "01da4715e9f78385956f15b21b3845c602dcc8b6"}, "original_file_path": "../../datalake/Samuel/SOFTware-Sync/data/xml_not_sofctied/hal-03905068.grobid.tei.xml", "file_name": "hal-03905068.grobid.tei.xml"}