{"application": "software-mentions", "version": "0.8.0", "date": "2024-04-12T15:52+0000", "md5": "E11626166DFAC386EE4FA902F2700D3F", "mentions": [{"type": "software", "software-type": "software", "software-name": {"rawForm": "RandomForestClassifier", "normalizedForm": "RandomForestClassifier", "offsetStart": 43, "offsetEnd": 65}, "context": "For this experiment, the classifier is the RandomForestClassifier (and we had the same results with the other classifiers). ", "mentionContextAttributes": {"used": {"value": true, "score": 0.9999854564666748}, "created": {"value": false, "score": 0.0002632737159729004}, "shared": {"value": false, "score": 2.384185791015625e-07}}, "documentContextAttributes": {"used": {"value": true, "score": 0.9999854564666748}, "created": {"value": false, "score": 0.0002632737159729004}, "shared": {"value": false, "score": 2.384185791015625e-07}}}, {"type": "software", "software-type": "software", "wikidataId": "Q1026367", "wikipediaExternalRef": 33490859, "lang": "en", "confidence": 0.8626, "software-name": {"rawForm": "sklearn", "normalizedForm": "sklearn", "wikidataId": "Q1026367", "wikipediaExternalRef": 33490859, "lang": "en", "confidence": 0.8626, "offsetStart": 52, "offsetEnd": 59}, "context": "The classification algorithms are borrowed from the sklearn library [20].", "mentionContextAttributes": {"used": {"value": true, "score": 0.985768735408783}, "created": {"value": false, "score": 1.2636184692382812e-05}, "shared": {"value": false, "score": 2.384185791015625e-07}}, "documentContextAttributes": {"used": {"value": true, "score": 0.985768735408783}, "created": {"value": false, "score": 1.2636184692382812e-05}, "shared": {"value": false, "score": 2.384185791015625e-07}}, "references": [{"label": "[20]", "normalizedForm": "[20]", "refKey": 20, "offsetStart": 18299, "offsetEnd": 18303}]}, {"type": "software", "software-type": "software", "software-name": {"rawForm": "TSForest", "normalizedForm": "TSForest", "offsetStart": 198, "offsetEnd": 210}, "context": "Then, the next season prediction problem consists in learning a probabilistic classifier (Naive-Bayes classifier, logistic regression, decision tree or random forests) or a time series classifiers (TSForest [16], Rocket [17]). ", "mentionContextAttributes": {"used": {"value": false, "score": 0.0022639036178588867}, "created": {"value": false, "score": 2.7418136596679688e-05}, "shared": {"value": false, "score": 1.1920928955078125e-07}}, "documentContextAttributes": {"used": {"value": false, "score": 0.0022639036178588867}, "created": {"value": false, "score": 2.7418136596679688e-05}, "shared": {"value": false, "score": 1.1920928955078125e-07}}, "references": [{"label": "[17]", "normalizedForm": "[17]", "refKey": 17, "offsetStart": 12603, "offsetEnd": 12607}]}], "references": [{"refKey": 20, "tei": "<biblStruct xml:id=\"b20\">\n\t<analytic>\n\t\t<title level=\"a\" type=\"main\">Scikit-learn: Machine learning in python</title>\n\t\t<author>\n\t\t\t<persName><forename type=\"first\">F</forename><surname>Pedregosa</surname></persName>\n\t\t</author>\n\t\t<author>\n\t\t\t<persName><forename type=\"first\">G</forename><surname>Varoquaux</surname></persName>\n\t\t</author>\n\t\t<author>\n\t\t\t<persName><forename type=\"first\">A</forename><surname>Gramfort</surname></persName>\n\t\t</author>\n\t\t<author>\n\t\t\t<persName><forename type=\"first\">V</forename><surname>Michel</surname></persName>\n\t\t</author>\n\t\t<author>\n\t\t\t<persName><forename type=\"first\">B</forename><surname>Thirion</surname></persName>\n\t\t</author>\n\t\t<author>\n\t\t\t<persName><forename type=\"first\">O</forename><surname>Grisel</surname></persName>\n\t\t</author>\n\t\t<author>\n\t\t\t<persName><forename type=\"first\">M</forename><surname>Blondel</surname></persName>\n\t\t</author>\n\t\t<author>\n\t\t\t<persName><forename type=\"first\">P</forename><surname>Prettenhofer</surname></persName>\n\t\t</author>\n\t\t<author>\n\t\t\t<persName><forename type=\"first\">R</forename><surname>Weiss</surname></persName>\n\t\t</author>\n\t\t<author>\n\t\t\t<persName><forename type=\"first\">V</forename><surname>Dubourg</surname></persName>\n\t\t</author>\n\t</analytic>\n\t<monogr>\n\t\t<title level=\"j\">Journal of machine Learning research</title>\n\t\t<imprint>\n\t\t\t<biblScope unit=\"volume\">12</biblScope>\n\t\t\t<biblScope unit=\"page\">2830</biblScope>\n\t\t\t<date>2011</date>\n\t\t</imprint>\n\t</monogr>\n</biblStruct>\n"}, {"refKey": 17, "tei": "<biblStruct xml:id=\"b17\">\n\t<monogr>\n\t\t<author>\n\t\t\t<persName><forename type=\"first\">A</forename><surname>Dempster</surname></persName>\n\t\t</author>\n\t\t<author>\n\t\t\t<persName><forename type=\"first\">F</forename><surname>Petitjean</surname></persName>\n\t\t</author>\n\t\t<author>\n\t\t\t<persName><forename type=\"first\">G</forename><forename type=\"middle\">I</forename><surname>Webb</surname></persName>\n\t\t</author>\n\t\t<idno>arXiv:1910.13051</idno>\n\t\t<title level=\"m\">Rocket: Exceptionally fast and accurate time series classification using random convolutional kernels</title>\n\t\t<imprint>\n\t\t\t<date>2019</date>\n\t\t</imprint>\n\t</monogr>\n</biblStruct>\n"}], "runtime": 57267, "id": "7ddae587789419716d4774a315d3de5213c2546b", "metadata": {"id": "7ddae587789419716d4774a315d3de5213c2546b"}, "original_file_path": "../../datalake/Samuel/SOFTware-Sync/data/xml_files/hal-03326626.grobid.tei.xml", "file_name": "hal-03326626.grobid.tei.xml"}