{"application": "software-mentions", "version": "0.8.0", "date": "2024-04-12T17:14+0000", "md5": "D926A8632F9BD63A4D86071C46581436", "mentions": [{"type": "software", "software-type": "software", "wikidataId": "Q95", "wikipediaExternalRef": 1092923, "lang": "en", "confidence": 0.2931, "software-name": {"rawForm": "GoogleNet", "normalizedForm": "GoogleNet", "wikidataId": "Q95", "wikipediaExternalRef": 1092923, "lang": "en", "confidence": 0.2931, "offsetStart": 19, "offsetEnd": 28}, "context": "For the CNN model (GoogleNet), we first tracked the position of the highest activation across all the feature maps extracted from the last convolutional layer. ", "mentionContextAttributes": {"used": {"value": true, "score": 0.999992311000824}, "created": {"value": false, "score": 0.03139716386795044}, "shared": {"value": false, "score": 1.7881393432617188e-07}}, "documentContextAttributes": {"used": {"value": true, "score": 0.999992311000824}, "created": {"value": false, "score": 0.03139716386795044}, "shared": {"value": false, "score": 2.980232238769531e-07}}}, {"type": "software", "software-type": "software", "wikidataId": "Q182496", "wikipediaExternalRef": 4325491, "lang": "en", "confidence": 0.474, "software-name": {"rawForm": "Bing", "normalizedForm": "Bing", "wikidataId": "Q182496", "wikipediaExternalRef": 4325491, "lang": "en", "confidence": 0.474, "offsetStart": 26, "offsetEnd": 30}, "context": "MethodPV-SC PV-UCB IPM-SC Bing-SCCNN InceptionV3 of Brahimi et al. (Note that the performance of IPM and Bing are based only on Seen Crop (SC) images, whereas the performance on PV is measured for both Seen Crop (PV-SC) and Unseen Crop (PV-UCB), i.e., for the pepper_bell Bacterial_spot.The best accuracy for each dataset is shown in bold.", "mentionContextAttributes": {"used": {"value": true, "score": 0.9999479651451111}, "created": {"value": false, "score": 1.2516975402832031e-06}, "shared": {"value": false, "score": 1.1324882507324219e-06}}, "documentContextAttributes": {"used": {"value": true, "score": 0.9999952912330627}, "created": {"value": false, "score": 0.0012704730033874512}, "shared": {"value": false, "score": 1.1324882507324219e-06}}}, {"type": "software", "software-type": "software", "wikidataId": "Q182496", "wikipediaExternalRef": 4325491, "lang": "en", "confidence": 0.474, "software-name": {"rawForm": "Bing", "normalizedForm": "Bing", "wikidataId": "Q182496", "wikipediaExternalRef": 4325491, "lang": "en", "confidence": 0.474, "offsetStart": 26, "offsetEnd": 30}, "context": "MethodPV-SC PV-UCB IPM-SC Bing-SCCNN InceptionV3 of Brahimi et al. (Note that the performance of IPM and Bing are based only on Seen Crop (SC) images, whereas the performance on PV is measured for both Seen Crop (PV-SC) and Unseen Crop (PV-UCB), i.e., for the pepper_bell Bacterial_spot.", "mentionContextAttributes": {"used": {"value": true, "score": 0.9999479651451111}, "created": {"value": false, "score": 1.2516975402832031e-06}, "shared": {"value": false, "score": 1.1324882507324219e-06}}, "documentContextAttributes": {"used": {"value": true, "score": 0.9999952912330627}, "created": {"value": false, "score": 0.0012704730033874512}, "shared": {"value": false, "score": 1.1324882507324219e-06}}}, {"type": "software", "software-type": "software", "wikidataId": "Q182496", "wikipediaExternalRef": 4325491, "lang": "en", "confidence": 0.474, "software-name": {"rawForm": "Bing", "normalizedForm": "Bing", "wikidataId": "Q182496", "wikipediaExternalRef": 4325491, "lang": "en", "confidence": 0.474, "offsetStart": 26, "offsetEnd": 30}, "context": "MethodPV-SC PV-UCB IPM-SC Bing-SCCNN InceptionV3 of Brahimi et al. (", "mentionContextAttributes": {"used": {"value": true, "score": 0.9999415278434753}, "created": {"value": false, "score": 4.708766937255859e-06}, "shared": {"value": false, "score": 1.7881393432617188e-07}}, "documentContextAttributes": {"used": {"value": true, "score": 0.9999952912330627}, "created": {"value": false, "score": 0.0012704730033874512}, "shared": {"value": false, "score": 1.1324882507324219e-06}}}, {"type": "software", "software-type": "software", "wikidataId": "Q182496", "wikipediaExternalRef": 4325491, "lang": "en", "confidence": 0.474, "software-name": {"rawForm": "Bing", "normalizedForm": "Bing", "wikidataId": "Q182496", "wikipediaExternalRef": 4325491, "lang": "en", "confidence": 0.474, "offsetStart": 26, "offsetEnd": 30}, "context": "MethodPV-SC PV-UCB IPM-SC Bing-SC", "mentionContextAttributes": {"used": {"value": true, "score": 0.999579131603241}, "created": {"value": false, "score": 3.153085708618164e-05}, "shared": {"value": false, "score": 2.980232238769531e-07}}, "documentContextAttributes": {"used": {"value": true, "score": 0.9999952912330627}, "created": {"value": false, "score": 0.0012704730033874512}, "shared": {"value": false, "score": 1.1324882507324219e-06}}}, {"type": "software", "software-type": "software", "wikidataId": "Q21447895", "wikipediaExternalRef": 48508507, "lang": "en", "confidence": 0.6707, "software-name": {"rawForm": "Tensorflow", "normalizedForm": "Tensorflow", "wikidataId": "Q21447895", "wikipediaExternalRef": 48508507, "lang": "en", "confidence": 0.6707, "offsetStart": 29, "offsetEnd": 39}, "context": "The RNN is trained using the Tensorflow library (Abadi et al., 2016). ", "mentionContextAttributes": {"used": {"value": false, "score": 0.2532578706741333}, "created": {"value": false, "score": 0.00011116266250610352}, "shared": {"value": false, "score": 2.980232238769531e-07}}, "documentContextAttributes": {"used": {"value": false, "score": 0.2532578706741333}, "created": {"value": false, "score": 0.00011116266250610352}, "shared": {"value": false, "score": 2.980232238769531e-07}}, "references": [{"label": "(Abadi et al., 2016)", "normalizedForm": "Abadi et al., 2016", "refKey": 1, "offsetStart": 12144, "offsetEnd": 12164}]}, {"type": "software", "software-type": "software", "wikidataId": "Q182496", "wikipediaExternalRef": 4325491, "lang": "en", "confidence": 0.474, "software-name": {"rawForm": "Bing", "normalizedForm": "Bing", "wikidataId": "Q182496", "wikipediaExternalRef": 4325491, "lang": "en", "confidence": 0.474, "offsetStart": 39, "offsetEnd": 43}, "context": "We used 119 and 64 images from IPM and Bing, respectively, collected by Mohanty et al. (2016) (121 number of Bing images were expected, but half of them are no longer available).", "mentionContextAttributes": {"used": {"value": true, "score": 0.9998896718025208}, "created": {"value": false, "score": 4.708766937255859e-06}, "shared": {"value": false, "score": 2.980232238769531e-07}}, "documentContextAttributes": {"used": {"value": true, "score": 0.9999952912330627}, "created": {"value": false, "score": 0.0012704730033874512}, "shared": {"value": false, "score": 1.1324882507324219e-06}}}, {"type": "software", "software-type": "software", "wikidataId": "Q95", "wikipediaExternalRef": 1092923, "lang": "en", "confidence": 0.2931, "software-name": {"rawForm": "GoogleNet", "normalizedForm": "GoogleNet", "wikidataId": "Q95", "wikipediaExternalRef": 1092923, "lang": "en", "confidence": 0.2931, "offsetStart": 55, "offsetEnd": 64}, "context": "To extract the CNN features, we used an extension of a GoogleNet architecture Szegedy et al. (2015) with modified  convolutional layers and additional batch normalization to increase accuracy and reduce computational complexity 2 .", "mentionContextAttributes": {"used": {"value": true, "score": 0.9993099570274353}, "created": {"value": false, "score": 0.00041729211807250977}, "shared": {"value": false, "score": 2.980232238769531e-07}}, "documentContextAttributes": {"used": {"value": true, "score": 0.999992311000824}, "created": {"value": false, "score": 0.03139716386795044}, "shared": {"value": false, "score": 2.980232238769531e-07}}}, {"type": "software", "software-type": "software", "wikidataId": "Q182496", "wikipediaExternalRef": 4325491, "lang": "en", "confidence": 0.474, "software-name": {"rawForm": "Bing", "normalizedForm": "Bing", "wikidataId": "Q182496", "wikipediaExternalRef": 4325491, "lang": "en", "confidence": 0.474, "offsetStart": 56, "offsetEnd": 60}, "context": "As there are only few images of pepper crops in IPM and Bing (two images in IPM and one in Bing), we considered the number of collections insufficient to infer the performance of the models in recognizing the disease of an unseen crop.", "mentionContextAttributes": {"used": {"value": true, "score": 0.999908983707428}, "created": {"value": false, "score": 6.753206253051758e-05}, "shared": {"value": false, "score": 2.980232238769531e-07}}, "documentContextAttributes": {"used": {"value": true, "score": 0.9999952912330627}, "created": {"value": false, "score": 0.0012704730033874512}, "shared": {"value": false, "score": 1.1324882507324219e-06}}}, {"type": "software", "software-type": "software", "wikidataId": "Q182496", "wikipediaExternalRef": 4325491, "lang": "en", "confidence": 0.474, "software-name": {"rawForm": "Bing", "normalizedForm": "Bing", "wikidataId": "Q182496", "wikipediaExternalRef": 4325491, "lang": "en", "confidence": 0.474, "offsetStart": 73, "offsetEnd": 77}, "context": "We therefore tested the model using only the seen crop images in IPM and Bing. ", "mentionContextAttributes": {"used": {"value": true, "score": 0.9999952912330627}, "created": {"value": false, "score": 0.0012704730033874512}, "shared": {"value": false, "score": 1.7881393432617188e-07}}, "documentContextAttributes": {"used": {"value": true, "score": 0.9999952912330627}, "created": {"value": false, "score": 0.0012704730033874512}, "shared": {"value": false, "score": 1.1324882507324219e-06}}}, {"type": "software", "software-type": "software", "wikidataId": "Q182496", "wikipediaExternalRef": 4325491, "lang": "en", "confidence": 0.474, "software-name": {"rawForm": "Bing", "normalizedForm": "Bing", "wikidataId": "Q182496", "wikipediaExternalRef": 4325491, "lang": "en", "confidence": 0.474, "offsetStart": 91, "offsetEnd": 95}, "context": "As there are only few images of pepper crops in IPM and Bing (two images in IPM and one in Bing), we considered the number of collections insufficient to infer the performance of the models in recognizing the disease of an unseen crop. ", "mentionContextAttributes": {"used": {"value": true, "score": 0.999908983707428}, "created": {"value": false, "score": 6.753206253051758e-05}, "shared": {"value": false, "score": 2.980232238769531e-07}}, "documentContextAttributes": {"used": {"value": true, "score": 0.9999952912330627}, "created": {"value": false, "score": 0.0012704730033874512}, "shared": {"value": false, "score": 1.1324882507324219e-06}}}, {"type": "software", "software-type": "software", "wikidataId": "Q182496", "wikipediaExternalRef": 4325491, "lang": "en", "confidence": 0.474, "software-name": {"rawForm": "Bing", "normalizedForm": "Bing", "wikidataId": "Q182496", "wikipediaExternalRef": 4325491, "lang": "en", "confidence": 0.474, "offsetStart": 105, "offsetEnd": 109}, "context": "MethodPV-SC PV-UCB IPM-SC Bing-SCCNN InceptionV3 of Brahimi et al. (Note that the performance of IPM and Bing are based only on Seen Crop (SC) images, whereas the performance on PV is measured for both Seen Crop (PV-SC) and Unseen Crop (PV-UCB), i.e., for the pepper_bell Bacterial_spot.The best accuracy for each dataset is shown in bold.", "mentionContextAttributes": {"used": {"value": true, "score": 0.9999479651451111}, "created": {"value": false, "score": 1.2516975402832031e-06}, "shared": {"value": false, "score": 1.1324882507324219e-06}}, "documentContextAttributes": {"used": {"value": true, "score": 0.9999952912330627}, "created": {"value": false, "score": 0.0012704730033874512}, "shared": {"value": false, "score": 1.1324882507324219e-06}}}, {"type": "software", "software-type": "software", "wikidataId": "Q182496", "wikipediaExternalRef": 4325491, "lang": "en", "confidence": 0.474, "software-name": {"rawForm": "Bing", "normalizedForm": "Bing", "wikidataId": "Q182496", "wikipediaExternalRef": 4325491, "lang": "en", "confidence": 0.474, "offsetStart": 105, "offsetEnd": 109}, "context": "MethodPV-SC PV-UCB IPM-SC Bing-SCCNN InceptionV3 of Brahimi et al. (Note that the performance of IPM and Bing are based only on Seen Crop (SC) images, whereas the performance on PV is measured for both Seen Crop (PV-SC) and Unseen Crop (PV-UCB), i.e., for the pepper_bell Bacterial_spot.", "mentionContextAttributes": {"used": {"value": true, "score": 0.9999479651451111}, "created": {"value": false, "score": 1.2516975402832031e-06}, "shared": {"value": false, "score": 1.1324882507324219e-06}}, "documentContextAttributes": {"used": {"value": true, "score": 0.9999952912330627}, "created": {"value": false, "score": 0.0012704730033874512}, "shared": {"value": false, "score": 1.1324882507324219e-06}}}, {"type": "software", "software-type": "software", "wikidataId": "Q182496", "wikipediaExternalRef": 4325491, "lang": "en", "confidence": 0.474, "software-name": {"rawForm": "Bing", "normalizedForm": "Bing", "wikidataId": "Q182496", "wikipediaExternalRef": 4325491, "lang": "en", "confidence": 0.474, "offsetStart": 109, "offsetEnd": 113}, "context": "We used 119 and 64 images from IPM and Bing, respectively, collected by Mohanty et al. (2016) (121 number of Bing images were expected, but half of them are no longer available).", "mentionContextAttributes": {"used": {"value": true, "score": 0.9998896718025208}, "created": {"value": false, "score": 4.708766937255859e-06}, "shared": {"value": false, "score": 2.980232238769531e-07}}, "documentContextAttributes": {"used": {"value": true, "score": 0.9999952912330627}, "created": {"value": false, "score": 0.0012704730033874512}, "shared": {"value": false, "score": 1.1324882507324219e-06}}}, {"type": "software", "software-type": "software", "wikidataId": "Q182496", "wikipediaExternalRef": 4325491, "lang": "en", "confidence": 0.474, "software-name": {"rawForm": "Bing", "normalizedForm": "Bing", "wikidataId": "Q182496", "wikipediaExternalRef": 4325491, "lang": "en", "confidence": 0.474, "offsetStart": 135, "offsetEnd": 139}, "context": "Secondly, we can observe that both CNN models as well as our new attention-based RNN achieved lower accuracy values for the IPM-SC and Bing-SC test sets as well as the PV-UCB (unseen crop from the PlantVillage dataset) compared to the PV-SC.", "mentionContextAttributes": {"used": {"value": true, "score": 0.9987549781799316}, "created": {"value": false, "score": 2.5331974029541016e-05}, "shared": {"value": false, "score": 1.7881393432617188e-07}}, "documentContextAttributes": {"used": {"value": true, "score": 0.9999952912330627}, "created": {"value": false, "score": 0.0012704730033874512}, "shared": {"value": false, "score": 1.1324882507324219e-06}}}, {"type": "software", "software-type": "software", "wikidataId": "Q182496", "wikipediaExternalRef": 4325491, "lang": "en", "confidence": 0.474, "software-name": {"rawForm": "Bing", "normalizedForm": "Bing", "wikidataId": "Q182496", "wikipediaExternalRef": 4325491, "lang": "en", "confidence": 0.474, "offsetStart": 256, "offsetEnd": 260}, "context": "To cope with such difficult datasets, CNN models achieved a much lower performance, which means that the models formed have some difficulty in generalizing to the unseen crop of PlantVillage (PV-USC) or to images acquired in a different domain (IPM-SC and Bing-SC).", "mentionContextAttributes": {"used": {"value": true, "score": 0.8030244708061218}, "created": {"value": false, "score": 1.1861324310302734e-05}, "shared": {"value": false, "score": 1.7881393432617188e-07}}, "documentContextAttributes": {"used": {"value": true, "score": 0.9999952912330627}, "created": {"value": false, "score": 0.0012704730033874512}, "shared": {"value": false, "score": 1.1324882507324219e-06}}}], "references": [{"refKey": 1, "tei": "<biblStruct xml:id=\"b1\">\n\t<analytic>\n\t\t<title level=\"a\" type=\"main\">TensorFlow: learning functions at scale</title>\n\t\t<author>\n\t\t\t<persName><forename type=\"first\">Mart\u00edn</forename><surname>Abadi</surname></persName>\n\t\t</author>\n\t\t<author>\n\t\t\t<persName><forename type=\"first\">P</forename><surname>Barham</surname></persName>\n\t\t</author>\n\t\t<author>\n\t\t\t<persName><forename type=\"first\">J</forename><surname>Chen</surname></persName>\n\t\t</author>\n\t\t<author>\n\t\t\t<persName><forename type=\"first\">Z</forename><surname>Chen</surname></persName>\n\t\t</author>\n\t\t<author>\n\t\t\t<persName><forename type=\"first\">A</forename><surname>Davis</surname></persName>\n\t\t</author>\n\t\t<author>\n\t\t\t<persName><forename type=\"first\">J</forename><surname>Dean</surname></persName>\n\t\t</author>\n\t\t<idno type=\"DOI\">10.1145/2951913.2976746</idno>\n\t</analytic>\n\t<monogr>\n\t\t<title level=\"m\">Proceedings of the 21st ACM SIGPLAN International Conference on Functional Programming</title>\n\t\t<meeting>the 21st ACM SIGPLAN International Conference on Functional Programming</meeting>\n\t\t<imprint>\n\t\t\t<publisher>ACM</publisher>\n\t\t\t<date type=\"published\" when=\"2016-09-04\">2016</date>\n\t\t\t<biblScope unit=\"page\">283</biblScope>\n\t\t</imprint>\n\t</monogr>\n</biblStruct>\n"}], "runtime": 42025, "id": "60e1d9f2ebec130d7dbb63fe5b7cfcc75484719b", "metadata": {"id": "60e1d9f2ebec130d7dbb63fe5b7cfcc75484719b"}, "original_file_path": "../../datalake/Samuel/SOFTware-Sync/data/xml_not_sofctied/hal-03064464.grobid.tei.xml", "file_name": "hal-03064464.grobid.tei.xml"}