{"application": "software-mentions", "version": "0.8.0", "date": "2024-04-15T07:19+0000", "md5": "21CD5A645BA497ABB0C4BF9F827EE108", "mentions": [{"type": "software", "software-type": "software", "software-name": {"rawForm": "QuiXPath", "normalizedForm": "QuiXPath", "offsetStart": 0, "offsetEnd": 8}, "context": "QuiXPath compiles regular XPath queries to possibly nondeterministic early Nwas, and evaluates them with subtree and descendant projection [20]. ", "mentionContextAttributes": {"used": {"value": false, "score": 0.0006665587425231934}, "created": {"value": false, "score": 3.039836883544922e-06}, "shared": {"value": false, "score": 1.7881393432617188e-07}}, "documentContextAttributes": {"used": {"value": true, "score": 0.9918434619903564}, "created": {"value": false, "score": 6.860494613647461e-05}, "shared": {"value": false, "score": 7.748603820800781e-07}}}, {"type": "software", "software-type": "software", "software-name": {"rawForm": "QuiXPath", "normalizedForm": "QuiXPath", "offsetStart": 0, "offsetEnd": 8}, "context": "QuiXPath is not generally earliest though. ", "mentionContextAttributes": {"used": {"value": false, "score": 0.00012874603271484375}, "created": {"value": false, "score": 1.3887882232666016e-05}, "shared": {"value": false, "score": 7.748603820800781e-07}}, "documentContextAttributes": {"used": {"value": true, "score": 0.9918434619903564}, "created": {"value": false, "score": 6.860494613647461e-05}, "shared": {"value": false, "score": 7.748603820800781e-07}}}, {"type": "software", "software-type": "software", "wikidataId": "Q460584", "wikipediaExternalRef": 3254510, "lang": "en", "confidence": 0.591, "software-name": {"rawForm": "Scala", "normalizedForm": "Scala", "wikidataId": "Q460584", "wikipediaExternalRef": 3254510, "lang": "en", "confidence": 0.591, "offsetStart": 21, "offsetEnd": 26}, "context": "It is implemented in Scala while computing safety with ABC Datalog.", "mentionContextAttributes": {"used": {"value": false, "score": 0.00018906593322753906}, "created": {"value": false, "score": 0.022376954555511475}, "shared": {"value": false, "score": 1.7881393432617188e-07}}, "documentContextAttributes": {"used": {"value": false, "score": 0.00018906593322753906}, "created": {"value": false, "score": 0.022376954555511475}, "shared": {"value": false, "score": 1.7881393432617188e-07}}}, {"type": "software", "software-type": "software", "software-name": {"rawForm": "AStream", "normalizedForm": "AStream", "offsetStart": 21, "offsetEnd": 28}, "context": "Finally, we compared AStream with for QuiXPath [6], the best previous streaming tool that can answer A1-A8 in an earliest manner.", "mentionContextAttributes": {"used": {"value": true, "score": 0.9918434619903564}, "created": {"value": false, "score": 6.860494613647461e-05}, "shared": {"value": false, "score": 1.7881393432617188e-07}}, "documentContextAttributes": {"used": {"value": true, "score": 0.9999820590019226}, "created": {"value": true, "score": 0.9995262622833252}, "shared": {"value": false, "score": 2.980232238769531e-07}}, "references": [{"label": "[3]", "normalizedForm": "[3]", "refKey": 3}]}, {"type": "software", "software-type": "software", "software-name": {"rawForm": "AStream", "normalizedForm": "AStream", "offsetStart": 22, "offsetEnd": 29}, "context": "In order to benchmark AStream 2.01 with subhedge projection for efficiency, and to compare it to AStream 1.01 without projection, we considered the regular XPath queries from the XPathMark [7] A1-A8.", "mentionContextAttributes": {"used": {"value": true, "score": 0.9999820590019226}, "created": {"value": false, "score": 3.039836883544922e-06}, "shared": {"value": false, "score": 1.7881393432617188e-07}}, "documentContextAttributes": {"used": {"value": true, "score": 0.9999820590019226}, "created": {"value": true, "score": 0.9995262622833252}, "shared": {"value": false, "score": 2.980232238769531e-07}}, "references": [{"label": "[3]", "normalizedForm": "[3]", "refKey": 3}]}, {"type": "software", "software-type": "software", "software-name": {"rawForm": "XPathMark", "normalizedForm": "XPathMark", "offsetStart": 25, "offsetEnd": 34}, "context": "The XPath queries of the XPathMark without descendant axis are A1,A4 and A6-A8.", "mentionContextAttributes": {"used": {"value": true, "score": 0.9273414015769958}, "created": {"value": false, "score": 3.7550926208496094e-06}, "shared": {"value": false, "score": 2.980232238769531e-07}}, "documentContextAttributes": {"used": {"value": true, "score": 0.9999930262565613}, "created": {"value": false, "score": 4.678964614868164e-05}, "shared": {"value": false, "score": 2.980232238769531e-07}}, "references": [{"label": "[7]", "normalizedForm": "[7]", "refKey": 7}]}, {"type": "software", "software-type": "software", "software-name": {"rawForm": "dShas", "normalizedForm": "dShas", "offsetStart": 26, "offsetEnd": 31}, "context": "In contrast, the class of dShas with the same initial and tree initial state enjoys unique minimization.", "mentionContextAttributes": {"used": {"value": false, "score": 0.00024688243865966797}, "created": {"value": false, "score": 5.78761100769043e-05}, "shared": {"value": false, "score": 1.7881393432617188e-07}}, "documentContextAttributes": {"used": {"value": true, "score": 0.9998268485069275}, "created": {"value": true, "score": 0.9995262026786804}, "shared": {"value": false, "score": 1.7881393432617188e-07}}, "references": [{"label": "[3]", "normalizedForm": "[3]", "refKey": 3}]}, {"type": "software", "software-type": "software", "software-name": {"rawForm": "QuiXPath", "normalizedForm": "QuiXPath", "offsetStart": 38, "offsetEnd": 49}, "context": "Finally, we compared AStream with for QuiXPath [6], the best previous streaming tool that can answer A1-A8 in an earliest manner. ", "mentionContextAttributes": {"used": {"value": true, "score": 0.9918434619903564}, "created": {"value": false, "score": 6.860494613647461e-05}, "shared": {"value": false, "score": 1.7881393432617188e-07}}, "documentContextAttributes": {"used": {"value": true, "score": 0.9918434619903564}, "created": {"value": false, "score": 6.860494613647461e-05}, "shared": {"value": false, "score": 7.748603820800781e-07}}}, {"type": "software", "software-type": "software", "software-name": {"rawForm": "AStream", "normalizedForm": "AStream", "offsetStart": 40, "offsetEnd": 47}, "context": "On the queries without descendant axis, AStream 1.01 without projection is by a factor of 60 slower than QuiXPath [3].", "mentionContextAttributes": {"used": {"value": true, "score": 0.8521503210067749}, "created": {"value": false, "score": 2.8014183044433594e-06}, "shared": {"value": false, "score": 1.7881393432617188e-07}}, "documentContextAttributes": {"used": {"value": true, "score": 0.9999820590019226}, "created": {"value": true, "score": 0.9995262622833252}, "shared": {"value": false, "score": 2.980232238769531e-07}}, "references": [{"label": "[3]", "normalizedForm": "[3]", "refKey": 3}]}, {"type": "software", "software-type": "software", "software-name": {"rawForm": "AStream", "normalizedForm": "AStream", "offsetStart": 66, "offsetEnd": 73}, "context": "For such XPath queries, the earliest query answering algorithm of AStream with projection becomes competitive in efficiency with the best existing streaming algorithm from QuiXPath [6] (which is non-earliest on some queries though).", "mentionContextAttributes": {"used": {"value": false, "score": 0.0005039572715759277}, "created": {"value": false, "score": 7.092952728271484e-06}, "shared": {"value": false, "score": 2.980232238769531e-07}}, "documentContextAttributes": {"used": {"value": true, "score": 0.9999820590019226}, "created": {"value": true, "score": 0.9995262622833252}, "shared": {"value": false, "score": 2.980232238769531e-07}}, "references": [{"label": "[3]", "normalizedForm": "[3]", "refKey": 3}]}, {"type": "software", "software-type": "software", "software-name": {"rawForm": "XPathMark", "normalizedForm": "XPathMark", "offsetStart": 70, "offsetEnd": 79}, "context": "These were evaluated on Xml documents of variable size created by the XPathMark generator. ", "mentionContextAttributes": {"used": {"value": true, "score": 0.9999930262565613}, "created": {"value": false, "score": 4.678964614868164e-05}, "shared": {"value": false, "score": 1.7881393432617188e-07}}, "documentContextAttributes": {"used": {"value": true, "score": 0.9999930262565613}, "created": {"value": false, "score": 4.678964614868164e-05}, "shared": {"value": false, "score": 2.980232238769531e-07}}, "references": [{"label": "[7]", "normalizedForm": "[7]", "refKey": 7}]}, {"type": "software", "software-type": "software", "software-name": {"rawForm": "AStream", "normalizedForm": "AStream", "offsetStart": 73, "offsetEnd": 83}, "context": "We integrated subhedge projection into the earliest query answering tool AStream [3]. ", "mentionContextAttributes": {"used": {"value": true, "score": 0.8900832533836365}, "created": {"value": false, "score": 0.03658437728881836}, "shared": {"value": false, "score": 1.7881393432617188e-07}}, "documentContextAttributes": {"used": {"value": true, "score": 0.9999820590019226}, "created": {"value": true, "score": 0.9995262622833252}, "shared": {"value": false, "score": 2.980232238769531e-07}}, "references": [{"label": "[3]", "normalizedForm": "[3]", "refKey": 3}]}, {"type": "software", "software-type": "software", "software-name": {"rawForm": "AStream", "normalizedForm": "AStream", "offsetStart": 97, "offsetEnd": 104}, "context": "In order to benchmark AStream 2.01 with subhedge projection for efficiency, and to compare it to AStream 1.01 without projection, we considered the regular XPath queries from the XPathMark [7] A1-A8.", "mentionContextAttributes": {"used": {"value": true, "score": 0.9999820590019226}, "created": {"value": false, "score": 3.039836883544922e-06}, "shared": {"value": false, "score": 1.7881393432617188e-07}}, "documentContextAttributes": {"used": {"value": true, "score": 0.9999820590019226}, "created": {"value": true, "score": 0.9995262622833252}, "shared": {"value": false, "score": 2.980232238769531e-07}}, "references": [{"label": "[3]", "normalizedForm": "[3]", "refKey": 3}]}, {"type": "software", "software-type": "software", "software-name": {"rawForm": "QuiXPath", "normalizedForm": "QuiXPath", "offsetStart": 105, "offsetEnd": 116}, "context": "On the queries without descendant axis, AStream 1.01 without projection is by a factor of 60 slower than QuiXPath [3]. ", "mentionContextAttributes": {"used": {"value": true, "score": 0.8521503210067749}, "created": {"value": false, "score": 2.8014183044433594e-06}, "shared": {"value": false, "score": 1.7881393432617188e-07}}, "documentContextAttributes": {"used": {"value": true, "score": 0.9918434619903564}, "created": {"value": false, "score": 6.860494613647461e-05}, "shared": {"value": false, "score": 7.748603820800781e-07}}}, {"type": "software", "software-type": "software", "software-name": {"rawForm": "dShas", "normalizedForm": "dShas", "offsetStart": 109, "offsetEnd": 114}, "context": "Running the Sha \u2193 s A \u03c0 e in streaming mode with subtree projection yields an earliest membership tester for dShas with subtree projection.", "mentionContextAttributes": {"used": {"value": false, "score": 0.10551375150680542}, "created": {"value": false, "score": 5.424022674560547e-06}, "shared": {"value": false, "score": 1.7881393432617188e-07}}, "documentContextAttributes": {"used": {"value": true, "score": 0.9998268485069275}, "created": {"value": true, "score": 0.9995262026786804}, "shared": {"value": false, "score": 1.7881393432617188e-07}}, "references": [{"label": "[3]", "normalizedForm": "[3]", "refKey": 3}]}, {"type": "software", "software-type": "software", "software-name": {"rawForm": "dShas", "normalizedForm": "dShas", "offsetStart": 117, "offsetEnd": 122}, "context": "Our third contribution is an implementation and experimental evaluation of an earliest query answering algorithm for dShas with subhedge projection (not only of earliest membership testing), by introducing subhedge projection into the AStream tool [3].", "mentionContextAttributes": {"used": {"value": false, "score": 8.577108383178711e-05}, "created": {"value": true, "score": 0.9995262026786804}, "shared": {"value": false, "score": 1.7881393432617188e-07}}, "documentContextAttributes": {"used": {"value": true, "score": 0.9998268485069275}, "created": {"value": true, "score": 0.9995262026786804}, "shared": {"value": false, "score": 1.7881393432617188e-07}}, "references": [{"label": "[3]", "normalizedForm": "[3]", "refKey": 3}]}, {"type": "software", "software-type": "software", "wikidataId": "Q850661", "wikipediaExternalRef": 23742879, "lang": "en", "confidence": 0.7843, "software-name": {"rawForm": "XQuery", "normalizedForm": "XQuery", "wikidataId": "Q850661", "wikipediaExternalRef": 23742879, "lang": "en", "confidence": 0.7843, "offsetStart": 126, "offsetEnd": 132}, "context": "We did further experiments on a sub-corpus of 79 regular XPath queries extracted by Lick and Schmitz from real-world Xslt and XQuery programs, for which dShas are available [2]. ", "mentionContextAttributes": {"used": {"value": true, "score": 0.9998268485069275}, "created": {"value": false, "score": 0.0018768906593322754}, "shared": {"value": false, "score": 1.1920928955078125e-07}}, "documentContextAttributes": {"used": {"value": true, "score": 0.9998268485069275}, "created": {"value": false, "score": 0.0018768906593322754}, "shared": {"value": false, "score": 1.1920928955078125e-07}}}, {"type": "software", "software-type": "software", "software-name": {"rawForm": "XPathMark", "normalizedForm": "XPathMark", "offsetStart": 140, "offsetEnd": 149}, "context": "For the evaluation, we consider the deterministic Shas constructed with the compiler from [19] for the forward regular XPath queries of the XPathMark benchmark [7] and real-world XPath queries [2].", "mentionContextAttributes": {"used": {"value": true, "score": 0.9998241066932678}, "created": {"value": false, "score": 1.7881393432617188e-06}, "shared": {"value": false, "score": 1.1920928955078125e-07}}, "documentContextAttributes": {"used": {"value": true, "score": 0.9999930262565613}, "created": {"value": false, "score": 4.678964614868164e-05}, "shared": {"value": false, "score": 2.980232238769531e-07}}, "references": [{"label": "[7]", "normalizedForm": "[7]", "refKey": 7}]}, {"type": "software", "software-type": "software", "software-name": {"rawForm": "dShas", "normalizedForm": "dShas", "offsetStart": 147, "offsetEnd": 152}, "context": "The streaming version for deterministic Shas leads us to an earliest membership tester, which enhances the previous earliest membership tester for dShas from [3] with subtree projection.", "mentionContextAttributes": {"used": {"value": false, "score": 0.017736971378326416}, "created": {"value": false, "score": 3.218650817871094e-05}, "shared": {"value": false, "score": 1.1920928955078125e-07}}, "documentContextAttributes": {"used": {"value": true, "score": 0.9998268485069275}, "created": {"value": true, "score": 0.9995262026786804}, "shared": {"value": false, "score": 1.7881393432617188e-07}}, "references": [{"label": "[3]", "normalizedForm": "[3]", "refKey": 3, "offsetStart": 23625, "offsetEnd": 23628}]}, {"type": "software", "software-type": "software", "software-name": {"rawForm": "dShas", "normalizedForm": "dShas", "offsetStart": 153, "offsetEnd": 158}, "context": "We did further experiments on a sub-corpus of 79 regular XPath queries extracted by Lick and Schmitz from real-world Xslt and XQuery programs, for which dShas are available [2]. ", "mentionContextAttributes": {"used": {"value": true, "score": 0.9998268485069275}, "created": {"value": false, "score": 0.0018768906593322754}, "shared": {"value": false, "score": 1.1920928955078125e-07}}, "documentContextAttributes": {"used": {"value": true, "score": 0.9998268485069275}, "created": {"value": true, "score": 0.9995262026786804}, "shared": {"value": false, "score": 1.7881393432617188e-07}}, "references": [{"label": "[3]", "normalizedForm": "[3]", "refKey": 3}]}, {"type": "software", "software-type": "software", "software-name": {"rawForm": "QuiXPath", "normalizedForm": "QuiXPath", "offsetStart": 172, "offsetEnd": 184}, "context": "For such XPath queries, the earliest query answering algorithm of AStream with projection becomes competitive in efficiency with the best existing streaming algorithm from QuiXPath [6] (which is non-earliest on some queries though). ", "mentionContextAttributes": {"used": {"value": false, "score": 0.0005038976669311523}, "created": {"value": false, "score": 7.033348083496094e-06}, "shared": {"value": false, "score": 2.384185791015625e-07}}, "documentContextAttributes": {"used": {"value": true, "score": 0.9918434619903564}, "created": {"value": false, "score": 6.860494613647461e-05}, "shared": {"value": false, "score": 7.748603820800781e-07}}}, {"type": "software", "software-type": "software", "software-name": {"rawForm": "XPathMark", "normalizedForm": "XPathMark", "offsetStart": 179, "offsetEnd": 188}, "context": "In order to benchmark AStream 2.01 with subhedge projection for efficiency, and to compare it to AStream 1.01 without projection, we considered the regular XPath queries from the XPathMark [7] A1-A8.", "mentionContextAttributes": {"used": {"value": true, "score": 0.9999821186065674}, "created": {"value": false, "score": 2.9802322387695312e-06}, "shared": {"value": false, "score": 1.1920928955078125e-07}}, "documentContextAttributes": {"used": {"value": true, "score": 0.9999930262565613}, "created": {"value": false, "score": 4.678964614868164e-05}, "shared": {"value": false, "score": 2.980232238769531e-07}}, "references": [{"label": "[7]", "normalizedForm": "[7]", "refKey": 7, "offsetStart": 28761, "offsetEnd": 28764}]}, {"type": "software", "software-type": "software", "software-name": {"rawForm": "AStream", "normalizedForm": "AStream", "offsetStart": 235, "offsetEnd": 242}, "context": "Our third contribution is an implementation and experimental evaluation of an earliest query answering algorithm for dShas with subhedge projection (not only of earliest membership testing), by introducing subhedge projection into the AStream tool [3].", "mentionContextAttributes": {"used": {"value": false, "score": 8.571147918701172e-05}, "created": {"value": true, "score": 0.9995262622833252}, "shared": {"value": false, "score": 1.1920928955078125e-07}}, "documentContextAttributes": {"used": {"value": true, "score": 0.9999820590019226}, "created": {"value": true, "score": 0.9995262622833252}, "shared": {"value": false, "score": 2.980232238769531e-07}}, "references": [{"label": "[3]", "normalizedForm": "[3]", "refKey": 3, "offsetStart": 6771, "offsetEnd": 6774}]}], "references": [{"refKey": 3, "tei": "<biblStruct xml:id=\"b3\">\n\t<analytic>\n\t\t<title level=\"a\" type=\"main\">Earliest query answering for deterministic stepwise hedge automata</title>\n\t\t<author>\n\t\t\t<persName><forename type=\"first\">A</forename></persName>\n\t\t</author>\n\t\t<author>\n\t\t\t<persName><forename type=\"first\">Al</forename><surname>Serhali</surname></persName>\n\t\t</author>\n\t\t<author>\n\t\t\t<persName><forename type=\"first\">J</forename><surname>Niehren</surname></persName>\n\t\t</author>\n\t</analytic>\n\t<monogr>\n\t\t<title level=\"m\">Implementation and Application of Automata -27th International Conference, CIAA 2023</title>\n\t\t<title level=\"s\">Lecture Notes in Computer Science</title>\n\t\t<editor>\n\t\t\t<persName><forename type=\"first\">B</forename><surname>Nagy</surname></persName>\n\t\t</editor>\n\t\t<imprint>\n\t\t\t<publisher>Springer</publisher>\n\t\t\t<date>September 19-22, 2023. 2023</date>\n\t\t\t<biblScope unit=\"volume\">14151</biblScope>\n\t\t\t<biblScope unit=\"page\">65</biblScope>\n\t\t</imprint>\n\t</monogr>\n</biblStruct>\n"}, {"refKey": 7, "tei": "<biblStruct xml:id=\"b7\">\n\t<monogr>\n\t\t<author>\n\t\t\t<persName><forename type=\"first\">M</forename><surname>Franceschet</surname></persName>\n\t\t</author>\n\t\t<title level=\"m\">Xpathmark performance test</title>\n\t\t<imprint>\n\t\t\t<date>2020-10-25</date>\n\t\t</imprint>\n\t</monogr>\n</biblStruct>\n"}], "runtime": 70134, "id": "52597901fab5aa622e2425a8672470ab2814b345", "metadata": {"id": "52597901fab5aa622e2425a8672470ab2814b345"}, "original_file_path": "../../datalake/Samuel/SOFTware-Sync/data/xml_not_sofctied/hal-04165835.grobid.tei.xml", "file_name": "hal-04165835.grobid.tei.xml"}