{"application": "software-mentions", "version": "0.8.0", "date": "2024-04-12T15:56+0000", "md5": "9C77B58E6BC428FEB3335B0C0F9446EF", "mentions": [{"type": "software", "software-type": "software", "software-name": {"rawForm": "SciPhy", "normalizedForm": "SciPhy", "offsetStart": 0, "offsetEnd": 6}, "context": "SciPhy is a phylogenetic analysis workflow that generates phylogenetic trees (a tree-based representation of the evolutionary relationships among organisms) from input DNA, RNA and aminoacid sequences. ", "mentionContextAttributes": {"used": {"value": false, "score": 4.7147274017333984e-05}, "created": {"value": false, "score": 0.0013709664344787598}, "shared": {"value": false, "score": 6.556510925292969e-07}}, "documentContextAttributes": {"used": {"value": true, "score": 0.9999819397926331}, "created": {"value": false, "score": 0.36993008852005005}, "shared": {"value": false, "score": 0.0020269155502319336}}, "references": [{"label": "(Oca\u00f1a et al., 2011)", "normalizedForm": "Oca\u00f1a et al., 2011", "refKey": 57}]}, {"type": "software", "software-type": "software", "software-name": {"rawForm": "SciPhy", "normalizedForm": "SciPhy", "offsetStart": 0, "offsetEnd": 6}, "context": "SciPhy has four major activities as presented in Fig. 9A: (i) sequence alignment, (ii) alignment conversion, (iii) evolutionary model election and (iv) tree generation. ", "mentionContextAttributes": {"used": {"value": false, "score": 0.0003070831298828125}, "created": {"value": false, "score": 0.0005379915237426758}, "shared": {"value": false, "score": 2.980232238769531e-07}}, "documentContextAttributes": {"used": {"value": true, "score": 0.9999819397926331}, "created": {"value": false, "score": 0.36993008852005005}, "shared": {"value": false, "score": 0.0020269155502319336}}, "references": [{"label": "(Oca\u00f1a et al., 2011)", "normalizedForm": "Oca\u00f1a et al., 2011", "refKey": 57}]}, {"type": "software", "software-type": "software", "software-name": {"rawForm": "SciPhy", "normalizedForm": "SciPhy", "offsetStart": 0, "offsetEnd": 6}, "context": "SciPhy has been used in scientific gateways such as BioInfoPortal (Oca\u00f1a et al., 2020). ", "mentionContextAttributes": {"used": {"value": false, "score": 0.0009058713912963867}, "created": {"value": false, "score": 0.00010603666305541992}, "shared": {"value": false, "score": 4.172325134277344e-07}}, "documentContextAttributes": {"used": {"value": true, "score": 0.9999819397926331}, "created": {"value": false, "score": 0.36993008852005005}, "shared": {"value": false, "score": 0.0020269155502319336}}, "references": [{"label": "(Oca\u00f1a et al., 2011)", "normalizedForm": "Oca\u00f1a et al., 2011", "refKey": 57}]}, {"type": "software", "software-type": "software", "software-name": {"rawForm": "SciPhy", "normalizedForm": "SciPhy", "offsetStart": 0, "offsetEnd": 6}, "context": "SciPhy is a CPU-intensive workflow, bacause many of its activities (especially the evolutionary model election) commonly execute for several hours depending on the input data and the chosen execution environment.", "mentionContextAttributes": {"used": {"value": false, "score": 4.225969314575195e-05}, "created": {"value": false, "score": 0.0001004338264465332}, "shared": {"value": false, "score": 4.172325134277344e-07}}, "documentContextAttributes": {"used": {"value": true, "score": 0.9999819397926331}, "created": {"value": false, "score": 0.36993008852005005}, "shared": {"value": false, "score": 0.0020269155502319336}}, "references": [{"label": "(Oca\u00f1a et al., 2011)", "normalizedForm": "Oca\u00f1a et al., 2011", "refKey": 57}]}, {"type": "software", "software-type": "software", "software-name": {"rawForm": "SciCumulus", "normalizedForm": "SciCumulus", "offsetStart": 0, "offsetEnd": 10}, "context": "SciCumulus architecture is modularized to foster maintainability and ease the development of new features. ", "mentionContextAttributes": {"used": {"value": false, "score": 7.420778274536133e-05}, "created": {"value": true, "score": 0.7150288820266724}, "shared": {"value": false, "score": 1.1324882507324219e-06}}, "documentContextAttributes": {"used": {"value": true, "score": 0.9999653697013855}, "created": {"value": true, "score": 0.9152145981788635}, "shared": {"value": true, "score": 0.9928252100944519}}}, {"type": "software", "software-type": "software", "software-name": {"rawForm": "SciCumulus", "normalizedForm": "SciCumulus", "offsetStart": 0, "offsetEnd": 10}, "context": "SciCumulus is open-source and can be obtained at https://github.com/UFFeScience/SciCumulus/. ", "mentionContextAttributes": {"used": {"value": false, "score": 0.0027816295623779297}, "created": {"value": false, "score": 5.40614128112793e-05}, "shared": {"value": true, "score": 0.9928252100944519}}, "documentContextAttributes": {"used": {"value": true, "score": 0.9999653697013855}, "created": {"value": true, "score": 0.9152145981788635}, "shared": {"value": true, "score": 0.9928252100944519}}}, {"type": "software", "software-type": "software", "software-name": {"rawForm": "SciPhy", "normalizedForm": "SciPhy", "offsetStart": 4, "offsetEnd": 10}, "context": "The SciPhy executions consumed from 200 up to 500 fasta files downloaded from RefSeq database. ", "mentionContextAttributes": {"used": {"value": true, "score": 0.9996974468231201}, "created": {"value": false, "score": 2.3245811462402344e-06}, "shared": {"value": false, "score": 0.0020269155502319336}}, "documentContextAttributes": {"used": {"value": true, "score": 0.9999819397926331}, "created": {"value": false, "score": 0.36993008852005005}, "shared": {"value": false, "score": 0.0020269155502319336}}, "references": [{"label": "(Oca\u00f1a et al., 2011)", "normalizedForm": "Oca\u00f1a et al., 2011", "refKey": 57}]}, {"type": "software", "software-type": "software", "software-name": {"rawForm": "SCCore-Master", "normalizedForm": "SCCore-Master", "offsetStart": 4, "offsetEnd": 17}, "context": "The SCCore-Master (SCCore 0 ) schedules the activations for several workers and each worker has a specific ID (SCCore 1 , SCCore 2 , etc.). ", "mentionContextAttributes": {"used": {"value": false, "score": 0.02887284755706787}, "created": {"value": false, "score": 5.143880844116211e-05}, "shared": {"value": false, "score": 4.172325134277344e-07}}, "documentContextAttributes": {"used": {"value": false, "score": 0.02887284755706787}, "created": {"value": false, "score": 5.143880844116211e-05}, "shared": {"value": false, "score": 4.172325134277344e-07}}}, {"type": "software", "software-type": "software", "software-name": {"rawForm": "SciCumulus", "normalizedForm": "SciCumulus", "offsetStart": 6, "offsetEnd": 16}, "context": "Since SciCumulus was developed focusing on supporting the execution of workflows in clouds, instantiating the environment was a top priority. ", "mentionContextAttributes": {"used": {"value": false, "score": 0.0014638304710388184}, "created": {"value": false, "score": 0.3965531587600708}, "shared": {"value": false, "score": 2.980232238769531e-07}}, "documentContextAttributes": {"used": {"value": true, "score": 0.9999653697013855}, "created": {"value": true, "score": 0.9152145981788635}, "shared": {"value": true, "score": 0.9928252100944519}}}, {"type": "software", "software-type": "software", "software-name": {"rawForm": "SciCumulus", "normalizedForm": "SciCumulus", "offsetStart": 6, "offsetEnd": 16}, "context": "Using SciCumulus example, it is trivial for the user responsible for the experiment to elaborate a SQL query that returns the provenance data related to the parameters used in each activity in a key-value representation. ", "mentionContextAttributes": {"used": {"value": false, "score": 0.004076063632965088}, "created": {"value": false, "score": 0.00010138750076293945}, "shared": {"value": false, "score": 1.7881393432617188e-07}}, "documentContextAttributes": {"used": {"value": true, "score": 0.9999653697013855}, "created": {"value": true, "score": 0.9152145981788635}, "shared": {"value": true, "score": 0.9928252100944519}}}, {"type": "software", "software-type": "software", "software-name": {"rawForm": "SciCumulus", "normalizedForm": "SciCumulus", "offsetStart": 12, "offsetEnd": 22}, "context": "In special, SciCumulus is a key component of the proposed approach since it provides a framework for parallel workflows to benefit from FReeP. ", "mentionContextAttributes": {"used": {"value": false, "score": 0.0002639293670654297}, "created": {"value": true, "score": 0.9152145981788635}, "shared": {"value": false, "score": 5.364418029785156e-07}}, "documentContextAttributes": {"used": {"value": true, "score": 0.9999653697013855}, "created": {"value": true, "score": 0.9152145981788635}, "shared": {"value": true, "score": 0.9928252100944519}}}, {"type": "software", "software-type": "software", "software-name": {"rawForm": "SciPhy", "normalizedForm": "SciPhy", "offsetStart": 13, "offsetEnd": 19}, "context": "As seen, the SciPhy dataset is relatively small compared to Montage. ", "mentionContextAttributes": {"used": {"value": false, "score": 0.005491375923156738}, "created": {"value": false, "score": 1.3768672943115234e-05}, "shared": {"value": false, "score": 2.980232238769531e-07}}, "documentContextAttributes": {"used": {"value": true, "score": 0.9999819397926331}, "created": {"value": false, "score": 0.36993008852005005}, "shared": {"value": false, "score": 0.0020269155502319336}}, "references": [{"label": "(Oca\u00f1a et al., 2011)", "normalizedForm": "Oca\u00f1a et al., 2011", "refKey": 57}]}, {"type": "software", "software-type": "software", "software-name": {"rawForm": "ProvStore", "normalizedForm": "ProvStore", "offsetStart": 13, "offsetEnd": 22}, "context": "For example, ProvStore contains 1,136 documents (each one associated with a workflow execution) of several different real workflows uploaded by research groups around the world.", "mentionContextAttributes": {"used": {"value": false, "score": 0.0010094642639160156}, "created": {"value": false, "score": 8.761882781982422e-06}, "shared": {"value": false, "score": 2.980232238769531e-07}}, "documentContextAttributes": {"used": {"value": false, "score": 0.0010094642639160156}, "created": {"value": false, "score": 9.953975677490234e-06}, "shared": {"value": false, "score": 0.04340851306915283}}}, {"type": "software", "software-type": "software", "software-name": {"rawForm": "SciCumulus", "normalizedForm": "SciCumulus", "offsetStart": 13, "offsetEnd": 23}, "context": "For example, SciCumulus, which uses a provenance representation derived from PROV, stores provenance in a relational database. ", "mentionContextAttributes": {"used": {"value": false, "score": 7.408857345581055e-05}, "created": {"value": false, "score": 1.8417835235595703e-05}, "shared": {"value": false, "score": 1.7881393432617188e-07}}, "documentContextAttributes": {"used": {"value": true, "score": 0.9999653697013855}, "created": {"value": true, "score": 0.9152145981788635}, "shared": {"value": true, "score": 0.9928252100944519}}}, {"type": "software", "software-type": "software", "software-name": {"rawForm": "SciPhy", "normalizedForm": "SciPhy", "offsetStart": 15, "offsetEnd": 21}, "context": "In the case of SciPhy, the executions were performed by 3 different users (one expert and 2 undergraduate students). ", "mentionContextAttributes": {"used": {"value": true, "score": 0.9999687075614929}, "created": {"value": false, "score": 1.519918441772461e-05}, "shared": {"value": false, "score": 5.364418029785156e-07}}, "documentContextAttributes": {"used": {"value": true, "score": 0.9999819397926331}, "created": {"value": false, "score": 0.36993008852005005}, "shared": {"value": false, "score": 0.0020269155502319336}}, "references": [{"label": "(Oca\u00f1a et al., 2011)", "normalizedForm": "Oca\u00f1a et al., 2011", "refKey": 57}]}, {"type": "software", "software-type": "software", "software-name": {"rawForm": "SciPhy", "normalizedForm": "SciPhy", "offsetStart": 18, "offsetEnd": 24}, "context": "Statistics on the SciPhy numerical attributes are shown in Table 2. ", "mentionContextAttributes": {"used": {"value": true, "score": 0.5657956004142761}, "created": {"value": false, "score": 1.329183578491211e-05}, "shared": {"value": false, "score": 1.7881393432617188e-07}}, "documentContextAttributes": {"used": {"value": true, "score": 0.9999819397926331}, "created": {"value": false, "score": 0.36993008852005005}, "shared": {"value": false, "score": 0.0020269155502319336}}, "references": [{"label": "(Oca\u00f1a et al., 2011)", "normalizedForm": "Oca\u00f1a et al., 2011", "refKey": 57}]}, {"type": "software", "software-type": "software", "software-name": {"rawForm": "SciCumulus", "normalizedForm": "SciCumulus", "offsetStart": 27, "offsetEnd": 37}, "context": "For more information about SciCumulus please refer to (De Oliveira et al., 2012;De Oliveira et al., 2010a;Guerine et al., 2019;Silva et al., 2020;Guedes et al., 2020a;De Oliveira et al., 2013).", "mentionContextAttributes": {"used": {"value": false, "score": 0.03189671039581299}, "created": {"value": false, "score": 7.37309455871582e-05}, "shared": {"value": false, "score": 1.6093254089355469e-06}}, "documentContextAttributes": {"used": {"value": true, "score": 0.9999653697013855}, "created": {"value": true, "score": 0.9152145981788635}, "shared": {"value": true, "score": 0.9928252100944519}}}, {"type": "software", "software-type": "software", "software-name": {"rawForm": "SciCumulus", "normalizedForm": "SciCumulus", "offsetStart": 36, "offsetEnd": 46}, "context": "According to Guerine et al. (2019), SciCumulus has four main modules: (i) SCSetup, (ii) SCStarter, (iii) SCCore, and (iv) SCQP (SciCumulus Query Processor). ", "mentionContextAttributes": {"used": {"value": false, "score": 0.002800881862640381}, "created": {"value": false, "score": 0.0001895427703857422}, "shared": {"value": false, "score": 4.172325134277344e-07}}, "documentContextAttributes": {"used": {"value": true, "score": 0.9999653697013855}, "created": {"value": true, "score": 0.9152145981788635}, "shared": {"value": true, "score": 0.9928252100944519}}}, {"type": "software", "software-type": "software", "software-name": {"rawForm": "ProvStore", "normalizedForm": "ProvStore", "offsetStart": 39, "offsetEnd": 48}, "context": "Public provenance repositories such as ProvStore (https://openprovenance.org/ store/) (Huynh & Moreau, 2015) can be used as input for FReeP.", "mentionContextAttributes": {"used": {"value": false, "score": 0.00038760900497436523}, "created": {"value": false, "score": 9.953975677490234e-06}, "shared": {"value": false, "score": 0.04340851306915283}}, "documentContextAttributes": {"used": {"value": false, "score": 0.0010094642639160156}, "created": {"value": false, "score": 9.953975677490234e-06}, "shared": {"value": false, "score": 0.04340851306915283}}}, {"type": "software", "software-type": "software", "wikidataId": "Q1026367", "wikipediaExternalRef": 33490859, "lang": "en", "confidence": 0.6142, "software-name": {"rawForm": "Scikit-Learn", "normalizedForm": "Scikit-Learn", "wikidataId": "Q1026367", "wikipediaExternalRef": 33490859, "lang": "en", "confidence": 0.6142, "offsetStart": 40, "offsetEnd": 77}, "context": "FReeP implementation also benefits from Scikit-Learn (Pedregosa et al., 2011) to learn and evaluate the Machine Learning models, numpy (Van der Walt, Colbert & Varoquaux, 2011), a numerical data manipulation library; and pandas (McKinney, 2011), which provides tabular data functionalities.", "mentionContextAttributes": {"used": {"value": false, "score": 0.0001926422119140625}, "created": {"value": false, "score": 0.0207139253616333}, "shared": {"value": false, "score": 5.364418029785156e-07}}, "documentContextAttributes": {"used": {"value": false, "score": 0.0001926422119140625}, "created": {"value": false, "score": 0.0207139253616333}, "shared": {"value": false, "score": 5.364418029785156e-07}}}, {"type": "software", "software-type": "software", "software-name": {"rawForm": "SciCumulus", "normalizedForm": "SciCumulus", "offsetStart": 42, "offsetEnd": 52}, "context": "In the case of Montage (the executions in SciCumulus were performed by an undergraduate student and the ones downloaded from the Workflow Generator site were performed by experts). ", "mentionContextAttributes": {"used": {"value": true, "score": 0.9999653697013855}, "created": {"value": false, "score": 5.662441253662109e-06}, "shared": {"value": false, "score": 2.980232238769531e-07}}, "documentContextAttributes": {"used": {"value": true, "score": 0.9999653697013855}, "created": {"value": true, "score": 0.9152145981788635}, "shared": {"value": true, "score": 0.9928252100944519}}}, {"type": "software", "software-type": "software", "software-name": {"rawForm": "ListFITS", "normalizedForm": "ListFITS", "offsetStart": 44, "offsetEnd": 52}, "context": "Figure 9B shows the montage activities: (i) ListFITS, is gathered from real executions of scientific workflows on the grid and in the cloud from the Pegasus' team in ISI at the University of Southern California. ", "mentionContextAttributes": {"used": {"value": true, "score": 0.9998061656951904}, "created": {"value": false, "score": 3.874301910400391e-06}, "shared": {"value": false, "score": 2.980232238769531e-07}}, "documentContextAttributes": {"used": {"value": true, "score": 0.9998061656951904}, "created": {"value": false, "score": 3.874301910400391e-06}, "shared": {"value": false, "score": 2.980232238769531e-07}}}, {"type": "software", "software-type": "software", "software-name": {"rawForm": "Pegasus", "normalizedForm": "Pegasus", "offsetStart": 46, "offsetEnd": 53}, "context": "It is worth noticing that other WfMSs such as Pegasus and Kepler could also benefit from FReeP as long as they provide necessary provenance data for recommendation. ", "mentionContextAttributes": {"used": {"value": false, "score": 0.006532609462738037}, "created": {"value": false, "score": 0.00016307830810546875}, "shared": {"value": false, "score": 2.980232238769531e-07}}, "documentContextAttributes": {"used": {"value": true, "score": 0.9998061656951904}, "created": {"value": false, "score": 0.00016307830810546875}, "shared": {"value": false, "score": 4.172325134277344e-07}}}, {"type": "software", "software-type": "software", "software-name": {"rawForm": "SciCumulus", "normalizedForm": "SciCumulus", "offsetStart": 47, "offsetEnd": 57}, "context": "The first step towards executing a workflow in SciCumulus is to define the workflow specification and the parameters values to be consumed. ", "mentionContextAttributes": {"used": {"value": false, "score": 9.745359420776367e-05}, "created": {"value": false, "score": 0.007294356822967529}, "shared": {"value": false, "score": 2.980232238769531e-07}}, "documentContextAttributes": {"used": {"value": true, "score": 0.9999653697013855}, "created": {"value": true, "score": 0.9152145981788635}, "shared": {"value": true, "score": 0.9928252100944519}}}, {"type": "software", "software-type": "software", "software-name": {"rawForm": "SciPhy", "normalizedForm": "SciPhy", "offsetStart": 48, "offsetEnd": 54}, "context": "Montage has more numeric domain parameters than SciPhy, as shown in the Numerical Attributes column.", "mentionContextAttributes": {"used": {"value": false, "score": 0.0019915103912353516}, "created": {"value": false, "score": 5.304813385009766e-06}, "shared": {"value": false, "score": 2.980232238769531e-07}}, "documentContextAttributes": {"used": {"value": true, "score": 0.9999819397926331}, "created": {"value": false, "score": 0.36993008852005005}, "shared": {"value": false, "score": 0.0020269155502319336}}, "references": [{"label": "(Oca\u00f1a et al., 2011)", "normalizedForm": "Oca\u00f1a et al., 2011", "refKey": 57}]}, {"type": "software", "software-type": "software", "software-name": {"rawForm": "Sciphy", "normalizedForm": "Sciphy", "offsetStart": 48, "offsetEnd": 54}, "context": "Figure 11 shows that Algorithm 1 execution with Sciphy provenance database, using both the classifier and the ranker. ", "mentionContextAttributes": {"used": {"value": true, "score": 0.9998548030853271}, "created": {"value": false, "score": 4.708766937255859e-06}, "shared": {"value": false, "score": 1.7881393432617188e-07}}, "documentContextAttributes": {"used": {"value": true, "score": 0.9999926686286926}, "created": {"value": false, "score": 0.00022172927856445312}, "shared": {"value": false, "score": 4.172325134277344e-07}}}, {"type": "software", "software-type": "software", "software-name": {"rawForm": "Sciphy", "normalizedForm": "Sciphy", "offsetStart": 52, "offsetEnd": 58}, "context": "From all results obtained in the Experiment 2 using Sciphy provenance database, it can be noticed that the ANOVA partitioning strategy had the best performance.", "mentionContextAttributes": {"used": {"value": true, "score": 0.9999926686286926}, "created": {"value": false, "score": 6.258487701416016e-06}, "shared": {"value": false, "score": 1.7881393432617188e-07}}, "documentContextAttributes": {"used": {"value": true, "score": 0.9999926686286926}, "created": {"value": false, "score": 0.00022172927856445312}, "shared": {"value": false, "score": 4.172325134277344e-07}}}, {"type": "software", "software-type": "software", "software-name": {"rawForm": "BioInfoPortal", "normalizedForm": "BioInfoPortal", "offsetStart": 52, "offsetEnd": 85}, "context": "SciPhy has been used in scientific gateways such as BioInfoPortal (Oca\u00f1a et al., 2020). ", "mentionContextAttributes": {"used": {"value": false, "score": 0.0009058713912963867}, "created": {"value": false, "score": 0.00010603666305541992}, "shared": {"value": false, "score": 4.172325134277344e-07}}, "documentContextAttributes": {"used": {"value": false, "score": 0.0009058713912963867}, "created": {"value": false, "score": 0.00010603666305541992}, "shared": {"value": false, "score": 4.172325134277344e-07}}}, {"type": "software", "software-type": "software", "software-name": {"rawForm": "Kepler", "normalizedForm": "Kepler", "offsetStart": 58, "offsetEnd": 64}, "context": "It is worth noticing that other WfMSs such as Pegasus and Kepler could also benefit from FReeP as long as they provide necessary provenance data for recommendation. ", "mentionContextAttributes": {"used": {"value": false, "score": 0.006532609462738037}, "created": {"value": false, "score": 0.00016307830810546875}, "shared": {"value": false, "score": 2.980232238769531e-07}}, "documentContextAttributes": {"used": {"value": false, "score": 0.46909773349761963}, "created": {"value": false, "score": 0.00016307830810546875}, "shared": {"value": false, "score": 4.172325134277344e-07}}}, {"type": "software", "software-type": "software", "software-name": {"rawForm": "SciPhy", "normalizedForm": "SciPhy", "offsetStart": 60, "offsetEnd": 87}, "context": "First, we present the workflows used as case studies namely SciPhy (Oca\u00f1a et al., 2011) and Montage (Jacob et al., 2009). ", "mentionContextAttributes": {"used": {"value": true, "score": 0.994935929775238}, "created": {"value": false, "score": 0.36993008852005005}, "shared": {"value": false, "score": 2.980232238769531e-07}}, "documentContextAttributes": {"used": {"value": true, "score": 0.9999819397926331}, "created": {"value": false, "score": 0.36993008852005005}, "shared": {"value": false, "score": 0.0020269155502319336}}, "references": [{"label": "(Oca\u00f1a et al., 2011)", "normalizedForm": "Oca\u00f1a et al., 2011", "refKey": 57}]}, {"type": "software", "software-type": "software", "software-name": {"rawForm": "Sciphy", "normalizedForm": "Sciphy", "offsetStart": 61, "offsetEnd": 67}, "context": "In comparison, the average time of execution of the workflow Sciphy extracted from the provenance data used is about 17 h and 32 min. ", "mentionContextAttributes": {"used": {"value": true, "score": 0.9927933812141418}, "created": {"value": false, "score": 1.9669532775878906e-06}, "shared": {"value": false, "score": 2.980232238769531e-07}}, "documentContextAttributes": {"used": {"value": true, "score": 0.9999926686286926}, "created": {"value": false, "score": 0.00022172927856445312}, "shared": {"value": false, "score": 4.172325134277344e-07}}}, {"type": "software", "software-type": "software", "software-name": {"rawForm": "SciCumulus", "normalizedForm": "SciCumulus", "offsetStart": 63, "offsetEnd": 73}, "context": "When the metadata related to the experiment is loaded into the SciCumulus database, the user can start executing the workflow. ", "mentionContextAttributes": {"used": {"value": false, "score": 0.06421810388565063}, "created": {"value": false, "score": 0.00044602155685424805}, "shared": {"value": false, "score": 1.8477439880371094e-06}}, "documentContextAttributes": {"used": {"value": true, "score": 0.9999653697013855}, "created": {"value": true, "score": 0.9152145981788635}, "shared": {"value": true, "score": 0.9928252100944519}}}, {"type": "software", "software-type": "software", "software-name": {"rawForm": "SciPhy", "normalizedForm": "SciPhy", "offsetStart": 69, "offsetEnd": 75}, "context": "On average, Montage attributes also have a smaller values range than SciPhy dataset attributes.", "mentionContextAttributes": {"used": {"value": false, "score": 0.002686023712158203}, "created": {"value": false, "score": 3.039836883544922e-06}, "shared": {"value": false, "score": 2.980232238769531e-07}}, "documentContextAttributes": {"used": {"value": true, "score": 0.9999819397926331}, "created": {"value": false, "score": 0.36993008852005005}, "shared": {"value": false, "score": 0.0020269155502319336}}, "references": [{"label": "(Oca\u00f1a et al., 2011)", "normalizedForm": "Oca\u00f1a et al., 2011", "refKey": 57}]}, {"type": "software", "software-type": "software", "software-name": {"rawForm": "SciCumulus", "normalizedForm": "SciCumulus", "offsetStart": 80, "offsetEnd": 90}, "context": "SciCumulus is open-source and can be obtained at https://github.com/UFFeScience/SciCumulus/.", "mentionContextAttributes": {"used": {"value": false, "score": 0.0027816295623779297}, "created": {"value": false, "score": 5.40614128112793e-05}, "shared": {"value": true, "score": 0.9928252100944519}}, "documentContextAttributes": {"used": {"value": true, "score": 0.9999653697013855}, "created": {"value": true, "score": 0.9152145981788635}, "shared": {"value": true, "score": 0.9928252100944519}}}, {"type": "software", "software-type": "implicit", "software-name": {"rawForm": "programming language", "normalizedForm": "programming language", "offsetStart": 81, "offsetEnd": 101}, "language": {"rawForm": "Python", "normalizedForm": "Python", "wikidataId": "Q28865", "offsetStart": 74, "offsetEnd": 80}, "context": "All FReeP algorithms presented in this article were implemented using the Python programming language. ", "mentionContextAttributes": {"used": {"value": true, "score": 0.9260942935943604}, "created": {"value": false, "score": 0.05114781856536865}, "shared": {"value": false, "score": 8.171796798706055e-05}}, "documentContextAttributes": {"used": {"value": true, "score": 0.9260942935943604}, "created": {"value": false, "score": 0.05114781856536865}, "shared": {"value": false, "score": 8.171796798706055e-05}}}, {"type": "software", "software-type": "software", "software-name": {"rawForm": "SciPhy", "normalizedForm": "SciPhy", "offsetStart": 82, "offsetEnd": 88}, "context": "Figure 5 shows an example of how this first step works, with some parameters from SciPhy workflow.", "mentionContextAttributes": {"used": {"value": false, "score": 0.004198610782623291}, "created": {"value": false, "score": 5.0008296966552734e-05}, "shared": {"value": false, "score": 1.7881393432617188e-07}}, "documentContextAttributes": {"used": {"value": true, "score": 0.9999819397926331}, "created": {"value": false, "score": 0.36993008852005005}, "shared": {"value": false, "score": 0.0020269155502319336}}, "references": [{"label": "(Oca\u00f1a et al., 2011)", "normalizedForm": "Oca\u00f1a et al., 2011", "refKey": 57}]}, {"type": "software", "software-type": "software", "software-name": {"rawForm": "Sciphy", "normalizedForm": "Sciphy", "offsetStart": 84, "offsetEnd": 90}, "context": "Figure 20A brings the data from results obtained for the numerical domain parameter Sciphy provenance database.", "mentionContextAttributes": {"used": {"value": true, "score": 0.9989301562309265}, "created": {"value": false, "score": 7.331371307373047e-06}, "shared": {"value": false, "score": 1.7881393432617188e-07}}, "documentContextAttributes": {"used": {"value": true, "score": 0.9999926686286926}, "created": {"value": false, "score": 0.00022172927856445312}, "shared": {"value": false, "score": 4.172325134277344e-07}}}, {"type": "software", "software-type": "software", "software-name": {"rawForm": "SciPhy", "normalizedForm": "SciPhy", "offsetStart": 85, "offsetEnd": 91}, "context": "The authors would like to thank Kary Oca\u00f1a for her explanations of the parameters of SciPhy workflow.", "mentionContextAttributes": {"used": {"value": false, "score": 0.03095608949661255}, "created": {"value": false, "score": 0.0036483407020568848}, "shared": {"value": false, "score": 4.172325134277344e-07}}, "documentContextAttributes": {"used": {"value": true, "score": 0.9999819397926331}, "created": {"value": false, "score": 0.36993008852005005}, "shared": {"value": false, "score": 0.0020269155502319336}}, "references": [{"label": "(Oca\u00f1a et al., 2011)", "normalizedForm": "Oca\u00f1a et al., 2011", "refKey": 57}]}, {"type": "software", "software-type": "software", "software-name": {"rawForm": "SciPhy", "normalizedForm": "SciPhy", "offsetStart": 86, "offsetEnd": 92}, "context": "The datasets used are provenance data extracted from real executions of the workflows SciPhy (all executions) using SciCumulus Workflow Management System and Montage (part of the executions with SciCumulus) and part of the execution data gathered at the Workflow Generator site (https://confluence.pegasus.isi.edu/display/pegasus/ ", "mentionContextAttributes": {"used": {"value": true, "score": 0.9999338984489441}, "created": {"value": false, "score": 3.516674041748047e-06}, "shared": {"value": false, "score": 1.3709068298339844e-06}}, "documentContextAttributes": {"used": {"value": true, "score": 0.9999819397926331}, "created": {"value": false, "score": 0.36993008852005005}, "shared": {"value": false, "score": 0.0020269155502319336}}, "references": [{"label": "(Oca\u00f1a et al., 2011)", "normalizedForm": "Oca\u00f1a et al., 2011", "refKey": 57}]}, {"type": "software", "software-type": "software", "software-name": {"rawForm": "SciPhy", "normalizedForm": "SciPhy", "offsetStart": 86, "offsetEnd": 92}, "context": "The datasets used are provenance data extracted from real executions of the workflows SciPhy (all executions) using SciCumulus Workflow Management System and Montage (part of the executions with SciCumulus) and part of the execution data gathered at the Workflow Generator site (https://confluence.pegasus.isi.edu/display/pegasus/", "mentionContextAttributes": {"used": {"value": true, "score": 0.9999338984489441}, "created": {"value": false, "score": 3.516674041748047e-06}, "shared": {"value": false, "score": 1.3709068298339844e-06}}, "documentContextAttributes": {"used": {"value": true, "score": 0.9999819397926331}, "created": {"value": false, "score": 0.36993008852005005}, "shared": {"value": false, "score": 0.0020269155502319336}}, "references": [{"label": "(Oca\u00f1a et al., 2011)", "normalizedForm": "Oca\u00f1a et al., 2011", "refKey": 57}]}, {"type": "software", "software-type": "software", "software-name": {"rawForm": "Sciphy", "normalizedForm": "Sciphy", "offsetStart": 91, "offsetEnd": 97}, "context": "These results may be linked to the fact that the Montage dataset has more records than the Sciphy dataset.", "mentionContextAttributes": {"used": {"value": true, "score": 0.9999510645866394}, "created": {"value": false, "score": 8.64267349243164e-06}, "shared": {"value": false, "score": 1.7881393432617188e-07}}, "documentContextAttributes": {"used": {"value": true, "score": 0.9999926686286926}, "created": {"value": false, "score": 0.00022172927856445312}, "shared": {"value": false, "score": 4.172325134277344e-07}}}, {"type": "software", "software-type": "software", "software-name": {"rawForm": "SciPhy", "normalizedForm": "SciPhy", "offsetStart": 93, "offsetEnd": 99}, "context": "Results showed here were obtained by fixing parameter n = 10 in Experiment 3, and using only SciPhy provenance database. ", "mentionContextAttributes": {"used": {"value": true, "score": 0.9999819397926331}, "created": {"value": false, "score": 3.3974647521972656e-06}, "shared": {"value": false, "score": 1.7881393432617188e-07}}, "documentContextAttributes": {"used": {"value": true, "score": 0.9999819397926331}, "created": {"value": false, "score": 0.36993008852005005}, "shared": {"value": false, "score": 0.0020269155502319336}}, "references": [{"label": "(Oca\u00f1a et al., 2011)", "normalizedForm": "Oca\u00f1a et al., 2011", "refKey": 57}]}, {"type": "software", "software-type": "software", "software-name": {"rawForm": "SciPhy", "normalizedForm": "SciPhy", "offsetStart": 93, "offsetEnd": 120}, "context": "In this article, we consider two workflows from bioinformatics and astronomy domains, namely SciPhy (Oca\u00f1a et al., 2011) and Montage (Jacob et al., 2009), respectively. ", "mentionContextAttributes": {"used": {"value": false, "score": 0.0023647546768188477}, "created": {"value": false, "score": 0.032868385314941406}, "shared": {"value": false, "score": 5.364418029785156e-07}}, "documentContextAttributes": {"used": {"value": true, "score": 0.9999819397926331}, "created": {"value": false, "score": 0.36993008852005005}, "shared": {"value": false, "score": 0.0020269155502319336}}, "references": [{"label": "(Oca\u00f1a et al., 2011)", "normalizedForm": "Oca\u00f1a et al., 2011", "refKey": 57}]}, {"type": "software", "software-type": "software", "software-name": {"rawForm": "SciPhy", "normalizedForm": "SciPhy", "offsetStart": 95, "offsetEnd": 101}, "context": "Figure 13 shows the execution time, in seconds, to obtain the experiment's recommendations for SciPhy. ", "mentionContextAttributes": {"used": {"value": true, "score": 0.9995215535163879}, "created": {"value": false, "score": 4.5239925384521484e-05}, "shared": {"value": false, "score": 2.980232238769531e-07}}, "documentContextAttributes": {"used": {"value": true, "score": 0.9999819397926331}, "created": {"value": false, "score": 0.36993008852005005}, "shared": {"value": false, "score": 0.0020269155502319336}}, "references": [{"label": "(Oca\u00f1a et al., 2011)", "normalizedForm": "Oca\u00f1a et al., 2011", "refKey": 57}]}, {"type": "software", "software-type": "software", "software-name": {"rawForm": "SciCumulus", "normalizedForm": "SciCumulus", "offsetStart": 110, "offsetEnd": 120}, "context": "The system is developed using MPI library (a de facto standard library specification for message-passing), so SciCumulus is a distributed application, i.e., each SciCumulus module has multiple instances created on the machines of the distributed environment (which are different processes and each process has multiple threads) that communicate, triggering functions for sending and receiving messages between these processes. ", "mentionContextAttributes": {"used": {"value": false, "score": 0.03232914209365845}, "created": {"value": false, "score": 0.022474288940429688}, "shared": {"value": false, "score": 1.0669231414794922e-05}}, "documentContextAttributes": {"used": {"value": true, "score": 0.9999653697013855}, "created": {"value": true, "score": 0.9152145981788635}, "shared": {"value": true, "score": 0.9928252100944519}}}, {"type": "software", "software-type": "software", "software-name": {"rawForm": "CreateMosaic", "normalizedForm": "CreateMosaic", "offsetStart": 110, "offsetEnd": 122}, "context": "Programs (v) CalculateOverlap, (vi) ExtractDifferences, (vii) CalculateDifferences, (viii) FitPlane, and (ix) CreateMosaic refine the image into the final mosaic. ", "mentionContextAttributes": {"used": {"value": false, "score": 0.0023269057273864746}, "created": {"value": false, "score": 7.212162017822266e-06}, "shared": {"value": false, "score": 2.980232238769531e-07}}, "documentContextAttributes": {"used": {"value": false, "score": 0.0023269057273864746}, "created": {"value": false, "score": 7.212162017822266e-06}, "shared": {"value": false, "score": 2.980232238769531e-07}}}, {"type": "software", "software-type": "software", "software-name": {"rawForm": "CreateMosaic", "normalizedForm": "CreateMosaic", "offsetStart": 110, "offsetEnd": 122}, "context": "Programs (v) CalculateOverlap, (vi) ExtractDifferences, (vii) CalculateDifferences, (viii) FitPlane, and (ix) CreateMosaic refine the image into the final mosaic.", "mentionContextAttributes": {"used": {"value": false, "score": 0.0023269057273864746}, "created": {"value": false, "score": 7.212162017822266e-06}, "shared": {"value": false, "score": 2.980232238769531e-07}}, "documentContextAttributes": {"used": {"value": false, "score": 0.0023269057273864746}, "created": {"value": false, "score": 7.212162017822266e-06}, "shared": {"value": false, "score": 2.980232238769531e-07}}}, {"type": "software", "software-type": "implicit", "software-name": {"rawForm": "scripts", "normalizedForm": "scripts", "offsetStart": 111, "offsetEnd": 150}, "language": {"rawForm": "Python", "normalizedForm": "Python", "wikidataId": "Q28865", "offsetStart": 259, "offsetEnd": 265}, "context": "Multiple computational paradigms can be used for the design and execution of workflows, e.g., shell and Python scripts (Marozzo, Talia & Trunfio, 2013), Big Data frameworks (e.g., Hadoop and Spark) (Guedes et al., 2020b), but they are usually managed by complex engines named Workflow Management Systems (WfMS). ", "mentionContextAttributes": {"used": {"value": false, "score": 0.00199127197265625}, "created": {"value": false, "score": 0.018541693687438965}, "shared": {"value": false, "score": 5.662441253662109e-06}}, "documentContextAttributes": {"used": {"value": false, "score": 0.00199127197265625}, "created": {"value": false, "score": 0.018541693687438965}, "shared": {"value": false, "score": 5.662441253662109e-06}}}, {"type": "software", "software-type": "software", "software-name": {"rawForm": "SciPhy", "normalizedForm": "SciPhy", "offsetStart": 115, "offsetEnd": 121}, "context": "The Montage numerical attributes, shown in Table 3, in most of the cases, have smaller standard deviation than the SciPhy.", "mentionContextAttributes": {"used": {"value": true, "score": 0.7380934357643127}, "created": {"value": false, "score": 1.9729137420654297e-05}, "shared": {"value": false, "score": 1.7881393432617188e-07}}, "documentContextAttributes": {"used": {"value": true, "score": 0.9999819397926331}, "created": {"value": false, "score": 0.36993008852005005}, "shared": {"value": false, "score": 0.0020269155502319336}}, "references": [{"label": "(Oca\u00f1a et al., 2011)", "normalizedForm": "Oca\u00f1a et al., 2011", "refKey": 57}]}, {"type": "software", "software-type": "software", "software-name": {"rawForm": "SciCumulus", "normalizedForm": "SciCumulus", "offsetStart": 116, "offsetEnd": 126}, "context": "The datasets used are provenance data extracted from real executions of the workflows SciPhy (all executions) using SciCumulus Workflow Management System and Montage (part of the executions with SciCumulus) and part of the execution data gathered at the Workflow Generator site (https://confluence.pegasus.isi.edu/display/pegasus/ ", "mentionContextAttributes": {"used": {"value": true, "score": 0.9999338984489441}, "created": {"value": false, "score": 3.516674041748047e-06}, "shared": {"value": false, "score": 1.3709068298339844e-06}}, "documentContextAttributes": {"used": {"value": true, "score": 0.9999653697013855}, "created": {"value": true, "score": 0.9152145981788635}, "shared": {"value": true, "score": 0.9928252100944519}}}, {"type": "software", "software-type": "software", "software-name": {"rawForm": "SciCumulus", "normalizedForm": "SciCumulus", "offsetStart": 116, "offsetEnd": 126}, "context": "The datasets used are provenance data extracted from real executions of the workflows SciPhy (all executions) using SciCumulus Workflow Management System and Montage (part of the executions with SciCumulus) and part of the execution data gathered at the Workflow Generator site (https://confluence.pegasus.isi.edu/display/pegasus/", "mentionContextAttributes": {"used": {"value": true, "score": 0.9999338984489441}, "created": {"value": false, "score": 3.516674041748047e-06}, "shared": {"value": false, "score": 1.3709068298339844e-06}}, "documentContextAttributes": {"used": {"value": true, "score": 0.9999653697013855}, "created": {"value": true, "score": 0.9152145981788635}, "shared": {"value": true, "score": 0.9928252100944519}}}, {"type": "software", "software-type": "software", "software-name": {"rawForm": "SciCumulus", "normalizedForm": "SciCumulus", "offsetStart": 124, "offsetEnd": 134}, "context": "Also, data used in the experiments presented in this article are retrieved from previous executions of several workflows in SciCumulus. ", "mentionContextAttributes": {"used": {"value": true, "score": 0.9980664253234863}, "created": {"value": false, "score": 8.994340896606445e-05}, "shared": {"value": false, "score": 2.980232238769531e-07}}, "documentContextAttributes": {"used": {"value": true, "score": 0.9999653697013855}, "created": {"value": true, "score": 0.9152145981788635}, "shared": {"value": true, "score": 0.9928252100944519}}}, {"type": "software", "software-type": "software", "software-name": {"rawForm": "SciCumulus Query Processor", "normalizedForm": "SciCumulus Query Processor", "offsetStart": 128, "offsetEnd": 154}, "context": "According to Guerine et al. (2019), SciCumulus has four main modules: (i) SCSetup, (ii) SCStarter, (iii) SCCore, and (iv) SCQP (SciCumulus Query Processor). ", "mentionContextAttributes": {"used": {"value": false, "score": 0.002800881862640381}, "created": {"value": false, "score": 0.0001895427703857422}, "shared": {"value": false, "score": 4.172325134277344e-07}}, "documentContextAttributes": {"used": {"value": false, "score": 0.002800881862640381}, "created": {"value": false, "score": 0.0001895427703857422}, "shared": {"value": false, "score": 4.172325134277344e-07}}}, {"type": "software", "software-type": "software", "wikidataId": "Q197520", "wikipediaExternalRef": 381782, "lang": "en", "confidence": 0.7052, "software-name": {"rawForm": "numpy", "normalizedForm": "numpy", "wikidataId": "Q197520", "wikipediaExternalRef": 381782, "lang": "en", "confidence": 0.7052, "offsetStart": 129, "offsetEnd": 134}, "context": "FReeP implementation also benefits from Scikit-Learn (Pedregosa et al., 2011) to learn and evaluate the Machine Learning models, numpy (Van der Walt, Colbert & Varoquaux, 2011), a numerical data manipulation library; and pandas (McKinney, 2011), which provides tabular data functionalities.", "mentionContextAttributes": {"used": {"value": false, "score": 0.0001926422119140625}, "created": {"value": false, "score": 0.0207139253616333}, "shared": {"value": false, "score": 5.364418029785156e-07}}, "documentContextAttributes": {"used": {"value": false, "score": 0.0001926422119140625}, "created": {"value": false, "score": 0.0207139253616333}, "shared": {"value": false, "score": 5.364418029785156e-07}}, "references": [{"label": "Walt, Colbert & Varoquaux, 2011)", "normalizedForm": "Walt, Colbert & Varoquaux, 2011)", "refKey": 72, "offsetStart": 85066, "offsetEnd": 85098}]}, {"type": "software", "software-type": "software", "wikidataId": "Q197520", "wikipediaExternalRef": 381782, "lang": "en", "confidence": 0.7052, "software-name": {"rawForm": "numpy", "normalizedForm": "numpy", "wikidataId": "Q197520", "wikipediaExternalRef": 381782, "lang": "en", "confidence": 0.7052, "offsetStart": 129, "offsetEnd": 134}, "context": "FReeP implementation also benefits from Scikit-Learn (Pedregosa et al., 2011) to learn and evaluate the Machine Learning models, numpy (Van der Walt, Colbert & Varoquaux, 2011), a numerical data manipulation library; and pandas (McKinney, 2011), which provides tabular data functionalities.", "mentionContextAttributes": {"used": {"value": false, "score": 0.0001926422119140625}, "created": {"value": false, "score": 0.0207139253616333}, "shared": {"value": false, "score": 5.364418029785156e-07}}, "documentContextAttributes": {"used": {"value": false, "score": 0.0001926422119140625}, "created": {"value": false, "score": 0.0207139253616333}, "shared": {"value": false, "score": 5.364418029785156e-07}}, "references": [{"label": "Walt, Colbert & Varoquaux, 2011)", "normalizedForm": "Walt, Colbert & Varoquaux, 2011)", "refKey": 72}]}, {"type": "software", "software-type": "software", "software-name": {"rawForm": "Sciphy", "normalizedForm": "Sciphy", "offsetStart": 129, "offsetEnd": 135}, "context": "The experiment execution time of Montage provenance database was much greater than the time used with the data from the workflow Sciphy. ", "mentionContextAttributes": {"used": {"value": true, "score": 0.9999919533729553}, "created": {"value": false, "score": 2.086162567138672e-06}, "shared": {"value": false, "score": 1.7881393432617188e-07}}, "documentContextAttributes": {"used": {"value": true, "score": 0.9999926686286926}, "created": {"value": false, "score": 0.00022172927856445312}, "shared": {"value": false, "score": 4.172325134277344e-07}}}, {"type": "software", "software-type": "software", "software-name": {"rawForm": "SciPhy", "normalizedForm": "SciPhy", "offsetStart": 129, "offsetEnd": 135}, "context": "We evaluated FReeP using real workflow traces (considered as benchmarks): Montage (Hoffa et al., 2008) from astronomy domain and SciPhy (Oca\u00f1a et al., 2011) from bioinformatics domain.", "mentionContextAttributes": {"used": {"value": true, "score": 0.9999757409095764}, "created": {"value": false, "score": 2.3245811462402344e-06}, "shared": {"value": false, "score": 2.980232238769531e-07}}, "documentContextAttributes": {"used": {"value": true, "score": 0.9999819397926331}, "created": {"value": false, "score": 0.36993008852005005}, "shared": {"value": false, "score": 0.0020269155502319336}}, "references": [{"label": "(Oca\u00f1a et al., 2011)", "normalizedForm": "Oca\u00f1a et al., 2011", "refKey": 57, "offsetStart": 8181, "offsetEnd": 8201}]}, {"type": "software", "software-type": "software", "software-name": {"rawForm": "Sciphy", "normalizedForm": "Sciphy", "offsetStart": 132, "offsetEnd": 138}, "context": "The precision for this case reached 80%, and the standard deviation was considerably smaller compared to the precision results with Sciphy dataset in Fig. 11.", "mentionContextAttributes": {"used": {"value": true, "score": 0.9999882578849792}, "created": {"value": false, "score": 9.000301361083984e-06}, "shared": {"value": false, "score": 2.980232238769531e-07}}, "documentContextAttributes": {"used": {"value": true, "score": 0.9999926686286926}, "created": {"value": false, "score": 0.00022172927856445312}, "shared": {"value": false, "score": 4.172325134277344e-07}}}, {"type": "software", "software-type": "software", "software-name": {"rawForm": "Sciphy", "normalizedForm": "Sciphy", "offsetStart": 142, "offsetEnd": 148}, "context": "From the perspective of runtime, when using the ANOVA partitioning strategy, in the experimental evaluation with the provenance data from the Sciphy workflow, the average time spent on the recommendations is about only 4 minutes. ", "mentionContextAttributes": {"used": {"value": true, "score": 0.9511373043060303}, "created": {"value": false, "score": 4.470348358154297e-06}, "shared": {"value": false, "score": 2.980232238769531e-07}}, "documentContextAttributes": {"used": {"value": true, "score": 0.9999926686286926}, "created": {"value": false, "score": 0.00022172927856445312}, "shared": {"value": false, "score": 4.172325134277344e-07}}}, {"type": "software", "software-type": "software", "software-name": {"rawForm": "Sciphy", "normalizedForm": "Sciphy", "offsetStart": 148, "offsetEnd": 154}, "context": "Although it is more evident the lower relation between the experiment's execution time and the recommendation time when analyzing the data from the Sciphy workflow, it is essential to emphasize that more robust hardware is not necessary to execute the recommendation process. ", "mentionContextAttributes": {"used": {"value": false, "score": 0.01367729902267456}, "created": {"value": false, "score": 0.00010865926742553711}, "shared": {"value": false, "score": 4.172325134277344e-07}}, "documentContextAttributes": {"used": {"value": true, "score": 0.9999926686286926}, "created": {"value": false, "score": 0.00022172927856445312}, "shared": {"value": false, "score": 4.172325134277344e-07}}}, {"type": "software", "software-type": "software", "software-name": {"rawForm": "Pegasus", "normalizedForm": "Pegasus", "offsetStart": 149, "offsetEnd": 156}, "context": "Figure 9B shows the montage activities: (i) ListFITS, is gathered from real executions of scientific workflows on the grid and in the cloud from the Pegasus' team in ISI at the University of Southern California.", "mentionContextAttributes": {"used": {"value": true, "score": 0.9998061656951904}, "created": {"value": false, "score": 3.874301910400391e-06}, "shared": {"value": false, "score": 2.980232238769531e-07}}, "documentContextAttributes": {"used": {"value": true, "score": 0.9998061656951904}, "created": {"value": false, "score": 0.00016307830810546875}, "shared": {"value": false, "score": 4.172325134277344e-07}}}, {"type": "software", "software-type": "software", "software-name": {"rawForm": "Kepler", "normalizedForm": "Kepler", "offsetStart": 154, "offsetEnd": 183}, "context": "It was with this in mind, and with the help of the composition of the experiment in the workflow format, that Workflow Management Systems (WfMS), such as Kepler (Altintas et al., 2006), Pegasus (Deelman et al., 2005) and SciCumulus (De Oliveira et al., 2010b) emerged.", "mentionContextAttributes": {"used": {"value": false, "score": 0.46909773349761963}, "created": {"value": false, "score": 0.00011235475540161133}, "shared": {"value": false, "score": 4.172325134277344e-07}}, "documentContextAttributes": {"used": {"value": false, "score": 0.46909773349761963}, "created": {"value": false, "score": 0.00016307830810546875}, "shared": {"value": false, "score": 4.172325134277344e-07}}}, {"type": "software", "software-type": "software", "software-name": {"rawForm": "SciCumulus", "normalizedForm": "SciCumulus", "offsetStart": 162, "offsetEnd": 172}, "context": "The system is developed using MPI library (a de facto standard library specification for message-passing), so SciCumulus is a distributed application, i.e., each SciCumulus module has multiple instances created on the machines of the distributed environment (which are different processes and each process has multiple threads) that communicate, triggering functions for sending and receiving messages between these processes. ", "mentionContextAttributes": {"used": {"value": false, "score": 0.032329022884368896}, "created": {"value": false, "score": 0.022474288940429688}, "shared": {"value": false, "score": 1.0669231414794922e-05}}, "documentContextAttributes": {"used": {"value": true, "score": 0.9999653697013855}, "created": {"value": true, "score": 0.9152145981788635}, "shared": {"value": true, "score": 0.9928252100944519}}}, {"type": "software", "software-type": "software", "software-name": {"rawForm": "ISI", "normalizedForm": "ISI", "offsetStart": 166, "offsetEnd": 169}, "publisher": {"rawForm": "University of Southern California", "normalizedForm": "University of Southern California", "offsetStart": 177, "offsetEnd": 210}, "context": "Figure 9B shows the montage activities: (i) ListFITS, is gathered from real executions of scientific workflows on the grid and in the cloud from the Pegasus' team in ISI at the University of Southern California. ", "mentionContextAttributes": {"used": {"value": true, "score": 0.9998061656951904}, "created": {"value": false, "score": 3.874301910400391e-06}, "shared": {"value": false, "score": 2.980232238769531e-07}}, "documentContextAttributes": {"used": {"value": true, "score": 0.9998061656951904}, "created": {"value": false, "score": 3.874301910400391e-06}, "shared": {"value": false, "score": 2.980232238769531e-07}}}, {"type": "software", "software-type": "software", "software-name": {"rawForm": "SciPhy", "normalizedForm": "SciPhy", "offsetStart": 170, "offsetEnd": 176}, "context": "Regarding the execution time of Experiment 2 for numerical domain parameters recommendations for Montage data, Fig. 24B indicates the same behavior shown by results with SciPhy provenance database.", "mentionContextAttributes": {"used": {"value": true, "score": 0.9999790787696838}, "created": {"value": false, "score": 2.205371856689453e-06}, "shared": {"value": false, "score": 1.7881393432617188e-07}}, "documentContextAttributes": {"used": {"value": true, "score": 0.9999819397926331}, "created": {"value": false, "score": 0.36993008852005005}, "shared": {"value": false, "score": 0.0020269155502319336}}, "references": [{"label": "(Oca\u00f1a et al., 2011)", "normalizedForm": "Oca\u00f1a et al., 2011", "refKey": 57}]}, {"type": "software", "software-type": "software", "software-name": {"rawForm": "Hadoop", "normalizedForm": "Hadoop", "offsetStart": 180, "offsetEnd": 186}, "context": "Multiple computational paradigms can be used for the design and execution of workflows, e.g., shell and Python scripts (Marozzo, Talia & Trunfio, 2013), Big Data frameworks (e.g., Hadoop and Spark) (Guedes et al., 2020b), but they are usually managed by complex engines named Workflow Management Systems (WfMS). ", "mentionContextAttributes": {"used": {"value": false, "score": 0.00199127197265625}, "created": {"value": false, "score": 0.018541693687438965}, "shared": {"value": false, "score": 5.662441253662109e-06}}, "documentContextAttributes": {"used": {"value": false, "score": 0.019924402236938477}, "created": {"value": false, "score": 0.018541693687438965}, "shared": {"value": false, "score": 5.662441253662109e-06}}}, {"type": "software", "software-type": "software", "software-name": {"rawForm": "Sciphy", "normalizedForm": "Sciphy", "offsetStart": 184, "offsetEnd": 190}, "context": "Analyzing precision, recall, and execution time spent data jointly, ANOVA partitioning strategy showed the best recommendation performance for the categorical domain parameters of the Sciphy provenance database. ", "mentionContextAttributes": {"used": {"value": true, "score": 0.9999833703041077}, "created": {"value": false, "score": 4.589557647705078e-06}, "shared": {"value": false, "score": 1.7881393432617188e-07}}, "documentContextAttributes": {"used": {"value": true, "score": 0.9999926686286926}, "created": {"value": false, "score": 0.00022172927856445312}, "shared": {"value": false, "score": 4.172325134277344e-07}}}, {"type": "software", "software-type": "software", "software-name": {"rawForm": "Sciphy", "normalizedForm": "Sciphy", "offsetStart": 184, "offsetEnd": 190}, "context": "Furthermore, it is possible to note that algorithm setups with more sophisticated Machine Learning models such as SVM and SVR do not add performance to the algorithm, specifically for Sciphy provenance dataset used.", "mentionContextAttributes": {"used": {"value": false, "score": 0.0001461505889892578}, "created": {"value": false, "score": 0.00022172927856445312}, "shared": {"value": false, "score": 4.172325134277344e-07}}, "documentContextAttributes": {"used": {"value": true, "score": 0.9999926686286926}, "created": {"value": false, "score": 0.00022172927856445312}, "shared": {"value": false, "score": 4.172325134277344e-07}}}, {"type": "software", "software-type": "software", "software-name": {"rawForm": "Pegasus", "normalizedForm": "Pegasus", "offsetStart": 186, "offsetEnd": 216}, "context": "It was with this in mind, and with the help of the composition of the experiment in the workflow format, that Workflow Management Systems (WfMS), such as Kepler (Altintas et al., 2006), Pegasus (Deelman et al., 2005) and SciCumulus (De Oliveira et al., 2010b) emerged.", "mentionContextAttributes": {"used": {"value": false, "score": 0.46909773349761963}, "created": {"value": false, "score": 0.00011235475540161133}, "shared": {"value": false, "score": 4.172325134277344e-07}}, "documentContextAttributes": {"used": {"value": true, "score": 0.9998061656951904}, "created": {"value": false, "score": 0.00016307830810546875}, "shared": {"value": false, "score": 4.172325134277344e-07}}}, {"type": "software", "software-type": "software", "software-name": {"rawForm": "Spark", "normalizedForm": "Spark", "offsetStart": 191, "offsetEnd": 196}, "context": "Multiple computational paradigms can be used for the design and execution of workflows, e.g., shell and Python scripts (Marozzo, Talia & Trunfio, 2013), Big Data frameworks (e.g., Hadoop and Spark) (Guedes et al., 2020b), but they are usually managed by complex engines named Workflow Management Systems (WfMS). ", "mentionContextAttributes": {"used": {"value": false, "score": 0.00199127197265625}, "created": {"value": false, "score": 0.018541693687438965}, "shared": {"value": false, "score": 5.662441253662109e-06}}, "documentContextAttributes": {"used": {"value": false, "score": 0.019924402236938477}, "created": {"value": false, "score": 0.018541693687438965}, "shared": {"value": false, "score": 5.662441253662109e-06}}, "references": [{"label": "(Guedes et al., 2020b)", "normalizedForm": "Guedes et al., 2020b", "refKey": 0, "offsetStart": 3737, "offsetEnd": 3759}]}, {"type": "software", "software-type": "software", "software-name": {"rawForm": "SciCumulus", "normalizedForm": "SciCumulus", "offsetStart": 195, "offsetEnd": 205}, "context": "The datasets used are provenance data extracted from real executions of the workflows SciPhy (all executions) using SciCumulus Workflow Management System and Montage (part of the executions with SciCumulus) and part of the execution data gathered at the Workflow Generator site (https://confluence.pegasus.isi.edu/display/pegasus/ ", "mentionContextAttributes": {"used": {"value": true, "score": 0.9999338984489441}, "created": {"value": false, "score": 3.516674041748047e-06}, "shared": {"value": false, "score": 1.3709068298339844e-06}}, "documentContextAttributes": {"used": {"value": true, "score": 0.9999653697013855}, "created": {"value": true, "score": 0.9152145981788635}, "shared": {"value": true, "score": 0.9928252100944519}}}, {"type": "software", "software-type": "software", "software-name": {"rawForm": "SciCumulus", "normalizedForm": "SciCumulus", "offsetStart": 195, "offsetEnd": 205}, "context": "The datasets used are provenance data extracted from real executions of the workflows SciPhy (all executions) using SciCumulus Workflow Management System and Montage (part of the executions with SciCumulus) and part of the execution data gathered at the Workflow Generator site (https://confluence.pegasus.isi.edu/display/pegasus/", "mentionContextAttributes": {"used": {"value": true, "score": 0.9999338984489441}, "created": {"value": false, "score": 3.516674041748047e-06}, "shared": {"value": false, "score": 1.3709068298339844e-06}}, "documentContextAttributes": {"used": {"value": true, "score": 0.9999653697013855}, "created": {"value": true, "score": 0.9152145981788635}, "shared": {"value": true, "score": 0.9928252100944519}}}, {"type": "software", "software-type": "software", "software-name": {"rawForm": "CreateIncorrectedMosaic", "normalizedForm": "CreateIncorrectedMosaic", "offsetStart": 201, "offsetEnd": 224}, "context": "which extracts compressed FITS files, (ii) Projection, which maps the astronomical positions into a Euclidean plane, (iii) SelectProjections, which joins the planes into a single mosaic file, and (iv) CreateIncorrectedMosaic, which creates an overlapping mosaic as an image. ", "mentionContextAttributes": {"used": {"value": false, "score": 0.0010938644409179688}, "created": {"value": false, "score": 1.7881393432617188e-06}, "shared": {"value": false, "score": 2.384185791015625e-07}}, "documentContextAttributes": {"used": {"value": false, "score": 0.0010938644409179688}, "created": {"value": false, "score": 1.7881393432617188e-06}, "shared": {"value": false, "score": 2.384185791015625e-07}}}, {"type": "software", "software-type": "software", "software-name": {"rawForm": "CreateIncorrectedMosaic", "normalizedForm": "CreateIncorrectedMosaic", "offsetStart": 201, "offsetEnd": 224}, "context": "which extracts compressed FITS files, (ii) Projection, which maps the astronomical positions into a Euclidean plane, (iii) SelectProjections, which joins the planes into a single mosaic file, and (iv) CreateIncorrectedMosaic, which creates an overlapping mosaic as an image.", "mentionContextAttributes": {"used": {"value": false, "score": 0.0010938644409179688}, "created": {"value": false, "score": 1.7881393432617188e-06}, "shared": {"value": false, "score": 2.384185791015625e-07}}, "documentContextAttributes": {"used": {"value": false, "score": 0.0010938644409179688}, "created": {"value": false, "score": 1.7881393432617188e-06}, "shared": {"value": false, "score": 2.384185791015625e-07}}}, {"type": "software", "software-type": "software", "wikidataId": "Q15967387", "wikipediaExternalRef": 38833779, "lang": "en", "confidence": 0.4933, "software-name": {"rawForm": "pandas", "normalizedForm": "pandas", "wikidataId": "Q15967387", "wikipediaExternalRef": 38833779, "lang": "en", "confidence": 0.4933, "offsetStart": 221, "offsetEnd": 227}, "context": "FReeP implementation also benefits from Scikit-Learn (Pedregosa et al., 2011) to learn and evaluate the Machine Learning models, numpy (Van der Walt, Colbert & Varoquaux, 2011), a numerical data manipulation library; and pandas (McKinney, 2011), which provides tabular data functionalities.", "mentionContextAttributes": {"used": {"value": false, "score": 0.0001927018165588379}, "created": {"value": false, "score": 0.020713865756988525}, "shared": {"value": false, "score": 4.76837158203125e-07}}, "documentContextAttributes": {"used": {"value": false, "score": 0.0001927018165588379}, "created": {"value": false, "score": 0.020713865756988525}, "shared": {"value": false, "score": 4.76837158203125e-07}}}, {"type": "software", "software-type": "software", "wikidataId": "Q15967387", "wikipediaExternalRef": 38833779, "lang": "en", "confidence": 0.4933, "software-name": {"rawForm": "pandas", "normalizedForm": "pandas", "wikidataId": "Q15967387", "wikipediaExternalRef": 38833779, "lang": "en", "confidence": 0.4933, "offsetStart": 221, "offsetEnd": 243}, "context": "FReeP implementation also benefits from Scikit-Learn (Pedregosa et al., 2011) to learn and evaluate the Machine Learning models, numpy (Van der Walt, Colbert & Varoquaux, 2011), a numerical data manipulation library; and pandas (McKinney, 2011), which provides tabular data functionalities.", "mentionContextAttributes": {"used": {"value": false, "score": 0.0001927018165588379}, "created": {"value": false, "score": 0.020713865756988525}, "shared": {"value": false, "score": 4.76837158203125e-07}}, "documentContextAttributes": {"used": {"value": false, "score": 0.0001927018165588379}, "created": {"value": false, "score": 0.020713865756988525}, "shared": {"value": false, "score": 4.76837158203125e-07}}}, {"type": "software", "software-type": "software", "software-name": {"rawForm": "SciCumulus", "normalizedForm": "SciCumulus", "offsetStart": 221, "offsetEnd": 259}, "context": "It was with this in mind, and with the help of the composition of the experiment in the workflow format, that Workflow Management Systems (WfMS), such as Kepler (Altintas et al., 2006), Pegasus (Deelman et al., 2005) and SciCumulus (De Oliveira et al., 2010b) emerged.", "mentionContextAttributes": {"used": {"value": false, "score": 0.46909773349761963}, "created": {"value": false, "score": 0.00011229515075683594}, "shared": {"value": false, "score": 3.5762786865234375e-07}}, "documentContextAttributes": {"used": {"value": true, "score": 0.9999653697013855}, "created": {"value": true, "score": 0.9152145981788635}, "shared": {"value": true, "score": 0.9928252100944519}}}, {"type": "software", "software-type": "software", "software-name": {"rawForm": "Hadoop", "normalizedForm": "Hadoop", "offsetStart": 227, "offsetEnd": 233}, "context": "The SCStarter copies and invokes an instance of SCCore in each machine of the environment, and since SCCore is a MPI-based application it runs in all machines simultaneously and follows a Master/Worker architecture (similar to Hadoop and Spark). ", "mentionContextAttributes": {"used": {"value": false, "score": 0.019924402236938477}, "created": {"value": false, "score": 0.00012826919555664062}, "shared": {"value": false, "score": 5.960464477539062e-07}}, "documentContextAttributes": {"used": {"value": false, "score": 0.019924402236938477}, "created": {"value": false, "score": 0.018541693687438965}, "shared": {"value": false, "score": 5.662441253662109e-06}}}, {"type": "software", "software-type": "software", "software-name": {"rawForm": "Spark", "normalizedForm": "Spark", "offsetStart": 238, "offsetEnd": 243}, "context": "The SCStarter copies and invokes an instance of SCCore in each machine of the environment, and since SCCore is a MPI-based application it runs in all machines simultaneously and follows a Master/Worker architecture (similar to Hadoop and Spark). ", "mentionContextAttributes": {"used": {"value": false, "score": 0.019924402236938477}, "created": {"value": false, "score": 0.00012826919555664062}, "shared": {"value": false, "score": 5.960464477539062e-07}}, "documentContextAttributes": {"used": {"value": false, "score": 0.019924402236938477}, "created": {"value": false, "score": 0.018541693687438965}, "shared": {"value": false, "score": 5.662441253662109e-06}}, "references": [{"label": "(Guedes et al., 2020b)", "normalizedForm": "Guedes et al., 2020b", "refKey": 0}]}], "references": [{"refKey": 57, "tei": "<biblStruct xml:id=\"b57\">\n\t<analytic>\n\t\t<title level=\"a\" type=\"main\">SciPhy: A Cloud-Based Workflow for Phylogenetic Analysis of Drug Targets in Protozoan Genomes</title>\n\t\t<author>\n\t\t\t<persName><forename type=\"first\">Kary</forename><forename type=\"middle\">A C S</forename><surname>Oca\u00f1a</surname></persName>\n\t\t</author>\n\t\t<author>\n\t\t\t<persName><forename type=\"first\">Daniel</forename><surname>De Oliveira</surname></persName>\n\t\t</author>\n\t\t<author>\n\t\t\t<persName><forename type=\"first\">Eduardo</forename><surname>Ogasawara</surname></persName>\n\t\t</author>\n\t\t<author>\n\t\t\t<persName><forename type=\"first\">Alberto</forename><forename type=\"middle\">M R</forename><surname>D\u00e1vila</surname></persName>\n\t\t</author>\n\t\t<author>\n\t\t\t<persName><forename type=\"first\">Alexandre</forename><forename type=\"middle\">A B</forename><surname>Lima</surname></persName>\n\t\t</author>\n\t\t<author>\n\t\t\t<persName><forename type=\"first\">Marta</forename><surname>Mattoso</surname></persName>\n\t\t</author>\n\t\t<idno type=\"DOI\">10.1007/978-3-642-22825-4_9</idno>\n\t</analytic>\n\t<monogr>\n\t\t<title level=\"m\">Advances in Bioinformatics and Computational Biology</title>\n\t\t<imprint>\n\t\t\t<publisher>Springer Berlin Heidelberg</publisher>\n\t\t\t<date type=\"published\" when=\"2011\">2011</date>\n\t\t\t<biblScope unit=\"page\" from=\"66\" to=\"70\" />\n\t\t</imprint>\n\t</monogr>\n</biblStruct>\n"}, {"refKey": 72, "tei": "<biblStruct xml:id=\"b72\">\n\t<analytic>\n\t\t<title level=\"a\" type=\"main\">The numpy array: a structure for efficient numerical computation</title>\n\t\t<author>\n\t\t\t<persName><forename type=\"first\">Walt</forename><forename type=\"middle\">S</forename><surname>Van Der</surname></persName>\n\t\t</author>\n\t\t<author>\n\t\t\t<persName><forename type=\"first\">S</forename><forename type=\"middle\">C</forename><surname>Colbert</surname></persName>\n\t\t</author>\n\t\t<author>\n\t\t\t<persName><forename type=\"first\">G</forename><surname>Varoquaux</surname></persName>\n\t\t</author>\n\t\t<idno type=\"DOI\">10.1109/MCSE.2011.37</idno>\n\t</analytic>\n\t<monogr>\n\t\t<title level=\"j\">Computing in Science &amp; Engineering</title>\n\t\t<imprint>\n\t\t\t<biblScope unit=\"volume\">13</biblScope>\n\t\t\t<biblScope unit=\"issue\">2</biblScope>\n\t\t\t<biblScope unit=\"page\">30</biblScope>\n\t\t\t<date>2011</date>\n\t\t</imprint>\n\t</monogr>\n</biblStruct>\n"}, {"refKey": 0, "tei": "<biblStruct xml:id=\"b0\">\n\t<monogr>\n\t\t<title level=\"m\" type=\"main\">Provenance-and machine learning-based recommendation of parameter values in scientific workflows</title>\n\t\t<author>\n\t\t\t<persName><forename type=\"first\">Daniel</forename><forename type=\"middle\">Silva</forename><surname>Junior</surname></persName>\n\t\t</author>\n\t\t<author>\n\t\t\t<persName><forename type=\"first\">Esther</forename><surname>Pacitti</surname></persName>\n\t\t</author>\n\t\t<author>\n\t\t\t<persName><forename type=\"first\">Aline</forename><surname>Paes</surname></persName>\n\t\t</author>\n\t\t<author>\n\t\t\t<persName><forename type=\"first\">Daniel</forename><surname>De Oliveira</surname></persName>\n\t\t</author>\n\t\t<author>\n\t\t\t<persName><forename type=\"first\">Claudio</forename><surname>Ardagna</surname></persName>\n\t\t</author>\n\t\t<idno type=\"DOI\">10.7717/peerj-cs.606</idno>\n\t\t<idno>C184DD3C0FDE518A275B26230E55A562</idno>\n\t\t<imprint>\n\t\t\t<date>5 July 2021</date>\n\t\t</imprint>\n\t</monogr>\n</biblStruct>\n"}], "runtime": 79231, "id": "84d27abab7231f99b7356b3bc4e41180a1289f26", "metadata": {"id": "84d27abab7231f99b7356b3bc4e41180a1289f26"}, "original_file_path": "../../datalake/Samuel/SOFTware-Sync/data/xml_files/hal-03418836.grobid.tei.xml", "file_name": "hal-03418836.grobid.tei.xml"}