{"application": "software-mentions", "version": "0.8.0", "date": "2024-04-12T15:41+0000", "md5": "400A2CC7E36C1AE8D16DC4415CA81EBA", "mentions": [{"type": "software", "software-type": "software", "wikidataId": "Q192490", "wikipediaExternalRef": 23824, "lang": "en", "confidence": 0.9154, "software-name": {"rawForm": "PostgreSQL", "normalizedForm": "PostgreSQL", "wikidataId": "Q192490", "wikipediaExternalRef": 23824, "lang": "en", "confidence": 0.9154, "offsetStart": 26, "offsetEnd": 36}, "context": "\u2022 System P is the popular PostgreSQL system [15], where f is the function that returns the cost estimated by PostgreSQL using the explain API; \u2022 System P' is also the PostgreSQL system, but where f is the cost function that we propose in this paper.", "mentionContextAttributes": {"used": {"value": false, "score": 0.0008639097213745117}, "created": {"value": false, "score": 0.005714118480682373}, "shared": {"value": false, "score": 1.0132789611816406e-06}}, "documentContextAttributes": {"used": {"value": true, "score": 0.9998383522033691}, "created": {"value": true, "score": 0.9809339642524719}, "shared": {"value": false, "score": 1.0132789611816406e-06}}, "references": [{"label": "[15]", "normalizedForm": "[15]", "refKey": 15, "offsetStart": 8736, "offsetEnd": 8740}]}, {"type": "software", "software-type": "software", "software-name": {"rawForm": "GMark", "normalizedForm": "GMark", "offsetStart": 39, "offsetEnd": 44}, "context": "Figure 3: Query rank by percentile for GMark [2]", "mentionContextAttributes": {"used": {"value": true, "score": 0.9942600727081299}, "created": {"value": false, "score": 1.901388168334961e-05}, "shared": {"value": false, "score": 2.980232238769531e-07}}, "documentContextAttributes": {"used": {"value": true, "score": 0.9942600727081299}, "created": {"value": false, "score": 1.901388168334961e-05}, "shared": {"value": false, "score": 2.980232238769531e-07}}, "references": [{"label": "[2]", "normalizedForm": "[2]", "refKey": 2, "offsetStart": 11614, "offsetEnd": 11617}]}, {"type": "software", "software-type": "software", "wikidataId": "Q192490", "wikipediaExternalRef": 23824, "lang": "en", "confidence": 0.9154, "software-name": {"rawForm": "PostgreSQL", "normalizedForm": "PostgreSQL", "wikidataId": "Q192490", "wikipediaExternalRef": 23824, "lang": "en", "confidence": 0.9154, "offsetStart": 98, "offsetEnd": 108}, "context": "We experimentally demonstrate the benefits of this technique for recursive queries evaluated with PostgreSQL.", "mentionContextAttributes": {"used": {"value": true, "score": 0.9998383522033691}, "created": {"value": true, "score": 0.9809339642524719}, "shared": {"value": false, "score": 1.7881393432617188e-07}}, "documentContextAttributes": {"used": {"value": true, "score": 0.9998383522033691}, "created": {"value": true, "score": 0.9809339642524719}, "shared": {"value": false, "score": 1.0132789611816406e-06}}, "references": [{"label": "[15]", "normalizedForm": "[15]", "refKey": 15}]}, {"type": "software", "software-type": "software", "wikidataId": "Q192490", "wikipediaExternalRef": 23824, "lang": "en", "confidence": 0.9154, "software-name": {"rawForm": "PostgreSQL", "normalizedForm": "PostgreSQL", "wikidataId": "Q192490", "wikipediaExternalRef": 23824, "lang": "en", "confidence": 0.9154, "offsetStart": 109, "offsetEnd": 119}, "context": "\u2022 System P is the popular PostgreSQL system [15], where f is the function that returns the cost estimated by PostgreSQL using the explain API; \u2022 System P' is also the PostgreSQL system, but where f is the cost function that we propose in this paper.", "mentionContextAttributes": {"used": {"value": false, "score": 0.0008639097213745117}, "created": {"value": false, "score": 0.005714118480682373}, "shared": {"value": false, "score": 1.0132789611816406e-06}}, "documentContextAttributes": {"used": {"value": true, "score": 0.9998383522033691}, "created": {"value": true, "score": 0.9809339642524719}, "shared": {"value": false, "score": 1.0132789611816406e-06}}, "references": [{"label": "[15]", "normalizedForm": "[15]", "refKey": 15}]}, {"type": "software", "software-type": "software", "software-name": {"rawForm": "GMark", "normalizedForm": "GMark", "offsetStart": 139, "offsetEnd": 144}, "context": "We experiment with two kinds of datasets: a real-world dataset: Yago2s [16] and two synthetic datasets (Shop and Uniprot) generated by the GMark system [2] obtained for the 20 queries over Yago2s found in [10], and for 10 randomly generated queries for each synthetic dataset. ", "mentionContextAttributes": {"used": {"value": true, "score": 0.9231253862380981}, "created": {"value": false, "score": 1.5437602996826172e-05}, "shared": {"value": false, "score": 2.980232238769531e-07}}, "documentContextAttributes": {"used": {"value": true, "score": 0.9942600727081299}, "created": {"value": false, "score": 1.901388168334961e-05}, "shared": {"value": false, "score": 2.980232238769531e-07}}, "references": [{"label": "[2]", "normalizedForm": "[2]", "refKey": 2, "offsetStart": 9199, "offsetEnd": 9202}]}, {"type": "software", "software-type": "software", "wikidataId": "Q192490", "wikipediaExternalRef": 23824, "lang": "en", "confidence": 0.9154, "software-name": {"rawForm": "PostgreSQL", "normalizedForm": "PostgreSQL", "wikidataId": "Q192490", "wikipediaExternalRef": 23824, "lang": "en", "confidence": 0.9154, "offsetStart": 154, "offsetEnd": 164}, "context": "Experiments show that our cost estimation technique improves the performance of recursive query evaluation on popular relational database engines such as PostgreSQL.", "mentionContextAttributes": {"used": {"value": false, "score": 0.0008152127265930176}, "created": {"value": false, "score": 0.21731454133987427}, "shared": {"value": false, "score": 5.364418029785156e-07}}, "documentContextAttributes": {"used": {"value": true, "score": 0.9998383522033691}, "created": {"value": true, "score": 0.9809339642524719}, "shared": {"value": false, "score": 1.0132789611816406e-06}}, "references": [{"label": "[15]", "normalizedForm": "[15]", "refKey": 15}]}, {"type": "software", "software-type": "software", "software-name": {"rawForm": "Post-greSQL", "normalizedForm": "Post-greSQL", "offsetStart": 162, "offsetEnd": 173}, "context": "Experiments with a prototype of the approach show that this improves the performance of recursive query evaluation on popular relational database engines such as Post-greSQL. ", "mentionContextAttributes": {"used": {"value": false, "score": 0.00012034177780151367}, "created": {"value": false, "score": 0.003501415252685547}, "shared": {"value": false, "score": 5.364418029785156e-07}}, "documentContextAttributes": {"used": {"value": false, "score": 0.00012034177780151367}, "created": {"value": false, "score": 0.003501415252685547}, "shared": {"value": false, "score": 5.364418029785156e-07}}}, {"type": "software", "software-type": "software", "wikidataId": "Q192490", "wikipediaExternalRef": 23824, "lang": "en", "confidence": 0.9154, "software-name": {"rawForm": "PostgreSQL", "normalizedForm": "PostgreSQL", "wikidataId": "Q192490", "wikipediaExternalRef": 23824, "lang": "en", "confidence": 0.9154, "offsetStart": 167, "offsetEnd": 177}, "context": "\u2022 System P is the popular PostgreSQL system [15], where f is the function that returns the cost estimated by PostgreSQL using the explain API; \u2022 System P' is also the PostgreSQL system, but where f is the cost function that we propose in this paper.", "mentionContextAttributes": {"used": {"value": false, "score": 0.0008639097213745117}, "created": {"value": false, "score": 0.005713999271392822}, "shared": {"value": false, "score": 1.0132789611816406e-06}}, "documentContextAttributes": {"used": {"value": true, "score": 0.9998383522033691}, "created": {"value": true, "score": 0.9809339642524719}, "shared": {"value": false, "score": 1.0132789611816406e-06}}, "references": [{"label": "[15]", "normalizedForm": "[15]", "refKey": 15}]}], "references": [{"refKey": 15, "tei": "<biblStruct xml:id=\"b15\">\n\t<analytic>\n\t\t<title level=\"a\" type=\"main\">The Design of the POSTGRES Storage System</title>\n\t\t<author>\n\t\t\t<persName><forename type=\"first\">Michael</forename><surname>Stonebraker</surname></persName>\n\t\t</author>\n\t\t<author>\n\t\t\t<persName><forename type=\"first\">Lawrence</forename><forename type=\"middle\">A</forename><surname>Rowe</surname></persName>\n\t\t</author>\n\t\t<idno type=\"DOI\">10.21236/ada187244</idno>\n\t</analytic>\n\t<monogr>\n\t\t<title level=\"j\">ACM Sigmod Record</title>\n\t\t<imprint>\n\t\t\t<biblScope unit=\"volume\">15</biblScope>\n\t\t\t<biblScope unit=\"issue\">2</biblScope>\n\t\t\t<biblScope unit=\"page\">355</biblScope>\n\t\t\t<date type=\"published\" when=\"1987-02-04\">1986. 1986</date>\n\t\t\t<publisher>Defense Technical Information Center</publisher>\n\t\t</imprint>\n\t</monogr>\n</biblStruct>\n"}, {"refKey": 2, "tei": "<biblStruct xml:id=\"b2\">\n\t<analytic>\n\t\t<title level=\"a\" type=\"main\">gMark: Schema-Driven Generation of Graphs and Queries</title>\n\t\t<author>\n\t\t\t<persName><forename type=\"first\">Guillaume</forename><surname>Bagan</surname></persName>\n\t\t</author>\n\t\t<author>\n\t\t\t<persName><forename type=\"first\">Angela</forename><surname>Bonifati</surname></persName>\n\t\t</author>\n\t\t<author>\n\t\t\t<persName><forename type=\"first\">Radu</forename><surname>Ciucanu</surname></persName>\n\t\t</author>\n\t\t<author>\n\t\t\t<persName><forename type=\"first\">George</forename><forename type=\"middle\">H L</forename><surname>Fletcher</surname></persName>\n\t\t</author>\n\t\t<author>\n\t\t\t<persName><forename type=\"first\">Aurelien</forename><surname>Lemay</surname></persName>\n\t\t</author>\n\t\t<author>\n\t\t\t<persName><forename type=\"first\">Nicky</forename><surname>Advokaat</surname></persName>\n\t\t</author>\n\t\t<idno type=\"DOI\">10.1109/icde.2017.38</idno>\n\t</analytic>\n\t<monogr>\n\t\t<title level=\"m\">2017 IEEE 33rd International Conference on Data Engineering (ICDE)</title>\n\t\t<imprint>\n\t\t\t<publisher>IEEE</publisher>\n\t\t\t<date type=\"published\" when=\"2017-04\">2017. 2017</date>\n\t\t\t<biblScope unit=\"volume\">29</biblScope>\n\t\t\t<biblScope unit=\"page\">869</biblScope>\n\t\t</imprint>\n\t</monogr>\n</biblStruct>\n"}], "runtime": 6468, "id": "15b9b6ba85dc5e4195402cc787a50b75bdeef744", "metadata": {"id": "15b9b6ba85dc5e4195402cc787a50b75bdeef744"}, "original_file_path": "../../datalake/Samuel/SOFTware-Sync/data/xml_files/hal-03004218.grobid.tei.xml", "file_name": "hal-03004218.grobid.tei.xml"}