{"application": "software-mentions", "version": "0.8.0", "date": "2024-04-12T17:02+0000", "md5": "6B84FA263BC778E137D88C73B7895BD1", "mentions": [{"type": "software", "software-type": "software", "software-name": {"rawForm": "DeepOrchidSeries", "normalizedForm": "DeepOrchidSeries", "offsetStart": 4, "offsetEnd": 20}, "context": "The DeepOrchidSeries dataset was split into three parts: (i) Training set (90%), (ii) Validation set (5%), and (iii), Test set (5%). ", "mentionContextAttributes": {"used": {"value": true, "score": 0.9992352724075317}, "created": {"value": false, "score": 1.6987323760986328e-05}, "shared": {"value": false, "score": 1.7881393432617188e-07}}, "documentContextAttributes": {"used": {"value": true, "score": 0.9992352724075317}, "created": {"value": true, "score": 0.9996860027313232}, "shared": {"value": false, "score": 2.980232238769531e-07}}}, {"type": "software", "software-type": "implicit", "software-name": {"rawForm": "scripts", "normalizedForm": "scripts", "offsetStart": 18, "offsetEnd": 25}, "context": "We also share the scripts that allowed us to create it at https://gitlab.inria.fr/jestopin/sen2patch. ", "mentionContextAttributes": {"used": {"value": true, "score": 0.8389387726783752}, "created": {"value": false, "score": 0.34185028076171875}, "shared": {"value": true, "score": 0.9796897172927856}}, "documentContextAttributes": {"used": {"value": true, "score": 0.8389387726783752}, "created": {"value": false, "score": 0.34185028076171875}, "shared": {"value": true, "score": 0.9796897172927856}}}, {"type": "software", "software-type": "software", "wikidataId": "Q165194", "wikipediaExternalRef": 27697009, "lang": "en", "confidence": 0.8291, "software-name": {"rawForm": "API", "normalizedForm": "API", "wikidataId": "Q165194", "wikipediaExternalRef": 27697009, "lang": "en", "confidence": 0.8291, "offsetStart": 22, "offsetEnd": 25}, "context": "However, querying the API on an occurrence-by-occurrence basis for a dataset containing nearly one million occurrences is counterproductive.", "mentionContextAttributes": {"used": {"value": false, "score": 0.0007076263427734375}, "created": {"value": false, "score": 8.761882781982422e-06}, "shared": {"value": false, "score": 1.7881393432617188e-07}}, "documentContextAttributes": {"used": {"value": true, "score": 0.999968945980072}, "created": {"value": false, "score": 0.0007174015045166016}, "shared": {"value": false, "score": 0.00010925531387329102}}}, {"type": "software", "software-type": "software", "wikidataId": "Q165194", "wikipediaExternalRef": 27697009, "lang": "en", "confidence": 0.8291, "software-name": {"rawForm": "API", "normalizedForm": "API", "wikidataId": "Q165194", "wikipediaExternalRef": 27697009, "lang": "en", "confidence": 0.8291, "offsetStart": 23, "offsetEnd": 26}, "context": "The Sentinelsat python API provides the option to query data by various geographical means, mainly, coordinates, polygons, tiles, or satellite orbits. ", "mentionContextAttributes": {"used": {"value": false, "score": 9.363889694213867e-05}, "created": {"value": false, "score": 0.0007174015045166016}, "shared": {"value": false, "score": 2.980232238769531e-07}}, "documentContextAttributes": {"used": {"value": true, "score": 0.999968945980072}, "created": {"value": false, "score": 0.0007174015045166016}, "shared": {"value": false, "score": 0.00010925531387329102}}}, {"type": "software", "software-type": "software", "software-name": {"rawForm": "DeepOrchidSeries", "normalizedForm": "DeepOrchidSeries", "offsetStart": 23, "offsetEnd": 39}, "context": "Contrary to our 1-year DeepOrchidSeries dataset, here, the variables are averaged across several decades.", "mentionContextAttributes": {"used": {"value": true, "score": 0.9452321529388428}, "created": {"value": false, "score": 0.0012952089309692383}, "shared": {"value": false, "score": 1.7881393432617188e-07}}, "documentContextAttributes": {"used": {"value": true, "score": 0.9992352724075317}, "created": {"value": true, "score": 0.9996860027313232}, "shared": {"value": false, "score": 2.980232238769531e-07}}}, {"type": "software", "software-type": "software", "software-name": {"rawForm": "TorchGeo", "normalizedForm": "TorchGeo", "offsetStart": 26, "offsetEnd": 56}, "context": "The very recent launch of TorchGeo (Stewart et al., 2021), a Python library to easily handle geospatial datasets in the PyTorch environment, illustrates the recent and still ongoing progress. ", "mentionContextAttributes": {"used": {"value": false, "score": 8.124113082885742e-05}, "created": {"value": true, "score": 0.7157543897628784}, "shared": {"value": false, "score": 6.973743438720703e-06}}, "documentContextAttributes": {"used": {"value": false, "score": 0.06283026933670044}, "created": {"value": true, "score": 0.7157543897628784}, "shared": {"value": false, "score": 6.973743438720703e-06}}, "references": [{"label": "Stewart et al., 2021", "normalizedForm": "Stewart et al., 2021", "refKey": 72}]}, {"type": "software", "software-type": "software", "wikidataId": "Q165194", "wikipediaExternalRef": 27697009, "lang": "en", "confidence": 0.8291, "software-name": {"rawForm": "API", "normalizedForm": "API", "wikidataId": "Q165194", "wikipediaExternalRef": 27697009, "lang": "en", "confidence": 0.8291, "offsetStart": 38, "offsetEnd": 41}, "context": "Thereby when querying the Sentinelsat API over a given area and time window, one can ask to only keep the less cloudy products.", "mentionContextAttributes": {"used": {"value": false, "score": 0.002091646194458008}, "created": {"value": false, "score": 2.5093555450439453e-05}, "shared": {"value": false, "score": 2.980232238769531e-07}}, "documentContextAttributes": {"used": {"value": true, "score": 0.999968945980072}, "created": {"value": false, "score": 0.0007174015045166016}, "shared": {"value": false, "score": 0.00010925531387329102}}}, {"type": "software", "software-type": "software", "software-name": {"rawForm": "DeepOrchidSeries", "normalizedForm": "DeepOrchidSeries", "offsetStart": 48, "offsetEnd": 64}, "context": "At last, the strong spatial bias present in the DeepOrchidSeries dataset influences SDMs predictions (Beck et al., 2014).", "mentionContextAttributes": {"used": {"value": false, "score": 0.050983309745788574}, "created": {"value": false, "score": 4.023313522338867e-05}, "shared": {"value": false, "score": 2.980232238769531e-07}}, "documentContextAttributes": {"used": {"value": true, "score": 0.9992352724075317}, "created": {"value": true, "score": 0.9996860027313232}, "shared": {"value": false, "score": 2.980232238769531e-07}}}, {"type": "software", "software-type": "software", "software-name": {"rawForm": "DeepOrchidSeries", "normalizedForm": "DeepOrchidSeries", "offsetStart": 61, "offsetEnd": 77}, "context": "Therefore, we built and shared a substantial dataset (called DeepOrchidSeries) aimed at modeling the distribution of orchids on a global scale from Sentinel-2 data.", "mentionContextAttributes": {"used": {"value": false, "score": 0.0003116130828857422}, "created": {"value": true, "score": 0.9996860027313232}, "shared": {"value": false, "score": 1.7881393432617188e-07}}, "documentContextAttributes": {"used": {"value": true, "score": 0.9992352724075317}, "created": {"value": true, "score": 0.9996860027313232}, "shared": {"value": false, "score": 2.980232238769531e-07}}}, {"type": "software", "software-type": "software", "wikidataId": "Q165194", "wikipediaExternalRef": 27697009, "lang": "en", "confidence": 0.8291, "software-name": {"rawForm": "API", "normalizedForm": "API", "wikidataId": "Q165194", "wikipediaExternalRef": 27697009, "lang": "en", "confidence": 0.8291, "offsetStart": 65, "offsetEnd": 68}, "context": "The smallest geographic units downloadable via the sentinelsat 2 API are 109.8", "mentionContextAttributes": {"used": {"value": true, "score": 0.6747967600822449}, "created": {"value": false, "score": 8.046627044677734e-06}, "shared": {"value": false, "score": 0.00010925531387329102}}, "documentContextAttributes": {"used": {"value": true, "score": 0.999968945980072}, "created": {"value": false, "score": 0.0007174015045166016}, "shared": {"value": false, "score": 0.00010925531387329102}}}, {"type": "software", "software-type": "implicit", "software-name": {"rawForm": "library", "normalizedForm": "library", "offsetStart": 68, "offsetEnd": 75}, "language": {"rawForm": "Python", "normalizedForm": "Python", "wikidataId": "Q28865", "offsetStart": 186, "offsetEnd": 192}, "context": "The very recent launch of TorchGeo (Stewart et al., 2021), a Python library to easily handle geospatial datasets in the PyTorch environment, illustrates the recent and still ongoing progress. ", "mentionContextAttributes": {"used": {"value": false, "score": 8.124113082885742e-05}, "created": {"value": true, "score": 0.7157543897628784}, "shared": {"value": false, "score": 6.973743438720703e-06}}, "documentContextAttributes": {"used": {"value": false, "score": 8.124113082885742e-05}, "created": {"value": true, "score": 0.7157543897628784}, "shared": {"value": false, "score": 6.973743438720703e-06}}}, {"type": "software", "software-type": "software", "wikidataId": "Q165194", "wikipediaExternalRef": 27697009, "lang": "en", "confidence": 0.8291, "software-name": {"rawForm": "API", "normalizedForm": "API", "wikidataId": "Q165194", "wikipediaExternalRef": 27697009, "lang": "en", "confidence": 0.8291, "offsetStart": 70, "offsetEnd": 73}, "context": "Sentinel-2 queries and downloads were made with the Scihub Copernicus API3 .", "mentionContextAttributes": {"used": {"value": true, "score": 0.999968945980072}, "created": {"value": false, "score": 5.066394805908203e-06}, "shared": {"value": false, "score": 2.980232238769531e-07}}, "documentContextAttributes": {"used": {"value": true, "score": 0.999968945980072}, "created": {"value": false, "score": 0.0007174015045166016}, "shared": {"value": false, "score": 0.00010925531387329102}}}, {"type": "software", "software-type": "software", "software-name": {"rawForm": "TorchGeo", "normalizedForm": "TorchGeo", "offsetStart": 71, "offsetEnd": 79}, "context": "For instance, among the twenty-three benchmark datasets implemented in TorchGeo (Stewart et al., 2021), only two encompass a temporal dimension.", "mentionContextAttributes": {"used": {"value": false, "score": 0.0004405379295349121}, "created": {"value": false, "score": 6.860494613647461e-05}, "shared": {"value": false, "score": 1.7881393432617188e-07}}, "documentContextAttributes": {"used": {"value": false, "score": 0.06283026933670044}, "created": {"value": true, "score": 0.7157543897628784}, "shared": {"value": false, "score": 6.973743438720703e-06}}, "references": [{"label": "(Stewart et al., 2021)", "normalizedForm": "Stewart et al., 2021", "refKey": 72, "offsetStart": 5079, "offsetEnd": 5101}]}, {"type": "software", "software-type": "software", "software-name": {"rawForm": "DeepOrchidSeries", "normalizedForm": "DeepOrchidSeries", "offsetStart": 80, "offsetEnd": 96}, "context": "To confirm this hypothesis, we built a substantial and original dataset (called DeepOrchidSeries) aimed at modeling the distribution of orchids on a global scale based on Sentinel-2 image time series. ", "mentionContextAttributes": {"used": {"value": false, "score": 0.0005089640617370605}, "created": {"value": true, "score": 0.9995952248573303}, "shared": {"value": false, "score": 1.7881393432617188e-07}}, "documentContextAttributes": {"used": {"value": true, "score": 0.9992352724075317}, "created": {"value": true, "score": 0.9996860027313232}, "shared": {"value": false, "score": 2.980232238769531e-07}}}, {"type": "software", "software-type": "software", "software-name": {"rawForm": "DeepOrchidSeries", "normalizedForm": "DeepOrchidSeries", "offsetStart": 113, "offsetEnd": 129}, "context": "The use of methods to mitigate spatial bias at the cost of occurrence number is a promising direction to exploit DeepOrchidSeries (see abovementioned publication).", "mentionContextAttributes": {"used": {"value": false, "score": 0.00014293193817138672}, "created": {"value": false, "score": 0.06859570741653442}, "shared": {"value": false, "score": 2.384185791015625e-07}}, "documentContextAttributes": {"used": {"value": true, "score": 0.9992352724075317}, "created": {"value": true, "score": 0.9996860027313232}, "shared": {"value": false, "score": 2.980232238769531e-07}}}, {"type": "software", "software-type": "software", "software-name": {"rawForm": "DeepOrchidSeries", "normalizedForm": "DeepOrchidSeries", "offsetStart": 115, "offsetEnd": 131}, "context": "In this section, we describe the architecture and learning procedure of the deep-SDMs that we trained based on the DeepOrchidSeries dataset described above.", "mentionContextAttributes": {"used": {"value": true, "score": 0.9403858184814453}, "created": {"value": true, "score": 0.9875863790512085}, "shared": {"value": false, "score": 1.1920928955078125e-07}}, "documentContextAttributes": {"used": {"value": true, "score": 0.9992352724075317}, "created": {"value": true, "score": 0.9996860027313232}, "shared": {"value": false, "score": 2.980232238769531e-07}}}, {"type": "software", "software-type": "software", "software-name": {"rawForm": "PyTorch", "normalizedForm": "PyTorch", "offsetStart": 120, "offsetEnd": 127}, "context": "The very recent launch of TorchGeo (Stewart et al., 2021), a Python library to easily handle geospatial datasets in the PyTorch environment, illustrates the recent and still ongoing progress. ", "mentionContextAttributes": {"used": {"value": false, "score": 8.118152618408203e-05}, "created": {"value": true, "score": 0.7157543897628784}, "shared": {"value": false, "score": 6.9141387939453125e-06}}, "documentContextAttributes": {"used": {"value": false, "score": 8.118152618408203e-05}, "created": {"value": true, "score": 0.7157543897628784}, "shared": {"value": false, "score": 6.9141387939453125e-06}}}, {"type": "software", "software-type": "software", "software-name": {"rawForm": "TorchGeo", "normalizedForm": "TorchGeo", "offsetStart": 191, "offsetEnd": 199}, "context": "The available datasets are mostly used for land-cover classification (Helber et al., 2019) or semantic segmentation (Schmitt et al., 2019), as described in the benchmark datasets provided in TorchGeo (see Stewart et al., 2021 of Table 1). ", "mentionContextAttributes": {"used": {"value": false, "score": 0.06283026933670044}, "created": {"value": false, "score": 0.00010251998901367188}, "shared": {"value": false, "score": 4.76837158203125e-07}}, "documentContextAttributes": {"used": {"value": false, "score": 0.06283026933670044}, "created": {"value": true, "score": 0.7157543897628784}, "shared": {"value": false, "score": 6.973743438720703e-06}}, "references": [{"label": "Stewart et al., 2021", "normalizedForm": "Stewart et al., 2021", "refKey": 72, "offsetStart": 50831, "offsetEnd": 50851}]}, {"type": "software", "software-type": "component", "software-name": {"rawForm": "CoordinateCleaner", "normalizedForm": "CoordinateCleaner", "offsetStart": 338, "offsetEnd": 355}, "version": {"rawForm": "2.0-9", "normalizedForm": "2.0-9", "offsetStart": 359, "offsetEnd": 364}, "context": "Their objective was different from ours (i.e., estimating the conservation status of orchids) but the set of occurrences they collected from GBIF meets two main criteria of interest for our study: (i) global scale and (ii) suitable data quality, thanks to several data filtering and cleaning processes (including the use of the R package CoordinateCleaner v. 2.0-9, Zizka et al., 2019). ", "mentionContextAttributes": {"used": {"value": true, "score": 0.9986279010772705}, "created": {"value": false, "score": 2.276897430419922e-05}, "shared": {"value": false, "score": 1.1920928955078125e-06}}, "documentContextAttributes": {"used": {"value": true, "score": 0.9986279010772705}, "created": {"value": false, "score": 2.276897430419922e-05}, "shared": {"value": false, "score": 1.1920928955078125e-06}}, "references": [{"label": "Zizka et al., 2019)", "normalizedForm": "Zizka et al., 2019)", "refKey": 84, "offsetStart": 7586, "offsetEnd": 7605}]}], "references": [{"refKey": 72, "tei": "<biblStruct xml:id=\"b72\">\n\t<monogr>\n\t\t<author>\n\t\t\t<persName><forename type=\"first\">A</forename><forename type=\"middle\">J</forename><surname>Stewart</surname></persName>\n\t\t</author>\n\t\t<author>\n\t\t\t<persName><forename type=\"first\">C</forename><surname>Robinson</surname></persName>\n\t\t</author>\n\t\t<author>\n\t\t\t<persName><forename type=\"first\">I</forename><forename type=\"middle\">A</forename><surname>Corley</surname></persName>\n\t\t</author>\n\t\t<author>\n\t\t\t<persName><forename type=\"first\">A</forename><surname>Ortiz</surname></persName>\n\t\t</author>\n\t\t<author>\n\t\t\t<persName><forename type=\"first\">J</forename><forename type=\"middle\">M L</forename><surname>Ferres</surname></persName>\n\t\t</author>\n\t\t<author>\n\t\t\t<persName><forename type=\"first\">A</forename><surname>Banerjee</surname></persName>\n\t\t</author>\n\t\t<idno>arXiv:2111.08872</idno>\n\t\t<title level=\"m\">Torchgeo: deep learning with geospatial data</title>\n\t\t<imprint>\n\t\t\t<date>2021</date>\n\t\t</imprint>\n\t</monogr>\n</biblStruct>\n"}, {"refKey": 84, "tei": "<biblStruct xml:id=\"b84\">\n\t<analytic>\n\t\t<title level=\"a\" type=\"main\">&lt;scp&gt;CoordinateCleaner&lt;/scp&gt;: Standardized cleaning of occurrence records from biological collection databases</title>\n\t\t<author>\n\t\t\t<persName><forename type=\"first\">Alexander</forename><surname>Zizka</surname></persName>\n\t\t\t<idno type=\"ORCID\">0000-0002-1680-9192</idno>\n\t\t</author>\n\t\t<author>\n\t\t\t<persName><forename type=\"first\">Daniele</forename><surname>Silvestro</surname></persName>\n\t\t\t<idno type=\"ORCID\">0000-0003-0100-0961</idno>\n\t\t</author>\n\t\t<author>\n\t\t\t<persName><forename type=\"first\">Tobias</forename><surname>Andermann</surname></persName>\n\t\t</author>\n\t\t<author>\n\t\t\t<persName><forename type=\"first\">Josu\u00e9</forename><surname>Azevedo</surname></persName>\n\t\t</author>\n\t\t<author>\n\t\t\t<persName><forename type=\"first\">Camila</forename><surname>Duarte Ritter</surname></persName>\n\t\t</author>\n\t\t<author>\n\t\t\t<persName><forename type=\"first\">Daniel</forename><surname>Edler</surname></persName>\n\t\t</author>\n\t\t<author>\n\t\t\t<persName><forename type=\"first\">Harith</forename><surname>Farooq</surname></persName>\n\t\t</author>\n\t\t<author>\n\t\t\t<persName><forename type=\"first\">Andrei</forename><surname>Herdean</surname></persName>\n\t\t\t<idno type=\"ORCID\">0000-0003-2143-0213</idno>\n\t\t</author>\n\t\t<author>\n\t\t\t<persName><forename type=\"first\">Mar\u00eda</forename><surname>Ariza</surname></persName>\n\t\t</author>\n\t\t<author>\n\t\t\t<persName><forename type=\"first\">Ruud</forename><surname>Scharn</surname></persName>\n\t\t</author>\n\t\t<author>\n\t\t\t<persName><forename type=\"first\">Sten</forename><surname>Svantesson</surname></persName>\n\t\t</author>\n\t\t<author>\n\t\t\t<persName><forename type=\"first\">Niklas</forename><surname>Wengstr\u00f6m</surname></persName>\n\t\t</author>\n\t\t<author>\n\t\t\t<persName><forename type=\"first\">Vera</forename><surname>Zizka</surname></persName>\n\t\t</author>\n\t\t<author>\n\t\t\t<persName><forename type=\"first\">Alexandre</forename><surname>Antonelli</surname></persName>\n\t\t</author>\n\t\t<idno type=\"DOI\">10.1111/2041-210x.13152</idno>\n\t</analytic>\n\t<monogr>\n\t\t<title level=\"j\">Methods in Ecology and Evolution</title>\n\t\t<title level=\"j\" type=\"abbrev\">Methods Ecol Evol</title>\n\t\t<idno type=\"ISSN\">2041-210X</idno>\n\t\t<imprint>\n\t\t\t<biblScope unit=\"volume\">10</biblScope>\n\t\t\t<biblScope unit=\"issue\">5</biblScope>\n\t\t\t<biblScope unit=\"page\" from=\"744\" to=\"751\" />\n\t\t\t<date type=\"published\" when=\"2019-02-24\">2019</date>\n\t\t\t<publisher>Wiley</publisher>\n\t\t</imprint>\n\t</monogr>\n</biblStruct>\n"}], "runtime": 92758, "id": "4d49681c050755cb89c1cea2dc0574ec660f76cf", "metadata": {"id": "4d49681c050755cb89c1cea2dc0574ec660f76cf"}, "original_file_path": "../../datalake/Samuel/SOFTware-Sync/data/xml_not_sofctied/hal-03693593.grobid.tei.xml", "file_name": "hal-03693593.grobid.tei.xml"}