{"application": "software-mentions", "version": "0.8.0", "date": "2024-04-12T17:30+0000", "md5": "6C98893DD9F87A49C31B81CBCD2CA1A6", "mentions": [{"type": "software", "software-type": "software", "software-name": {"rawForm": "code", "normalizedForm": "code", "offsetStart": 4, "offsetEnd": 8}, "url": {"rawForm": "GitHub", "normalizedForm": "GitHub", "offsetStart": 38, "offsetEnd": 44}, "context": "The code is open source, available on GitHub (https://github.com/openalea-incubator/WheatFspm), ", "mentionContextAttributes": {"used": {"value": false, "score": 0.07436233758926392}, "created": {"value": false, "score": 0.0007219910621643066}, "shared": {"value": true, "score": 0.9869059920310974}}, "documentContextAttributes": {"used": {"value": true, "score": 0.9989326596260071}, "created": {"value": false, "score": 0.0007219910621643066}, "shared": {"value": true, "score": 0.9897061586380005}}}, {"type": "software", "software-type": "software", "software-name": {"rawForm": "code", "normalizedForm": "code", "offsetStart": 19, "offsetEnd": 23}, "url": {"rawForm": "GitHub", "normalizedForm": "GitHub"}, "context": "The archive of the code used to generate the present results is available at http://doi.org/10.5281/zenodo.3759714.", "mentionContextAttributes": {"used": {"value": true, "score": 0.9989326596260071}, "created": {"value": false, "score": 3.2901763916015625e-05}, "shared": {"value": true, "score": 0.9897061586380005}}, "documentContextAttributes": {"used": {"value": true, "score": 0.9989326596260071}, "created": {"value": false, "score": 0.0007219910621643066}, "shared": {"value": true, "score": 0.9897061586380005}}}, {"type": "software", "software-type": "software", "software-name": {"rawForm": "OpenAlea", "normalizedForm": "OpenAlea", "offsetStart": 44, "offsetEnd": 52}, "context": "The whole composition is implemented in the OpenAlea platform (Pradal et al., 2008(Pradal et al., , 2015) ) as a set of modular sub-models communicating via a central data structure, the multiscale tree graph (MTG) (Fournier et al., 2010;Garin et al., 2014;Albasha et al., 2019;Barillot et al., 2019;Reyes et al., 2019). ", "mentionContextAttributes": {"used": {"value": true, "score": 0.8736497759819031}, "created": {"value": false, "score": 9.298324584960938e-05}, "shared": {"value": false, "score": 2.5033950805664062e-06}}, "documentContextAttributes": {"used": {"value": true, "score": 0.8736497759819031}, "created": {"value": false, "score": 9.298324584960938e-05}, "shared": {"value": false, "score": 2.5033950805664062e-06}}, "references": [{"label": "(Pradal et al., 2008", "normalizedForm": "(Pradal et al., 2008", "refKey": 57, "offsetStart": 12146, "offsetEnd": 12166}]}], "references": [{"refKey": 57, "tei": "<biblStruct xml:id=\"b57\">\n\t<analytic>\n\t\t<title level=\"a\" type=\"main\">OpenAlea: a visual programming and component-based software platform for plant modelling</title>\n\t\t<author>\n\t\t\t<persName><forename type=\"first\">Christophe</forename><surname>Pradal</surname></persName>\n\t\t</author>\n\t\t<author>\n\t\t\t<persName><forename type=\"first\">Samuel</forename><surname>Dufour-Kowalski</surname></persName>\n\t\t</author>\n\t\t<author>\n\t\t\t<persName><forename type=\"first\">Fr\u00e9d\u00e9ric</forename><surname>Boudon</surname></persName>\n\t\t</author>\n\t\t<author>\n\t\t\t<persName><forename type=\"first\">Christian</forename><surname>Fournier</surname></persName>\n\t\t</author>\n\t\t<author>\n\t\t\t<persName><forename type=\"first\">Christophe</forename><surname>Godin</surname></persName>\n\t\t</author>\n\t\t<idno type=\"DOI\">10.1071/fp08084</idno>\n\t</analytic>\n\t<monogr>\n\t\t<title level=\"j\">Functional Plant Biology</title>\n\t\t<title level=\"j\" type=\"abbrev\">Functional Plant Biol.</title>\n\t\t<idno type=\"ISSN\">1445-4408</idno>\n\t\t<imprint>\n\t\t\t<biblScope unit=\"volume\">35</biblScope>\n\t\t\t<biblScope unit=\"issue\">10</biblScope>\n\t\t\t<biblScope unit=\"page\">751</biblScope>\n\t\t\t<date type=\"published\" when=\"2008\">2008</date>\n\t\t\t<publisher>CSIRO Publishing</publisher>\n\t\t</imprint>\n\t</monogr>\n</biblStruct>\n"}], "runtime": 124850, "id": "c5b8fe2fda4c778fbb34b6e96d7d4e217bcbff42", "metadata": {"id": "c5b8fe2fda4c778fbb34b6e96d7d4e217bcbff42"}, "original_file_path": "../../datalake/Samuel/SOFTware-Sync/data/xml_not_sofctied/hal-02903070.grobid.tei.xml", "file_name": "hal-02903070.grobid.tei.xml"}