{"application": "software-mentions", "version": "0.8.0", "date": "2024-04-12T15:46+0000", "md5": "D4956F04DEDCDDD774AAB7C5A6FA8228", "mentions": [{"type": "software", "software-type": "software", "software-name": {"rawForm": "TimeSide", "normalizedForm": "TimeSide", "offsetStart": 4, "offsetEnd": 12}, "context": "The TimeSide framework4 has been designed to provide a RESTful API as well as plugin based core library dedicated to audio processing that can provide this resilience.", "mentionContextAttributes": {"used": {"value": false, "score": 4.9114227294921875e-05}, "created": {"value": false, "score": 0.42785096168518066}, "shared": {"value": false, "score": 0.0002650618553161621}}, "documentContextAttributes": {"used": {"value": true, "score": 0.9544057250022888}, "created": {"value": false, "score": 0.42785096168518066}, "shared": {"value": true, "score": 0.9848789572715759}}}, {"type": "software", "software-type": "software", "software-name": {"rawForm": "TimeSide", "normalizedForm": "TimeSide", "offsetStart": 28, "offsetEnd": 36}, "context": "https://github.com/Parisson/TimeSide/", "mentionContextAttributes": {"used": {"value": false, "score": 0.00032770633697509766}, "created": {"value": false, "score": 2.110004425048828e-05}, "shared": {"value": true, "score": 0.9848789572715759}}, "documentContextAttributes": {"used": {"value": true, "score": 0.9544057250022888}, "created": {"value": false, "score": 0.42785096168518066}, "shared": {"value": true, "score": 0.9848789572715759}}}, {"type": "software", "software-type": "software", "software-name": {"rawForm": "TimeSide", "normalizedForm": "TimeSide", "offsetStart": 33, "offsetEnd": 41}, "context": "For example, IR-CAM linked their TimeSide analysis and annotation tool to make on-demand audio analysis possible.", "mentionContextAttributes": {"used": {"value": true, "score": 0.9544057250022888}, "created": {"value": false, "score": 0.001151442527770996}, "shared": {"value": false, "score": 1.1920928955078125e-07}}, "documentContextAttributes": {"used": {"value": true, "score": 0.9544057250022888}, "created": {"value": false, "score": 0.42785096168518066}, "shared": {"value": true, "score": 0.9848789572715759}}}, {"type": "software", "software-type": "software", "software-name": {"rawForm": "WASABI Interactive Navigator", "normalizedForm": "WASABI Interactive Navigator", "offsetStart": 127, "offsetEnd": 155}, "context": "These metadata, computational analyses and Web Audio applications have now been gathered in one easy-to-use web interface, the WASABI Interactive Navigator, which is presented in this paper.", "mentionContextAttributes": {"used": {"value": false, "score": 0.018132328987121582}, "created": {"value": false, "score": 0.27947086095809937}, "shared": {"value": false, "score": 0.0008161664009094238}}, "documentContextAttributes": {"used": {"value": false, "score": 0.018132328987121582}, "created": {"value": false, "score": 0.27947086095809937}, "shared": {"value": false, "score": 0.0008161664009094238}}}, {"type": "software", "software-type": "software", "software-name": {"rawForm": "TimeSide", "normalizedForm": "TimeSide", "offsetStart": 156, "offsetEnd": 164}, "context": "In the context of the WASABI project, we demonstrate how the service (see Figure 1) can be used on demand by a master semantical application that will feed TimeSide with URLs coming from various providers (YouTube, Deezer, etc.) and then dynamically return the analysis data to the client application to feed Web Audio based tools.", "mentionContextAttributes": {"used": {"value": false, "score": 0.001385331153869629}, "created": {"value": false, "score": 0.239904522895813}, "shared": {"value": false, "score": 1.3232231140136719e-05}}, "documentContextAttributes": {"used": {"value": true, "score": 0.9544057250022888}, "created": {"value": false, "score": 0.42785096168518066}, "shared": {"value": true, "score": 0.9848789572715759}}}], "references": [], "runtime": 75232, "id": "7edaf82ee85c6d06b6206624b790087506df4466", "metadata": {"id": "7edaf82ee85c6d06b6206624b790087506df4466"}, "original_file_path": "../../datalake/Samuel/SOFTware-Sync/data/xml_files/hal-02366730.grobid.tei.xml", "file_name": "hal-02366730.grobid.tei.xml"}