{"application": "software-mentions", "version": "0.8.0", "date": "2024-04-12T16:10+0000", "md5": "2171F090B0A1E31F84317B18E13DB4B3", "mentions": [{"type": "software", "software-type": "software", "software-name": {"rawForm": "TransE", "normalizedForm": "TransE", "offsetStart": 0, "offsetEnd": 6}, "context": "TransE's score function for facts is thens + po l (l = {1, 2}).", "mentionContextAttributes": {"used": {"value": false, "score": 0.36198610067367554}, "created": {"value": false, "score": 6.854534149169922e-06}, "shared": {"value": false, "score": 2.980232238769531e-07}}, "documentContextAttributes": {"used": {"value": true, "score": 0.9936391711235046}, "created": {"value": false, "score": 5.143880844116211e-05}, "shared": {"value": false, "score": 4.172325134277344e-07}}, "references": [{"label": "[4]", "normalizedForm": "[4]", "refKey": 4}]}, {"type": "software", "software-type": "software", "software-name": {"rawForm": "TransE", "normalizedForm": "TransE", "offsetStart": 13, "offsetEnd": 19}, "context": "For example, TransE [4] learns d-dimensional embeddings (in bold) for predicates and entities such that s + p \u2248 o, if p(s, o) holds in reality.", "mentionContextAttributes": {"used": {"value": false, "score": 4.547834396362305e-05}, "created": {"value": false, "score": 4.351139068603516e-06}, "shared": {"value": false, "score": 2.980232238769531e-07}}, "documentContextAttributes": {"used": {"value": true, "score": 0.9936391711235046}, "created": {"value": false, "score": 5.143880844116211e-05}, "shared": {"value": false, "score": 4.172325134277344e-07}}, "references": [{"label": "[4]", "normalizedForm": "[4]", "refKey": 4, "offsetStart": 2560, "offsetEnd": 2563}]}, {"type": "software", "software-type": "software", "software-name": {"rawForm": "Torch-KGE", "normalizedForm": "Torch-KGE", "offsetStart": 52, "offsetEnd": 61}, "context": "We used the implementations and data offered by the Torch-KGE library [5].", "mentionContextAttributes": {"used": {"value": true, "score": 0.9996694326400757}, "created": {"value": false, "score": 0.00023794174194335938}, "shared": {"value": false, "score": 1.7881393432617188e-07}}, "documentContextAttributes": {"used": {"value": true, "score": 0.9996694326400757}, "created": {"value": false, "score": 0.00023794174194335938}, "shared": {"value": false, "score": 1.7881393432617188e-07}}, "references": [{"label": "[5]", "normalizedForm": "[5]", "refKey": 5, "offsetStart": 15502, "offsetEnd": 15505}]}, {"type": "software", "software-type": "software", "software-name": {"rawForm": "TransE", "normalizedForm": "TransE", "offsetStart": 66, "offsetEnd": 72}, "context": "That is the case for pure embedding-based link predictors such as TransE [4] or ComplEx [31].", "mentionContextAttributes": {"used": {"value": false, "score": 0.00014352798461914062}, "created": {"value": false, "score": 1.5079975128173828e-05}, "shared": {"value": false, "score": 1.7881393432617188e-07}}, "documentContextAttributes": {"used": {"value": true, "score": 0.9936391711235046}, "created": {"value": false, "score": 5.143880844116211e-05}, "shared": {"value": false, "score": 4.172325134277344e-07}}, "references": [{"label": "[4]", "normalizedForm": "[4]", "refKey": 4, "offsetStart": 8065, "offsetEnd": 8068}]}, {"type": "software", "software-type": "software", "software-name": {"rawForm": "TransE", "normalizedForm": "TransE", "offsetStart": 79, "offsetEnd": 89}, "context": "Those interactions are modeled as geometrical operations, e.g., translation in TransE [4] where s + p \u2248 o for true facts p(s, o) (s, p, o \u2208 R d ), or rotation in RotatE [30]. ", "mentionContextAttributes": {"used": {"value": false, "score": 0.2561720609664917}, "created": {"value": false, "score": 9.953975677490234e-06}, "shared": {"value": false, "score": 4.172325134277344e-07}}, "documentContextAttributes": {"used": {"value": true, "score": 0.9936391711235046}, "created": {"value": false, "score": 5.143880844116211e-05}, "shared": {"value": false, "score": 4.172325134277344e-07}}, "references": [{"label": "[4]", "normalizedForm": "[4]", "refKey": 4}]}, {"type": "software", "software-type": "software", "software-name": {"rawForm": "TransE", "normalizedForm": "TransE", "offsetStart": 84, "offsetEnd": 90}, "context": "On fb15k-237 with global scopes, for example, the number of unique rules mined from TransE increases from 1k to 193k.", "mentionContextAttributes": {"used": {"value": false, "score": 0.019450068473815918}, "created": {"value": false, "score": 5.424022674560547e-06}, "shared": {"value": false, "score": 2.980232238769531e-07}}, "documentContextAttributes": {"used": {"value": true, "score": 0.9936391711235046}, "created": {"value": false, "score": 5.143880844116211e-05}, "shared": {"value": false, "score": 4.172325134277344e-07}}, "references": [{"label": "[4]", "normalizedForm": "[4]", "refKey": 4}]}, {"type": "software", "software-type": "software", "software-name": {"rawForm": "TransE", "normalizedForm": "TransE", "offsetStart": 152, "offsetEnd": 158}, "context": "A key observation is that the different link predictors do not seem to rely on the same information -as suggested by rules (1) and ( 2) for ComplEx and TransE on fb15k-237.", "mentionContextAttributes": {"used": {"value": true, "score": 0.6003782749176025}, "created": {"value": false, "score": 6.616115570068359e-06}, "shared": {"value": false, "score": 1.7881393432617188e-07}}, "documentContextAttributes": {"used": {"value": true, "score": 0.9936391711235046}, "created": {"value": false, "score": 5.143880844116211e-05}, "shared": {"value": false, "score": 4.172325134277344e-07}}, "references": [{"label": "[4]", "normalizedForm": "[4]", "refKey": 4}]}, {"type": "software", "software-type": "software", "software-name": {"rawForm": "TransE", "normalizedForm": "TransE", "offsetStart": 153, "offsetEnd": 159}, "context": "This is supported by the fact that among the 47 predicates for which ComplEx finds global explanations with bounded atoms, only 3 have common rules with TransE.", "mentionContextAttributes": {"used": {"value": false, "score": 0.0033178329467773438}, "created": {"value": false, "score": 5.143880844116211e-05}, "shared": {"value": false, "score": 2.980232238769531e-07}}, "documentContextAttributes": {"used": {"value": true, "score": 0.9936391711235046}, "created": {"value": false, "score": 5.143880844116211e-05}, "shared": {"value": false, "score": 4.172325134277344e-07}}, "references": [{"label": "[4]", "normalizedForm": "[4]", "refKey": 4}]}, {"type": "software", "software-type": "software", "software-name": {"rawForm": "RotatE", "normalizedForm": "RotatE", "offsetStart": 162, "offsetEnd": 172}, "context": "Those interactions are modeled as geometrical operations, e.g., translation in TransE [4] where s + p \u2248 o for true facts p(s, o) (s, p, o \u2208 R d ), or rotation in RotatE [30]. ", "mentionContextAttributes": {"used": {"value": false, "score": 0.2561720013618469}, "created": {"value": false, "score": 9.894371032714844e-06}, "shared": {"value": false, "score": 3.5762786865234375e-07}}, "documentContextAttributes": {"used": {"value": false, "score": 0.2561720013618469}, "created": {"value": false, "score": 9.894371032714844e-06}, "shared": {"value": false, "score": 3.5762786865234375e-07}}}, {"type": "software", "software-type": "software", "software-name": {"rawForm": "TransE", "normalizedForm": "TransE", "offsetStart": 168, "offsetEnd": 174}, "context": "While the baseline provides explanations for 18 different predicates for ComplEx on fb15k-237, allowing bounded rules increases the coverage to 58 predicates (HolE and TransE exhibit comparable increases).", "mentionContextAttributes": {"used": {"value": false, "score": 0.021475136280059814}, "created": {"value": false, "score": 5.125999450683594e-06}, "shared": {"value": false, "score": 1.1920928955078125e-07}}, "documentContextAttributes": {"used": {"value": true, "score": 0.9936391711235046}, "created": {"value": false, "score": 5.143880844116211e-05}, "shared": {"value": false, "score": 4.172325134277344e-07}}, "references": [{"label": "[4]", "normalizedForm": "[4]", "refKey": 4}]}, {"type": "software", "software-type": "software", "software-name": {"rawForm": "TransE", "normalizedForm": "TransE", "offsetStart": 169, "offsetEnd": 175}, "context": "We resort to the benchmark datasets fb15k-237, wn18rr, and yago3-10, on which we trained the bilinear methods ComplEx [31] and HolE [21], and the translational approach TransE [4].", "mentionContextAttributes": {"used": {"value": true, "score": 0.9936391711235046}, "created": {"value": false, "score": 8.463859558105469e-06}, "shared": {"value": false, "score": 1.1920928955078125e-07}}, "documentContextAttributes": {"used": {"value": true, "score": 0.9936391711235046}, "created": {"value": false, "score": 5.143880844116211e-05}, "shared": {"value": false, "score": 4.172325134277344e-07}}, "references": [{"label": "[4]", "normalizedForm": "[4]", "refKey": 4, "offsetStart": 15427, "offsetEnd": 15430}]}], "references": [{"refKey": 4, "tei": "<biblStruct xml:id=\"b4\">\n\t<analytic>\n\t\t<title level=\"a\" type=\"main\">Translating Embeddings for Modeling Multi-relational Data</title>\n\t\t<author>\n\t\t\t<persName><forename type=\"first\">Antoine</forename><surname>Bordes</surname></persName>\n\t\t</author>\n\t\t<author>\n\t\t\t<persName><forename type=\"first\">Nicolas</forename><surname>Usunier</surname></persName>\n\t\t</author>\n\t\t<author>\n\t\t\t<persName><forename type=\"first\">Alberto</forename><surname>Garcia-Duran</surname></persName>\n\t\t</author>\n\t\t<author>\n\t\t\t<persName><forename type=\"first\">Jason</forename><surname>Weston</surname></persName>\n\t\t</author>\n\t\t<author>\n\t\t\t<persName><forename type=\"first\">Oksana</forename><surname>Yakhnenko</surname></persName>\n\t\t</author>\n\t</analytic>\n\t<monogr>\n\t\t<title level=\"m\">Advances in Neural Information Processing Systems</title>\n\t\t<imprint>\n\t\t\t<date>2013</date>\n\t\t\t<biblScope unit=\"volume\">26</biblScope>\n\t\t</imprint>\n\t</monogr>\n</biblStruct>\n"}, {"refKey": 5, "tei": "<biblStruct xml:id=\"b5\">\n\t<analytic>\n\t\t<title level=\"a\" type=\"main\">TorchKGE: Knowledge Graph Embedding in Python and Py-Torch</title>\n\t\t<author>\n\t\t\t<persName><forename type=\"first\">Armand</forename><surname>Boschin</surname></persName>\n\t\t</author>\n\t</analytic>\n\t<monogr>\n\t\t<title level=\"m\">International Workshop on Knowledge Graphs</title>\n\t\t<imprint>\n\t\t\t<date>2020</date>\n\t\t</imprint>\n\t</monogr>\n</biblStruct>\n"}], "runtime": 66659, "id": "440c8bad3404eca7ba8482f1aa6d0afcdeb0c7e2", "metadata": {"id": "440c8bad3404eca7ba8482f1aa6d0afcdeb0c7e2"}, "original_file_path": "../../datalake/Samuel/SOFTware-Sync/data/xml_files/hal-04132499.grobid.tei.xml", "file_name": "hal-04132499.grobid.tei.xml"}