{"application": "software-mentions", "version": "0.8.0", "date": "2024-04-12T16:09+0000", "md5": "44DCEBE86BA90CF6ED8A5123015B1DB4", "mentions": [{"type": "software", "software-type": "software", "software-name": {"rawForm": "TopINC", "normalizedForm": "TopINC", "offsetStart": 0, "offsetEnd": 6}, "context": "TopINC and Theorem 2 are established for conjunctive queries, which are by definition monotonic queries (i.e. for which a partial output can be computed starting  from a partial input).", "mentionContextAttributes": {"used": {"value": false, "score": 0.001262962818145752}, "created": {"value": false, "score": 0.00013875961303710938}, "shared": {"value": false, "score": 4.172325134277344e-07}}, "documentContextAttributes": {"used": {"value": true, "score": 0.9999914765357971}, "created": {"value": true, "score": 0.9999061226844788}, "shared": {"value": false, "score": 8.940696716308594e-07}}}, {"type": "software", "software-type": "software", "software-name": {"rawForm": "TopINC", "normalizedForm": "TopINC", "offsetStart": 0, "offsetEnd": 6}, "context": "TopINC Performance vs. baseline.", "mentionContextAttributes": {"used": {"value": true, "score": 0.9991234540939331}, "created": {"value": false, "score": 2.5093555450439453e-05}, "shared": {"value": false, "score": 5.364418029785156e-07}}, "documentContextAttributes": {"used": {"value": true, "score": 0.9999914765357971}, "created": {"value": true, "score": 0.9999061226844788}, "shared": {"value": false, "score": 8.940696716308594e-07}}}, {"type": "software", "software-type": "software", "software-name": {"rawForm": "TopINC", "normalizedForm": "TopINC", "offsetStart": 4, "offsetEnd": 10}, "context": "The TopINC continues to read in selected buckets in jB.", "mentionContextAttributes": {"used": {"value": false, "score": 0.0026151537895202637}, "created": {"value": false, "score": 8.255243301391602e-05}, "shared": {"value": false, "score": 1.7881393432617188e-07}}, "documentContextAttributes": {"used": {"value": true, "score": 0.9999914765357971}, "created": {"value": true, "score": 0.9999061226844788}, "shared": {"value": false, "score": 8.940696716308594e-07}}}, {"type": "software", "software-type": "software", "software-name": {"rawForm": "TopINC", "normalizedForm": "TopINC", "offsetStart": 4, "offsetEnd": 10}, "context": "The TopINC algorihtm proceeds one level at a time.", "mentionContextAttributes": {"used": {"value": false, "score": 0.0021137595176696777}, "created": {"value": false, "score": 1.4722347259521484e-05}, "shared": {"value": false, "score": 2.980232238769531e-07}}, "documentContextAttributes": {"used": {"value": true, "score": 0.9999914765357971}, "created": {"value": true, "score": 0.9999061226844788}, "shared": {"value": false, "score": 8.940696716308594e-07}}}, {"type": "software", "software-type": "software", "software-name": {"rawForm": "TopINC", "normalizedForm": "TopINC", "offsetStart": 7, "offsetEnd": 13}, "context": "Hence, TopINC strictly computes the answers that belong to the output (and the algorithm stops when k answers are computed).", "mentionContextAttributes": {"used": {"value": false, "score": 0.0005232691764831543}, "created": {"value": false, "score": 1.1742115020751953e-05}, "shared": {"value": false, "score": 2.980232238769531e-07}}, "documentContextAttributes": {"used": {"value": true, "score": 0.9999914765357971}, "created": {"value": true, "score": 0.9999061226844788}, "shared": {"value": false, "score": 8.940696716308594e-07}}}, {"type": "software", "software-type": "software", "software-name": {"rawForm": "TopINC", "normalizedForm": "TopINC", "offsetStart": 7, "offsetEnd": 13}, "context": "Hence, TopINC strictly computes the answers that belong to the output (and the algorithm stops when k answers are computed).", "mentionContextAttributes": {"used": {"value": false, "score": 0.0005232691764831543}, "created": {"value": false, "score": 1.1742115020751953e-05}, "shared": {"value": false, "score": 2.980232238769531e-07}}, "documentContextAttributes": {"used": {"value": true, "score": 0.9999914765357971}, "created": {"value": true, "score": 0.9999061226844788}, "shared": {"value": false, "score": 8.940696716308594e-07}}}, {"type": "software", "software-type": "software", "software-name": {"rawForm": "TopINC", "normalizedForm": "TopINC", "offsetStart": 13, "offsetEnd": 19}, "context": "In addition, TopINC processes the regions sequencially in increasing order of their inconsistency degrees (i.e, starting from region of inconsistency degree 0 to upper degrees of inconsistency).", "mentionContextAttributes": {"used": {"value": false, "score": 0.001721024513244629}, "created": {"value": false, "score": 3.516674041748047e-06}, "shared": {"value": false, "score": 2.980232238769531e-07}}, "documentContextAttributes": {"used": {"value": true, "score": 0.9999914765357971}, "created": {"value": true, "score": 0.9999061226844788}, "shared": {"value": false, "score": 8.940696716308594e-07}}}, {"type": "software", "software-type": "software", "software-name": {"rawForm": "TopINC", "normalizedForm": "TopINC", "offsetStart": 14, "offsetEnd": 20}, "context": "The algorithm TopINC follows a level-wise sequencing of the iterations, where each level denotes the inconsistency degree of the answers computed at this level (c.f., lines 3-7 of algorithm 1). ", "mentionContextAttributes": {"used": {"value": false, "score": 0.06769251823425293}, "created": {"value": false, "score": 7.927417755126953e-06}, "shared": {"value": false, "score": 2.980232238769531e-07}}, "documentContextAttributes": {"used": {"value": true, "score": 0.9999914765357971}, "created": {"value": true, "score": 0.9999061226844788}, "shared": {"value": false, "score": 8.940696716308594e-07}}}, {"type": "software", "software-type": "software", "software-name": {"rawForm": "TopINC", "normalizedForm": "TopINC", "offsetStart": 14, "offsetEnd": 20}, "context": "The algorithm TopINC (blue bar) can be up to 2 8 times faster than the baseline approach as shown in Figure 7.a. ", "mentionContextAttributes": {"used": {"value": false, "score": 0.000164031982421875}, "created": {"value": false, "score": 1.0192394256591797e-05}, "shared": {"value": false, "score": 2.980232238769531e-07}}, "documentContextAttributes": {"used": {"value": true, "score": 0.9999914765357971}, "created": {"value": true, "score": 0.9999061226844788}, "shared": {"value": false, "score": 8.940696716308594e-07}}}, {"type": "software", "software-type": "software", "software-name": {"rawForm": "TopINC", "normalizedForm": "TopINC", "offsetStart": 14, "offsetEnd": 20}, "context": "Optimality of TopINC.", "mentionContextAttributes": {"used": {"value": true, "score": 0.9618275761604309}, "created": {"value": false, "score": 2.8192996978759766e-05}, "shared": {"value": false, "score": 1.7881393432617188e-07}}, "documentContextAttributes": {"used": {"value": true, "score": 0.9999914765357971}, "created": {"value": true, "score": 0.9999061226844788}, "shared": {"value": false, "score": 8.940696716308594e-07}}}, {"type": "software", "software-type": "software", "software-name": {"rawForm": "TopINC", "normalizedForm": "TopINC", "offsetStart": 16, "offsetEnd": 22}, "context": "We observe that TopINC always consumes less memory than the baseline.", "mentionContextAttributes": {"used": {"value": false, "score": 0.0016886591911315918}, "created": {"value": false, "score": 4.166364669799805e-05}, "shared": {"value": false, "score": 2.980232238769531e-07}}, "documentContextAttributes": {"used": {"value": true, "score": 0.9999914765357971}, "created": {"value": true, "score": 0.9999061226844788}, "shared": {"value": false, "score": 8.940696716308594e-07}}}, {"type": "software", "software-type": "software", "software-name": {"rawForm": "TopINC", "normalizedForm": "TopINC", "offsetStart": 16, "offsetEnd": 22}, "context": "Notice that the TopINC algorithm is only sensitive to the class of queries and unsensitive to the class of constraints, the latter being hardcoded in the inconsistency annotations.", "mentionContextAttributes": {"used": {"value": false, "score": 0.000840604305267334}, "created": {"value": false, "score": 2.9742717742919922e-05}, "shared": {"value": false, "score": 2.980232238769531e-07}}, "documentContextAttributes": {"used": {"value": true, "score": 0.9999914765357971}, "created": {"value": true, "score": 0.9999061226844788}, "shared": {"value": false, "score": 8.940696716308594e-07}}}, {"type": "software", "software-type": "software", "software-name": {"rawForm": "TopINC", "normalizedForm": "TopINC", "offsetStart": 17, "offsetEnd": 23}, "context": "One can see that TopINC outperforms the baseline in all cases and is particularly advantageous with larger query outputs and smaller search space.. ", "mentionContextAttributes": {"used": {"value": false, "score": 0.00010401010513305664}, "created": {"value": false, "score": 0.000202178955078125}, "shared": {"value": false, "score": 2.980232238769531e-07}}, "documentContextAttributes": {"used": {"value": true, "score": 0.9999914765357971}, "created": {"value": true, "score": 0.9999061226844788}, "shared": {"value": false, "score": 8.940696716308594e-07}}}, {"type": "software", "software-type": "software", "software-name": {"rawForm": "IterateJoin", "normalizedForm": "IterateJoin", "offsetStart": 22, "offsetEnd": 33}, "context": "For each level l, the IterateJoin procedure (Algorithm 2) explores the input relations sequentially from R1 to Rn (lines 11 to 14). ", "mentionContextAttributes": {"used": {"value": false, "score": 0.26852089166641235}, "created": {"value": false, "score": 4.351139068603516e-06}, "shared": {"value": false, "score": 2.980232238769531e-07}}, "documentContextAttributes": {"used": {"value": true, "score": 0.9588233232498169}, "created": {"value": false, "score": 1.6808509826660156e-05}, "shared": {"value": false, "score": 5.364418029785156e-07}}}, {"type": "software", "software-type": "software", "software-name": {"rawForm": "TopINC", "normalizedForm": "TopINC", "offsetStart": 26, "offsetEnd": 32}, "context": "As one can easily notice, TopINC belongs to SBA. ", "mentionContextAttributes": {"used": {"value": false, "score": 0.11434251070022583}, "created": {"value": false, "score": 3.737211227416992e-05}, "shared": {"value": false, "score": 5.364418029785156e-07}}, "documentContextAttributes": {"used": {"value": true, "score": 0.9999914765357971}, "created": {"value": true, "score": 0.9999061226844788}, "shared": {"value": false, "score": 8.940696716308594e-07}}}, {"type": "software", "software-type": "software", "software-name": {"rawForm": "IterateJoin", "normalizedForm": "IterateJoin", "offsetStart": 28, "offsetEnd": 39}, "context": "For each input relation Rp, IterateJoin uses the index ind(Rp) to identify the buckets of Rp that are worthwhile to consider for the join (i.e., the buckets to be loaded in jB[p]), i.e., those buckets whose label size's is less than l (line 5). ", "mentionContextAttributes": {"used": {"value": true, "score": 0.9588233232498169}, "created": {"value": false, "score": 3.159046173095703e-06}, "shared": {"value": false, "score": 5.364418029785156e-07}}, "documentContextAttributes": {"used": {"value": true, "score": 0.9588233232498169}, "created": {"value": false, "score": 1.6808509826660156e-05}, "shared": {"value": false, "score": 5.364418029785156e-07}}}, {"type": "software", "software-type": "software", "software-name": {"rawForm": "TopINC", "normalizedForm": "TopINC", "offsetStart": 34, "offsetEnd": 40}, "context": "A query Q k,\u03b1 is evaluated by the TopINC in time O(n m ) and in space", "mentionContextAttributes": {"used": {"value": true, "score": 0.9709008932113647}, "created": {"value": false, "score": 3.2782554626464844e-06}, "shared": {"value": false, "score": 1.7881393432617188e-07}}, "documentContextAttributes": {"used": {"value": true, "score": 0.9999914765357971}, "created": {"value": true, "score": 0.9999061226844788}, "shared": {"value": false, "score": 8.940696716308594e-07}}}, {"type": "software", "software-type": "software", "software-name": {"rawForm": "TopInc", "normalizedForm": "TopInc", "offsetStart": 37, "offsetEnd": 43}, "context": "The reason for that is the fact that TopInc for higher values of k and higher number of joins in the query will inspect more buckets and try to perform more joins that will likely produce no answers. ", "mentionContextAttributes": {"used": {"value": false, "score": 0.00332033634185791}, "created": {"value": false, "score": 2.9742717742919922e-05}, "shared": {"value": false, "score": 2.980232238769531e-07}}, "documentContextAttributes": {"used": {"value": false, "score": 0.00332033634185791}, "created": {"value": false, "score": 0.00011974573135375977}, "shared": {"value": false, "score": 2.980232238769531e-07}}}, {"type": "software", "software-type": "software", "wikidataId": "Q192490", "wikipediaExternalRef": 23824, "lang": "en", "confidence": 0.9154, "software-name": {"rawForm": "PostgreSQL", "normalizedForm": "PostgreSQL", "wikidataId": "Q192490", "wikipediaExternalRef": 23824, "lang": "en", "confidence": 0.9154, "offsetStart": 37, "offsetEnd": 47}, "version": {"rawForm": "10", "normalizedForm": "10", "offsetStart": 48, "offsetEnd": 50}, "context": "We have implemented our framework in PostgreSQL 10 by leveragingPLSQL and JDK 11. ", "mentionContextAttributes": {"used": {"value": false, "score": 0.001339554786682129}, "created": {"value": true, "score": 0.905193030834198}, "shared": {"value": false, "score": 4.172325134277344e-07}}, "documentContextAttributes": {"used": {"value": false, "score": 0.001339554786682129}, "created": {"value": true, "score": 0.9773736596107483}, "shared": {"value": false, "score": 6.556510925292969e-07}}}, {"type": "software", "software-type": "software", "software-name": {"rawForm": "TopINC", "normalizedForm": "TopINC", "offsetStart": 39, "offsetEnd": 45}, "context": "These tuples are captured when running TopINC for top-100 tuples starting from the most inconsistent ones as illustrated in Table 5.c. ", "mentionContextAttributes": {"used": {"value": true, "score": 0.795877993106842}, "created": {"value": false, "score": 1.1026859283447266e-05}, "shared": {"value": false, "score": 1.7881393432617188e-07}}, "documentContextAttributes": {"used": {"value": true, "score": 0.9999914765357971}, "created": {"value": true, "score": 0.9999061226844788}, "shared": {"value": false, "score": 8.940696716308594e-07}}}, {"type": "software", "software-type": "software", "software-name": {"rawForm": "TopINC", "normalizedForm": "TopINC", "offsetStart": 42, "offsetEnd": 48}, "context": "The intuition behind our proof is that if TopINC explores a region Z that is not explored by AL then AL is not correct (i.e., it do not correctly compute the top-k answers).", "mentionContextAttributes": {"used": {"value": false, "score": 0.33083051443099976}, "created": {"value": false, "score": 0.0001220703125}, "shared": {"value": false, "score": 2.980232238769531e-07}}, "documentContextAttributes": {"used": {"value": true, "score": 0.9999914765357971}, "created": {"value": true, "score": 0.9999061226844788}, "shared": {"value": false, "score": 8.940696716308594e-07}}}, {"type": "software", "software-type": "software", "software-name": {"rawForm": "IterateJoin", "normalizedForm": "IterateJoin", "offsetStart": 43, "offsetEnd": 54}, "context": "When intermediate inputs are explored, the IterateJoin algorithm ensures that |curV Set| does not exceed the current inconsistency level l (line 5 and line 11).", "mentionContextAttributes": {"used": {"value": false, "score": 0.0023499727249145508}, "created": {"value": false, "score": 8.046627044677734e-06}, "shared": {"value": false, "score": 1.7881393432617188e-07}}, "documentContextAttributes": {"used": {"value": true, "score": 0.9588233232498169}, "created": {"value": false, "score": 1.6808509826660156e-05}, "shared": {"value": false, "score": 5.364418029785156e-07}}}, {"type": "software", "software-type": "software", "software-name": {"rawForm": "TopINC", "normalizedForm": "TopINC", "offsetStart": 44, "offsetEnd": 50}, "context": "In second part, we empirically evaluate the TopINC algorithm to perform top-k query answering.", "mentionContextAttributes": {"used": {"value": true, "score": 0.9767810106277466}, "created": {"value": true, "score": 0.5471095442771912}, "shared": {"value": false, "score": 1.7881393432617188e-07}}, "documentContextAttributes": {"used": {"value": true, "score": 0.9999914765357971}, "created": {"value": true, "score": 0.9999061226844788}, "shared": {"value": false, "score": 8.940696716308594e-07}}}, {"type": "software", "software-type": "software", "software-name": {"rawForm": "TopINC", "normalizedForm": "TopINC", "offsetStart": 48, "offsetEnd": 54}, "context": "Precisely, we wanted to study the dependency of TopINC on the following parameters: the number of answers to be returned (k), the number of violated constraints (DC), the size of search space formed by DC (i.e, the number of subsets of constraints violated by base tuples) and the exact size of output of Q (i.e, |Q(I)|). ", "mentionContextAttributes": {"used": {"value": true, "score": 0.9998183250427246}, "created": {"value": false, "score": 1.6629695892333984e-05}, "shared": {"value": false, "score": 5.364418029785156e-07}}, "documentContextAttributes": {"used": {"value": true, "score": 0.9999914765357971}, "created": {"value": true, "score": 0.9999061226844788}, "shared": {"value": false, "score": 8.940696716308594e-07}}}, {"type": "software", "software-type": "software", "wikidataId": "Q192490", "wikipediaExternalRef": 23824, "lang": "en", "confidence": 0.9154, "software-name": {"rawForm": "PostgreSQL", "normalizedForm": "PostgreSQL", "wikidataId": "Q192490", "wikipediaExternalRef": 23824, "lang": "en", "confidence": 0.9154, "offsetStart": 52, "offsetEnd": 62}, "version": {"rawForm": "10", "normalizedForm": "10"}, "context": "We have implemented a baseline algorithm leveraging PostgreSQL, where all answers of a query are computed beforehand and then sorted (ORDER BY) and filtered (LIMIT k). Figure 7 shows the performance of TopINC (with k varying from 10 to 300) as opposed to the aforementioned baseline algorithm.", "mentionContextAttributes": {"used": {"value": false, "score": 0.000538945198059082}, "created": {"value": true, "score": 0.9773736596107483}, "shared": {"value": false, "score": 6.556510925292969e-07}}, "documentContextAttributes": {"used": {"value": false, "score": 0.001339554786682129}, "created": {"value": true, "score": 0.9773736596107483}, "shared": {"value": false, "score": 6.556510925292969e-07}}}, {"type": "software", "software-type": "software", "software-name": {"rawForm": "TopINC", "normalizedForm": "TopINC", "offsetStart": 56, "offsetEnd": 62}, "context": "We illustrate the processing of query Q 2,CBS ex (I) by TopINC.", "mentionContextAttributes": {"used": {"value": true, "score": 0.9999914765357971}, "created": {"value": false, "score": 6.854534149169922e-06}, "shared": {"value": false, "score": 1.7881393432617188e-07}}, "documentContextAttributes": {"used": {"value": true, "score": 0.9999914765357971}, "created": {"value": true, "score": 0.9999061226844788}, "shared": {"value": false, "score": 8.940696716308594e-07}}}, {"type": "software", "software-type": "software", "software-name": {"rawForm": "TopINC", "normalizedForm": "TopINC", "offsetStart": 60, "offsetEnd": 66}, "context": "Hence, this processing ensures that the K answers output by TopINC are correct.", "mentionContextAttributes": {"used": {"value": true, "score": 0.9892614483833313}, "created": {"value": false, "score": 4.667043685913086e-05}, "shared": {"value": false, "score": 1.7881393432617188e-07}}, "documentContextAttributes": {"used": {"value": true, "score": 0.9999914765357971}, "created": {"value": true, "score": 0.9999061226844788}, "shared": {"value": false, "score": 8.940696716308594e-07}}}, {"type": "software", "software-type": "software", "software-name": {"rawForm": "TopINC", "normalizedForm": "TopINC", "offsetStart": 64, "offsetEnd": 70}, "context": "In this section, we present our top-k ranking algorithm, called TopINC, for top-k queries under both inconsistency measures CBM and CBS.", "mentionContextAttributes": {"used": {"value": false, "score": 0.00010818243026733398}, "created": {"value": true, "score": 0.9999061226844788}, "shared": {"value": false, "score": 1.7881393432617188e-07}}, "documentContextAttributes": {"used": {"value": true, "score": 0.9999914765357971}, "created": {"value": true, "score": 0.9999061226844788}, "shared": {"value": false, "score": 8.940696716308594e-07}}}, {"type": "software", "software-type": "software", "software-name": {"rawForm": "TopINC", "normalizedForm": "TopINC", "offsetStart": 67, "offsetEnd": 73}, "context": "This lemma is a consequence of the level-wise approach followed by TopINC which ensures that query answers are computed in the ascending order of their inconsistency degree.", "mentionContextAttributes": {"used": {"value": false, "score": 0.0010089874267578125}, "created": {"value": false, "score": 1.3530254364013672e-05}, "shared": {"value": false, "score": 1.7881393432617188e-07}}, "documentContextAttributes": {"used": {"value": true, "score": 0.9999914765357971}, "created": {"value": true, "score": 0.9999061226844788}, "shared": {"value": false, "score": 8.940696716308594e-07}}}, {"type": "software", "software-type": "software", "software-name": {"rawForm": "TopINC", "normalizedForm": "TopINC", "offsetStart": 67, "offsetEnd": 73}, "context": "This lemma is a consequence of the level-wise approach followed by TopINC which ensures that query answers are computed in the ascending order of their inconsistency degree.", "mentionContextAttributes": {"used": {"value": false, "score": 0.0010089874267578125}, "created": {"value": false, "score": 1.3530254364013672e-05}, "shared": {"value": false, "score": 1.7881393432617188e-07}}, "documentContextAttributes": {"used": {"value": true, "score": 0.9999914765357971}, "created": {"value": true, "score": 0.9999061226844788}, "shared": {"value": false, "score": 8.940696716308594e-07}}}, {"type": "software", "software-type": "software", "software-name": {"rawForm": "TopInc", "normalizedForm": "TopInc", "offsetStart": 68, "offsetEnd": 74}, "context": "There is only one query, i.e. the most complex query Q14, for which TopInc has lower performance compared to the baseline, starting from a value of k \u2265 200. ", "mentionContextAttributes": {"used": {"value": false, "score": 0.0004265904426574707}, "created": {"value": false, "score": 5.751848220825195e-05}, "shared": {"value": false, "score": 2.980232238769531e-07}}, "documentContextAttributes": {"used": {"value": false, "score": 0.00332033634185791}, "created": {"value": false, "score": 0.00011974573135375977}, "shared": {"value": false, "score": 2.980232238769531e-07}}}, {"type": "software", "software-type": "software", "software-name": {"rawForm": "TopINC", "normalizedForm": "TopINC", "offsetStart": 70, "offsetEnd": 76}, "context": "In order process the query Q k,\u03b1 , with \u03b1 \u2208 {CBS, CBM }, the algoritm TopINC (c.f., Algorithm 1) takes as input: the query Q k,\u03b1 , the indexes ind(Ri), with i \u2208 [1, m], one for each input relation and the set V iolC of the violated constraints obtained by unioning the labels of all the buckets in the indexes. ", "mentionContextAttributes": {"used": {"value": true, "score": 0.9990174174308777}, "created": {"value": false, "score": 3.159046173095703e-06}, "shared": {"value": false, "score": 8.940696716308594e-07}}, "documentContextAttributes": {"used": {"value": true, "score": 0.9999914765357971}, "created": {"value": true, "score": 0.9999061226844788}, "shared": {"value": false, "score": 8.940696716308594e-07}}}, {"type": "software", "software-type": "software", "wikidataId": "Q741303", "wikipediaExternalRef": 24920873, "lang": "en", "confidence": 0.8381, "software-name": {"rawForm": "JDK", "normalizedForm": "JDK", "wikidataId": "Q741303", "wikipediaExternalRef": 24920873, "lang": "en", "confidence": 0.8381, "offsetStart": 74, "offsetEnd": 77}, "context": "We have implemented our framework in PostgreSQL 10 by leveragingPLSQL and JDK 11. ", "mentionContextAttributes": {"used": {"value": false, "score": 0.001339554786682129}, "created": {"value": true, "score": 0.905193030834198}, "shared": {"value": false, "score": 4.172325134277344e-07}}, "documentContextAttributes": {"used": {"value": false, "score": 0.001339554786682129}, "created": {"value": true, "score": 0.905193030834198}, "shared": {"value": false, "score": 4.172325134277344e-07}}}, {"type": "software", "software-type": "software", "software-name": {"rawForm": "TopINC", "normalizedForm": "TopINC", "offsetStart": 74, "offsetEnd": 80}, "context": "We show that in this general class, and modulo non deterministic choices, TopINC is optimal w.r.t. the number of tuples read from the inputs.", "mentionContextAttributes": {"used": {"value": false, "score": 0.3663063645362854}, "created": {"value": false, "score": 3.635883331298828e-06}, "shared": {"value": false, "score": 1.7881393432617188e-07}}, "documentContextAttributes": {"used": {"value": true, "score": 0.9999914765357971}, "created": {"value": true, "score": 0.9999061226844788}, "shared": {"value": false, "score": 8.940696716308594e-07}}}, {"type": "software", "software-type": "software", "software-name": {"rawForm": "TopINC", "normalizedForm": "TopINC", "offsetStart": 80, "offsetEnd": 86}, "context": "The following two lemmas state the correctness and the worst case complexity of TopINC, respectively.", "mentionContextAttributes": {"used": {"value": true, "score": 0.9246494770050049}, "created": {"value": false, "score": 5.543231964111328e-06}, "shared": {"value": false, "score": 1.7881393432617188e-07}}, "documentContextAttributes": {"used": {"value": true, "score": 0.9999914765357971}, "created": {"value": true, "score": 0.9999061226844788}, "shared": {"value": false, "score": 8.940696716308594e-07}}}, {"type": "software", "software-type": "software", "software-name": {"rawForm": "TopINC", "normalizedForm": "TopINC", "offsetStart": 87, "offsetEnd": 93}, "context": "Theorem 2. For any instance I and any top-k conjunctive query Q k,\u03b1 , we have: cost \u2207 (TopINC, Q, I) \u2264 cost \u2207 (AL, Q, I), \u2200AL \u2208 SBA.", "mentionContextAttributes": {"used": {"value": false, "score": 0.2207167148590088}, "created": {"value": false, "score": 5.662441253662109e-06}, "shared": {"value": false, "score": 2.980232238769531e-07}}, "documentContextAttributes": {"used": {"value": true, "score": 0.9999914765357971}, "created": {"value": true, "score": 0.9999061226844788}, "shared": {"value": false, "score": 8.940696716308594e-07}}}, {"type": "software", "software-type": "software", "software-name": {"rawForm": "TopINC", "normalizedForm": "TopINC", "offsetStart": 92, "offsetEnd": 98}, "context": "But no additional answer is found and no others buckets in level 1 can be selected bringing TopINC to level 2. Finally, TopINC processes level 2 and then level 3 as shown in Figure 3 and halts when it reaches |res| = 2.", "mentionContextAttributes": {"used": {"value": false, "score": 0.0009947419166564941}, "created": {"value": false, "score": 1.5556812286376953e-05}, "shared": {"value": false, "score": 4.172325134277344e-07}}, "documentContextAttributes": {"used": {"value": true, "score": 0.9999914765357971}, "created": {"value": true, "score": 0.9999061226844788}, "shared": {"value": false, "score": 8.940696716308594e-07}}}, {"type": "software", "software-type": "software", "software-name": {"rawForm": "TopINC", "normalizedForm": "TopINC", "offsetStart": 93, "offsetEnd": 99}, "context": "As there is no additional answers (because k=2) and all tuples are read in selected buckets, TopINC jumps to the next level, i.e, the level 1.", "mentionContextAttributes": {"used": {"value": false, "score": 0.0026320219039916992}, "created": {"value": false, "score": 4.488229751586914e-05}, "shared": {"value": false, "score": 2.980232238769531e-07}}, "documentContextAttributes": {"used": {"value": true, "score": 0.9999914765357971}, "created": {"value": true, "score": 0.9999061226844788}, "shared": {"value": false, "score": 8.940696716308594e-07}}}, {"type": "software", "software-type": "software", "wikidataId": "Q14579", "wikipediaExternalRef": 21347315, "lang": "en", "confidence": 0.857, "software-name": {"rawForm": "Linux", "normalizedForm": "Linux", "wikidataId": "Q14579", "wikipediaExternalRef": 21347315, "lang": "en", "confidence": 0.857, "offsetStart": 95, "offsetEnd": 100}, "context": "All the experiments have been executed on a DELL Core i7 2.5 GHz laptop with 16 GB RAM running Linux OS. ", "mentionContextAttributes": {"used": {"value": true, "score": 0.9994785189628601}, "created": {"value": false, "score": 0.002178966999053955}, "shared": {"value": false, "score": 5.364418029785156e-07}}, "documentContextAttributes": {"used": {"value": true, "score": 0.9994785189628601}, "created": {"value": false, "score": 0.002178966999053955}, "shared": {"value": false, "score": 5.364418029785156e-07}}}, {"type": "software", "software-type": "software", "software-name": {"rawForm": "TopINC", "normalizedForm": "TopINC", "offsetStart": 103, "offsetEnd": 109}, "context": "Assume that there exists an algorithm AL \u2208 SBA that outputs Q k,\u03b1 (I) with cost \u2207 (AL, Q, I) < cost \u2207 (TopINC, Q, I).", "mentionContextAttributes": {"used": {"value": false, "score": 0.0025742650032043457}, "created": {"value": false, "score": 1.043081283569336e-05}, "shared": {"value": false, "score": 2.980232238769531e-07}}, "documentContextAttributes": {"used": {"value": true, "score": 0.9999914765357971}, "created": {"value": true, "score": 0.9999061226844788}, "shared": {"value": false, "score": 8.940696716308594e-07}}}, {"type": "software", "software-type": "software", "software-name": {"rawForm": "TopInc", "normalizedForm": "TopInc", "offsetStart": 106, "offsetEnd": 112}, "context": "Furthermore, notice that in all these experiments the baseline turns to have advantageous with respect to TopInc, as it leverages the query planning of Postgres and opportunistically picks the most efficient join algorithm. ", "mentionContextAttributes": {"used": {"value": false, "score": 0.0001690387725830078}, "created": {"value": false, "score": 0.00011974573135375977}, "shared": {"value": false, "score": 1.7881393432617188e-07}}, "documentContextAttributes": {"used": {"value": false, "score": 0.00332033634185791}, "created": {"value": false, "score": 0.00011974573135375977}, "shared": {"value": false, "score": 2.980232238769531e-07}}}, {"type": "software", "software-type": "software", "software-name": {"rawForm": "TopINC", "normalizedForm": "TopINC", "offsetStart": 115, "offsetEnd": 121}, "context": "We also ran another experiment on synthetic datasets to study the impact of other parameters on the performance of TopINC. ", "mentionContextAttributes": {"used": {"value": true, "score": 0.9997692108154297}, "created": {"value": true, "score": 0.8986871242523193}, "shared": {"value": false, "score": 2.980232238769531e-07}}, "documentContextAttributes": {"used": {"value": true, "score": 0.9999914765357971}, "created": {"value": true, "score": 0.9999061226844788}, "shared": {"value": false, "score": 8.940696716308594e-07}}}, {"type": "software", "software-type": "software", "software-name": {"rawForm": "TopINC", "normalizedForm": "TopINC", "offsetStart": 115, "offsetEnd": 121}, "context": "However, handling constraint modifications without fully recomputing both the constraint-based annotations and the TopINC's index, remains an open challenge.", "mentionContextAttributes": {"used": {"value": false, "score": 0.00014162063598632812}, "created": {"value": false, "score": 0.00010961294174194336}, "shared": {"value": false, "score": 4.172325134277344e-07}}, "documentContextAttributes": {"used": {"value": true, "score": 0.9999914765357971}, "created": {"value": true, "score": 0.9999061226844788}, "shared": {"value": false, "score": 8.940696716308594e-07}}}, {"type": "software", "software-type": "software", "software-name": {"rawForm": "TopINC", "normalizedForm": "TopINC", "offsetStart": 120, "offsetEnd": 126}, "context": "But no additional answer is found and no others buckets in level 1 can be selected bringing TopINC to level 2. Finally, TopINC processes level 2 and then level 3 as shown in Figure 3 and halts when it reaches |res| = 2.", "mentionContextAttributes": {"used": {"value": false, "score": 0.0009947419166564941}, "created": {"value": false, "score": 1.5556812286376953e-05}, "shared": {"value": false, "score": 4.172325134277344e-07}}, "documentContextAttributes": {"used": {"value": true, "score": 0.9999914765357971}, "created": {"value": true, "score": 0.9999061226844788}, "shared": {"value": false, "score": 8.940696716308594e-07}}}, {"type": "software", "software-type": "software", "wikidataId": "Q5583871", "wikipediaExternalRef": 34416830, "lang": "en", "confidence": 0.4772, "software-name": {"rawForm": "OpenRefine", "normalizedForm": "OpenRefine", "wikidataId": "Q5583871", "wikipediaExternalRef": 34416830, "lang": "en", "confidence": 0.4772, "offsetStart": 121, "offsetEnd": 131}, "context": "External annotations for data cleaning pipelines, as our approach can also ease the tasks of data cleaning tools such as OpenRefine, Wrangler and Tableau by injecting into them the external information of inconsistency indicators and putting upfront the resulting ranking prior to cleaning and curation.", "mentionContextAttributes": {"used": {"value": false, "score": 5.46574592590332e-05}, "created": {"value": false, "score": 0.09999126195907593}, "shared": {"value": false, "score": 5.364418029785156e-07}}, "documentContextAttributes": {"used": {"value": false, "score": 5.46574592590332e-05}, "created": {"value": false, "score": 0.09999126195907593}, "shared": {"value": false, "score": 5.364418029785156e-07}}}, {"type": "software", "software-type": "software", "software-name": {"rawForm": "TopINC", "normalizedForm": "TopINC", "offsetStart": 149, "offsetEnd": 155}, "context": "Two cases occur: (i) either AL has exhaustively explored all the regions with inconsistency degree < dz and in this case cost \u2207 (AL, Q, I) \u2265 cost \u2207 (TopINC, Q, I) (because TopINC will also explore the same regions or a subset of them), or (ii) AL skips some regions with inconsistency degree < dz.", "mentionContextAttributes": {"used": {"value": false, "score": 0.34730005264282227}, "created": {"value": false, "score": 2.205371856689453e-06}, "shared": {"value": false, "score": 4.172325134277344e-07}}, "documentContextAttributes": {"used": {"value": true, "score": 0.9999914765357971}, "created": {"value": true, "score": 0.9999061226844788}, "shared": {"value": false, "score": 8.940696716308594e-07}}}, {"type": "software", "software-type": "software", "wikidataId": "Q192490", "wikipediaExternalRef": 23824, "lang": "en", "confidence": 0.8658, "software-name": {"rawForm": "Postgres", "normalizedForm": "Postgres", "wikidataId": "Q192490", "wikipediaExternalRef": 23824, "lang": "en", "confidence": 0.8658, "offsetStart": 152, "offsetEnd": 160}, "context": "Furthermore, notice that in all these experiments the baseline turns to have advantageous with respect to TopInc, as it leverages the query planning of Postgres and opportunistically picks the most efficient join algorithm. ", "mentionContextAttributes": {"used": {"value": false, "score": 0.0001690387725830078}, "created": {"value": false, "score": 0.00011974573135375977}, "shared": {"value": false, "score": 1.7881393432617188e-07}}, "documentContextAttributes": {"used": {"value": false, "score": 0.0001690387725830078}, "created": {"value": false, "score": 0.00011974573135375977}, "shared": {"value": false, "score": 1.7881393432617188e-07}}}, {"type": "software", "software-type": "software", "software-name": {"rawForm": "TopINC", "normalizedForm": "TopINC", "offsetStart": 164, "offsetEnd": 170}, "context": "As discussed in Section 3, the presence of the non-monotonic function CBS prevents us from exploiting the existing frameworks [30,31] to analyze the performance of TopINC.", "mentionContextAttributes": {"used": {"value": false, "score": 0.005521833896636963}, "created": {"value": false, "score": 2.962350845336914e-05}, "shared": {"value": false, "score": 1.7881393432617188e-07}}, "documentContextAttributes": {"used": {"value": true, "score": 0.9999914765357971}, "created": {"value": true, "score": 0.9999061226844788}, "shared": {"value": false, "score": 8.940696716308594e-07}}}, {"type": "software", "software-type": "software", "software-name": {"rawForm": "TopINC", "normalizedForm": "TopINC", "offsetStart": 172, "offsetEnd": 178}, "context": "Two cases occur: (i) either AL has exhaustively explored all the regions with inconsistency degree < dz and in this case cost \u2207 (AL, Q, I) \u2265 cost \u2207 (TopINC, Q, I) (because TopINC will also explore the same regions or a subset of them), or (ii) AL skips some regions with inconsistency degree < dz. ", "mentionContextAttributes": {"used": {"value": false, "score": 0.34730005264282227}, "created": {"value": false, "score": 2.1457672119140625e-06}, "shared": {"value": false, "score": 3.5762786865234375e-07}}, "documentContextAttributes": {"used": {"value": true, "score": 0.9999914765357971}, "created": {"value": true, "score": 0.9999061226844788}, "shared": {"value": false, "score": 8.940696716308594e-07}}}, {"type": "software", "software-type": "software", "software-name": {"rawForm": "TopINC", "normalizedForm": "TopINC", "offsetStart": 193, "offsetEnd": 199}, "context": "Unsurprisingly, and like most of state of the art top-k join algorithms that do not use specific knowledge related to the join attributes (e.g., see [28,31]), the worst case time complexity of TopINC is in O(|I| m ), with m the number of input relations in Q.", "mentionContextAttributes": {"used": {"value": false, "score": 0.0007300972938537598}, "created": {"value": false, "score": 4.172325134277344e-06}, "shared": {"value": false, "score": 3.5762786865234375e-07}}, "documentContextAttributes": {"used": {"value": true, "score": 0.9999914765357971}, "created": {"value": true, "score": 0.9999061226844788}, "shared": {"value": false, "score": 8.940696716308594e-07}}}, {"type": "software", "software-type": "software", "software-name": {"rawForm": "TopINC", "normalizedForm": "TopINC", "offsetStart": 202, "offsetEnd": 208}, "context": "We have implemented a baseline algorithm leveraging PostgreSQL, where all answers of a query are computed beforehand and then sorted (ORDER BY) and filtered (LIMIT k). Figure 7 shows the performance of TopINC (with k varying from 10 to 300) as opposed to the aforementioned baseline algorithm.", "mentionContextAttributes": {"used": {"value": false, "score": 0.0005390048027038574}, "created": {"value": true, "score": 0.9773737192153931}, "shared": {"value": false, "score": 5.960464477539062e-07}}, "documentContextAttributes": {"used": {"value": true, "score": 0.9999914765357971}, "created": {"value": true, "score": 0.9999061226844788}, "shared": {"value": false, "score": 8.940696716308594e-07}}}, {"type": "software", "software-type": "software", "software-name": {"rawForm": "IterateJoin", "normalizedForm": "IterateJoin", "offsetStart": 206, "offsetEnd": 217}, "context": "When processing a given level l, the algorithm resets the variable curV Set, used to keep track of the violated constraints while exploring the input relations at level l, and makes a recursive call to the IterateJoin procedure (line 6). ", "mentionContextAttributes": {"used": {"value": false, "score": 0.42390507459640503}, "created": {"value": false, "score": 1.6808509826660156e-05}, "shared": {"value": false, "score": 2.384185791015625e-07}}, "documentContextAttributes": {"used": {"value": true, "score": 0.9588233232498169}, "created": {"value": false, "score": 1.6808509826660156e-05}, "shared": {"value": false, "score": 5.364418029785156e-07}}}, {"type": "software", "software-type": "software", "software-name": {"rawForm": "TopINC", "normalizedForm": "TopINC", "offsetStart": 236, "offsetEnd": 242}, "context": "It stops processing when k answers are found otherwise Top-INC continues to look for the remaining joins of buckets for the same inconsistency degree d; if there exists no other join of buckets that leads to inconsistency degree d, the TopINC moves forward to inconsistent degree d + 1.", "mentionContextAttributes": {"used": {"value": false, "score": 0.0066901445388793945}, "created": {"value": false, "score": 3.814697265625e-06}, "shared": {"value": false, "score": 3.5762786865234375e-07}}, "documentContextAttributes": {"used": {"value": true, "score": 0.9999914765357971}, "created": {"value": true, "score": 0.9999061226844788}, "shared": {"value": false, "score": 8.940696716308594e-07}}}], "references": [], "runtime": 89831, "id": "637d962023adb1104de7bb8f53658d9e4224ddc0", "metadata": {"id": "637d962023adb1104de7bb8f53658d9e4224ddc0"}, "original_file_path": "../../datalake/Samuel/SOFTware-Sync/data/xml_files/hal-02898931.grobid.tei.xml", "file_name": "hal-02898931.grobid.tei.xml"}