{"application": "software-mentions", "version": "0.8.0", "date": "2024-04-12T17:31+0000", "md5": "CA0847EFA39B11920C19CAF3135DDFE1", "mentions": [{"type": "software", "software-type": "software", "software-name": {"rawForm": "Code", "normalizedForm": "Code", "offsetStart": 0, "offsetEnd": 4}, "context": "Code for this paper is available online. ", "mentionContextAttributes": {"used": {"value": false, "score": 0.00043886899948120117}, "created": {"value": true, "score": 0.8872949481010437}, "shared": {"value": false, "score": 8.672475814819336e-05}}, "documentContextAttributes": {"used": {"value": false, "score": 0.00043886899948120117}, "created": {"value": true, "score": 0.8872949481010437}, "shared": {"value": false, "score": 8.672475814819336e-05}}}, {"type": "software", "software-type": "software", "software-name": {"rawForm": "ExplaiNE", "normalizedForm": "ExplaiNE", "offsetStart": 0, "offsetEnd": 8}, "context": "ExplaiNE and GNNExplainer return explanations to the user in the form of existing triples in the Knowledge Graph.", "mentionContextAttributes": {"used": {"value": true, "score": 0.9216628074645996}, "created": {"value": false, "score": 6.377696990966797e-06}, "shared": {"value": false, "score": 1.7881393432617188e-07}}, "documentContextAttributes": {"used": {"value": true, "score": 0.9999873042106628}, "created": {"value": false, "score": 0.011062264442443848}, "shared": {"value": false, "score": 1.2516975402832031e-06}}, "references": [{"label": "[5]", "normalizedForm": "[5]", "refKey": 5}, {"label": "[5]", "normalizedForm": "[5]", "refKey": 5}]}, {"type": "software", "software-type": "software", "software-name": {"rawForm": "GNNExplainer", "normalizedForm": "GNNExplainer", "offsetStart": 0, "offsetEnd": 12}, "context": "GNNExplainer minimizes the cross entropy between the predicted label using the input adjacency matrix, and the predicted label using the masked adjacency matrix.", "mentionContextAttributes": {"used": {"value": false, "score": 0.00029587745666503906}, "created": {"value": false, "score": 4.112720489501953e-06}, "shared": {"value": false, "score": 2.980232238769531e-07}}, "documentContextAttributes": {"used": {"value": true, "score": 0.999984085559845}, "created": {"value": false, "score": 0.011062145233154297}, "shared": {"value": false, "score": 1.1920928955078125e-06}}}, {"type": "software", "software-type": "software", "software-name": {"rawForm": "GNNExplainer", "normalizedForm": "GNNExplainer", "offsetStart": 0, "offsetEnd": 12}, "context": "GNNExplainer when applied to both RGCNs however produce more uniform errors, where 52% of errors occurred by using the wrong subject and/or object, and the remaining errors occurred by identifying the wrong predicate. ", "mentionContextAttributes": {"used": {"value": true, "score": 0.9990795850753784}, "created": {"value": false, "score": 6.020069122314453e-06}, "shared": {"value": false, "score": 2.980232238769531e-07}}, "documentContextAttributes": {"used": {"value": true, "score": 0.999984085559845}, "created": {"value": false, "score": 0.011062145233154297}, "shared": {"value": false, "score": 1.1920928955078125e-06}}}, {"type": "software", "software-type": "software", "software-name": {"rawForm": "GNNExplainer", "normalizedForm": "GNNExplainer", "offsetStart": 0, "offsetEnd": 16}, "context": "GNNExplainer [6] explains the predictions of any Graph Neural Network, learning a mask over the input adjacency matrix to identify the most relevant subgraph. ", "mentionContextAttributes": {"used": {"value": false, "score": 0.000941932201385498}, "created": {"value": false, "score": 8.165836334228516e-06}, "shared": {"value": false, "score": 1.7881393432617188e-07}}, "documentContextAttributes": {"used": {"value": true, "score": 0.999984085559845}, "created": {"value": false, "score": 0.011062145233154297}, "shared": {"value": false, "score": 1.1920928955078125e-06}}}, {"type": "software", "software-type": "software", "software-name": {"rawForm": "GNNExplainer", "normalizedForm": "GNNExplainer", "offsetStart": 4, "offsetEnd": 16}, "context": "For GNNExplainer applied to both RGCNs, we observe a similar phenomenon on the hasPredecessor subset as well.", "mentionContextAttributes": {"used": {"value": true, "score": 0.9999534487724304}, "created": {"value": false, "score": 1.0311603546142578e-05}, "shared": {"value": false, "score": 1.7881393432617188e-07}}, "documentContextAttributes": {"used": {"value": true, "score": 0.999984085559845}, "created": {"value": false, "score": 0.011062145233154297}, "shared": {"value": false, "score": 1.1920928955078125e-06}}}, {"type": "software", "software-type": "software", "software-name": {"rawForm": "ExplaiNE", "normalizedForm": "ExplaiNE", "offsetStart": 9, "offsetEnd": 17}, "context": "We found ExplaiNE had difficulty predicting hasSpouse explanations, while GNNExplainer had fewer hasSpouse errors, and more errors with hasChild explanations.", "mentionContextAttributes": {"used": {"value": true, "score": 0.9999551177024841}, "created": {"value": false, "score": 3.7550926208496094e-06}, "shared": {"value": false, "score": 2.980232238769531e-07}}, "documentContextAttributes": {"used": {"value": true, "score": 0.9999873042106628}, "created": {"value": false, "score": 0.011062264442443848}, "shared": {"value": false, "score": 1.2516975402832031e-06}}, "references": [{"label": "[5]", "normalizedForm": "[5]", "refKey": 5}, {"label": "[5]", "normalizedForm": "[5]", "refKey": 5}]}, {"type": "software", "software-type": "software", "software-name": {"rawForm": "GNNExplainer", "normalizedForm": "GNNExplainer", "offsetStart": 13, "offsetEnd": 25}, "context": "ExplaiNE and GNNExplainer return explanations to the user in the form of existing triples in the Knowledge Graph.", "mentionContextAttributes": {"used": {"value": true, "score": 0.9216628074645996}, "created": {"value": false, "score": 6.377696990966797e-06}, "shared": {"value": false, "score": 1.7881393432617188e-07}}, "documentContextAttributes": {"used": {"value": true, "score": 0.999984085559845}, "created": {"value": false, "score": 0.011062145233154297}, "shared": {"value": false, "score": 1.1920928955078125e-06}}}, {"type": "software", "software-type": "software", "software-name": {"rawForm": "ExplaiNE", "normalizedForm": "ExplaiNE", "offsetStart": 15, "offsetEnd": 23}, "context": "After applying ExplaiNE to L sum , we can see on the has-Grandparent subset, the most frequently predicted predicate was hasParent, accounting for 56% of errors.", "mentionContextAttributes": {"used": {"value": true, "score": 0.9999873042106628}, "created": {"value": false, "score": 1.245737075805664e-05}, "shared": {"value": false, "score": 1.7881393432617188e-07}}, "documentContextAttributes": {"used": {"value": true, "score": 0.9999873042106628}, "created": {"value": false, "score": 0.011062264442443848}, "shared": {"value": false, "score": 1.2516975402832031e-06}}, "references": [{"label": "[5]", "normalizedForm": "[5]", "refKey": 5}, {"label": "[5]", "normalizedForm": "[5]", "refKey": 5}]}, {"type": "software", "software-type": "software", "software-name": {"rawForm": "GNNExplainer", "normalizedForm": "GNNExplainer", "offsetStart": 15, "offsetEnd": 27}, "context": "We observe the GNNExplainer applied to the proposed RGCN outperformed or matched the GNNExplainer applied to the baseline in terms of the Jaccard score on all subsets, and the full dataset.", "mentionContextAttributes": {"used": {"value": true, "score": 0.9999820590019226}, "created": {"value": false, "score": 2.205371856689453e-06}, "shared": {"value": false, "score": 1.7881393432617188e-07}}, "documentContextAttributes": {"used": {"value": true, "score": 0.999984085559845}, "created": {"value": false, "score": 0.011062145233154297}, "shared": {"value": false, "score": 1.1920928955078125e-06}}}, {"type": "software", "software-type": "software", "software-name": {"rawForm": "ExplaiNE", "normalizedForm": "ExplaiNE", "offsetStart": 16, "offsetEnd": 24}, "context": "Conversely, for ExplaiNE with the baseline L RGCN , the most frequently predicted predicate is hasGrandparent.", "mentionContextAttributes": {"used": {"value": true, "score": 0.527391254901886}, "created": {"value": false, "score": 2.9206275939941406e-06}, "shared": {"value": false, "score": 2.980232238769531e-07}}, "documentContextAttributes": {"used": {"value": true, "score": 0.9999873042106628}, "created": {"value": false, "score": 0.011062264442443848}, "shared": {"value": false, "score": 1.2516975402832031e-06}}, "references": [{"label": "[5]", "normalizedForm": "[5]", "refKey": 5}, {"label": "[5]", "normalizedForm": "[5]", "refKey": 5}]}, {"type": "software", "software-type": "software", "software-name": {"rawForm": "ExplaiNE", "normalizedForm": "ExplaiNE", "offsetStart": 16, "offsetEnd": 24}, "context": "We can see both ExplaiNE and GNNExplainer's most frequently predicte predicate is hasGrandparent.", "mentionContextAttributes": {"used": {"value": false, "score": 0.08183044195175171}, "created": {"value": false, "score": 4.965066909790039e-05}, "shared": {"value": false, "score": 1.7881393432617188e-07}}, "documentContextAttributes": {"used": {"value": true, "score": 0.9999873042106628}, "created": {"value": false, "score": 0.011062264442443848}, "shared": {"value": false, "score": 1.2516975402832031e-06}}, "references": [{"label": "[5]", "normalizedForm": "[5]", "refKey": 5}, {"label": "[5]", "normalizedForm": "[5]", "refKey": 5}]}, {"type": "software", "software-type": "software", "software-name": {"rawForm": "GNNExplainer", "normalizedForm": "GNNExplainer", "offsetStart": 21, "offsetEnd": 33}, "context": "In general, we found GNNExplainer when applied to an explanation aware RGCN had minimal changes in errors metrics.", "mentionContextAttributes": {"used": {"value": true, "score": 0.999984085559845}, "created": {"value": false, "score": 1.6510486602783203e-05}, "shared": {"value": false, "score": 1.7881393432617188e-07}}, "documentContextAttributes": {"used": {"value": true, "score": 0.999984085559845}, "created": {"value": false, "score": 0.011062145233154297}, "shared": {"value": false, "score": 1.1920928955078125e-06}}}, {"type": "software", "software-type": "software", "software-name": {"rawForm": "ExplaiNE", "normalizedForm": "ExplaiNE", "offsetStart": 23, "offsetEnd": 31}, "context": "This error occurs when ExplaiNE predicts the wrong subject or object in the explanation.", "mentionContextAttributes": {"used": {"value": false, "score": 0.01615142822265625}, "created": {"value": false, "score": 2.8908252716064453e-05}, "shared": {"value": false, "score": 2.980232238769531e-07}}, "documentContextAttributes": {"used": {"value": true, "score": 0.9999873042106628}, "created": {"value": false, "score": 0.011062264442443848}, "shared": {"value": false, "score": 1.2516975402832031e-06}}, "references": [{"label": "[5]", "normalizedForm": "[5]", "refKey": 5}, {"label": "[5]", "normalizedForm": "[5]", "refKey": 5}]}, {"type": "software", "software-type": "software", "software-name": {"rawForm": "GNNExplainer", "normalizedForm": "GNNExplainer", "offsetStart": 29, "offsetEnd": 41}, "context": "The number of errors made by GNNExplainer on the hasParent and hasChild subsets were nearly equal. ", "mentionContextAttributes": {"used": {"value": true, "score": 0.9999695420265198}, "created": {"value": false, "score": 8.52346420288086e-06}, "shared": {"value": false, "score": 1.7881393432617188e-07}}, "documentContextAttributes": {"used": {"value": true, "score": 0.999984085559845}, "created": {"value": false, "score": 0.011062145233154297}, "shared": {"value": false, "score": 1.1920928955078125e-06}}}, {"type": "software", "software-type": "software", "software-name": {"rawForm": "GNNExplainer", "normalizedForm": "GNNExplainer", "offsetStart": 29, "offsetEnd": 41}, "context": "We can see both ExplaiNE and GNNExplainer's most frequently predicte predicate is hasGrandparent.", "mentionContextAttributes": {"used": {"value": false, "score": 0.08183044195175171}, "created": {"value": false, "score": 4.965066909790039e-05}, "shared": {"value": false, "score": 1.7881393432617188e-07}}, "documentContextAttributes": {"used": {"value": true, "score": 0.999984085559845}, "created": {"value": false, "score": 0.011062145233154297}, "shared": {"value": false, "score": 1.1920928955078125e-06}}}, {"type": "software", "software-type": "software", "software-name": {"rawForm": "ExplaiNE", "normalizedForm": "ExplaiNE", "offsetStart": 31, "offsetEnd": 39}, "context": "From Tabe III, we can see that ExplaiNE, when applied to the RGCN from L sum , has an increased number of errors using the wrong subject and object on the hasSuccessor subset.", "mentionContextAttributes": {"used": {"value": false, "score": 0.3446319103240967}, "created": {"value": false, "score": 1.4483928680419922e-05}, "shared": {"value": false, "score": 2.980232238769531e-07}}, "documentContextAttributes": {"used": {"value": true, "score": 0.9999873042106628}, "created": {"value": false, "score": 0.011062264442443848}, "shared": {"value": false, "score": 1.2516975402832031e-06}}, "references": [{"label": "[5]", "normalizedForm": "[5]", "refKey": 5}, {"label": "[5]", "normalizedForm": "[5]", "refKey": 5}]}, {"type": "software", "software-type": "software", "software-name": {"rawForm": "ExplaiNE", "normalizedForm": "ExplaiNE", "offsetStart": 37, "offsetEnd": 49}, "context": "For a model with scoring function g, ExplaiNE [5] computes the gradient of the scoring function with respect to the adjacency matrix. ", "mentionContextAttributes": {"used": {"value": false, "score": 0.003514587879180908}, "created": {"value": false, "score": 4.589557647705078e-06}, "shared": {"value": false, "score": 4.172325134277344e-07}}, "documentContextAttributes": {"used": {"value": true, "score": 0.9999873042106628}, "created": {"value": false, "score": 0.011062264442443848}, "shared": {"value": false, "score": 1.2516975402832031e-06}}, "references": [{"label": "[5]", "normalizedForm": "[5]", "refKey": 5}, {"label": "[5]", "normalizedForm": "[5]", "refKey": 5}]}, {"type": "software", "software-type": "software", "software-name": {"rawForm": "ExplaiNE", "normalizedForm": "ExplaiNE", "offsetStart": 51, "offsetEnd": 59}, "context": "Rows five and six of Table I report the results of ExplaiNE applied to a standard RGCN, and applied to the proposed RGCN in Equation 3. On the hasSpouse, hasSuccessor and hasPredecessor subsets, we find ExplaiNE when applied to the RGCN in Equation 3 improved all performance metrics.", "mentionContextAttributes": {"used": {"value": true, "score": 0.9998273849487305}, "created": {"value": false, "score": 4.708766937255859e-06}, "shared": {"value": false, "score": 5.364418029785156e-07}}, "documentContextAttributes": {"used": {"value": true, "score": 0.9999873042106628}, "created": {"value": false, "score": 0.011062264442443848}, "shared": {"value": false, "score": 1.2516975402832031e-06}}, "references": [{"label": "[5]", "normalizedForm": "[5]", "refKey": 5}, {"label": "[5]", "normalizedForm": "[5]", "refKey": 5}]}, {"type": "software", "software-type": "software", "software-name": {"rawForm": "ExplaiNE", "normalizedForm": "ExplaiNE", "offsetStart": 51, "offsetEnd": 59}, "context": "Rows five and six of Table I report the results of ExplaiNE applied to the baseline RGCN, and the proposed RGCN.", "mentionContextAttributes": {"used": {"value": true, "score": 0.9999703764915466}, "created": {"value": false, "score": 9.357929229736328e-06}, "shared": {"value": false, "score": 1.7881393432617188e-07}}, "documentContextAttributes": {"used": {"value": true, "score": 0.9999873042106628}, "created": {"value": false, "score": 0.011062264442443848}, "shared": {"value": false, "score": 1.2516975402832031e-06}}, "references": [{"label": "[5]", "normalizedForm": "[5]", "refKey": 5}, {"label": "[5]", "normalizedForm": "[5]", "refKey": 5}]}, {"type": "software", "software-type": "software", "software-name": {"rawForm": "GNNExplainer", "normalizedForm": "GNNExplainer", "offsetStart": 51, "offsetEnd": 67}, "context": "We apply two state-of-the-art explanation methods, GNNExplainer [6] and ExplaiNE [5] to all RGCNs post hoc, and compare the quality of explanation generated by GNNExplainer and ExplaiNE.", "mentionContextAttributes": {"used": {"value": true, "score": 0.9985119104385376}, "created": {"value": false, "score": 4.571676254272461e-05}, "shared": {"value": false, "score": 1.7881393432617188e-07}}, "documentContextAttributes": {"used": {"value": true, "score": 0.999984085559845}, "created": {"value": false, "score": 0.011062145233154297}, "shared": {"value": false, "score": 1.1920928955078125e-06}}}, {"type": "software", "software-type": "software", "software-name": {"rawForm": "GNNExplainer", "normalizedForm": "GNNExplainer", "offsetStart": 52, "offsetEnd": 64}, "context": "Injecting knowledge into the graph  embedding shows GNNExplainer's errors are likely due to its parameters learned and not the RGCN embeddings, where as ExplaiNE's error are due to the embeddings. ", "mentionContextAttributes": {"used": {"value": true, "score": 0.9963666200637817}, "created": {"value": false, "score": 8.404254913330078e-06}, "shared": {"value": false, "score": 2.980232238769531e-07}}, "documentContextAttributes": {"used": {"value": true, "score": 0.999984085559845}, "created": {"value": false, "score": 0.011062145233154297}, "shared": {"value": false, "score": 1.1920928955078125e-06}}}, {"type": "software", "software-type": "software", "software-name": {"rawForm": "GNNExplainer", "normalizedForm": "GNNExplainer", "offsetStart": 53, "offsetEnd": 65}, "context": "Rows three and four of Table I report the results of GNNExplainer applied to the baseline RGCN, and proposed RGCN on the task of explainable link prediction. ", "mentionContextAttributes": {"used": {"value": true, "score": 0.9998283386230469}, "created": {"value": false, "score": 0.00020241737365722656}, "shared": {"value": false, "score": 1.7881393432617188e-07}}, "documentContextAttributes": {"used": {"value": true, "score": 0.999984085559845}, "created": {"value": false, "score": 0.011062145233154297}, "shared": {"value": false, "score": 1.1920928955078125e-06}}}, {"type": "software", "software-type": "software", "software-name": {"rawForm": "GNNExplainer", "normalizedForm": "GNNExplainer", "offsetStart": 53, "offsetEnd": 65}, "context": "Rows three and four of Table I report the results of GNNExplainer applied to a standard RGCN, and applied to the proposed RGCN in Equation 3 on the task of explainable link prediction.", "mentionContextAttributes": {"used": {"value": true, "score": 0.9999231696128845}, "created": {"value": false, "score": 1.9609928131103516e-05}, "shared": {"value": false, "score": 1.7881393432617188e-07}}, "documentContextAttributes": {"used": {"value": true, "score": 0.999984085559845}, "created": {"value": false, "score": 0.011062145233154297}, "shared": {"value": false, "score": 1.1920928955078125e-06}}}, {"type": "software", "software-type": "software", "software-name": {"rawForm": "GNNExplainer", "normalizedForm": "GNNExplainer", "offsetStart": 58, "offsetEnd": 70}, "context": "The lack of significant changes in performance metrics of GNNExplainer is likely due to the large number of parameters used by the model for each observation. ", "mentionContextAttributes": {"used": {"value": false, "score": 0.2678300142288208}, "created": {"value": false, "score": 1.1622905731201172e-05}, "shared": {"value": false, "score": 1.7881393432617188e-07}}, "documentContextAttributes": {"used": {"value": true, "score": 0.999984085559845}, "created": {"value": false, "score": 0.011062145233154297}, "shared": {"value": false, "score": 1.1920928955078125e-06}}}, {"type": "software", "software-type": "software", "software-name": {"rawForm": "GNNExplainer", "normalizedForm": "GNNExplainer", "offsetStart": 58, "offsetEnd": 70}, "context": "Rows five through eight of Table II report the results of GNNExplainer applied the baseline RGCN, and the proposed approaches from Equations 4, 6, and 8 on the task of explainable link prediction.", "mentionContextAttributes": {"used": {"value": true, "score": 0.9999282956123352}, "created": {"value": false, "score": 4.589557647705078e-06}, "shared": {"value": false, "score": 1.7881393432617188e-07}}, "documentContextAttributes": {"used": {"value": true, "score": 0.999984085559845}, "created": {"value": false, "score": 0.011062145233154297}, "shared": {"value": false, "score": 1.1920928955078125e-06}}}, {"type": "software", "software-type": "software", "software-name": {"rawForm": "ExplaiNE", "normalizedForm": "ExplaiNE", "offsetStart": 59, "offsetEnd": 67}, "context": "Rows nine through twelve of Table II report the results of ExplaiNE applied to the baseline RGCN, and the proposed approaches on the task of explainable link prediction.", "mentionContextAttributes": {"used": {"value": true, "score": 0.9988403916358948}, "created": {"value": false, "score": 9.47713851928711e-06}, "shared": {"value": false, "score": 1.7881393432617188e-07}}, "documentContextAttributes": {"used": {"value": true, "score": 0.9999873042106628}, "created": {"value": false, "score": 0.011062264442443848}, "shared": {"value": false, "score": 1.2516975402832031e-06}}, "references": [{"label": "[5]", "normalizedForm": "[5]", "refKey": 5}, {"label": "[5]", "normalizedForm": "[5]", "refKey": 5}]}, {"type": "software", "software-type": "software", "software-name": {"rawForm": "ExplaiNE", "normalizedForm": "ExplaiNE", "offsetStart": 60, "offsetEnd": 68}, "context": "On the hasBrother subset, we can see the errors produced by ExplaiNE with L sum \u2032 results in errors using the hasParent predict, instead of hasGrandparent produced by the baseline.", "mentionContextAttributes": {"used": {"value": true, "score": 0.9841783046722412}, "created": {"value": false, "score": 2.086162567138672e-06}, "shared": {"value": false, "score": 1.7881393432617188e-07}}, "documentContextAttributes": {"used": {"value": true, "score": 0.9999873042106628}, "created": {"value": false, "score": 0.011062264442443848}, "shared": {"value": false, "score": 1.2516975402832031e-06}}, "references": [{"label": "[5]", "normalizedForm": "[5]", "refKey": 5}, {"label": "[5]", "normalizedForm": "[5]", "refKey": 5}]}, {"type": "software", "software-type": "software", "software-name": {"rawForm": "ExplaiNE", "normalizedForm": "ExplaiNE", "offsetStart": 62, "offsetEnd": 70}, "context": "Additionally, we found our approach had the biggest impact on ExplaiNE's explanations, and a minimal impact on GN-NExplainer's explanations.", "mentionContextAttributes": {"used": {"value": true, "score": 0.9999635815620422}, "created": {"value": false, "score": 0.0019015073776245117}, "shared": {"value": false, "score": 1.7881393432617188e-07}}, "documentContextAttributes": {"used": {"value": true, "score": 0.9999873042106628}, "created": {"value": false, "score": 0.011062264442443848}, "shared": {"value": false, "score": 1.2516975402832031e-06}}, "references": [{"label": "[5]", "normalizedForm": "[5]", "refKey": 5}, {"label": "[5]", "normalizedForm": "[5]", "refKey": 5}]}, {"type": "software", "software-type": "software", "software-name": {"rawForm": "ExplaiNE", "normalizedForm": "ExplaiNE", "offsetStart": 63, "offsetEnd": 71}, "context": "Understanding why the proposed approach had a larger impact on ExplaiNE's performance metrics than that of GNNExplainer would require a further understanding of what properties of the graph the embedding has learned.", "mentionContextAttributes": {"used": {"value": false, "score": 0.0032444000244140625}, "created": {"value": false, "score": 0.00135117769241333}, "shared": {"value": false, "score": 1.7881393432617188e-07}}, "documentContextAttributes": {"used": {"value": true, "score": 0.9999873042106628}, "created": {"value": false, "score": 0.011062264442443848}, "shared": {"value": false, "score": 1.2516975402832031e-06}}, "references": [{"label": "[5]", "normalizedForm": "[5]", "refKey": 5}, {"label": "[5]", "normalizedForm": "[5]", "refKey": 5}]}, {"type": "software", "software-type": "software", "software-name": {"rawForm": "ExplaiNE", "normalizedForm": "ExplaiNE", "offsetStart": 72, "offsetEnd": 84}, "context": "We apply two state-of-the-art explanation methods, GNNExplainer [6] and ExplaiNE [5] to all RGCNs post hoc, and compare the quality of explanation generated by GNNExplainer and ExplaiNE.", "mentionContextAttributes": {"used": {"value": true, "score": 0.9985119104385376}, "created": {"value": false, "score": 4.571676254272461e-05}, "shared": {"value": false, "score": 1.7881393432617188e-07}}, "documentContextAttributes": {"used": {"value": true, "score": 0.9999873042106628}, "created": {"value": false, "score": 0.011062264442443848}, "shared": {"value": false, "score": 1.2516975402832031e-06}}, "references": [{"label": "[5]", "normalizedForm": "[5]", "refKey": 5}, {"label": "[5]", "normalizedForm": "[5]", "refKey": 5}]}, {"type": "software", "software-type": "software", "software-name": {"rawForm": "GNNExplainer", "normalizedForm": "GNNExplainer", "offsetStart": 74, "offsetEnd": 86}, "context": "We found ExplaiNE had difficulty predicting hasSpouse explanations, while GNNExplainer had fewer hasSpouse errors, and more errors with hasChild explanations. ", "mentionContextAttributes": {"used": {"value": true, "score": 0.9999551177024841}, "created": {"value": false, "score": 3.7550926208496094e-06}, "shared": {"value": false, "score": 2.980232238769531e-07}}, "documentContextAttributes": {"used": {"value": true, "score": 0.999984085559845}, "created": {"value": false, "score": 0.011062145233154297}, "shared": {"value": false, "score": 1.1920928955078125e-06}}}, {"type": "software", "software-type": "software", "software-name": {"rawForm": "ExplaiNE", "normalizedForm": "ExplaiNE", "offsetStart": 75, "offsetEnd": 83}, "context": "For example, under the has-Spouse subset, the most common predicate across ExplaiNE's incorrectly predicted explanations (when applied to the RGCN in Equation 3) was hasSpouse, and this predicate was observed in 100% of errors.", "mentionContextAttributes": {"used": {"value": true, "score": 0.9999362826347351}, "created": {"value": false, "score": 2.008676528930664e-05}, "shared": {"value": false, "score": 2.980232238769531e-07}}, "documentContextAttributes": {"used": {"value": true, "score": 0.9999873042106628}, "created": {"value": false, "score": 0.011062264442443848}, "shared": {"value": false, "score": 1.2516975402832031e-06}}, "references": [{"label": "[5]", "normalizedForm": "[5]", "refKey": 5}, {"label": "[5]", "normalizedForm": "[5]", "refKey": 5}]}, {"type": "software", "software-type": "software", "software-name": {"rawForm": "ExplaiNE", "normalizedForm": "ExplaiNE", "offsetStart": 77, "offsetEnd": 85}, "context": "For example, under the hasSuccessor subset of the Royalty-20k dataset, 6% of ExplaiNE's errors (when applied to L sum ) did not contain hasPredecessor.", "mentionContextAttributes": {"used": {"value": true, "score": 0.9998946785926819}, "created": {"value": false, "score": 4.827976226806641e-06}, "shared": {"value": false, "score": 1.7881393432617188e-07}}, "documentContextAttributes": {"used": {"value": true, "score": 0.9999873042106628}, "created": {"value": false, "score": 0.011062264442443848}, "shared": {"value": false, "score": 1.2516975402832031e-06}}, "references": [{"label": "[5]", "normalizedForm": "[5]", "refKey": 5}, {"label": "[5]", "normalizedForm": "[5]", "refKey": 5}]}, {"type": "software", "software-type": "software", "software-name": {"rawForm": "ExplaiNE", "normalizedForm": "ExplaiNE", "offsetStart": 82, "offsetEnd": 90}, "context": "On the Royalty-20k dataset, we can see on the hasSuccessor subset that the 94% of ExplaiNE with L sum errors contained the hasPredecessor predicate.", "mentionContextAttributes": {"used": {"value": true, "score": 0.9999479651451111}, "created": {"value": false, "score": 3.993511199951172e-06}, "shared": {"value": false, "score": 1.7881393432617188e-07}}, "documentContextAttributes": {"used": {"value": true, "score": 0.9999873042106628}, "created": {"value": false, "score": 0.011062264442443848}, "shared": {"value": false, "score": 1.2516975402832031e-06}}, "references": [{"label": "[5]", "normalizedForm": "[5]", "refKey": 5}, {"label": "[5]", "normalizedForm": "[5]", "refKey": 5}]}, {"type": "software", "software-type": "software", "software-name": {"rawForm": "GNNExplainer", "normalizedForm": "GNNExplainer", "offsetStart": 85, "offsetEnd": 97}, "context": "We observe the GNNExplainer applied to the proposed RGCN outperformed or matched the GNNExplainer applied to the baseline in terms of the Jaccard score on all subsets, and the full dataset.", "mentionContextAttributes": {"used": {"value": true, "score": 0.9999820590019226}, "created": {"value": false, "score": 2.205371856689453e-06}, "shared": {"value": false, "score": 1.7881393432617188e-07}}, "documentContextAttributes": {"used": {"value": true, "score": 0.999984085559845}, "created": {"value": false, "score": 0.011062145233154297}, "shared": {"value": false, "score": 1.1920928955078125e-06}}}, {"type": "software", "software-type": "software", "software-name": {"rawForm": "ExplaiNE", "normalizedForm": "ExplaiNE", "offsetStart": 99, "offsetEnd": 107}, "context": "As a result, several algorithms for explainable link prediction have been proposed, in particular: ExplaiNE [5] quantifies how the predicted probability of a link changes when weakening or removing a link with a neighboring node, while GNNExplainer [6] explains the predictions of any Graph Neural Network, learning a mask over the adjacency matrix to identify the most informative subgraph.", "mentionContextAttributes": {"used": {"value": false, "score": 0.0005281567573547363}, "created": {"value": false, "score": 0.011062264442443848}, "shared": {"value": false, "score": 1.2516975402832031e-06}}, "documentContextAttributes": {"used": {"value": true, "score": 0.9999873042106628}, "created": {"value": false, "score": 0.011062264442443848}, "shared": {"value": false, "score": 1.2516975402832031e-06}}, "references": [{"label": "[5]", "normalizedForm": "[5]", "refKey": 5, "offsetStart": 2074, "offsetEnd": 2077}, {"label": "[5]", "normalizedForm": "[5]", "refKey": 5, "offsetStart": 2074, "offsetEnd": 2077}]}, {"type": "software", "software-type": "software", "software-name": {"rawForm": "GNNExplainer", "normalizedForm": "GNNExplainer", "offsetStart": 107, "offsetEnd": 119}, "context": "Understanding why the proposed approach had a larger impact on ExplaiNE's performance metrics than that of GNNExplainer would require a further understanding of what properties of the graph the embedding has learned.", "mentionContextAttributes": {"used": {"value": false, "score": 0.0032444000244140625}, "created": {"value": false, "score": 0.00135117769241333}, "shared": {"value": false, "score": 1.7881393432617188e-07}}, "documentContextAttributes": {"used": {"value": true, "score": 0.999984085559845}, "created": {"value": false, "score": 0.011062145233154297}, "shared": {"value": false, "score": 1.1920928955078125e-06}}}, {"type": "software", "software-type": "software", "software-name": {"rawForm": "GNNExplainer", "normalizedForm": "GNNExplainer", "offsetStart": 109, "offsetEnd": 121}, "context": "Perturbations to the RGCN embedding are less influential on the predicted explanation, hence we can conclude GNNExplainer is less dependent on the RGCN embeddings for explanation predictions than ExplaiNE.", "mentionContextAttributes": {"used": {"value": false, "score": 0.4081979990005493}, "created": {"value": false, "score": 8.285045623779297e-06}, "shared": {"value": false, "score": 4.172325134277344e-07}}, "documentContextAttributes": {"used": {"value": true, "score": 0.999984085559845}, "created": {"value": false, "score": 0.011062145233154297}, "shared": {"value": false, "score": 1.1920928955078125e-06}}}, {"type": "software", "software-type": "software", "software-name": {"rawForm": "ExplaiNE", "normalizedForm": "ExplaiNE", "offsetStart": 116, "offsetEnd": 124}, "context": "On all three datasets, we found the proposed approaches matched or increased the Jaccard (or Max-Jaccard) scores on ExplaiNE when training on the full dataset with all predicates included.", "mentionContextAttributes": {"used": {"value": true, "score": 0.9999707341194153}, "created": {"value": false, "score": 3.993511199951172e-06}, "shared": {"value": false, "score": 1.7881393432617188e-07}}, "documentContextAttributes": {"used": {"value": true, "score": 0.9999873042106628}, "created": {"value": false, "score": 0.011062264442443848}, "shared": {"value": false, "score": 1.2516975402832031e-06}}, "references": [{"label": "[5]", "normalizedForm": "[5]", "refKey": 5}, {"label": "[5]", "normalizedForm": "[5]", "refKey": 5}]}, {"type": "software", "software-type": "software", "software-name": {"rawForm": "ExplaiNE", "normalizedForm": "ExplaiNE", "offsetStart": 121, "offsetEnd": 129}, "context": "We can conclude from this that the explanation aware loss function L sum changed the most frequent type of error made by ExplaiNE.", "mentionContextAttributes": {"used": {"value": true, "score": 0.99997478723526}, "created": {"value": false, "score": 2.9265880584716797e-05}, "shared": {"value": false, "score": 2.980232238769531e-07}}, "documentContextAttributes": {"used": {"value": true, "score": 0.9999873042106628}, "created": {"value": false, "score": 0.011062264442443848}, "shared": {"value": false, "score": 1.2516975402832031e-06}}, "references": [{"label": "[5]", "normalizedForm": "[5]", "refKey": 5}, {"label": "[5]", "normalizedForm": "[5]", "refKey": 5}]}, {"type": "software", "software-type": "software", "software-name": {"rawForm": "ExplaiNE", "normalizedForm": "ExplaiNE", "offsetStart": 138, "offsetEnd": 146}, "context": "Including prior information from ground truth explanations into the embeddings of RGCNs improves the quality of explanations generated by ExplaiNE and GNNExplainer.", "mentionContextAttributes": {"used": {"value": false, "score": 0.0003610849380493164}, "created": {"value": false, "score": 3.248453140258789e-05}, "shared": {"value": false, "score": 2.980232238769531e-07}}, "documentContextAttributes": {"used": {"value": true, "score": 0.9999873042106628}, "created": {"value": false, "score": 0.011062264442443848}, "shared": {"value": false, "score": 1.2516975402832031e-06}}, "references": [{"label": "[5]", "normalizedForm": "[5]", "refKey": 5}, {"label": "[5]", "normalizedForm": "[5]", "refKey": 5}]}, {"type": "software", "software-type": "software", "software-name": {"rawForm": "GNNExplainer", "normalizedForm": "GNNExplainer", "offsetStart": 144, "offsetEnd": 156}, "context": "Recently, researchers have used a standard RGCN in a benchmark of three datasets to determine the quality of explanations generated post hoc by GNNExplainer and ExplaiNE [7], [8].", "mentionContextAttributes": {"used": {"value": true, "score": 0.9835555553436279}, "created": {"value": false, "score": 1.138448715209961e-05}, "shared": {"value": false, "score": 1.7881393432617188e-07}}, "documentContextAttributes": {"used": {"value": true, "score": 0.999984085559845}, "created": {"value": false, "score": 0.011062145233154297}, "shared": {"value": false, "score": 1.1920928955078125e-06}}}, {"type": "software", "software-type": "software", "software-name": {"rawForm": "DistMult", "normalizedForm": "DistMult", "offsetStart": 150, "offsetEnd": 162}, "context": "A Relational Graph Convolutional Network (RGCN) [2] generalizes Graph Convolutional Networks [3] to Knowledge Graphs, using the scoring function from DistMult [4] as an output layer to return a probability of the input triple being a fact.", "mentionContextAttributes": {"used": {"value": false, "score": 0.00015783309936523438}, "created": {"value": false, "score": 1.627206802368164e-05}, "shared": {"value": false, "score": 5.364418029785156e-07}}, "documentContextAttributes": {"used": {"value": false, "score": 0.00015783309936523438}, "created": {"value": false, "score": 1.627206802368164e-05}, "shared": {"value": false, "score": 5.364418029785156e-07}}}, {"type": "software", "software-type": "software", "software-name": {"rawForm": "GNNExplainer", "normalizedForm": "GNNExplainer", "offsetStart": 151, "offsetEnd": 163}, "context": "Including prior information from ground truth explanations into the embeddings of RGCNs improves the quality of explanations generated by ExplaiNE and GNNExplainer.", "mentionContextAttributes": {"used": {"value": false, "score": 0.0003610849380493164}, "created": {"value": false, "score": 3.248453140258789e-05}, "shared": {"value": false, "score": 2.980232238769531e-07}}, "documentContextAttributes": {"used": {"value": true, "score": 0.999984085559845}, "created": {"value": false, "score": 0.011062145233154297}, "shared": {"value": false, "score": 1.1920928955078125e-06}}}, {"type": "software", "software-type": "software", "software-name": {"rawForm": "ExplaiNE", "normalizedForm": "ExplaiNE", "offsetStart": 153, "offsetEnd": 161}, "context": "Injecting knowledge into the graph  embedding shows GNNExplainer's errors are likely due to its parameters learned and not the RGCN embeddings, where as ExplaiNE's error are due to the embeddings.", "mentionContextAttributes": {"used": {"value": true, "score": 0.9963666200637817}, "created": {"value": false, "score": 8.404254913330078e-06}, "shared": {"value": false, "score": 2.980232238769531e-07}}, "documentContextAttributes": {"used": {"value": true, "score": 0.9999873042106628}, "created": {"value": false, "score": 0.011062264442443848}, "shared": {"value": false, "score": 1.2516975402832031e-06}}, "references": [{"label": "[5]", "normalizedForm": "[5]", "refKey": 5}, {"label": "[5]", "normalizedForm": "[5]", "refKey": 5}]}, {"type": "software", "software-type": "software", "software-name": {"rawForm": "GNNExplainer", "normalizedForm": "GNNExplainer", "offsetStart": 160, "offsetEnd": 172}, "context": "We apply two state-of-the-art explanation methods, GNNExplainer [6] and ExplaiNE [5] to all RGCNs post hoc, and compare the quality of explanation generated by GNNExplainer and ExplaiNE.", "mentionContextAttributes": {"used": {"value": true, "score": 0.9985119104385376}, "created": {"value": false, "score": 4.571676254272461e-05}, "shared": {"value": false, "score": 1.7881393432617188e-07}}, "documentContextAttributes": {"used": {"value": true, "score": 0.999984085559845}, "created": {"value": false, "score": 0.011062145233154297}, "shared": {"value": false, "score": 1.1920928955078125e-06}}}, {"type": "software", "software-type": "software", "software-name": {"rawForm": "ExplaiNE", "normalizedForm": "ExplaiNE", "offsetStart": 161, "offsetEnd": 169}, "context": "Recently, researchers have used a standard RGCN in a benchmark of three datasets to determine the quality of explanations generated post hoc by GNNExplainer and ExplaiNE [7], [8].", "mentionContextAttributes": {"used": {"value": true, "score": 0.9835555553436279}, "created": {"value": false, "score": 1.138448715209961e-05}, "shared": {"value": false, "score": 1.7881393432617188e-07}}, "documentContextAttributes": {"used": {"value": true, "score": 0.9999873042106628}, "created": {"value": false, "score": 0.011062264442443848}, "shared": {"value": false, "score": 1.2516975402832031e-06}}, "references": [{"label": "[7]", "normalizedForm": "[7]", "refKey": 7, "offsetStart": 7341, "offsetEnd": 7344}, {"label": "[8]", "normalizedForm": "[8]", "refKey": 8, "offsetStart": 7346, "offsetEnd": 7349}]}, {"type": "software", "software-type": "software", "software-name": {"rawForm": "ExplaiNE", "normalizedForm": "ExplaiNE", "offsetStart": 177, "offsetEnd": 185}, "context": "We apply two state-of-the-art explanation methods, GNNExplainer [6] and ExplaiNE [5] to all RGCNs post hoc, and compare the quality of explanation generated by GNNExplainer and ExplaiNE.", "mentionContextAttributes": {"used": {"value": true, "score": 0.9985119700431824}, "created": {"value": false, "score": 4.565715789794922e-05}, "shared": {"value": false, "score": 1.1920928955078125e-07}}, "documentContextAttributes": {"used": {"value": true, "score": 0.9999873042106628}, "created": {"value": false, "score": 0.011062264442443848}, "shared": {"value": false, "score": 1.2516975402832031e-06}}, "references": [{"label": "[5]", "normalizedForm": "[5]", "refKey": 5}, {"label": "[5]", "normalizedForm": "[5]", "refKey": 5}]}, {"type": "software", "software-type": "software", "software-name": {"rawForm": "ExplaiNE", "normalizedForm": "ExplaiNE", "offsetStart": 196, "offsetEnd": 204}, "context": "Perturbations to the RGCN embedding are less influential on the predicted explanation, hence we can conclude GNNExplainer is less dependent on the RGCN embeddings for explanation predictions than ExplaiNE.", "mentionContextAttributes": {"used": {"value": false, "score": 0.40819793939590454}, "created": {"value": false, "score": 8.225440979003906e-06}, "shared": {"value": false, "score": 3.5762786865234375e-07}}, "documentContextAttributes": {"used": {"value": true, "score": 0.9999873042106628}, "created": {"value": false, "score": 0.011062264442443848}, "shared": {"value": false, "score": 1.2516975402832031e-06}}, "references": [{"label": "[5]", "normalizedForm": "[5]", "refKey": 5}, {"label": "[5]", "normalizedForm": "[5]", "refKey": 5}]}, {"type": "software", "software-type": "software", "software-name": {"rawForm": "ExplaiNE", "normalizedForm": "ExplaiNE", "offsetStart": 203, "offsetEnd": 211}, "context": "Rows five and six of Table I report the results of ExplaiNE applied to a standard RGCN, and applied to the proposed RGCN in Equation 3. On the hasSpouse, hasSuccessor and hasPredecessor subsets, we find ExplaiNE when applied to the RGCN in Equation 3 improved all performance metrics.", "mentionContextAttributes": {"used": {"value": true, "score": 0.9998273849487305}, "created": {"value": false, "score": 4.649162292480469e-06}, "shared": {"value": false, "score": 4.76837158203125e-07}}, "documentContextAttributes": {"used": {"value": true, "score": 0.9999873042106628}, "created": {"value": false, "score": 0.011062264442443848}, "shared": {"value": false, "score": 1.2516975402832031e-06}}, "references": [{"label": "[5]", "normalizedForm": "[5]", "refKey": 5}, {"label": "[5]", "normalizedForm": "[5]", "refKey": 5}]}, {"type": "software", "software-type": "software", "software-name": {"rawForm": "GNNExplainer", "normalizedForm": "GNNExplainer", "offsetStart": 236, "offsetEnd": 252}, "context": "As a result, several algorithms for explainable link prediction have been proposed, in particular: ExplaiNE [5] quantifies how the predicted probability of a link changes when weakening or removing a link with a neighboring node, while GNNExplainer [6] explains the predictions of any Graph Neural Network, learning a mask over the adjacency matrix to identify the most informative subgraph. ", "mentionContextAttributes": {"used": {"value": false, "score": 0.0005280375480651855}, "created": {"value": false, "score": 0.011062145233154297}, "shared": {"value": false, "score": 1.1920928955078125e-06}}, "documentContextAttributes": {"used": {"value": true, "score": 0.999984085559845}, "created": {"value": false, "score": 0.011062145233154297}, "shared": {"value": false, "score": 1.1920928955078125e-06}}}], "references": [{"refKey": 5, "tei": "<biblStruct xml:id=\"b5\">\n\t<analytic>\n\t\t<title level=\"a\" type=\"main\">Explanations for Network Embedding-Based Link Predictions</title>\n\t\t<author>\n\t\t\t<persName><forename type=\"first\">Bo</forename><surname>Kang</surname></persName>\n\t\t</author>\n\t\t<author>\n\t\t\t<persName><forename type=\"first\">Jefrey</forename><surname>Lijffijt</surname></persName>\n\t\t</author>\n\t\t<author>\n\t\t\t<persName><forename type=\"first\">Tijl</forename><surname>De Bie</surname></persName>\n\t\t</author>\n\t\t<idno type=\"DOI\">10.1007/978-3-030-93736-2_36</idno>\n\t\t<idno>abs/1904.12694</idno>\n\t</analytic>\n\t<monogr>\n\t\t<title level=\"m\">Communications in Computer and Information Science</title>\n\t\t<imprint>\n\t\t\t<publisher>Springer International Publishing</publisher>\n\t\t\t<date type=\"published\" when=\"2021\">2019</date>\n\t\t\t<biblScope unit=\"page\" from=\"473\" to=\"488\" />\n\t\t</imprint>\n\t</monogr>\n</biblStruct>\n"}, {"refKey": 7, "tei": "<biblStruct xml:id=\"b7\">\n\t<analytic>\n\t\t<title level=\"a\" type=\"main\">Linked Data Ground Truth for Quantitative and Qualitative Evaluation of Explanations for Relational Graph Convolutional Network Link Prediction on Knowledge Graphs</title>\n\t\t<author>\n\t\t\t<persName><forename type=\"first\">Nicholas</forename><surname>Halliwell</surname></persName>\n\t\t</author>\n\t\t<author>\n\t\t\t<persName><forename type=\"first\">Fabien</forename><surname>Gandon</surname></persName>\n\t\t</author>\n\t\t<author>\n\t\t\t<persName><forename type=\"first\">Freddy</forename><surname>Lecue</surname></persName>\n\t\t</author>\n\t\t<idno type=\"DOI\">10.1145/3486622.3493921</idno>\n\t</analytic>\n\t<monogr>\n\t\t<title level=\"m\">IEEE/WIC/ACM International Conference on Web Intelligence</title>\n\t\t<imprint>\n\t\t\t<publisher>ACM</publisher>\n\t\t\t<date type=\"published\" when=\"2021-12-14\">Dec. 2021</date>\n\t\t</imprint>\n\t</monogr>\n</biblStruct>\n"}, {"refKey": 8, "tei": "<biblStruct xml:id=\"b8\">\n\t<analytic>\n\t\t<title level=\"a\" type=\"main\">User Scored Evaluation of Non-Unique Explanations for Relational Graph Convolutional Network Link Prediction on Knowledge Graphs</title>\n\t\t<author>\n\t\t\t<persName><forename type=\"first\">Nicholas</forename><surname>Halliwell</surname></persName>\n\t\t</author>\n\t\t<author>\n\t\t\t<persName><forename type=\"first\">Fabien</forename><surname>Gandon</surname></persName>\n\t\t</author>\n\t\t<author>\n\t\t\t<persName><forename type=\"first\">Freddy</forename><surname>Lecue</surname></persName>\n\t\t</author>\n\t\t<idno type=\"DOI\">10.1145/3460210.3493557</idno>\n\t</analytic>\n\t<monogr>\n\t\t<title level=\"m\">Proceedings of the 11th Knowledge Capture Conference</title>\n\t\t<meeting>the 11th Knowledge Capture Conference</meeting>\n\t\t<imprint>\n\t\t\t<publisher>ACM</publisher>\n\t\t\t<date type=\"published\" when=\"2021-12-02\">Dec. 2021</date>\n\t\t</imprint>\n\t</monogr>\n</biblStruct>\n"}], "runtime": 46451, "id": "79c15e8e9b9bc0164d51e7f980a1d7639cdc8499", "metadata": {"id": "79c15e8e9b9bc0164d51e7f980a1d7639cdc8499"}, "original_file_path": "../../datalake/Samuel/SOFTware-Sync/data/xml_not_sofctied/hal-03771424.grobid.tei.xml", "file_name": "hal-03771424.grobid.tei.xml"}