{"application": "software-mentions", "version": "0.8.0", "date": "2024-04-12T15:52+0000", "md5": "3FA9A494748D84DA77F6CFA5BB530542", "mentions": [{"type": "software", "software-type": "software", "wikidataId": "Q197492", "wikipediaExternalRef": 263472, "lang": "en", "confidence": 0.7804, "software-name": {"rawForm": "SciPy", "normalizedForm": "SciPy", "wikidataId": "Q197492", "wikipediaExternalRef": 263472, "lang": "en", "confidence": 0.7804, "offsetStart": 16, "offsetEnd": 21}, "context": "function of the SciPy Python library (Virtanen et al., 2020) to perform these minimizations. ", "mentionContextAttributes": {"used": {"value": true, "score": 0.9997112154960632}, "created": {"value": false, "score": 5.137920379638672e-05}, "shared": {"value": false, "score": 1.1920928955078125e-07}}, "documentContextAttributes": {"used": {"value": true, "score": 0.9997112154960632}, "created": {"value": false, "score": 5.137920379638672e-05}, "shared": {"value": false, "score": 1.1920928955078125e-07}}}, {"type": "software", "software-type": "implicit", "software-name": {"rawForm": "library", "normalizedForm": "library", "offsetStart": 29, "offsetEnd": 60}, "language": {"rawForm": "Python", "normalizedForm": "Python", "wikidataId": "Q28865", "offsetStart": 52, "offsetEnd": 58}, "context": "function of the SciPy Python library (Virtanen et al., 2020) to perform these minimizations. ", "mentionContextAttributes": {"used": {"value": true, "score": 0.9997112154960632}, "created": {"value": false, "score": 5.137920379638672e-05}, "shared": {"value": false, "score": 1.1920928955078125e-07}}, "documentContextAttributes": {"used": {"value": true, "score": 0.9997112154960632}, "created": {"value": false, "score": 5.137920379638672e-05}, "shared": {"value": false, "score": 1.1920928955078125e-07}}}, {"type": "software", "software-type": "software", "software-name": {"rawForm": "SmartRoot", "normalizedForm": "SmartRoot", "offsetStart": 41, "offsetEnd": 70}, "context": "The root parts were then digitized using SmartRoot (Lobet et al., 2011), an ImageJ plugin, the segment lengths and the lateral position on their parent root were exported as text file in csv format. ", "mentionContextAttributes": {"used": {"value": true, "score": 0.9999667406082153}, "created": {"value": false, "score": 5.245208740234375e-06}, "shared": {"value": false, "score": 2.384185791015625e-07}}, "documentContextAttributes": {"used": {"value": true, "score": 0.9999667406082153}, "created": {"value": false, "score": 5.245208740234375e-06}, "shared": {"value": false, "score": 2.384185791015625e-07}}}, {"type": "software", "software-type": "software", "software-name": {"rawForm": "OpenAlea", "normalizedForm": "OpenAlea", "offsetStart": 46, "offsetEnd": 54}, "context": "HydroRoot was developed as a component of the OpenAlea platform (Pradal et al., 2008). ", "mentionContextAttributes": {"used": {"value": false, "score": 0.00016033649444580078}, "created": {"value": false, "score": 0.37594306468963623}, "shared": {"value": false, "score": 1.3113021850585938e-05}}, "documentContextAttributes": {"used": {"value": false, "score": 0.00016033649444580078}, "created": {"value": false, "score": 0.37594306468963623}, "shared": {"value": false, "score": 1.3113021850585938e-05}}, "references": [{"label": "(Pradal et al., 2008)", "normalizedForm": "Pradal et al., 2008", "refKey": 38, "offsetStart": 13045, "offsetEnd": 13066}]}, {"type": "software", "software-type": "software", "wikidataId": "Q1659584", "wikipediaExternalRef": 3793613, "lang": "en", "confidence": 0.7074, "software-name": {"rawForm": "ImageJ", "normalizedForm": "ImageJ", "wikidataId": "Q1659584", "wikipediaExternalRef": 3793613, "lang": "en", "confidence": 0.7074, "offsetStart": 63, "offsetEnd": 69}, "context": "The roots were scanned, and the diameters were estimated using ImageJ. ", "mentionContextAttributes": {"used": {"value": true, "score": 0.9999971389770508}, "created": {"value": false, "score": 2.5033950805664062e-06}, "shared": {"value": false, "score": 3.5762786865234375e-07}}, "documentContextAttributes": {"used": {"value": true, "score": 0.9999971389770508}, "created": {"value": false, "score": 5.245208740234375e-06}, "shared": {"value": false, "score": 3.5762786865234375e-07}}}, {"type": "software", "software-type": "software", "wikidataId": "Q1659584", "wikipediaExternalRef": 3793613, "lang": "en", "confidence": 0.7074, "software-name": {"rawForm": "ImageJ", "normalizedForm": "ImageJ", "wikidataId": "Q1659584", "wikipediaExternalRef": 3793613, "lang": "en", "confidence": 0.7074, "offsetStart": 76, "offsetEnd": 82}, "context": "The root parts were then digitized using SmartRoot (Lobet et al., 2011), an ImageJ plugin, the segment lengths and the lateral position on their parent root were exported as text file in csv format. ", "mentionContextAttributes": {"used": {"value": true, "score": 0.9999667406082153}, "created": {"value": false, "score": 5.245208740234375e-06}, "shared": {"value": false, "score": 2.384185791015625e-07}}, "documentContextAttributes": {"used": {"value": true, "score": 0.9999971389770508}, "created": {"value": false, "score": 5.245208740234375e-06}, "shared": {"value": false, "score": 3.5762786865234375e-07}}}], "references": [{"refKey": 38, "tei": "<biblStruct xml:id=\"b38\">\n\t<analytic>\n\t\t<title level=\"a\" type=\"main\">OpenAlea: a visual programming and component-based software platform for plant modelling</title>\n\t\t<author>\n\t\t\t<persName><forename type=\"first\">Christophe</forename><surname>Pradal</surname></persName>\n\t\t</author>\n\t\t<author>\n\t\t\t<persName><forename type=\"first\">Samuel</forename><surname>Dufour-Kowalski</surname></persName>\n\t\t</author>\n\t\t<author>\n\t\t\t<persName><forename type=\"first\">Fr\u00e9d\u00e9ric</forename><surname>Boudon</surname></persName>\n\t\t</author>\n\t\t<author>\n\t\t\t<persName><forename type=\"first\">Christian</forename><surname>Fournier</surname></persName>\n\t\t</author>\n\t\t<author>\n\t\t\t<persName><forename type=\"first\">Christophe</forename><surname>Godin</surname></persName>\n\t\t</author>\n\t\t<idno type=\"DOI\">10.1071/fp08084</idno>\n\t</analytic>\n\t<monogr>\n\t\t<title level=\"j\">Functional Plant Biology</title>\n\t\t<title level=\"j\" type=\"abbrev\">Functional Plant Biol.</title>\n\t\t<idno type=\"ISSN\">1445-4408</idno>\n\t\t<imprint>\n\t\t\t<biblScope unit=\"volume\">35</biblScope>\n\t\t\t<biblScope unit=\"issue\">10</biblScope>\n\t\t\t<biblScope unit=\"page\">751</biblScope>\n\t\t\t<date type=\"published\" when=\"2008\">2008</date>\n\t\t\t<publisher>CSIRO Publishing</publisher>\n\t\t</imprint>\n\t</monogr>\n</biblStruct>\n"}], "runtime": 73344, "id": "46059c4ef553b00b62fd6b00462212733625a903", "metadata": {"id": "46059c4ef553b00b62fd6b00462212733625a903"}, "original_file_path": "../../datalake/Samuel/SOFTware-Sync/data/xml_files/hal-03915413.grobid.tei.xml", "file_name": "hal-03915413.grobid.tei.xml"}