{"application": "software-mentions", "version": "0.8.0", "date": "2024-04-15T07:23+0000", "md5": "BD1C46BC1ADDD40941CEACE826EEDEE5", "mentions": [{"type": "software", "software-type": "software", "software-name": {"rawForm": "RTFNet", "normalizedForm": "RTFNet", "offsetStart": 15, "offsetEnd": 26}, "context": "Based on that, RTFNet [13] integrates residual layers into this network architecture to further boost the performance. ", "mentionContextAttributes": {"used": {"value": false, "score": 0.0004399418830871582}, "created": {"value": false, "score": 2.1338462829589844e-05}, "shared": {"value": false, "score": 1.1920928955078125e-07}}, "documentContextAttributes": {"used": {"value": true, "score": 0.997055172920227}, "created": {"value": false, "score": 2.1338462829589844e-05}, "shared": {"value": false, "score": 1.1920928955078125e-06}}, "references": [{"label": "[13]", "normalizedForm": "[13]", "refKey": 13}]}, {"type": "software", "software-type": "software", "software-name": {"rawForm": "RTFNet", "normalizedForm": "RTFNet", "offsetStart": 31, "offsetEnd": 37}, "context": "FuseNet [14] 45.6% 41.0% 43.9% RTFNet [13] 53.2% 45.8% 54.8% Ours (full dataset) 53.6% 46.8% 53.3% Ours (17.99% of data) 51.0% 46.6% 48.9%", "mentionContextAttributes": {"used": {"value": true, "score": 0.997055172920227}, "created": {"value": false, "score": 2.1457672119140625e-06}, "shared": {"value": false, "score": 1.1920928955078125e-06}}, "documentContextAttributes": {"used": {"value": true, "score": 0.997055172920227}, "created": {"value": false, "score": 2.1338462829589844e-05}, "shared": {"value": false, "score": 1.1920928955078125e-06}}, "references": [{"label": "[13]", "normalizedForm": "[13]", "refKey": 13, "offsetStart": 13637, "offsetEnd": 13641}]}], "references": [{"refKey": 13, "tei": "<biblStruct xml:id=\"b13\">\n\t<analytic>\n\t\t<title level=\"a\" type=\"main\">RTFNet: RGB-Thermal Fusion Network for Semantic Segmentation of Urban Scenes</title>\n\t\t<author>\n\t\t\t<persName><forename type=\"first\">Yuxiang</forename><surname>Sun</surname></persName>\n\t\t\t<idno type=\"ORCID\">0000-0002-7704-0559</idno>\n\t\t</author>\n\t\t<author>\n\t\t\t<persName><forename type=\"first\">Weixun</forename><surname>Zuo</surname></persName>\n\t\t\t<idno type=\"ORCID\">0000-0001-7251-0841</idno>\n\t\t</author>\n\t\t<author>\n\t\t\t<persName><forename type=\"first\">Ming</forename><surname>Liu</surname></persName>\n\t\t\t<idno type=\"ORCID\">0000-0002-4500-238X</idno>\n\t\t</author>\n\t\t<idno type=\"DOI\">10.1109/lra.2019.2904733</idno>\n\t</analytic>\n\t<monogr>\n\t\t<title level=\"j\">IEEE Robotics and Automation Letters</title>\n\t\t<title level=\"j\" type=\"abbrev\">IEEE Robot. Autom. Lett.</title>\n\t\t<idno type=\"ISSNe\">2377-3774</idno>\n\t\t<imprint>\n\t\t\t<biblScope unit=\"volume\">4</biblScope>\n\t\t\t<biblScope unit=\"issue\">3</biblScope>\n\t\t\t<biblScope unit=\"page\" from=\"2576\" to=\"2583\" />\n\t\t\t<date type=\"published\" when=\"2019-07\">July 2019</date>\n\t\t\t<publisher>Institute of Electrical and Electronics Engineers (IEEE)</publisher>\n\t\t</imprint>\n\t</monogr>\n</biblStruct>\n"}], "runtime": 41895, "id": "6ff3ca3060a22575db9f7e64f0234d110eabd723", "metadata": {"id": "6ff3ca3060a22575db9f7e64f0234d110eabd723"}, "original_file_path": "../../datalake/Samuel/SOFTware-Sync/data/xml_not_sofctied/hal-03236409.grobid.tei.xml", "file_name": "hal-03236409.grobid.tei.xml"}