{"application": "software-mentions", "version": "0.8.0", "date": "2024-04-12T17:10+0000", "md5": "36D6A65A54E4E0930D8E867588DE2D7B", "mentions": [{"type": "software", "software-type": "software", "software-name": {"rawForm": "GEVES", "normalizedForm": "GEVES", "offsetStart": 15, "offsetEnd": 20}, "context": "Dans le cas du GEVES, il s'agit d'une correspondance exacte, insensible \u00e0 la casse.", "mentionContextAttributes": {"used": {"value": false, "score": 0.003955483436584473}, "created": {"value": false, "score": 1.1980533599853516e-05}, "shared": {"value": false, "score": 1.0132789611816406e-06}}, "documentContextAttributes": {"used": {"value": false, "score": 0.12758135795593262}, "created": {"value": false, "score": 2.4497509002685547e-05}, "shared": {"value": false, "score": 1.3470649719238281e-05}}}, {"type": "software", "software-type": "software", "software-name": {"rawForm": "GEVES", "normalizedForm": "GEVES", "offsetStart": 15, "offsetEnd": 20}, "context": "Dans le cas du GEVES, il s'agit d'une correspondance exacte, insensible \u00e0 la casse.", "mentionContextAttributes": {"used": {"value": false, "score": 0.003955483436584473}, "created": {"value": false, "score": 1.1980533599853516e-05}, "shared": {"value": false, "score": 1.0132789611816406e-06}}, "documentContextAttributes": {"used": {"value": false, "score": 0.12758135795593262}, "created": {"value": false, "score": 2.4497509002685547e-05}, "shared": {"value": false, "score": 1.3470649719238281e-05}}}, {"type": "software", "software-type": "software", "software-name": {"rawForm": "GEVES", "normalizedForm": "GEVES", "offsetStart": 15, "offsetEnd": 20}, "context": "Dans le cas du GEVES, il s'agit d'une correspondance exacte, insensible \u00e0 la casse.", "mentionContextAttributes": {"used": {"value": false, "score": 0.003955483436584473}, "created": {"value": false, "score": 1.1980533599853516e-05}, "shared": {"value": false, "score": 1.0132789611816406e-06}}, "documentContextAttributes": {"used": {"value": false, "score": 0.12758135795593262}, "created": {"value": false, "score": 2.4497509002685547e-05}, "shared": {"value": false, "score": 1.3470649719238281e-05}}}, {"type": "software", "software-type": "software", "software-name": {"rawForm": "GEVES", "normalizedForm": "GEVES", "offsetStart": 29, "offsetEnd": 34}, "context": "En revanche, le catalogue du GEVES ne fournit pas l'ann\u00e9e et ne respecte pas la casse (e.g.", "mentionContextAttributes": {"used": {"value": false, "score": 0.12758135795593262}, "created": {"value": false, "score": 1.710653305053711e-05}, "shared": {"value": false, "score": 6.973743438720703e-06}}, "documentContextAttributes": {"used": {"value": false, "score": 0.12758135795593262}, "created": {"value": false, "score": 2.4497509002685547e-05}, "shared": {"value": false, "score": 1.3470649719238281e-05}}}, {"type": "software", "software-type": "software", "software-name": {"rawForm": "GEVES", "normalizedForm": "GEVES", "offsetStart": 50, "offsetEnd": 55}, "context": "A l'inverse, la m\u00e9thode utilisant le catalogue du GEVES est plus discriminante -environ 1 alignement/concept -mais pour seulement 14% et 15% des concepts respectivement. ", "mentionContextAttributes": {"used": {"value": false, "score": 0.05021250247955322}, "created": {"value": false, "score": 3.159046173095703e-06}, "shared": {"value": false, "score": 3.7550926208496094e-06}}, "documentContextAttributes": {"used": {"value": false, "score": 0.12758135795593262}, "created": {"value": false, "score": 2.4497509002685547e-05}, "shared": {"value": false, "score": 1.3470649719238281e-05}}}, {"type": "software", "software-type": "software", "software-name": {"rawForm": "GEVES", "normalizedForm": "GEVES", "offsetStart": 63, "offsetEnd": 68}, "context": "Le Groupe d'Etude et de contr\u00f4le des Vari\u00e9t\u00e9s Et des Semences (GEVES) produit un catalogue officiel des esp\u00e8ces et vari\u00e9t\u00e9s de plantes cultiv\u00e9es en France 4 .", "mentionContextAttributes": {"used": {"value": false, "score": 0.0349956750869751}, "created": {"value": false, "score": 2.4497509002685547e-05}, "shared": {"value": false, "score": 1.0311603546142578e-05}}, "documentContextAttributes": {"used": {"value": false, "score": 0.12758135795593262}, "created": {"value": false, "score": 2.4497509002685547e-05}, "shared": {"value": false, "score": 1.3470649719238281e-05}}}, {"type": "software", "software-type": "software", "software-name": {"rawForm": "GEVES", "normalizedForm": "GEVES", "offsetStart": 230, "offsetEnd": 235}, "context": "Nous en avons retenu deux : la Base de Donn\u00e9es Mondiale publi\u00e9e par l'EPPO[4] que nous avons interrog\u00e9e par son interface programmatique ; le Catalogue officiel des esp\u00e8ces et vari\u00e9t\u00e9s de plantes cultiv\u00e9es en France publi\u00e9 par le GEVES11  dont nous avons t\u00e9l\u00e9charg\u00e9 les fichiers tabulaires depuis le site web du GEVES.", "mentionContextAttributes": {"used": {"value": false, "score": 0.03757351636886597}, "created": {"value": false, "score": 3.2782554626464844e-06}, "shared": {"value": false, "score": 3.3974647521972656e-06}}, "documentContextAttributes": {"used": {"value": false, "score": 0.12758135795593262}, "created": {"value": false, "score": 2.4497509002685547e-05}, "shared": {"value": false, "score": 1.3470649719238281e-05}}}, {"type": "software", "software-type": "software", "software-name": {"rawForm": "GEVES", "normalizedForm": "GEVES", "offsetStart": 230, "offsetEnd": 235}, "context": "Nous en avons retenu deux : la Base de Donn\u00e9es Mondiale publi\u00e9e par l'EPPO[4] que nous avons interrog\u00e9e par son interface programmatique ; le Catalogue officiel des esp\u00e8ces et vari\u00e9t\u00e9s de plantes cultiv\u00e9es en France publi\u00e9 par le GEVES11  dont nous avons t\u00e9l\u00e9charg\u00e9 les fichiers tabulaires depuis le site web du GEVES.", "mentionContextAttributes": {"used": {"value": false, "score": 0.03757351636886597}, "created": {"value": false, "score": 3.2782554626464844e-06}, "shared": {"value": false, "score": 3.3974647521972656e-06}}, "documentContextAttributes": {"used": {"value": false, "score": 0.12758135795593262}, "created": {"value": false, "score": 2.4497509002685547e-05}, "shared": {"value": false, "score": 1.3470649719238281e-05}}}, {"type": "software", "software-type": "software", "software-name": {"rawForm": "GEVES", "normalizedForm": "GEVES", "offsetStart": 230, "offsetEnd": 235}, "context": "Nous en avons retenu deux : la Base de Donn\u00e9es Mondiale publi\u00e9e par l'EPPO[4] que nous avons interrog\u00e9e par son interface programmatique ; le Catalogue officiel des esp\u00e8ces et vari\u00e9t\u00e9s de plantes cultiv\u00e9es en France publi\u00e9 par le GEVES11  dont nous avons t\u00e9l\u00e9charg\u00e9 les fichiers tabulaires depuis le site web du GEVES.", "mentionContextAttributes": {"used": {"value": false, "score": 0.03757345676422119}, "created": {"value": false, "score": 3.2186508178710938e-06}, "shared": {"value": false, "score": 3.337860107421875e-06}}, "documentContextAttributes": {"used": {"value": false, "score": 0.12758135795593262}, "created": {"value": false, "score": 2.4497509002685547e-05}, "shared": {"value": false, "score": 1.3470649719238281e-05}}}, {"type": "software", "software-type": "software", "software-name": {"rawForm": "GEVES", "normalizedForm": "GEVES", "offsetStart": 230, "offsetEnd": 235}, "context": "Nous en avons retenu deux : la Base de Donn\u00e9es Mondiale publi\u00e9e par l'EPPO[4] que nous avons interrog\u00e9e par son interface programmatique ; le Catalogue officiel des esp\u00e8ces et vari\u00e9t\u00e9s de plantes cultiv\u00e9es en France publi\u00e9 par le GEVES11", "mentionContextAttributes": {"used": {"value": false, "score": 0.0640062689781189}, "created": {"value": false, "score": 4.291534423828125e-06}, "shared": {"value": false, "score": 1.3113021850585938e-05}}, "documentContextAttributes": {"used": {"value": false, "score": 0.12758135795593262}, "created": {"value": false, "score": 2.4497509002685547e-05}, "shared": {"value": false, "score": 1.3470649719238281e-05}}}, {"type": "software", "software-type": "software", "software-name": {"rawForm": "GEVES", "normalizedForm": "GEVES", "offsetStart": 230, "offsetEnd": 235}, "context": "Nous en avons retenu deux : la Base de Donn\u00e9es Mondiale publi\u00e9e par l'EPPO[4] que nous avons interrog\u00e9e par son interface programmatique ; le Catalogue officiel des esp\u00e8ces et vari\u00e9t\u00e9s de plantes cultiv\u00e9es en France publi\u00e9 par le GEVES", "mentionContextAttributes": {"used": {"value": false, "score": 0.04111069440841675}, "created": {"value": false, "score": 4.887580871582031e-06}, "shared": {"value": false, "score": 1.3470649719238281e-05}}, "documentContextAttributes": {"used": {"value": false, "score": 0.12758135795593262}, "created": {"value": false, "score": 2.4497509002685547e-05}, "shared": {"value": false, "score": 1.3470649719238281e-05}}}, {"type": "software", "software-type": "software", "software-name": {"rawForm": "GEVES", "normalizedForm": "GEVES", "offsetStart": 312, "offsetEnd": 317}, "context": "Nous en avons retenu deux : la Base de Donn\u00e9es Mondiale publi\u00e9e par l'EPPO[4] que nous avons interrog\u00e9e par son interface programmatique ; le Catalogue officiel des esp\u00e8ces et vari\u00e9t\u00e9s de plantes cultiv\u00e9es en France publi\u00e9 par le GEVES11  dont nous avons t\u00e9l\u00e9charg\u00e9 les fichiers tabulaires depuis le site web du GEVES.", "mentionContextAttributes": {"used": {"value": false, "score": 0.03757345676422119}, "created": {"value": false, "score": 3.2186508178710938e-06}, "shared": {"value": false, "score": 3.337860107421875e-06}}, "documentContextAttributes": {"used": {"value": false, "score": 0.12758135795593262}, "created": {"value": false, "score": 2.4497509002685547e-05}, "shared": {"value": false, "score": 1.3470649719238281e-05}}}, {"type": "software", "software-type": "software", "software-name": {"rawForm": "GEVES", "normalizedForm": "GEVES", "offsetStart": 312, "offsetEnd": 317}, "context": "Nous en avons retenu deux : la Base de Donn\u00e9es Mondiale publi\u00e9e par l'EPPO[4] que nous avons interrog\u00e9e par son interface programmatique ; le Catalogue officiel des esp\u00e8ces et vari\u00e9t\u00e9s de plantes cultiv\u00e9es en France publi\u00e9 par le GEVES11  dont nous avons t\u00e9l\u00e9charg\u00e9 les fichiers tabulaires depuis le site web du GEVES.", "mentionContextAttributes": {"used": {"value": false, "score": 0.03757345676422119}, "created": {"value": false, "score": 3.2186508178710938e-06}, "shared": {"value": false, "score": 3.337860107421875e-06}}, "documentContextAttributes": {"used": {"value": false, "score": 0.12758135795593262}, "created": {"value": false, "score": 2.4497509002685547e-05}, "shared": {"value": false, "score": 1.3470649719238281e-05}}}, {"type": "software", "software-type": "software", "software-name": {"rawForm": "GEVES", "normalizedForm": "GEVES", "offsetStart": 312, "offsetEnd": 317}, "context": "Nous en avons retenu deux : la Base de Donn\u00e9es Mondiale publi\u00e9e par l'EPPO[4] que nous avons interrog\u00e9e par son interface programmatique ; le Catalogue officiel des esp\u00e8ces et vari\u00e9t\u00e9s de plantes cultiv\u00e9es en France publi\u00e9 par le GEVES11  dont nous avons t\u00e9l\u00e9charg\u00e9 les fichiers tabulaires depuis le site web du GEVES.", "mentionContextAttributes": {"used": {"value": false, "score": 0.03757357597351074}, "created": {"value": false, "score": 3.2186508178710938e-06}, "shared": {"value": false, "score": 3.337860107421875e-06}}, "documentContextAttributes": {"used": {"value": false, "score": 0.12758135795593262}, "created": {"value": false, "score": 2.4497509002685547e-05}, "shared": {"value": false, "score": 1.3470649719238281e-05}}}], "references": [], "runtime": 87131, "id": "0c31570f32f4bc3706f89df886bd1136a7b1c328", "metadata": {"id": "0c31570f32f4bc3706f89df886bd1136a7b1c328"}, "original_file_path": "../../datalake/Samuel/SOFTware-Sync/data/xml_not_sofctied/hal-03889780.grobid.tei.xml", "file_name": "hal-03889780.grobid.tei.xml"}