{"application": "software-mentions", "version": "0.8.0", "date": "2024-04-15T07:25+0000", "md5": "60EE72C15A76FBA72BB3DD2557CA80E2", "mentions": [{"type": "software", "software-type": "software", "software-name": {"rawForm": "BirdCLEF", "normalizedForm": "BirdCLEF", "offsetStart": 4, "offsetEnd": 12}, "context": "The BirdCLEF challenge-as part of the 2019 LifeCLEF Lab [7]-offers a large-scale proving ground for system-oriented evaluation of bird species identification based on audio recordings.", "mentionContextAttributes": {"used": {"value": false, "score": 0.00019073486328125}, "created": {"value": false, "score": 0.003647148609161377}, "shared": {"value": false, "score": 2.980232238769531e-07}}, "documentContextAttributes": {"used": {"value": true, "score": 0.9997365474700928}, "created": {"value": false, "score": 0.48669910430908203}, "shared": {"value": false, "score": 1.0311603546142578e-05}}, "references": [{"label": "[6]", "normalizedForm": "[6]", "refKey": 6}]}, {"type": "software", "software-type": "software", "software-name": {"rawForm": "BirdCLEF", "normalizedForm": "BirdCLEF", "offsetStart": 4, "offsetEnd": 12}, "context": "The BirdCLEF challenge -as part of the 2019 LifeCLEF Lab [7]evaluates the state-of-the-art of audio-based bird identification systems at a very large scale.", "mentionContextAttributes": {"used": {"value": false, "score": 0.00021600723266601562}, "created": {"value": false, "score": 0.00048488378524780273}, "shared": {"value": false, "score": 2.980232238769531e-07}}, "documentContextAttributes": {"used": {"value": true, "score": 0.9997365474700928}, "created": {"value": false, "score": 0.48669910430908203}, "shared": {"value": false, "score": 1.0311603546142578e-05}}, "references": [{"label": "[6]", "normalizedForm": "[6]", "refKey": 6}]}, {"type": "software", "software-type": "software", "software-name": {"rawForm": "BirdCLEF", "normalizedForm": "BirdCLEF", "offsetStart": 7, "offsetEnd": 15}, "context": "Before BirdCLEF started in 2014, three previous initiatives on the evaluation of acoustic bird species identification took place, including two from the SABIOD6 group [5,4,2].", "mentionContextAttributes": {"used": {"value": false, "score": 0.0033074021339416504}, "created": {"value": false, "score": 6.073713302612305e-05}, "shared": {"value": false, "score": 1.7881393432617188e-07}}, "documentContextAttributes": {"used": {"value": true, "score": 0.9997365474700928}, "created": {"value": false, "score": 0.48669910430908203}, "shared": {"value": false, "score": 1.0311603546142578e-05}}, "references": [{"label": "[6]", "normalizedForm": "[6]", "refKey": 6}]}, {"type": "software", "software-type": "software", "software-name": {"rawForm": "BirdCLEF", "normalizedForm": "BirdCLEF", "offsetStart": 9, "offsetEnd": 17}, "context": "The 2019 BirdCLEF challenge featured the largest, fully-annotated collection of soundscape recordings.", "mentionContextAttributes": {"used": {"value": false, "score": 0.07902461290359497}, "created": {"value": false, "score": 0.0006566643714904785}, "shared": {"value": false, "score": 2.980232238769531e-07}}, "documentContextAttributes": {"used": {"value": true, "score": 0.9997365474700928}, "created": {"value": false, "score": 0.48669910430908203}, "shared": {"value": false, "score": 1.0311603546142578e-05}}, "references": [{"label": "[6]", "normalizedForm": "[6]", "refKey": 6}]}, {"type": "software", "software-type": "software", "software-name": {"rawForm": "BirdCLEF", "normalizedForm": "BirdCLEF", "offsetStart": 18, "offsetEnd": 26}, "context": "This ensures that BirdCLEF is close to the conditions of real-world application, in particular with regard to the number of species in the training set (659).", "mentionContextAttributes": {"used": {"value": false, "score": 0.0006006956100463867}, "created": {"value": false, "score": 7.063150405883789e-05}, "shared": {"value": false, "score": 1.7881393432617188e-07}}, "documentContextAttributes": {"used": {"value": true, "score": 0.9997365474700928}, "created": {"value": false, "score": 0.48669910430908203}, "shared": {"value": false, "score": 1.0311603546142578e-05}}, "references": [{"label": "[6]", "normalizedForm": "[6]", "refKey": 6}]}, {"type": "software", "software-type": "software", "software-name": {"rawForm": "BirdCLEF", "normalizedForm": "BirdCLEF", "offsetStart": 23, "offsetEnd": 31}, "context": "In this edition of the BirdCLEF challenge, participants built on established systems from previous years, all submitted runs featured a CNN classifier trained on spectrograms-very deep networks once again performed best. ", "mentionContextAttributes": {"used": {"value": true, "score": 0.9857325553894043}, "created": {"value": false, "score": 0.0001456737518310547}, "shared": {"value": false, "score": 1.7881393432617188e-07}}, "documentContextAttributes": {"used": {"value": true, "score": 0.9997365474700928}, "created": {"value": false, "score": 0.48669910430908203}, "shared": {"value": false, "score": 1.0311603546142578e-05}}, "references": [{"label": "[6]", "normalizedForm": "[6]", "refKey": 6}]}, {"type": "software", "software-type": "software", "wikidataId": "Q5322614", "wikipediaExternalRef": 12693385, "lang": "en", "confidence": 0.4772, "software-name": {"rawForm": "eBird", "normalizedForm": "eBird", "wikidataId": "Q5322614", "wikipediaExternalRef": 12693385, "lang": "en", "confidence": 0.4772, "offsetStart": 26, "offsetEnd": 31}, "context": "Additionally, we provided eBird.org", "mentionContextAttributes": {"used": {"value": true, "score": 0.9625902771949768}, "created": {"value": true, "score": 0.7925570607185364}, "shared": {"value": false, "score": 0.0008168816566467285}}, "documentContextAttributes": {"used": {"value": true, "score": 0.9999657273292542}, "created": {"value": true, "score": 0.7925570607185364}, "shared": {"value": false, "score": 0.0008168816566467285}}}, {"type": "software", "software-type": "software", "software-name": {"rawForm": "BirdCLEF", "normalizedForm": "BirdCLEF", "offsetStart": 36, "offsetEnd": 44}, "context": "103 participants registered for the BirdCLEF 2019 challenge and downloaded the dataset. ", "mentionContextAttributes": {"used": {"value": true, "score": 0.998744785785675}, "created": {"value": false, "score": 1.0192394256591797e-05}, "shared": {"value": false, "score": 3.039836883544922e-06}}, "documentContextAttributes": {"used": {"value": true, "score": 0.9997365474700928}, "created": {"value": false, "score": 0.48669910430908203}, "shared": {"value": false, "score": 1.0311603546142578e-05}}, "references": [{"label": "[6]", "normalizedForm": "[6]", "refKey": 6}]}, {"type": "software", "software-type": "software", "software-name": {"rawForm": "BirdCLEF", "normalizedForm": "BirdCLEF", "offsetStart": 41, "offsetEnd": 49}, "context": "Acknowledgements The organization of the BirdCLEF task is supported by the Xeno-canto Foundation, the European Union and the European Social Fund (ESF) for Germany, as well as by the French CNRS project SABIOD.ORG and EADM GDR CNRS MADICS, BRILAAM STIC-AmSud, and Floris'Tic.", "mentionContextAttributes": {"used": {"value": true, "score": 0.7126923203468323}, "created": {"value": false, "score": 3.606081008911133e-05}, "shared": {"value": false, "score": 1.0311603546142578e-05}}, "documentContextAttributes": {"used": {"value": true, "score": 0.9997365474700928}, "created": {"value": false, "score": 0.48669910430908203}, "shared": {"value": false, "score": 1.0311603546142578e-05}}, "references": [{"label": "[6]", "normalizedForm": "[6]", "refKey": 6}]}, {"type": "software", "software-type": "software", "software-name": {"rawForm": "LifeCLEF", "normalizedForm": "LifeCLEF", "offsetStart": 43, "offsetEnd": 51}, "version": {"rawForm": "2019", "normalizedForm": "2019"}, "context": "The BirdCLEF challenge-as part of the 2019 LifeCLEF Lab [7]-offers a large-scale proving ground for system-oriented evaluation of bird species identification based on audio recordings.", "mentionContextAttributes": {"used": {"value": false, "score": 0.00019073486328125}, "created": {"value": false, "score": 0.003647148609161377}, "shared": {"value": false, "score": 2.980232238769531e-07}}, "documentContextAttributes": {"used": {"value": true, "score": 0.9999603033065796}, "created": {"value": false, "score": 0.003647148609161377}, "shared": {"value": false, "score": 2.980232238769531e-07}}, "references": [{"label": "[7]", "normalizedForm": "[7]", "refKey": 7}]}, {"type": "software", "software-type": "software", "software-name": {"rawForm": "LifeCLEF", "normalizedForm": "LifeCLEF", "offsetStart": 44, "offsetEnd": 52}, "version": {"rawForm": "2019", "normalizedForm": "2019"}, "context": "The BirdCLEF challenge -as part of the 2019 LifeCLEF Lab [7]evaluates the state-of-the-art of audio-based bird identification systems at a very large scale.", "mentionContextAttributes": {"used": {"value": false, "score": 0.00021600723266601562}, "created": {"value": false, "score": 0.00048488378524780273}, "shared": {"value": false, "score": 2.980232238769531e-07}}, "documentContextAttributes": {"used": {"value": true, "score": 0.9999603033065796}, "created": {"value": false, "score": 0.003647148609161377}, "shared": {"value": false, "score": 2.980232238769531e-07}}, "references": [{"label": "[7]", "normalizedForm": "[7]", "refKey": 7, "offsetStart": 1467, "offsetEnd": 1470}]}, {"type": "software", "software-type": "software", "wikidataId": "Q5322614", "wikipediaExternalRef": 12693385, "lang": "en", "confidence": 0.4772, "software-name": {"rawForm": "eBird", "normalizedForm": "eBird", "wikidataId": "Q5322614", "wikipediaExternalRef": 12693385, "lang": "en", "confidence": 0.4772, "offsetStart": 70, "offsetEnd": 75}, "context": "Frequency estimations of bird species occurrences were compiled using eBird checklist data for the soundscape recording locations in the US and Colombia provided by the eBird API 1.1 (which was unfortunately discontinued in March 2019).", "mentionContextAttributes": {"used": {"value": true, "score": 0.9999657273292542}, "created": {"value": false, "score": 4.83393669128418e-05}, "shared": {"value": false, "score": 2.980232238769531e-07}}, "documentContextAttributes": {"used": {"value": true, "score": 0.9999657273292542}, "created": {"value": true, "score": 0.7925570607185364}, "shared": {"value": false, "score": 0.0008168816566467285}}}, {"type": "software", "software-type": "software", "software-name": {"rawForm": "BirdCLEF", "normalizedForm": "BirdCLEF", "offsetStart": 71, "offsetEnd": 79}, "context": "In collaboration with the organizers of these previous challenges, the BirdCLEF challenges went one step further by (i) significantly increasing the species number by an order of magnitude, (ii) working on realworld social data built from thousands of recordists, and (iii) moving to a more usage-driven and system-oriented benchmark by allowing the use of metadata and defining information retrieval oriented metrics.", "mentionContextAttributes": {"used": {"value": false, "score": 0.018117249011993408}, "created": {"value": false, "score": 0.48669910430908203}, "shared": {"value": false, "score": 5.364418029785156e-07}}, "documentContextAttributes": {"used": {"value": true, "score": 0.9997365474700928}, "created": {"value": false, "score": 0.48669910430908203}, "shared": {"value": false, "score": 1.0311603546142578e-05}}, "references": [{"label": "[6]", "normalizedForm": "[6]", "refKey": 6}]}, {"type": "software", "software-type": "software", "software-name": {"rawForm": "-CLEF", "normalizedForm": "-CLEF", "offsetStart": 74, "offsetEnd": 79}, "context": "Lasseck managed to achieve top scores in most of the past editions in Bird-CLEF. ", "mentionContextAttributes": {"used": {"value": true, "score": 0.7261103391647339}, "created": {"value": false, "score": 4.0471553802490234e-05}, "shared": {"value": false, "score": 4.172325134277344e-07}}, "documentContextAttributes": {"used": {"value": true, "score": 0.7261103391647339}, "created": {"value": false, "score": 4.0471553802490234e-05}, "shared": {"value": false, "score": 4.172325134277344e-07}}}, {"type": "software", "software-type": "software", "software-name": {"rawForm": "BirdCLEF", "normalizedForm": "BirdCLEF", "offsetStart": 76, "offsetEnd": 84}, "context": "In addition, we also re-used the soundscape data from the previous years of BirdCLEF.", "mentionContextAttributes": {"used": {"value": true, "score": 0.9997365474700928}, "created": {"value": false, "score": 3.343820571899414e-05}, "shared": {"value": false, "score": 1.7881393432617188e-07}}, "documentContextAttributes": {"used": {"value": true, "score": 0.9997365474700928}, "created": {"value": false, "score": 0.48669910430908203}, "shared": {"value": false, "score": 1.0311603546142578e-05}}, "references": [{"label": "[6]", "normalizedForm": "[6]", "refKey": 6}]}, {"type": "software", "software-type": "software", "software-name": {"rawForm": "Raven Pro", "normalizedForm": "Raven Pro", "offsetStart": 76, "offsetEnd": 85}, "context": "Expert birders provided more than 80,000 bounding box annotations using the Raven Pro analysis software. ", "mentionContextAttributes": {"used": {"value": true, "score": 0.9999751448631287}, "created": {"value": false, "score": 1.7821788787841797e-05}, "shared": {"value": false, "score": 1.7881393432617188e-07}}, "documentContextAttributes": {"used": {"value": true, "score": 0.9999751448631287}, "created": {"value": false, "score": 1.7821788787841797e-05}, "shared": {"value": false, "score": 1.7881393432617188e-07}}}, {"type": "software", "software-type": "software", "software-name": {"rawForm": "LifeCLEF", "normalizedForm": "LifeCLEF", "offsetStart": 88, "offsetEnd": 96}, "version": {"rawForm": "2019", "normalizedForm": "2019", "offsetStart": 97, "offsetEnd": 101}, "context": "Fig. 3: Scores achieved by all systems evaluated within the bird identification task of LifeCLEF 2019. ", "mentionContextAttributes": {"used": {"value": true, "score": 0.9999603033065796}, "created": {"value": false, "score": 1.2516975402832031e-05}, "shared": {"value": false, "score": 1.1920928955078125e-07}}, "documentContextAttributes": {"used": {"value": true, "score": 0.9999603033065796}, "created": {"value": false, "score": 0.003647148609161377}, "shared": {"value": false, "score": 2.980232238769531e-07}}, "references": [{"label": "[7]", "normalizedForm": "[7]", "refKey": 7}]}, {"type": "software", "software-type": "software", "software-name": {"rawForm": "BirdCLEF", "normalizedForm": "BirdCLEF", "offsetStart": 112, "offsetEnd": 120}, "context": "More details about this soundscape data (locations, authors, etc.) can be found in the overview working note of BirdCLEF 2018 [6].", "mentionContextAttributes": {"used": {"value": false, "score": 0.025628268718719482}, "created": {"value": false, "score": 4.7087669372558594e-05}, "shared": {"value": false, "score": 2.384185791015625e-07}}, "documentContextAttributes": {"used": {"value": true, "score": 0.9997365474700928}, "created": {"value": false, "score": 0.48669910430908203}, "shared": {"value": false, "score": 1.0311603546142578e-05}}, "references": [{"label": "[6]", "normalizedForm": "[6]", "refKey": 6, "offsetStart": 6764, "offsetEnd": 6767}]}, {"type": "software", "software-type": "software", "software-name": {"rawForm": "eBird API", "normalizedForm": "eBird API", "offsetStart": 169, "offsetEnd": 178}, "version": {"rawForm": "1.1", "normalizedForm": "1.1", "offsetStart": 179, "offsetEnd": 182}, "context": "Frequency estimations of bird species occurrences were compiled using eBird checklist data for the soundscape recording locations in the US and Colombia provided by the eBird API 1.1 (which was unfortunately discontinued in March 2019).", "mentionContextAttributes": {"used": {"value": true, "score": 0.9999657869338989}, "created": {"value": false, "score": 4.8279762268066406e-05}, "shared": {"value": false, "score": 2.384185791015625e-07}}, "documentContextAttributes": {"used": {"value": true, "score": 0.9999657869338989}, "created": {"value": false, "score": 4.8279762268066406e-05}, "shared": {"value": false, "score": 2.384185791015625e-07}}}], "references": [{"refKey": 6, "tei": "<biblStruct xml:id=\"b6\">\n\t<analytic>\n\t\t<title level=\"a\" type=\"main\">Overview of birdclef 2018: monophone vs. soundscape bird identification</title>\n\t\t<author>\n\t\t\t<persName><forename type=\"first\">H</forename><surname>Go\u00ebau</surname></persName>\n\t\t</author>\n\t\t<author>\n\t\t\t<persName><forename type=\"first\">H</forename><surname>Glotin</surname></persName>\n\t\t</author>\n\t\t<author>\n\t\t\t<persName><forename type=\"first\">R</forename><surname>Planqu\u00e9</surname></persName>\n\t\t</author>\n\t\t<author>\n\t\t\t<persName><forename type=\"first\">W</forename><forename type=\"middle\">P</forename><surname>Vellinga</surname></persName>\n\t\t</author>\n\t\t<author>\n\t\t\t<persName><forename type=\"first\">S</forename><surname>Kahl</surname></persName>\n\t\t</author>\n\t\t<author>\n\t\t\t<persName><forename type=\"first\">A</forename><surname>Joly</surname></persName>\n\t\t</author>\n\t</analytic>\n\t<monogr>\n\t\t<title level=\"m\">CLEF working notes</title>\n\t\t<imprint>\n\t\t\t<date>2018</date>\n\t\t\t<biblScope unit=\"page\">2018</biblScope>\n\t\t</imprint>\n\t</monogr>\n</biblStruct>\n"}, {"refKey": 7, "tei": "<biblStruct xml:id=\"b7\">\n\t<analytic>\n\t\t<title level=\"a\" type=\"main\">Overview of LifeCLEF 2019: Identification of Amazonian Plants, South &amp; North American Birds, and Niche Prediction</title>\n\t\t<author>\n\t\t\t<persName><forename type=\"first\">Alexis</forename><surname>Joly</surname></persName>\n\t\t</author>\n\t\t<author>\n\t\t\t<persName><forename type=\"first\">Herv\u00e9</forename><surname>Go\u00ebau</surname></persName>\n\t\t</author>\n\t\t<author>\n\t\t\t<persName><forename type=\"first\">Christophe</forename><surname>Botella</surname></persName>\n\t\t</author>\n\t\t<author>\n\t\t\t<persName><forename type=\"first\">Stefan</forename><surname>Kahl</surname></persName>\n\t\t</author>\n\t\t<author>\n\t\t\t<persName><forename type=\"first\">Maximillien</forename><surname>Servajean</surname></persName>\n\t\t</author>\n\t\t<author>\n\t\t\t<persName><forename type=\"first\">Herv\u00e9</forename><surname>Glotin</surname></persName>\n\t\t</author>\n\t\t<author>\n\t\t\t<persName><forename type=\"first\">Pierre</forename><surname>Bonnet</surname></persName>\n\t\t</author>\n\t\t<author>\n\t\t\t<persName><forename type=\"first\">Robert</forename><surname>Planqu\u00e9</surname></persName>\n\t\t</author>\n\t\t<author>\n\t\t\t<persName><forename type=\"first\">Fabian</forename><surname>Robert-St\u00f6ter</surname></persName>\n\t\t</author>\n\t\t<author>\n\t\t\t<persName><forename type=\"first\">Willem-Pier</forename><surname>Vellinga</surname></persName>\n\t\t</author>\n\t\t<author>\n\t\t\t<persName><forename type=\"first\">Henning</forename><surname>M\u00fcller</surname></persName>\n\t\t</author>\n\t\t<idno type=\"DOI\">10.1007/978-3-030-28577-7_29</idno>\n\t</analytic>\n\t<monogr>\n\t\t<title level=\"m\">Lecture Notes in Computer Science</title>\n\t\t<imprint>\n\t\t\t<publisher>Springer International Publishing</publisher>\n\t\t\t<date type=\"published\" when=\"2019\">2019</date>\n\t\t\t<biblScope unit=\"page\" from=\"387\" to=\"401\" />\n\t\t</imprint>\n\t</monogr>\n</biblStruct>\n"}], "runtime": 21562, "id": "70fa0c7b536bde5f045b66e2d7d34713ce57b6ea", "metadata": {"id": "70fa0c7b536bde5f045b66e2d7d34713ce57b6ea"}, "original_file_path": "../../datalake/Samuel/SOFTware-Sync/data/xml_not_sofctied/hal-02345644.grobid.tei.xml", "file_name": "hal-02345644.grobid.tei.xml"}