{"application": "software-mentions", "version": "0.8.0", "date": "2024-04-12T15:43+0000", "md5": "1475E2B94C550F97CCA970E1397B8CCD", "mentions": [{"type": "software", "software-type": "software", "software-name": {"rawForm": "hdsl", "normalizedForm": "hdsl", "offsetStart": 0, "offsetEnd": 4}, "context": "hdsl, however, outperforms all other algorithms on these datasets, including diag.", "mentionContextAttributes": {"used": {"value": false, "score": 0.00010925531387329102}, "created": {"value": false, "score": 8.046627044677734e-06}, "shared": {"value": false, "score": 2.980232238769531e-07}}, "documentContextAttributes": {"used": {"value": true, "score": 0.9999210834503174}, "created": {"value": true, "score": 0.9999112486839294}, "shared": {"value": false, "score": 5.364418029785156e-07}}}, {"type": "software", "software-type": "software", "software-name": {"rawForm": "hdsl", "normalizedForm": "hdsl", "offsetStart": 4, "offsetEnd": 8}, "context": "For hdsl, we use the fast heuristic described in Section 3.2.3 and tune the scale parameter \u03bb \u2208 {1, 10, . . .", "mentionContextAttributes": {"used": {"value": true, "score": 0.9994295835494995}, "created": {"value": false, "score": 2.682209014892578e-06}, "shared": {"value": false, "score": 2.980232238769531e-07}}, "documentContextAttributes": {"used": {"value": true, "score": 0.9999210834503174}, "created": {"value": true, "score": 0.9999112486839294}, "shared": {"value": false, "score": 5.364418029785156e-07}}}, {"type": "software", "software-type": "software", "software-name": {"rawForm": "hdsl", "normalizedForm": "hdsl", "offsetStart": 10, "offsetEnd": 14}, "context": "Note that hdsl uses roughly the same number of features as svm-linear-1 (Table4), but it is difficult to draw any solid conclusion because the objective and training data for each method are different, and SVM is a combination of binary models.", "mentionContextAttributes": {"used": {"value": false, "score": 0.0017800331115722656}, "created": {"value": false, "score": 1.0192394256591797e-05}, "shared": {"value": false, "score": 2.980232238769531e-07}}, "documentContextAttributes": {"used": {"value": true, "score": 0.9999210834503174}, "created": {"value": true, "score": 0.9999112486839294}, "shared": {"value": false, "score": 5.364418029785156e-07}}}, {"type": "software", "software-type": "software", "software-name": {"rawForm": "hdsl", "normalizedForm": "hdsl", "offsetStart": 12, "offsetEnd": 16}, "context": "Recall that hdsl learns a sequence of PSD matrices M (k) .", "mentionContextAttributes": {"used": {"value": false, "score": 0.010521411895751953}, "created": {"value": false, "score": 3.635883331298828e-06}, "shared": {"value": false, "score": 2.980232238769531e-07}}, "documentContextAttributes": {"used": {"value": true, "score": 0.9999210834503174}, "created": {"value": true, "score": 0.9999112486839294}, "shared": {"value": false, "score": 5.364418029785156e-07}}}, {"type": "software", "software-type": "software", "software-name": {"rawForm": "hdsl", "normalizedForm": "hdsl", "offsetStart": 15, "offsetEnd": 19}, "context": "Interestingly, hdsl outperforms all SVM variants on dexter and dorothea, both of which have a large proportion of irrelevant features.", "mentionContextAttributes": {"used": {"value": false, "score": 0.0002874135971069336}, "created": {"value": false, "score": 1.9609928131103516e-05}, "shared": {"value": false, "score": 1.7881393432617188e-07}}, "documentContextAttributes": {"used": {"value": true, "score": 0.9999210834503174}, "created": {"value": true, "score": 0.9999112486839294}, "shared": {"value": false, "score": 5.364418029785156e-07}}}, {"type": "software", "software-type": "software", "software-name": {"rawForm": "hdsl", "normalizedForm": "hdsl", "offsetStart": 16, "offsetEnd": 20}, "context": "A single run of hdsl can thus be seen as incrementally building projection spaces of increasing dimensionality.", "mentionContextAttributes": {"used": {"value": false, "score": 0.0001709461212158203}, "created": {"value": false, "score": 0.00025141239166259766}, "shared": {"value": false, "score": 2.980232238769531e-07}}, "documentContextAttributes": {"used": {"value": true, "score": 0.9999210834503174}, "created": {"value": true, "score": 0.9999112486839294}, "shared": {"value": false, "score": 5.364418029785156e-07}}}, {"type": "software", "software-type": "software", "software-name": {"rawForm": "hdsl", "normalizedForm": "hdsl", "offsetStart": 19, "offsetEnd": 23}, "context": "This confirms that hdsl is able to accurately identify the small number of correct features and pairs of features. ", "mentionContextAttributes": {"used": {"value": false, "score": 0.011218667030334473}, "created": {"value": false, "score": 0.00013017654418945312}, "shared": {"value": false, "score": 1.7881393432617188e-07}}, "documentContextAttributes": {"used": {"value": true, "score": 0.9999210834503174}, "created": {"value": true, "score": 0.9999112486839294}, "shared": {"value": false, "score": 5.364418029785156e-07}}}, {"type": "software", "software-type": "software", "software-name": {"rawForm": "hdsl", "normalizedForm": "hdsl", "offsetStart": 20, "offsetEnd": 24}, "context": "Figure 4 shows that hdsl incorporates many features early on but tends to eventually converge to a modest fraction of features (the same observation holds for the other two datasets).", "mentionContextAttributes": {"used": {"value": false, "score": 0.0010949969291687012}, "created": {"value": false, "score": 9.47713851928711e-06}, "shared": {"value": false, "score": 2.980232238769531e-07}}, "documentContextAttributes": {"used": {"value": true, "score": 0.9999210834503174}, "created": {"value": true, "score": 0.9999112486839294}, "shared": {"value": false, "score": 5.364418029785156e-07}}}, {"type": "software", "software-type": "software", "software-name": {"rawForm": "hdsl", "normalizedForm": "hdsl", "offsetStart": 21, "offsetEnd": 25}, "context": "This may explain why hdsl does not suffer much from overfitting even when training data is scarce as in dexter.", "mentionContextAttributes": {"used": {"value": false, "score": 4.965066909790039e-05}, "created": {"value": false, "score": 1.5437602996826172e-05}, "shared": {"value": false, "score": 1.7881393432617188e-07}}, "documentContextAttributes": {"used": {"value": true, "score": 0.9999210834503174}, "created": {"value": true, "score": 0.9999112486839294}, "shared": {"value": false, "score": 5.364418029785156e-07}}}, {"type": "software", "software-type": "software", "software-name": {"rawForm": "hdsl", "normalizedForm": "hdsl", "offsetStart": 24, "offsetEnd": 28}, "context": "This section introduces hdsl (High-Dimensional Similarity Learning), the approach proposed in this paper.", "mentionContextAttributes": {"used": {"value": false, "score": 4.3451786041259766e-05}, "created": {"value": true, "score": 0.9998130798339844}, "shared": {"value": false, "score": 2.980232238769531e-07}}, "documentContextAttributes": {"used": {"value": true, "score": 0.9999210834503174}, "created": {"value": true, "score": 0.9999112486839294}, "shared": {"value": false, "score": 5.364418029785156e-07}}}, {"type": "software", "software-type": "software", "software-name": {"rawForm": "hdsl", "normalizedForm": "hdsl", "offsetStart": 27, "offsetEnd": 31}, "context": "On the other two datasets, hdsl is competitive with SVM, although it is outperformed slightly by one variant (svm-poly-3 on rcv1 2 and svm-linear-2 on rcv1 4), both of which rely on all features.", "mentionContextAttributes": {"used": {"value": false, "score": 0.007830977439880371}, "created": {"value": false, "score": 2.682209014892578e-06}, "shared": {"value": false, "score": 2.980232238769531e-07}}, "documentContextAttributes": {"used": {"value": true, "score": 0.9999210834503174}, "created": {"value": true, "score": 0.9999112486839294}, "shared": {"value": false, "score": 5.364418029785156e-07}}}, {"type": "software", "software-type": "software", "software-name": {"rawForm": "hdsl", "normalizedForm": "hdsl", "offsetStart": 31, "offsetEnd": 35}, "context": "We now focus on the ability of hdsl to perform feature selection and more generally to learn sparse similarity functions.", "mentionContextAttributes": {"used": {"value": false, "score": 0.0001544952392578125}, "created": {"value": true, "score": 0.9995635151863098}, "shared": {"value": false, "score": 2.980232238769531e-07}}, "documentContextAttributes": {"used": {"value": true, "score": 0.9999210834503174}, "created": {"value": true, "score": 0.9999112486839294}, "shared": {"value": false, "score": 5.364418029785156e-07}}}, {"type": "software", "software-type": "software", "software-name": {"rawForm": "hdsl", "normalizedForm": "hdsl", "offsetStart": 33, "offsetEnd": 37}, "context": "To do so, at each iteration k of hdsl, we rank each pair of features by descending order of the absolute value of the corresponding entry in the current matrix M (k) .", "mentionContextAttributes": {"used": {"value": true, "score": 0.9776027798652649}, "created": {"value": false, "score": 7.212162017822266e-06}, "shared": {"value": false, "score": 4.172325134277344e-07}}, "documentContextAttributes": {"used": {"value": true, "score": 0.9999210834503174}, "created": {"value": true, "score": 0.9999112486839294}, "shared": {"value": false, "score": 5.364418029785156e-07}}}, {"type": "software", "software-type": "software", "wikidataId": "Q17064545", "wikipediaExternalRef": 40008429, "lang": "en", "confidence": 0.621, "software-name": {"rawForm": "liblinear", "normalizedForm": "liblinear", "wikidataId": "Q17064545", "wikipediaExternalRef": 40008429, "lang": "en", "confidence": 0.621, "offsetStart": 33, "offsetEnd": 61}, "context": "The SVM models are trained using liblinear (Fan et al., 2008) and libsvm (Chang and Lin, 2011) with 1vs1 paradigm for multiclass.", "mentionContextAttributes": {"used": {"value": true, "score": 0.8410950899124146}, "created": {"value": false, "score": 3.7729740142822266e-05}, "shared": {"value": false, "score": 1.7881393432617188e-07}}, "documentContextAttributes": {"used": {"value": true, "score": 0.8410950899124146}, "created": {"value": false, "score": 3.7729740142822266e-05}, "shared": {"value": false, "score": 1.7881393432617188e-07}}}, {"type": "software", "software-type": "software", "software-name": {"rawForm": "hdsl", "normalizedForm": "hdsl", "offsetStart": 34, "offsetEnd": 38}, "context": "We compare the proposed approach (hdsl) to several methods:", "mentionContextAttributes": {"used": {"value": false, "score": 0.0005044341087341309}, "created": {"value": false, "score": 0.021288633346557617}, "shared": {"value": false, "score": 2.980232238769531e-07}}, "documentContextAttributes": {"used": {"value": true, "score": 0.9999210834503174}, "created": {"value": true, "score": 0.9999112486839294}, "shared": {"value": false, "score": 5.364418029785156e-07}}}, {"type": "software", "software-type": "software", "software-name": {"rawForm": "hdsl", "normalizedForm": "hdsl", "offsetStart": 36, "offsetEnd": 40}, "context": "We now investigate the potential of hdsl for dimensionality reduction.", "mentionContextAttributes": {"used": {"value": false, "score": 0.00042563676834106445}, "created": {"value": true, "score": 0.9867978692054749}, "shared": {"value": false, "score": 2.980232238769531e-07}}, "documentContextAttributes": {"used": {"value": true, "score": 0.9999210834503174}, "created": {"value": true, "score": 0.9999112486839294}, "shared": {"value": false, "score": 5.364418029785156e-07}}}, {"type": "software", "software-type": "software", "software-name": {"rawForm": "hdsl", "normalizedForm": "hdsl", "offsetStart": 37, "offsetEnd": 41}, "context": "To better understand the behavior of hdsl, we show in Figure 4 the number of selected features as a function of the iteration number for two of the datasets.", "mentionContextAttributes": {"used": {"value": true, "score": 0.9855040311813354}, "created": {"value": false, "score": 1.5437602996826172e-05}, "shared": {"value": false, "score": 1.7881393432617188e-07}}, "documentContextAttributes": {"used": {"value": true, "score": 0.9999210834503174}, "created": {"value": true, "score": 0.9999112486839294}, "shared": {"value": false, "score": 5.364418029785156e-07}}}, {"type": "software", "software-type": "software", "software-name": {"rawForm": "hdsl", "normalizedForm": "hdsl", "offsetStart": 37, "offsetEnd": 41}, "context": "Another attractive characteristic of hdsl is its ability to learn a matrix that is sparse not only on the diagonal but also off-diagonal (the proportion of nonzero entries is in the order of 0.0001% for all datasets).", "mentionContextAttributes": {"used": {"value": false, "score": 6.812810897827148e-05}, "created": {"value": false, "score": 0.0004399418830871582}, "shared": {"value": false, "score": 4.172325134277344e-07}}, "documentContextAttributes": {"used": {"value": true, "score": 0.9999210834503174}, "created": {"value": true, "score": 0.9999112486839294}, "shared": {"value": false, "score": 5.364418029785156e-07}}}, {"type": "software", "software-type": "software", "software-name": {"rawForm": "hdsl", "normalizedForm": "hdsl", "offsetStart": 40, "offsetEnd": 44}, "context": "Finally, it is also worth noticing that hdsl uses significantly less features than diag-1 (see numbers in brackets in Table 3).", "mentionContextAttributes": {"used": {"value": false, "score": 0.0011925101280212402}, "created": {"value": false, "score": 1.519918441772461e-05}, "shared": {"value": false, "score": 1.7881393432617188e-07}}, "documentContextAttributes": {"used": {"value": true, "score": 0.9999210834503174}, "created": {"value": true, "score": 0.9999112486839294}, "shared": {"value": false, "score": 5.364418029785156e-07}}}, {"type": "software", "software-type": "software", "software-name": {"rawForm": "hdsl", "normalizedForm": "hdsl", "offsetStart": 41, "offsetEnd": 45}, "context": "We measure the generalization ability of hdsl by the AUC score of link prediction on the test set.", "mentionContextAttributes": {"used": {"value": true, "score": 0.9998957514762878}, "created": {"value": false, "score": 6.258487701416016e-06}, "shared": {"value": false, "score": 1.7881393432617188e-07}}, "documentContextAttributes": {"used": {"value": true, "score": 0.9999210834503174}, "created": {"value": true, "score": 0.9999112486839294}, "shared": {"value": false, "score": 5.364418029785156e-07}}}, {"type": "software", "software-type": "software", "software-name": {"rawForm": "hdsl", "normalizedForm": "hdsl", "offsetStart": 42, "offsetEnd": 46}, "context": "Finally, on all datasets, we observe that hdsl converges to a stationary dimension without overfitting, unlike pca+oasis which exhibits signs of overfitting on dexter and rcv1 4 especially.", "mentionContextAttributes": {"used": {"value": false, "score": 0.31910574436187744}, "created": {"value": false, "score": 3.3974647521972656e-06}, "shared": {"value": false, "score": 2.980232238769531e-07}}, "documentContextAttributes": {"used": {"value": true, "score": 0.9999210834503174}, "created": {"value": true, "score": 0.9999112486839294}, "shared": {"value": false, "score": 5.364418029785156e-07}}}, {"type": "software", "software-type": "software", "software-name": {"rawForm": "hdsl", "normalizedForm": "hdsl", "offsetStart": 47, "offsetEnd": 51}, "context": "We obtain it by minimizing the same loss as in hdsl with 2 and 1 regularization, i.e., min", "mentionContextAttributes": {"used": {"value": true, "score": 0.9993921518325806}, "created": {"value": false, "score": 3.874301910400391e-06}, "shared": {"value": false, "score": 2.980232238769531e-07}}, "documentContextAttributes": {"used": {"value": true, "score": 0.9999210834503174}, "created": {"value": true, "score": 0.9999112486839294}, "shared": {"value": false, "score": 5.364418029785156e-07}}}, {"type": "software", "software-type": "software", "software-name": {"rawForm": "hdsl", "normalizedForm": "hdsl", "offsetStart": 47, "offsetEnd": 51}, "context": "Together with the superior accuracy brought by hdsl, it makes our approach potentially useful in a variety of contexts (k-NN, clustering, ranking, etc).", "mentionContextAttributes": {"used": {"value": false, "score": 7.456541061401367e-05}, "created": {"value": false, "score": 0.00011140108108520508}, "shared": {"value": false, "score": 2.980232238769531e-07}}, "documentContextAttributes": {"used": {"value": true, "score": 0.9999210834503174}, "created": {"value": true, "score": 0.9999112486839294}, "shared": {"value": false, "score": 5.364418029785156e-07}}}, {"type": "software", "software-type": "software", "software-name": {"rawForm": "hdsl", "normalizedForm": "hdsl", "offsetStart": 48, "offsetEnd": 52}, "context": "In contrast, on the same hardware, our approach hdsl takes less than 1 minute on dexter and less than 1 hour on dorothea.", "mentionContextAttributes": {"used": {"value": false, "score": 0.0006731152534484863}, "created": {"value": false, "score": 2.294778823852539e-05}, "shared": {"value": false, "score": 5.364418029785156e-07}}, "documentContextAttributes": {"used": {"value": true, "score": 0.9999210834503174}, "created": {"value": true, "score": 0.9999112486839294}, "shared": {"value": false, "score": 5.364418029785156e-07}}}, {"type": "software", "software-type": "software", "software-name": {"rawForm": "hdsl", "normalizedForm": "hdsl", "offsetStart": 50, "offsetEnd": 54}, "context": "To assess the dimensionality reduction quality of hdsl (measured by k-NN classification error on the test set), we plot its performance at various iterations during the runs that generated the results of Table 3.", "mentionContextAttributes": {"used": {"value": true, "score": 0.9991815686225891}, "created": {"value": false, "score": 3.635883331298828e-06}, "shared": {"value": false, "score": 1.7881393432617188e-07}}, "documentContextAttributes": {"used": {"value": true, "score": 0.9999210834503174}, "created": {"value": true, "score": 0.9999112486839294}, "shared": {"value": false, "score": 5.364418029785156e-07}}}, {"type": "software", "software-type": "software", "software-name": {"rawForm": "hdsl", "normalizedForm": "hdsl", "offsetStart": 51, "offsetEnd": 55}, "context": "Figure 5 shows two examples, where we can see that hdsl is able to exploit the product of two features as either a positive or negative contribution to the similarity score.", "mentionContextAttributes": {"used": {"value": false, "score": 0.0014781355857849121}, "created": {"value": false, "score": 2.1398067474365234e-05}, "shared": {"value": false, "score": 2.980232238769531e-07}}, "documentContextAttributes": {"used": {"value": true, "score": 0.9999210834503174}, "created": {"value": true, "score": 0.9999112486839294}, "shared": {"value": false, "score": 5.364418029785156e-07}}}, {"type": "software", "software-type": "software", "wikidataId": "Q17064545", "wikipediaExternalRef": 40008429, "lang": "en", "confidence": 0.6255, "software-name": {"rawForm": "libsvm", "normalizedForm": "libsvm", "wikidataId": "Q17064545", "wikipediaExternalRef": 40008429, "lang": "en", "confidence": 0.6255, "offsetStart": 66, "offsetEnd": 94}, "context": "The SVM models are trained using liblinear (Fan et al., 2008) and libsvm (Chang and Lin, 2011) with 1vs1 paradigm for multiclass.", "mentionContextAttributes": {"used": {"value": true, "score": 0.8410950899124146}, "created": {"value": false, "score": 3.7729740142822266e-05}, "shared": {"value": false, "score": 1.7881393432617188e-07}}, "documentContextAttributes": {"used": {"value": true, "score": 0.8410950899124146}, "created": {"value": false, "score": 3.7729740142822266e-05}, "shared": {"value": false, "score": 1.7881393432617188e-07}}}, {"type": "software", "software-type": "software", "software-name": {"rawForm": "hdsl", "normalizedForm": "hdsl", "offsetStart": 70, "offsetEnd": 74}, "context": "We also note that St.Amand and Huan (2017) have recently extended our hdsl algorithm to learn local metrics for different regions of the space in addition to the global metric.", "mentionContextAttributes": {"used": {"value": false, "score": 0.000447690486907959}, "created": {"value": true, "score": 0.8932168483734131}, "shared": {"value": false, "score": 4.172325134277344e-07}}, "documentContextAttributes": {"used": {"value": true, "score": 0.9999210834503174}, "created": {"value": true, "score": 0.9999112486839294}, "shared": {"value": false, "score": 5.364418029785156e-07}}}, {"type": "software", "software-type": "software", "software-name": {"rawForm": "hdsl", "normalizedForm": "hdsl", "offsetStart": 77, "offsetEnd": 81}, "context": "Similarly, we use the performance on validation data to do early stopping in hdsl, which also has the effect of restricting the number of features used by the learned similarity.", "mentionContextAttributes": {"used": {"value": false, "score": 0.46931302547454834}, "created": {"value": false, "score": 1.3649463653564453e-05}, "shared": {"value": false, "score": 1.7881393432617188e-07}}, "documentContextAttributes": {"used": {"value": true, "score": 0.9999210834503174}, "created": {"value": true, "score": 0.9999112486839294}, "shared": {"value": false, "score": 5.364418029785156e-07}}}, {"type": "software", "software-type": "software", "software-name": {"rawForm": "hdsl", "normalizedForm": "hdsl", "offsetStart": 83, "offsetEnd": 87}, "context": "We experiment with various \u03b1 (10%, 20%, 25%, 30%) to investigate the robustness of hdsl to the quality of the supervision.", "mentionContextAttributes": {"used": {"value": true, "score": 0.995144784450531}, "created": {"value": false, "score": 9.173154830932617e-05}, "shared": {"value": false, "score": 2.980232238769531e-07}}, "documentContextAttributes": {"used": {"value": true, "score": 0.9999210834503174}, "created": {"value": true, "score": 0.9999112486839294}, "shared": {"value": false, "score": 5.364418029785156e-07}}}, {"type": "software", "software-type": "software", "software-name": {"rawForm": "hdsl", "normalizedForm": "hdsl", "offsetStart": 86, "offsetEnd": 90}, "context": "In this section, we present experiments to evaluate the performance and robustness of hdsl.", "mentionContextAttributes": {"used": {"value": false, "score": 0.0002186298370361328}, "created": {"value": true, "score": 0.9999112486839294}, "shared": {"value": false, "score": 2.980232238769531e-07}}, "documentContextAttributes": {"used": {"value": true, "score": 0.9999210834503174}, "created": {"value": true, "score": 0.9999112486839294}, "shared": {"value": false, "score": 5.364418029785156e-07}}}, {"type": "software", "software-type": "software", "software-name": {"rawForm": "hdsl", "normalizedForm": "hdsl", "offsetStart": 95, "offsetEnd": 99}, "context": "On the other hand, PCA suffers heavily from the presence of noise (dexter and dorothea), while hdsl is able to quickly improve upon the standard similarity in the original space.", "mentionContextAttributes": {"used": {"value": false, "score": 6.288290023803711e-05}, "created": {"value": false, "score": 1.817941665649414e-05}, "shared": {"value": false, "score": 2.980232238769531e-07}}, "documentContextAttributes": {"used": {"value": true, "score": 0.9999210834503174}, "created": {"value": true, "score": 0.9999112486839294}, "shared": {"value": false, "score": 5.364418029785156e-07}}}, {"type": "software", "software-type": "software", "software-name": {"rawForm": "hdsl", "normalizedForm": "hdsl", "offsetStart": 97, "offsetEnd": 101}, "context": "When the features are not too noisy (as in rcv1 2 and rcv1 4), PCA-based methods are better than hdsl at compressing the space into very few dimensions, but hdsl eventually catches up.", "mentionContextAttributes": {"used": {"value": false, "score": 6.973743438720703e-05}, "created": {"value": false, "score": 6.639957427978516e-05}, "shared": {"value": false, "score": 2.384185791015625e-07}}, "documentContextAttributes": {"used": {"value": true, "score": 0.9999210834503174}, "created": {"value": true, "score": 0.9999112486839294}, "shared": {"value": false, "score": 5.364418029785156e-07}}}, {"type": "software", "software-type": "software", "software-name": {"rawForm": "hdsl", "normalizedForm": "hdsl", "offsetStart": 101, "offsetEnd": 105}, "context": "Note that OASIS was tuned separately for each projection size, making the comparison a bit unfair to hdsl.", "mentionContextAttributes": {"used": {"value": true, "score": 0.9999210834503174}, "created": {"value": false, "score": 3.6954879760742188e-06}, "shared": {"value": false, "score": 2.384185791015625e-07}}, "documentContextAttributes": {"used": {"value": true, "score": 0.9999210834503174}, "created": {"value": true, "score": 0.9999112486839294}, "shared": {"value": false, "score": 5.364418029785156e-07}}}, {"type": "software", "software-type": "software", "software-name": {"rawForm": "hdsl", "normalizedForm": "hdsl", "offsetStart": 157, "offsetEnd": 161}, "context": "When the features are not too noisy (as in rcv1 2 and rcv1 4), PCA-based methods are better than hdsl at compressing the space into very few dimensions, but hdsl eventually catches up.", "mentionContextAttributes": {"used": {"value": false, "score": 6.973743438720703e-05}, "created": {"value": false, "score": 6.639957427978516e-05}, "shared": {"value": false, "score": 2.384185791015625e-07}}, "documentContextAttributes": {"used": {"value": true, "score": 0.9999210834503174}, "created": {"value": true, "score": 0.9999112486839294}, "shared": {"value": false, "score": 5.364418029785156e-07}}}], "references": [], "runtime": 103320, "id": "add8dfa6793a6e95e158bf9bc7374e00085e2c10", "metadata": {"id": "add8dfa6793a6e95e158bf9bc7374e00085e2c10"}, "original_file_path": "../../datalake/Samuel/SOFTware-Sync/data/xml_files/hal-02166425.grobid.tei.xml", "file_name": "hal-02166425.grobid.tei.xml"}