{"application": "software-mentions", "version": "0.8.0", "date": "2024-04-12T17:01+0000", "md5": "C48CA6B7041047527A2A6BB239AB4D75", "mentions": [{"type": "software", "software-type": "software", "software-name": {"rawForm": "CovidOnTheWeb", "normalizedForm": "CovidOnTheWeb", "offsetStart": 4, "offsetEnd": 17}, "context": "3   CovidOnTheWeb is an RDF knowledge graphs produced from COVID-19 Open Research Dataset (CORD-19).", "mentionContextAttributes": {"used": {"value": false, "score": 0.011120736598968506}, "created": {"value": false, "score": 0.00044220685958862305}, "shared": {"value": false, "score": 4.172325134277344e-07}}, "documentContextAttributes": {"used": {"value": true, "score": 0.999893844127655}, "created": {"value": false, "score": 0.00044220685958862305}, "shared": {"value": true, "score": 0.9684096574783325}}}, {"type": "software", "software-type": "implicit", "software-name": {"rawForm": "code", "normalizedForm": "code", "offsetStart": 11, "offsetEnd": 15}, "context": "The source code is available in a public repository. ", "mentionContextAttributes": {"used": {"value": false, "score": 0.0006645321846008301}, "created": {"value": false, "score": 0.010445833206176758}, "shared": {"value": false, "score": 0.44135725498199463}}, "documentContextAttributes": {"used": {"value": false, "score": 0.0006645321846008301}, "created": {"value": false, "score": 0.010445833206176758}, "shared": {"value": false, "score": 0.44135725498199463}}}, {"type": "software", "software-type": "software", "software-name": {"rawForm": "CovidOnTheWeb", "normalizedForm": "CovidOnTheWeb", "offsetStart": 24, "offsetEnd": 37}, "context": "Our experiments use the CovidOnTheWeb dataset 2 [16] against a set of 377 shapes from a translation of the experimental results of Cadorel & al. [4] which are considered as representative shapes of the whole CovidOnTheWeb dataset. ", "mentionContextAttributes": {"used": {"value": true, "score": 0.9997725486755371}, "created": {"value": false, "score": 1.138448715209961e-05}, "shared": {"value": false, "score": 1.7881393432617188e-07}}, "documentContextAttributes": {"used": {"value": true, "score": 0.999893844127655}, "created": {"value": false, "score": 0.00044220685958862305}, "shared": {"value": true, "score": 0.9684096574783325}}}, {"type": "software", "software-type": "software", "software-name": {"rawForm": "CovidOnTheWeb", "normalizedForm": "CovidOnTheWeb", "offsetStart": 27, "offsetEnd": 40}, "context": "https://github.com/Wimmics/CovidOnTheWeb", "mentionContextAttributes": {"used": {"value": false, "score": 0.00021147727966308594}, "created": {"value": false, "score": 2.3066997528076172e-05}, "shared": {"value": true, "score": 0.9684096574783325}}, "documentContextAttributes": {"used": {"value": true, "score": 0.999893844127655}, "created": {"value": false, "score": 0.00044220685958862305}, "shared": {"value": true, "score": 0.9684096574783325}}}, {"type": "software", "software-type": "software", "software-name": {"rawForm": "CovidOnTheWeb", "normalizedForm": "CovidOnTheWeb", "offsetStart": 46, "offsetEnd": 59}, "context": "For our base of 377 shapes and our extract of CovidOnTheWeb (226,647 triples), we observed an overall computation time of 1 minute 35 seconds for the probabilistic validation framework against 1 minute 29 seconds for standard validation: the probabilistic framework takes 6,31% more time than standard validation and it is linear which makes it practical and scalable. ", "mentionContextAttributes": {"used": {"value": true, "score": 0.999893844127655}, "created": {"value": false, "score": 3.874301910400391e-06}, "shared": {"value": false, "score": 4.172325134277344e-07}}, "documentContextAttributes": {"used": {"value": true, "score": 0.999893844127655}, "created": {"value": false, "score": 0.00044220685958862305}, "shared": {"value": true, "score": 0.9684096574783325}}}, {"type": "software", "software-type": "software", "software-name": {"rawForm": "CovidOnTheWeb", "normalizedForm": "CovidOnTheWeb", "offsetStart": 48, "offsetEnd": 61}, "context": "Figure 4 shows an excerpt of RDF description in CovidOnTheWeb in turtle format and Table 1 shows the characteristics of the RDF dataset. ", "mentionContextAttributes": {"used": {"value": true, "score": 0.8918028473854065}, "created": {"value": false, "score": 4.231929779052734e-06}, "shared": {"value": false, "score": 4.172325134277344e-07}}, "documentContextAttributes": {"used": {"value": true, "score": 0.999893844127655}, "created": {"value": false, "score": 0.00044220685958862305}, "shared": {"value": true, "score": 0.9684096574783325}}}, {"type": "software", "software-type": "software", "software-name": {"rawForm": "CovidOnTheWeb", "normalizedForm": "CovidOnTheWeb", "offsetStart": 99, "offsetEnd": 112}, "context": "The candidate shapes describe association rules obtained by Cadorel & al. [4] from a subset of the CovidOnTheWeb dataset. ", "mentionContextAttributes": {"used": {"value": true, "score": 0.9994114637374878}, "created": {"value": false, "score": 1.8477439880371094e-06}, "shared": {"value": false, "score": 1.7881393432617188e-07}}, "documentContextAttributes": {"used": {"value": true, "score": 0.999893844127655}, "created": {"value": false, "score": 0.00044220685958862305}, "shared": {"value": true, "score": 0.9684096574783325}}}, {"type": "software", "software-type": "software", "software-name": {"rawForm": "Linux", "normalizedForm": "Linux", "offsetStart": 160, "offsetEnd": 165}, "publisher": {"rawForm": "Fedora", "normalizedForm": "Fedora", "offsetStart": 153, "offsetEnd": 159}, "context": "The experiments were performed on a Dell Precision 3561 equipped with an Intel(R) 11th Gen Core i7-11850H processor, with 32 GB of RAM running under the Fedora Linux 35 operating system. ", "mentionContextAttributes": {"used": {"value": true, "score": 0.9999526143074036}, "created": {"value": false, "score": 0.0001575946807861328}, "shared": {"value": false, "score": 6.556510925292969e-07}}, "documentContextAttributes": {"used": {"value": true, "score": 0.9999526143074036}, "created": {"value": false, "score": 0.0001575946807861328}, "shared": {"value": false, "score": 6.556510925292969e-07}}}, {"type": "software", "software-type": "software", "software-name": {"rawForm": "CovidOnTheWeb", "normalizedForm": "CovidOnTheWeb", "offsetStart": 208, "offsetEnd": 221}, "context": "Our experiments use the CovidOnTheWeb dataset 2 [16] against a set of 377 shapes from a translation of the experimental results of Cadorel & al. [4] which are considered as representative shapes of the whole CovidOnTheWeb dataset. ", "mentionContextAttributes": {"used": {"value": true, "score": 0.9997724890708923}, "created": {"value": false, "score": 1.1324882507324219e-05}, "shared": {"value": false, "score": 1.1920928955078125e-07}}, "documentContextAttributes": {"used": {"value": true, "score": 0.999893844127655}, "created": {"value": false, "score": 0.00044220685958862305}, "shared": {"value": true, "score": 0.9684096574783325}}}], "references": [], "runtime": 76807, "id": "478a72ba976da0cc0e74b0242f3fa04c662a95c4", "metadata": {"id": "478a72ba976da0cc0e74b0242f3fa04c662a95c4"}, "original_file_path": "../../datalake/Samuel/SOFTware-Sync/data/xml_not_sofctied/hal-04031744.grobid.tei.xml", "file_name": "hal-04031744.grobid.tei.xml"}