{"application": "software-mentions", "version": "0.8.0", "date": "2024-04-15T07:17+0000", "md5": "CCAF5D4B65280E4916B22B2E7D87B606", "mentions": [{"type": "software", "software-type": "software", "wikidataId": "Q47607", "wikipediaExternalRef": 29004, "lang": "en", "confidence": 0.839, "software-name": {"rawForm": "SQL", "normalizedForm": "SQL", "wikidataId": "Q47607", "wikipediaExternalRef": 29004, "lang": "en", "confidence": 0.839, "offsetStart": 0, "offsetEnd": 3}, "context": "SQL's approach to handling nulls is based on a three-valued logic (3VL) that extends the standard Boolean logic of true and false with a truth value unknown.", "mentionContextAttributes": {"used": {"value": false, "score": 0.00018668174743652344}, "created": {"value": false, "score": 0.0015761852264404297}, "shared": {"value": false, "score": 4.172325134277344e-07}}, "documentContextAttributes": {"used": {"value": false, "score": 0.20700526237487793}, "created": {"value": true, "score": 0.9415772557258606}, "shared": {"value": false, "score": 9.715557098388672e-06}}}, {"type": "software", "software-type": "software", "software-name": {"rawForm": "EXCLUSIVE", "normalizedForm": "EXCLUSIVE", "offsetStart": 0, "offsetEnd": 9}, "context": "EXCLUSIVE, no two objects in the key scope can share a key value.", "mentionContextAttributes": {"used": {"value": false, "score": 0.00102996826171875}, "created": {"value": false, "score": 1.6987323760986328e-05}, "shared": {"value": false, "score": 2.980232238769531e-07}}, "documentContextAttributes": {"used": {"value": true, "score": 0.9955891370773315}, "created": {"value": false, "score": 0.057879865169525146}, "shared": {"value": false, "score": 3.3974647521972656e-06}}}, {"type": "software", "software-type": "software", "software-name": {"rawForm": "SINGLETON", "normalizedForm": "SINGLETON", "offsetStart": 0, "offsetEnd": 9}, "context": "SINGLETON, every object in the key scope must have at most one key value.", "mentionContextAttributes": {"used": {"value": false, "score": 0.010114669799804688}, "created": {"value": false, "score": 2.0682811737060547e-05}, "shared": {"value": false, "score": 2.980232238769531e-07}}, "documentContextAttributes": {"used": {"value": true, "score": 0.7921221852302551}, "created": {"value": false, "score": 0.0003132820129394531}, "shared": {"value": false, "score": 3.3974647521972656e-06}}}, {"type": "software", "software-type": "software", "software-name": {"rawForm": "EXCLUSIVE", "normalizedForm": "EXCLUSIVE", "offsetStart": 2, "offsetEnd": 11}, "context": "\u2022 EXCLUSIVE MANDATORY SINGLETON, or IDENTIFIER for short, e.g., login: every user is required to have precisely one, and no two users can have the same login; \u2022 EXCLUSIVE MANDATORY, e.g., email: every user must have at least one email and no two users can use the same email; \u2022 EXCLUSIVE SINGLETON, e.g., preferred email: every user may have at most one preferred email for contacting them but again no two users can have the same preferred email; \u2022 EXCLUSIVE, e.g., alias: every user may have an arbitrary number of aliases but no two users can have a common alias.", "mentionContextAttributes": {"used": {"value": false, "score": 0.04836738109588623}, "created": {"value": false, "score": 3.2782554626464844e-06}, "shared": {"value": false, "score": 3.3974647521972656e-06}}, "documentContextAttributes": {"used": {"value": true, "score": 0.9955891370773315}, "created": {"value": false, "score": 0.057879865169525146}, "shared": {"value": false, "score": 3.3974647521972656e-06}}}, {"type": "software", "software-type": "software", "software-name": {"rawForm": "TigerGraph", "normalizedForm": "TigerGraph", "offsetStart": 4, "offsetEnd": 14}, "context": "For TigerGraph, this is extended to say that these two nodes form the primary key of an edge. ", "mentionContextAttributes": {"used": {"value": false, "score": 0.0002874135971069336}, "created": {"value": false, "score": 0.028820037841796875}, "shared": {"value": false, "score": 4.172325134277344e-07}}, "documentContextAttributes": {"used": {"value": true, "score": 0.9604009985923767}, "created": {"value": false, "score": 0.028820037841796875}, "shared": {"value": false, "score": 4.827976226806641e-06}}, "references": [{"label": "[29]", "normalizedForm": "[29]", "refKey": 29}]}, {"type": "software", "software-type": "software", "software-name": {"rawForm": "IDENTIFIER", "normalizedForm": "IDENTIFIER", "offsetStart": 9, "offsetEnd": 19}, "context": "That is, IDENTIFIER is a shorthand for EXCLUSIVE MANDATORY SINGLETON.", "mentionContextAttributes": {"used": {"value": false, "score": 0.01947838068008423}, "created": {"value": false, "score": 3.9637088775634766e-05}, "shared": {"value": false, "score": 1.3709068298339844e-06}}, "documentContextAttributes": {"used": {"value": true, "score": 0.997821033000946}, "created": {"value": false, "score": 0.0026218295097351074}, "shared": {"value": false, "score": 5.781650543212891e-06}}}, {"type": "software", "software-type": "software", "wikidataId": "Q47607", "wikipediaExternalRef": 29004, "lang": "en", "confidence": 0.839, "software-name": {"rawForm": "SQL", "normalizedForm": "SQL", "wikidataId": "Q47607", "wikipediaExternalRef": 29004, "lang": "en", "confidence": 0.839, "offsetStart": 11, "offsetEnd": 14}, "context": "Similarly, SQL provides a UNIQUE constraint for relational databases (where SINGLETON is implied by 1NF).", "mentionContextAttributes": {"used": {"value": false, "score": 4.857778549194336e-05}, "created": {"value": false, "score": 4.392862319946289e-05}, "shared": {"value": false, "score": 1.7881393432617188e-07}}, "documentContextAttributes": {"used": {"value": false, "score": 0.20700526237487793}, "created": {"value": true, "score": 0.9415772557258606}, "shared": {"value": false, "score": 9.715557098388672e-06}}}, {"type": "software", "software-type": "software", "software-name": {"rawForm": "EXCLUSIVE", "normalizedForm": "EXCLUSIVE", "offsetStart": 12, "offsetEnd": 21}, "context": "The keyword EXCLUSIVE indicates that the PG-Key asserts that the key value is exclusive to each target.", "mentionContextAttributes": {"used": {"value": false, "score": 0.0399017333984375}, "created": {"value": false, "score": 6.657838821411133e-05}, "shared": {"value": false, "score": 2.980232238769531e-07}}, "documentContextAttributes": {"used": {"value": true, "score": 0.9955891370773315}, "created": {"value": false, "score": 0.057879865169525146}, "shared": {"value": false, "score": 3.3974647521972656e-06}}}, {"type": "software", "software-type": "software", "software-name": {"rawForm": "EXCLUSIVE", "normalizedForm": "EXCLUSIVE", "offsetStart": 13, "offsetEnd": 22}, "context": "The keywords EXCLUSIVE, MANDATORY, and SINGLETON indicate which assertions the PG-Key makes: EXCLUSIVE -no two targets can have the same key value; MANDATORY -for each target there is at least one key value; SINGLETON -for each target there is at most one key value.", "mentionContextAttributes": {"used": {"value": false, "score": 0.0930280089378357}, "created": {"value": false, "score": 2.3245811462402344e-06}, "shared": {"value": false, "score": 7.748603820800781e-07}}, "documentContextAttributes": {"used": {"value": true, "score": 0.9955891370773315}, "created": {"value": false, "score": 0.057879865169525146}, "shared": {"value": false, "score": 3.3974647521972656e-06}}}, {"type": "software", "software-type": "software", "software-name": {"rawForm": "EXCLUSIVE", "normalizedForm": "EXCLUSIVE", "offsetStart": 18, "offsetEnd": 27}, "context": "FOR (x: Country ) EXCLUSIVE x .", "mentionContextAttributes": {"used": {"value": true, "score": 0.9955891370773315}, "created": {"value": false, "score": 7.808208465576172e-06}, "shared": {"value": false, "score": 4.172325134277344e-07}}, "documentContextAttributes": {"used": {"value": true, "score": 0.9955891370773315}, "created": {"value": false, "score": 0.057879865169525146}, "shared": {"value": false, "score": 3.3974647521972656e-06}}}, {"type": "software", "software-type": "software", "software-name": {"rawForm": "EXCLUSIVE", "normalizedForm": "EXCLUSIVE", "offsetStart": 18, "offsetEnd": 27}, "context": "FOR (x: Country ) EXCLUSIVE MANDATORY x .", "mentionContextAttributes": {"used": {"value": true, "score": 0.9575111269950867}, "created": {"value": false, "score": 5.900859832763672e-06}, "shared": {"value": false, "score": 7.748603820800781e-07}}, "documentContextAttributes": {"used": {"value": true, "score": 0.9955891370773315}, "created": {"value": false, "score": 0.057879865169525146}, "shared": {"value": false, "score": 3.3974647521972656e-06}}}, {"type": "software", "software-type": "software", "software-name": {"rawForm": "SINGLETON", "normalizedForm": "SINGLETON", "offsetStart": 18, "offsetEnd": 27}, "context": "Consequently, the SINGLETON restriction, built into IDENTIFIER, is redundant here and we can equivalently use EXCLUSIVE MANDATORY.", "mentionContextAttributes": {"used": {"value": false, "score": 0.49586689472198486}, "created": {"value": false, "score": 0.0003132820129394531}, "shared": {"value": false, "score": 6.556510925292969e-07}}, "documentContextAttributes": {"used": {"value": true, "score": 0.7921221852302551}, "created": {"value": false, "score": 0.0003132820129394531}, "shared": {"value": false, "score": 3.3974647521972656e-06}}}, {"type": "software", "software-type": "software", "software-name": {"rawForm": "isPartOf", "normalizedForm": "isPartOf", "offsetStart": 20, "offsetEnd": 28}, "context": "name WITHIN (x) -[: isPartOf ] ->( y : Country ) .", "mentionContextAttributes": {"used": {"value": false, "score": 0.03682136535644531}, "created": {"value": false, "score": 6.496906280517578e-06}, "shared": {"value": false, "score": 4.172325134277344e-07}}, "documentContextAttributes": {"used": {"value": true, "score": 0.8659842610359192}, "created": {"value": false, "score": 0.0032459497451782227}, "shared": {"value": false, "score": 4.231929779052734e-06}}}, {"type": "software", "software-type": "software", "software-name": {"rawForm": "SINGLETON", "normalizedForm": "SINGLETON", "offsetStart": 22, "offsetEnd": 31}, "context": "\u2022 EXCLUSIVE MANDATORY SINGLETON, or IDENTIFIER for short, e.g., login: every user is required to have precisely one, and no two users can have the same login; \u2022 EXCLUSIVE MANDATORY, e.g., email: every user must have at least one email and no two users can use the same email; \u2022 EXCLUSIVE SINGLETON, e.g., preferred email: every user may have at most one preferred email for contacting them but again no two users can have the same preferred email; \u2022 EXCLUSIVE, e.g., alias: every user may have an arbitrary number of aliases but no two users can have a common alias.", "mentionContextAttributes": {"used": {"value": false, "score": 0.04836738109588623}, "created": {"value": false, "score": 3.2782554626464844e-06}, "shared": {"value": false, "score": 3.3974647521972656e-06}}, "documentContextAttributes": {"used": {"value": true, "score": 0.7921221852302551}, "created": {"value": false, "score": 0.0003132820129394531}, "shared": {"value": false, "score": 3.3974647521972656e-06}}}, {"type": "software", "software-type": "software", "software-name": {"rawForm": "isPartOf", "normalizedForm": "isPartOf", "offsetStart": 24, "offsetEnd": 32}, "context": "Notice that such use of isPartOf makes the constraints robust against changes in the data. ", "mentionContextAttributes": {"used": {"value": false, "score": 0.0006042718887329102}, "created": {"value": false, "score": 1.901388168334961e-05}, "shared": {"value": false, "score": 2.980232238769531e-07}}, "documentContextAttributes": {"used": {"value": true, "score": 0.8659842610359192}, "created": {"value": false, "score": 0.0032459497451782227}, "shared": {"value": false, "score": 4.231929779052734e-06}}}, {"type": "software", "software-type": "software", "software-name": {"rawForm": "EXCLUSIVE", "normalizedForm": "EXCLUSIVE", "offsetStart": 25, "offsetEnd": 34}, "context": "A graph \ud835\udc3a satisfies: an EXCLUSIVE constraint if condition (K1) holds, an EXCLUSIVE MANDATORY constraint if (K1) and (K2) hold, an EXCLUSIVE SINGLETON constraint if (K1) and (K3) hold, and an IDENTIFIER constraint if (K1), (K2), and (K3) hold.", "mentionContextAttributes": {"used": {"value": true, "score": 0.7921221852302551}, "created": {"value": false, "score": 4.112720489501953e-06}, "shared": {"value": false, "score": 2.4437904357910156e-06}}, "documentContextAttributes": {"used": {"value": true, "score": 0.9955891370773315}, "created": {"value": false, "score": 0.057879865169525146}, "shared": {"value": false, "score": 3.3974647521972656e-06}}}, {"type": "software", "software-type": "software", "software-name": {"rawForm": "IDENTIFIER", "normalizedForm": "IDENTIFIER", "offsetStart": 25, "offsetEnd": 35}, "context": "name , FOR (x: Country ) IDENTIFIER x .", "mentionContextAttributes": {"used": {"value": true, "score": 0.9711348414421082}, "created": {"value": false, "score": 2.855062484741211e-05}, "shared": {"value": false, "score": 7.748603820800781e-07}}, "documentContextAttributes": {"used": {"value": true, "score": 0.997821033000946}, "created": {"value": false, "score": 0.0026218295097351074}, "shared": {"value": false, "score": 5.781650543212891e-06}}}, {"type": "software", "software-type": "software", "software-name": {"rawForm": "TigerGraph", "normalizedForm": "TigerGraph", "offsetStart": 28, "offsetEnd": 38}, "context": "Google, Interos, Neo4j, and TigerGraph).", "mentionContextAttributes": {"used": {"value": false, "score": 0.011648356914520264}, "created": {"value": false, "score": 2.4139881134033203e-05}, "shared": {"value": false, "score": 1.4901161193847656e-06}}, "documentContextAttributes": {"used": {"value": true, "score": 0.9604009985923767}, "created": {"value": false, "score": 0.028820037841796875}, "shared": {"value": false, "score": 4.827976226806641e-06}}, "references": [{"label": "[29]", "normalizedForm": "[29]", "refKey": 29}]}, {"type": "software", "software-type": "software", "software-name": {"rawForm": "SINGLETON", "normalizedForm": "SINGLETON", "offsetStart": 32, "offsetEnd": 41}, "context": "Notice that this requires using SINGLETON, which does not have a counterpart in the relational setting. ", "mentionContextAttributes": {"used": {"value": true, "score": 0.6025080680847168}, "created": {"value": false, "score": 2.866983413696289e-05}, "shared": {"value": false, "score": 2.980232238769531e-07}}, "documentContextAttributes": {"used": {"value": true, "score": 0.7921221852302551}, "created": {"value": false, "score": 0.0003132820129394531}, "shared": {"value": false, "score": 3.3974647521972656e-06}}}, {"type": "software", "software-type": "software", "software-name": {"rawForm": "isPartOf", "normalizedForm": "isPartOf", "offsetStart": 33, "offsetEnd": 41}, "context": "The query x.name, z WITHIN (x)-[:isPartOf]->(z:Country) is the descriptor that selects a key value for each target; here, the city's name and the country it is part of.", "mentionContextAttributes": {"used": {"value": false, "score": 0.4150080680847168}, "created": {"value": false, "score": 8.881092071533203e-06}, "shared": {"value": false, "score": 1.0132789611816406e-06}}, "documentContextAttributes": {"used": {"value": true, "score": 0.8659842610359192}, "created": {"value": false, "score": 0.0032459497451782227}, "shared": {"value": false, "score": 4.231929779052734e-06}}}, {"type": "software", "software-type": "software", "wikidataId": "Q47607", "wikipediaExternalRef": 29004, "lang": "en", "confidence": 0.839, "software-name": {"rawForm": "SQL", "normalizedForm": "SQL", "wikidataId": "Q47607", "wikipediaExternalRef": 29004, "lang": "en", "confidence": 0.839, "offsetStart": 35, "offsetEnd": 38}, "context": "With PG-Keys, we propose to follow SQL's approach that a constraint holds if it does not evaluate to false.", "mentionContextAttributes": {"used": {"value": false, "score": 0.00031828880310058594}, "created": {"value": true, "score": 0.9415772557258606}, "shared": {"value": false, "score": 2.980232238769531e-07}}, "documentContextAttributes": {"used": {"value": false, "score": 0.20700526237487793}, "created": {"value": true, "score": 0.9415772557258606}, "shared": {"value": false, "score": 9.715557098388672e-06}}}, {"type": "software", "software-type": "software", "software-name": {"rawForm": "IDENTIFIER", "normalizedForm": "IDENTIFIER", "offsetStart": 36, "offsetEnd": 46}, "context": "\u2022 EXCLUSIVE MANDATORY SINGLETON, or IDENTIFIER for short, e.g., login: every user is required to have precisely one, and no two users can have the same login; \u2022 EXCLUSIVE MANDATORY, e.g., email: every user must have at least one email and no two users can use the same email; \u2022 EXCLUSIVE SINGLETON, e.g., preferred email: every user may have at most one preferred email for contacting them but again no two users can have the same preferred email; \u2022 EXCLUSIVE, e.g., alias: every user may have an arbitrary number of aliases but no two users can have a common alias.", "mentionContextAttributes": {"used": {"value": false, "score": 0.04836738109588623}, "created": {"value": false, "score": 3.2782554626464844e-06}, "shared": {"value": false, "score": 3.3974647521972656e-06}}, "documentContextAttributes": {"used": {"value": true, "score": 0.997821033000946}, "created": {"value": false, "score": 0.0026218295097351074}, "shared": {"value": false, "score": 5.781650543212891e-06}}}, {"type": "software", "software-type": "software", "software-name": {"rawForm": "EXCLUSIVE", "normalizedForm": "EXCLUSIVE", "offsetStart": 37, "offsetEnd": 46}, "context": "the corresponding PG-Key would be an EXCLUSIVE SINGLETON constraint.", "mentionContextAttributes": {"used": {"value": false, "score": 0.2257595658302307}, "created": {"value": false, "score": 0.0002752542495727539}, "shared": {"value": false, "score": 4.172325134277344e-07}}, "documentContextAttributes": {"used": {"value": true, "score": 0.9955891370773315}, "created": {"value": false, "score": 0.057879865169525146}, "shared": {"value": false, "score": 3.3974647521972656e-06}}}, {"type": "software", "software-type": "software", "software-name": {"rawForm": "isPartOf", "normalizedForm": "isPartOf", "offsetStart": 38, "offsetEnd": 46}, "context": "As an example, let us assume that the isPartOf relation in Figure 2 is extended (as in LDBC Social Network Benchmark [5,32]) to a larger hierarchy of geographical entities, containing provinces and continents.", "mentionContextAttributes": {"used": {"value": false, "score": 0.007316231727600098}, "created": {"value": false, "score": 1.5914440155029297e-05}, "shared": {"value": false, "score": 2.980232238769531e-07}}, "documentContextAttributes": {"used": {"value": true, "score": 0.8659842610359192}, "created": {"value": false, "score": 0.0032459497451782227}, "shared": {"value": false, "score": 4.231929779052734e-06}}}, {"type": "software", "software-type": "software", "software-name": {"rawForm": "SINGLETON", "normalizedForm": "SINGLETON", "offsetStart": 39, "offsetEnd": 48}, "context": "The keywords EXCLUSIVE, MANDATORY, and SINGLETON indicate which assertions the PG-Key makes: EXCLUSIVE -no two targets can have the same key value; MANDATORY -for each target there is at least one key value; SINGLETON -for each target there is at most one key value.", "mentionContextAttributes": {"used": {"value": false, "score": 0.0930280089378357}, "created": {"value": false, "score": 2.3245811462402344e-06}, "shared": {"value": false, "score": 7.748603820800781e-07}}, "documentContextAttributes": {"used": {"value": true, "score": 0.7921221852302551}, "created": {"value": false, "score": 0.0003132820129394531}, "shared": {"value": false, "score": 3.3974647521972656e-06}}}, {"type": "software", "software-type": "software", "software-name": {"rawForm": "EXCLUSIVE", "normalizedForm": "EXCLUSIVE", "offsetStart": 39, "offsetEnd": 48}, "context": "That is, IDENTIFIER is a shorthand for EXCLUSIVE MANDATORY SINGLETON.", "mentionContextAttributes": {"used": {"value": false, "score": 0.01947838068008423}, "created": {"value": false, "score": 3.9637088775634766e-05}, "shared": {"value": false, "score": 1.3709068298339844e-06}}, "documentContextAttributes": {"used": {"value": true, "score": 0.9955891370773315}, "created": {"value": false, "score": 0.057879865169525146}, "shared": {"value": false, "score": 3.3974647521972656e-06}}}, {"type": "software", "software-type": "software", "wikidataId": "Q47607", "wikipediaExternalRef": 29004, "lang": "en", "confidence": 0.839, "software-name": {"rawForm": "SQL", "normalizedForm": "SQL", "wikidataId": "Q47607", "wikipediaExternalRef": 29004, "lang": "en", "confidence": 0.839, "offsetStart": 40, "offsetEnd": 43}, "context": "Existing query languages tend to follow SQL's three-valued approach to handling nulls, though in Section 6.1 we suggest another approach that fits in better with the semantics of undefined properties: namely, returning false for results of comparisons using such properties.", "mentionContextAttributes": {"used": {"value": false, "score": 7.790327072143555e-05}, "created": {"value": false, "score": 6.276369094848633e-05}, "shared": {"value": false, "score": 5.364418029785156e-07}}, "documentContextAttributes": {"used": {"value": false, "score": 0.20700526237487793}, "created": {"value": true, "score": 0.9415772557258606}, "shared": {"value": false, "score": 9.715557098388672e-06}}}, {"type": "software", "software-type": "software", "software-name": {"rawForm": "EXCLUSIVE", "normalizedForm": "EXCLUSIVE", "offsetStart": 41, "offsetEnd": 50}, "context": "In other words, to check satisfaction of EXCLUSIVE and EXCLUSIVE SINGLETON we can disregard nulls.", "mentionContextAttributes": {"used": {"value": true, "score": 0.6125319004058838}, "created": {"value": false, "score": 4.190206527709961e-05}, "shared": {"value": false, "score": 2.980232238769531e-07}}, "documentContextAttributes": {"used": {"value": true, "score": 0.9955891370773315}, "created": {"value": false, "score": 0.057879865169525146}, "shared": {"value": false, "score": 3.3974647521972656e-06}}}, {"type": "software", "software-type": "software", "software-name": {"rawForm": "isPartOf", "normalizedForm": "isPartOf", "offsetStart": 42, "offsetEnd": 50}, "context": "The following PG-Key expresses that every isPartOf path from a city to a continent can be uniquely identified by the city and the continent: The variable \ud835\udc5d binds to a path in both the scope and the descriptor of the constraint (we use a GQL-like syntax for path variables).", "mentionContextAttributes": {"used": {"value": false, "score": 0.011865317821502686}, "created": {"value": false, "score": 5.9664249420166016e-05}, "shared": {"value": false, "score": 7.748603820800781e-07}}, "documentContextAttributes": {"used": {"value": true, "score": 0.8659842610359192}, "created": {"value": false, "score": 0.0032459497451782227}, "shared": {"value": false, "score": 4.231929779052734e-06}}}, {"type": "software", "software-type": "software", "software-name": {"rawForm": "isPartOf", "normalizedForm": "isPartOf", "offsetStart": 45, "offsetEnd": 53}, "context": "Both constraints use the transitive operator isPartOf*, which matches to paths of arbitrary length in which each edge is labeled isPartOf.", "mentionContextAttributes": {"used": {"value": false, "score": 0.28664177656173706}, "created": {"value": false, "score": 7.450580596923828e-06}, "shared": {"value": false, "score": 2.980232238769531e-07}}, "documentContextAttributes": {"used": {"value": true, "score": 0.8659842610359192}, "created": {"value": false, "score": 0.0032459497451782227}, "shared": {"value": false, "score": 4.231929779052734e-06}}}, {"type": "software", "software-type": "software", "software-name": {"rawForm": "EXCLUSIVE", "normalizedForm": "EXCLUSIVE", "offsetStart": 46, "offsetEnd": 55}, "context": "To further illustrate the distinction between EXCLUSIVE MANDATORY and IDENTIFIER, we return to the example with which we opened this section, where cities are identified by their name and the country they are part of (if this information is known).", "mentionContextAttributes": {"used": {"value": false, "score": 0.056083738803863525}, "created": {"value": false, "score": 0.0003165006637573242}, "shared": {"value": false, "score": 2.562999725341797e-06}}, "documentContextAttributes": {"used": {"value": true, "score": 0.9955891370773315}, "created": {"value": false, "score": 0.057879865169525146}, "shared": {"value": false, "score": 3.3974647521972656e-06}}}, {"type": "software", "software-type": "software", "software-name": {"rawForm": "SINGLETON", "normalizedForm": "SINGLETON", "offsetStart": 47, "offsetEnd": 56}, "context": "the corresponding PG-Key would be an EXCLUSIVE SINGLETON constraint.", "mentionContextAttributes": {"used": {"value": false, "score": 0.2257601022720337}, "created": {"value": false, "score": 0.0002752542495727539}, "shared": {"value": false, "score": 4.172325134277344e-07}}, "documentContextAttributes": {"used": {"value": true, "score": 0.7921221852302551}, "created": {"value": false, "score": 0.0003132820129394531}, "shared": {"value": false, "score": 3.3974647521972656e-06}}}, {"type": "software", "software-type": "software", "software-name": {"rawForm": "EXCLUSIVE", "normalizedForm": "EXCLUSIVE", "offsetStart": 48, "offsetEnd": 57}, "context": "To illustrate this, consider FOR ( x : Person ) EXCLUSIVE MANDATORY y WITHIN ( x ) -[: owns ] ->( y : Passport ) WHERE y .", "mentionContextAttributes": {"used": {"value": true, "score": 0.6852206587791443}, "created": {"value": false, "score": 6.735324859619141e-06}, "shared": {"value": false, "score": 2.980232238769531e-07}}, "documentContextAttributes": {"used": {"value": true, "score": 0.9955891370773315}, "created": {"value": false, "score": 0.057879865169525146}, "shared": {"value": false, "score": 3.3974647521972656e-06}}}, {"type": "software", "software-type": "software", "software-name": {"rawForm": "IDENTIFIER", "normalizedForm": "IDENTIFIER", "offsetStart": 52, "offsetEnd": 62}, "context": "Consequently, the SINGLETON restriction, built into IDENTIFIER, is redundant here and we can equivalently use EXCLUSIVE MANDATORY. ", "mentionContextAttributes": {"used": {"value": false, "score": 0.49586689472198486}, "created": {"value": false, "score": 0.0003132820129394531}, "shared": {"value": false, "score": 6.556510925292969e-07}}, "documentContextAttributes": {"used": {"value": true, "score": 0.997821033000946}, "created": {"value": false, "score": 0.0026218295097351074}, "shared": {"value": false, "score": 5.781650543212891e-06}}}, {"type": "software", "software-type": "software", "software-name": {"rawForm": "IDENTIFIER", "normalizedForm": "IDENTIFIER", "offsetStart": 53, "offsetEnd": 63}, "context": "This can be represented in PG-Keys as FOR (x: City ) IDENTIFIER y , x .", "mentionContextAttributes": {"used": {"value": false, "score": 0.017995119094848633}, "created": {"value": false, "score": 1.1026859283447266e-05}, "shared": {"value": false, "score": 5.364418029785156e-07}}, "documentContextAttributes": {"used": {"value": true, "score": 0.997821033000946}, "created": {"value": false, "score": 0.0026218295097351074}, "shared": {"value": false, "score": 5.781650543212891e-06}}}, {"type": "software", "software-type": "software", "wikidataId": "Q47607", "wikipediaExternalRef": 29004, "lang": "en", "confidence": 0.839, "software-name": {"rawForm": "SQL", "normalizedForm": "SQL", "wikidataId": "Q47607", "wikipediaExternalRef": 29004, "lang": "en", "confidence": 0.839, "offsetStart": 54, "offsetEnd": 57}, "context": "In relational database practice, and in particular in SQL, these different scenarios are represented by the same NULL [28], and the practice has been extended to graph query languages like Cypher [36,38].", "mentionContextAttributes": {"used": {"value": false, "score": 0.0010123252868652344}, "created": {"value": false, "score": 1.9371509552001953e-05}, "shared": {"value": false, "score": 4.172325134277344e-07}}, "documentContextAttributes": {"used": {"value": false, "score": 0.20700526237487793}, "created": {"value": true, "score": 0.9415772557258606}, "shared": {"value": false, "score": 9.715557098388672e-06}}}, {"type": "software", "software-type": "software", "software-name": {"rawForm": "EXCLUSIVE", "normalizedForm": "EXCLUSIVE", "offsetStart": 55, "offsetEnd": 64}, "context": "In other words, to check satisfaction of EXCLUSIVE and EXCLUSIVE SINGLETON we can disregard nulls.", "mentionContextAttributes": {"used": {"value": true, "score": 0.6125319004058838}, "created": {"value": false, "score": 4.190206527709961e-05}, "shared": {"value": false, "score": 2.980232238769531e-07}}, "documentContextAttributes": {"used": {"value": true, "score": 0.9955891370773315}, "created": {"value": false, "score": 0.057879865169525146}, "shared": {"value": false, "score": 3.3974647521972656e-06}}}, {"type": "software", "software-type": "software", "software-name": {"rawForm": "SINGLETON", "normalizedForm": "SINGLETON", "offsetStart": 59, "offsetEnd": 68}, "context": "That is, IDENTIFIER is a shorthand for EXCLUSIVE MANDATORY SINGLETON.", "mentionContextAttributes": {"used": {"value": false, "score": 0.01947838068008423}, "created": {"value": false, "score": 3.9637088775634766e-05}, "shared": {"value": false, "score": 1.3709068298339844e-06}}, "documentContextAttributes": {"used": {"value": true, "score": 0.7921221852302551}, "created": {"value": false, "score": 0.0003132820129394531}, "shared": {"value": false, "score": 3.3974647521972656e-06}}}, {"type": "software", "software-type": "software", "software-name": {"rawForm": "EXCLUSIVE", "normalizedForm": "EXCLUSIVE", "offsetStart": 60, "offsetEnd": 69}, "context": "This corresponds precisely to the PG-Key FOR ( x : Person ) EXCLUSIVE x .", "mentionContextAttributes": {"used": {"value": true, "score": 0.7927843332290649}, "created": {"value": false, "score": 7.331371307373047e-06}, "shared": {"value": false, "score": 2.980232238769531e-07}}, "documentContextAttributes": {"used": {"value": true, "score": 0.9955891370773315}, "created": {"value": false, "score": 0.057879865169525146}, "shared": {"value": false, "score": 3.3974647521972656e-06}}}, {"type": "software", "software-type": "software", "software-name": {"rawForm": "isPartOf", "normalizedForm": "isPartOf", "offsetStart": 61, "offsetEnd": 69}, "context": "More formally, this actually means that there is at most one isPartOf edge from a given country to a given continent, which is a uniqueness constraint: In other words, given any two edges \ud835\udc52 1 and \ud835\udc52 2 labeled isPartOf, if they have the same source node \ud835\udc5b \ud835\udc60 labeled Country and the same target node \ud835\udc5b \ud835\udc61 labeled Continent, then it must hold that \ud835\udc52 1 = \ud835\udc52 2 .", "mentionContextAttributes": {"used": {"value": true, "score": 0.7271615862846375}, "created": {"value": false, "score": 9.715557098388672e-06}, "shared": {"value": false, "score": 4.231929779052734e-06}}, "documentContextAttributes": {"used": {"value": true, "score": 0.8659842610359192}, "created": {"value": false, "score": 0.0032459497451782227}, "shared": {"value": false, "score": 4.231929779052734e-06}}}, {"type": "software", "software-type": "software", "software-name": {"rawForm": "TigerGraph", "normalizedForm": "TigerGraph", "offsetStart": 63, "offsetEnd": 73}, "context": "Some systems (DataStax, Oracle Spatial and Property Graph, and TigerGraph) offer primary keys for nodes, which combine three constraints on the property values: unique, mandatory, and singlevalued.", "mentionContextAttributes": {"used": {"value": false, "score": 6.252527236938477e-05}, "created": {"value": false, "score": 0.00028514862060546875}, "shared": {"value": false, "score": 2.980232238769531e-07}}, "documentContextAttributes": {"used": {"value": true, "score": 0.9604009985923767}, "created": {"value": false, "score": 0.028820037841796875}, "shared": {"value": false, "score": 4.827976226806641e-06}}, "references": [{"label": "[29]", "normalizedForm": "[29]", "refKey": 29}]}, {"type": "software", "software-type": "software", "software-name": {"rawForm": "EXCLUSIVE", "normalizedForm": "EXCLUSIVE", "offsetStart": 65, "offsetEnd": 74}, "context": "If we further require that forums must have posts, we specify an EXCLUSIVE MANDATORY constraint on the database.", "mentionContextAttributes": {"used": {"value": false, "score": 0.4524163007736206}, "created": {"value": false, "score": 0.057879865169525146}, "shared": {"value": false, "score": 6.556510925292969e-07}}, "documentContextAttributes": {"used": {"value": true, "score": 0.9955891370773315}, "created": {"value": false, "score": 0.057879865169525146}, "shared": {"value": false, "score": 3.3974647521972656e-06}}}, {"type": "software", "software-type": "software", "software-name": {"rawForm": "SINGLETON", "normalizedForm": "SINGLETON", "offsetStart": 65, "offsetEnd": 74}, "context": "In other words, to check satisfaction of EXCLUSIVE and EXCLUSIVE SINGLETON we can disregard nulls.", "mentionContextAttributes": {"used": {"value": true, "score": 0.6125319004058838}, "created": {"value": false, "score": 4.190206527709961e-05}, "shared": {"value": false, "score": 2.980232238769531e-07}}, "documentContextAttributes": {"used": {"value": true, "score": 0.7921221852302551}, "created": {"value": false, "score": 0.0003132820129394531}, "shared": {"value": false, "score": 3.3974647521972656e-06}}}, {"type": "software", "software-type": "software", "software-name": {"rawForm": "isPartOf", "normalizedForm": "isPartOf", "offsetStart": 67, "offsetEnd": 75}, "context": "For our first edge key constraint, consider that there is only one isPartOf edge from a given country to a given continent, i.e., the identity of an isPartOf edge from a country to a continent is determined by the country and the continent.", "mentionContextAttributes": {"used": {"value": false, "score": 0.032837629318237305}, "created": {"value": false, "score": 0.0032459497451782227}, "shared": {"value": false, "score": 1.0132789611816406e-06}}, "documentContextAttributes": {"used": {"value": true, "score": 0.8659842610359192}, "created": {"value": false, "score": 0.0032459497451782227}, "shared": {"value": false, "score": 4.231929779052734e-06}}}, {"type": "software", "software-type": "software", "wikidataId": "Q47607", "wikipediaExternalRef": 29004, "lang": "en", "confidence": 0.839, "software-name": {"rawForm": "SQL", "normalizedForm": "SQL", "wikidataId": "Q47607", "wikipediaExternalRef": 29004, "lang": "en", "confidence": 0.839, "offsetStart": 68, "offsetEnd": 71}, "context": "A standards effort for a new database model is a daunting task: the SQL standard was first approved in 1986 and continues to be enhanced and expanded today.", "mentionContextAttributes": {"used": {"value": false, "score": 8.946657180786133e-05}, "created": {"value": false, "score": 0.036962926387786865}, "shared": {"value": false, "score": 7.748603820800781e-07}}, "documentContextAttributes": {"used": {"value": false, "score": 0.20700526237487793}, "created": {"value": true, "score": 0.9415772557258606}, "shared": {"value": false, "score": 9.715557098388672e-06}}}, {"type": "software", "software-type": "software", "software-name": {"rawForm": "IDENTIFIER", "normalizedForm": "IDENTIFIER", "offsetStart": 70, "offsetEnd": 80}, "context": "To further illustrate the distinction between EXCLUSIVE MANDATORY and IDENTIFIER, we return to the example with which we opened this section, where cities are identified by their name and the country they are part of (if this information is known).", "mentionContextAttributes": {"used": {"value": false, "score": 0.056083738803863525}, "created": {"value": false, "score": 0.0003165006637573242}, "shared": {"value": false, "score": 2.562999725341797e-06}}, "documentContextAttributes": {"used": {"value": true, "score": 0.997821033000946}, "created": {"value": false, "score": 0.0026218295097351074}, "shared": {"value": false, "score": 5.781650543212891e-06}}}, {"type": "software", "software-type": "software", "wikidataId": "Q47607", "wikipediaExternalRef": 29004, "lang": "en", "confidence": 0.839, "software-name": {"rawForm": "SQL", "normalizedForm": "SQL", "wikidataId": "Q47607", "wikipediaExternalRef": 29004, "lang": "en", "confidence": 0.839, "offsetStart": 71, "offsetEnd": 74}, "context": "Furthermore, the handling of nulls in PG-Keys suggests alternatives to SQL's three-valued logic that need to be further explored.", "mentionContextAttributes": {"used": {"value": false, "score": 0.0004659295082092285}, "created": {"value": false, "score": 0.0006205439567565918}, "shared": {"value": false, "score": 1.7881393432617188e-07}}, "documentContextAttributes": {"used": {"value": false, "score": 0.20700526237487793}, "created": {"value": true, "score": 0.9415772557258606}, "shared": {"value": false, "score": 9.715557098388672e-06}}}, {"type": "software", "software-type": "software", "software-name": {"rawForm": "IDENTIFIER", "normalizedForm": "IDENTIFIER", "offsetStart": 71, "offsetEnd": 81}, "context": "To express that ID is a key for City, we use the PG-Key FOR (x: City ) IDENTIFIER x .", "mentionContextAttributes": {"used": {"value": true, "score": 0.9971721172332764}, "created": {"value": false, "score": 5.781650543212891e-06}, "shared": {"value": false, "score": 7.748603820800781e-07}}, "documentContextAttributes": {"used": {"value": true, "score": 0.997821033000946}, "created": {"value": false, "score": 0.0026218295097351074}, "shared": {"value": false, "score": 5.781650543212891e-06}}}, {"type": "software", "software-type": "software", "software-name": {"rawForm": "EXCLUSIVE", "normalizedForm": "EXCLUSIVE", "offsetStart": 74, "offsetEnd": 83}, "context": "A graph \ud835\udc3a satisfies: an EXCLUSIVE constraint if condition (K1) holds, an EXCLUSIVE MANDATORY constraint if (K1) and (K2) hold, an EXCLUSIVE SINGLETON constraint if (K1) and (K3) hold, and an IDENTIFIER constraint if (K1), (K2), and (K3) hold.", "mentionContextAttributes": {"used": {"value": true, "score": 0.7921221852302551}, "created": {"value": false, "score": 4.112720489501953e-06}, "shared": {"value": false, "score": 2.4437904357910156e-06}}, "documentContextAttributes": {"used": {"value": true, "score": 0.9955891370773315}, "created": {"value": false, "score": 0.057879865169525146}, "shared": {"value": false, "score": 3.3974647521972656e-06}}}, {"type": "software", "software-type": "software", "software-name": {"rawForm": "SINGLETON", "normalizedForm": "SINGLETON", "offsetStart": 76, "offsetEnd": 85}, "context": "Similarly, SQL provides a UNIQUE constraint for relational databases (where SINGLETON is implied by 1NF).", "mentionContextAttributes": {"used": {"value": false, "score": 4.857778549194336e-05}, "created": {"value": false, "score": 4.392862319946289e-05}, "shared": {"value": false, "score": 1.7881393432617188e-07}}, "documentContextAttributes": {"used": {"value": true, "score": 0.7921221852302551}, "created": {"value": false, "score": 0.0003132820129394531}, "shared": {"value": false, "score": 3.3974647521972656e-06}}}, {"type": "software", "software-type": "software", "software-name": {"rawForm": "EXCLUSIVE", "normalizedForm": "EXCLUSIVE", "offsetStart": 93, "offsetEnd": 102}, "context": "The keywords EXCLUSIVE, MANDATORY, and SINGLETON indicate which assertions the PG-Key makes: EXCLUSIVE -no two targets can have the same key value; MANDATORY -for each target there is at least one key value; SINGLETON -for each target there is at most one key value.", "mentionContextAttributes": {"used": {"value": false, "score": 0.0930280089378357}, "created": {"value": false, "score": 2.3245811462402344e-06}, "shared": {"value": false, "score": 7.748603820800781e-07}}, "documentContextAttributes": {"used": {"value": true, "score": 0.9955891370773315}, "created": {"value": false, "score": 0.057879865169525146}, "shared": {"value": false, "score": 3.3974647521972656e-06}}}, {"type": "software", "software-type": "software", "software-name": {"rawForm": "SINGLETON", "normalizedForm": "SINGLETON", "offsetStart": 94, "offsetEnd": 103}, "context": "We can express that each post is contained in exactly one forum as FOR ( z : Post ) MANDATORY SINGLETON x WITHIN ( x : Forum ) -[: containerOf ] ->( z ) , but this is a participation constraint rather than a key constraint, and is not part of PG-Keys.", "mentionContextAttributes": {"used": {"value": false, "score": 0.05479013919830322}, "created": {"value": false, "score": 3.039836883544922e-06}, "shared": {"value": false, "score": 6.556510925292969e-07}}, "documentContextAttributes": {"used": {"value": true, "score": 0.7921221852302551}, "created": {"value": false, "score": 0.0003132820129394531}, "shared": {"value": false, "score": 3.3974647521972656e-06}}}, {"type": "software", "software-type": "software", "software-name": {"rawForm": "EXCLUSIVE", "normalizedForm": "EXCLUSIVE", "offsetStart": 100, "offsetEnd": 109}, "context": "For instance, to express that (name,country) is unique in the table City, we can use FOR (x: City ) EXCLUSIVE x .", "mentionContextAttributes": {"used": {"value": true, "score": 0.980288565158844}, "created": {"value": false, "score": 1.1026859283447266e-05}, "shared": {"value": false, "score": 8.940696716308594e-07}}, "documentContextAttributes": {"used": {"value": true, "score": 0.9955891370773315}, "created": {"value": false, "score": 0.057879865169525146}, "shared": {"value": false, "score": 3.3974647521972656e-06}}}, {"type": "software", "software-type": "software", "software-name": {"rawForm": "EXCLUSIVE", "normalizedForm": "EXCLUSIVE", "offsetStart": 110, "offsetEnd": 119}, "context": "Consequently, the SINGLETON restriction, built into IDENTIFIER, is redundant here and we can equivalently use EXCLUSIVE MANDATORY. ", "mentionContextAttributes": {"used": {"value": false, "score": 0.49586689472198486}, "created": {"value": false, "score": 0.0003132820129394531}, "shared": {"value": false, "score": 6.556510925292969e-07}}, "documentContextAttributes": {"used": {"value": true, "score": 0.9955891370773315}, "created": {"value": false, "score": 0.057879865169525146}, "shared": {"value": false, "score": 3.3974647521972656e-06}}}, {"type": "software", "software-type": "software", "software-name": {"rawForm": "IDENTIFIER", "normalizedForm": "IDENTIFIER", "offsetStart": 111, "offsetEnd": 121}, "context": "For instance, to express that (name,cityID) is a key in the relation Person we can use PG-Key FOR (x: Person ) IDENTIFIER x .", "mentionContextAttributes": {"used": {"value": true, "score": 0.997821033000946}, "created": {"value": false, "score": 1.0073184967041016e-05}, "shared": {"value": false, "score": 5.364418029785156e-07}}, "documentContextAttributes": {"used": {"value": true, "score": 0.997821033000946}, "created": {"value": false, "score": 0.0026218295097351074}, "shared": {"value": false, "score": 5.781650543212891e-06}}}, {"type": "software", "software-type": "software", "software-name": {"rawForm": "TigerGraph", "normalizedForm": "TigerGraph", "offsetStart": 121, "offsetEnd": 131}, "context": "In the context of enterprise data management, many current graph database systems (e.g., Amazon Neptune [4], Neo4j [70], TigerGraph [29]) support property graphs.", "mentionContextAttributes": {"used": {"value": false, "score": 4.4286251068115234e-05}, "created": {"value": false, "score": 4.273653030395508e-05}, "shared": {"value": false, "score": 8.940696716308594e-07}}, "documentContextAttributes": {"used": {"value": true, "score": 0.9604009985923767}, "created": {"value": false, "score": 0.028820037841796875}, "shared": {"value": false, "score": 4.827976226806641e-06}}, "references": [{"label": "[29]", "normalizedForm": "[29]", "refKey": 29, "offsetStart": 1757, "offsetEnd": 1761}]}, {"type": "software", "software-type": "software", "software-name": {"rawForm": "isPartOf", "normalizedForm": "isPartOf", "offsetStart": 126, "offsetEnd": 134}, "context": "More precisely, this means that the combination of the name property of a city node, with the country node to which it has an isPartOf edge, identifies the city node.", "mentionContextAttributes": {"used": {"value": false, "score": 0.08781719207763672}, "created": {"value": false, "score": 2.4974346160888672e-05}, "shared": {"value": false, "score": 2.9206275939941406e-06}}, "documentContextAttributes": {"used": {"value": true, "score": 0.8659842610359192}, "created": {"value": false, "score": 0.0032459497451782227}, "shared": {"value": false, "score": 4.231929779052734e-06}}}, {"type": "software", "software-type": "software", "software-name": {"rawForm": "isPartOf", "normalizedForm": "isPartOf", "offsetStart": 129, "offsetEnd": 137}, "context": "Both constraints use the transitive operator isPartOf*, which matches to paths of arbitrary length in which each edge is labeled isPartOf.", "mentionContextAttributes": {"used": {"value": false, "score": 0.28664177656173706}, "created": {"value": false, "score": 7.450580596923828e-06}, "shared": {"value": false, "score": 2.980232238769531e-07}}, "documentContextAttributes": {"used": {"value": true, "score": 0.8659842610359192}, "created": {"value": false, "score": 0.0032459497451782227}, "shared": {"value": false, "score": 4.231929779052734e-06}}}, {"type": "software", "software-type": "software", "wikidataId": "Q47607", "wikipediaExternalRef": 29004, "lang": "en", "confidence": 0.839, "software-name": {"rawForm": "SQL", "normalizedForm": "SQL", "wikidataId": "Q47607", "wikipediaExternalRef": 29004, "lang": "en", "confidence": 0.839, "offsetStart": 130, "offsetEnd": 133}, "context": "In the case of MANDATORY, this is the desired behavior and indeed mandatory keys should avoid nulls, similarly to primary keys in SQL that mandate NOT NULL for attributes involved.", "mentionContextAttributes": {"used": {"value": false, "score": 0.0023491382598876953}, "created": {"value": false, "score": 1.8537044525146484e-05}, "shared": {"value": false, "score": 2.980232238769531e-07}}, "documentContextAttributes": {"used": {"value": false, "score": 0.20700526237487793}, "created": {"value": true, "score": 0.9415772557258606}, "shared": {"value": false, "score": 9.715557098388672e-06}}}, {"type": "software", "software-type": "software", "software-name": {"rawForm": "SINGLETON", "normalizedForm": "SINGLETON", "offsetStart": 130, "offsetEnd": 139}, "context": "For the purposes of referencing objects and imposing constraints, we additionally consider variants that drop either MANDATORY or SINGLETON or both.", "mentionContextAttributes": {"used": {"value": false, "score": 0.11331909894943237}, "created": {"value": false, "score": 0.00010794401168823242}, "shared": {"value": false, "score": 5.364418029785156e-07}}, "documentContextAttributes": {"used": {"value": true, "score": 0.7921221852302551}, "created": {"value": false, "score": 0.0003132820129394531}, "shared": {"value": false, "score": 3.3974647521972656e-06}}}, {"type": "software", "software-type": "software", "software-name": {"rawForm": "IDENTIFIER", "normalizedForm": "IDENTIFIER", "offsetStart": 130, "offsetEnd": 140}, "context": "For example, if the entity type Person has a key consisting of name and birthday then this can be represented as FOR (x: Person ) IDENTIFIER x .", "mentionContextAttributes": {"used": {"value": false, "score": 0.041699230670928955}, "created": {"value": false, "score": 2.3066997528076172e-05}, "shared": {"value": false, "score": 6.556510925292969e-07}}, "documentContextAttributes": {"used": {"value": true, "score": 0.997821033000946}, "created": {"value": false, "score": 0.0026218295097351074}, "shared": {"value": false, "score": 5.781650543212891e-06}}}, {"type": "software", "software-type": "software", "software-name": {"rawForm": "EXCLUSIVE", "normalizedForm": "EXCLUSIVE", "offsetStart": 131, "offsetEnd": 140}, "context": "A graph \ud835\udc3a satisfies: an EXCLUSIVE constraint if condition (K1) holds, an EXCLUSIVE MANDATORY constraint if (K1) and (K2) hold, an EXCLUSIVE SINGLETON constraint if (K1) and (K3) hold, and an IDENTIFIER constraint if (K1), (K2), and (K3) hold.", "mentionContextAttributes": {"used": {"value": true, "score": 0.7921221852302551}, "created": {"value": false, "score": 4.112720489501953e-06}, "shared": {"value": false, "score": 2.4437904357910156e-06}}, "documentContextAttributes": {"used": {"value": true, "score": 0.9955891370773315}, "created": {"value": false, "score": 0.057879865169525146}, "shared": {"value": false, "score": 3.3974647521972656e-06}}}, {"type": "software", "software-type": "software", "software-name": {"rawForm": "IDENTIFIER", "normalizedForm": "IDENTIFIER", "offsetStart": 134, "offsetEnd": 144}, "context": "KEY extends UNIQUE such that an entity value must be unique and cannot be set to nil (i.e., is not nillable) which corresponds to our IDENTIFIER when focusing on values.", "mentionContextAttributes": {"used": {"value": false, "score": 0.0002422332763671875}, "created": {"value": false, "score": 0.0026218295097351074}, "shared": {"value": false, "score": 2.980232238769531e-07}}, "documentContextAttributes": {"used": {"value": true, "score": 0.997821033000946}, "created": {"value": false, "score": 0.0026218295097351074}, "shared": {"value": false, "score": 5.781650543212891e-06}}}, {"type": "software", "software-type": "software", "software-name": {"rawForm": "isPartOf", "normalizedForm": "isPartOf", "offsetStart": 140, "offsetEnd": 148}, "context": "It is built from one copy of the scope and two copies of the descriptor with different descriptor variables: MATCH ( x : City ) , ( x ) -[: isPartOf ] ->( y1 : Country ) , ( x ) -[: isPartOf ] ->( y2 : Country ) WHERE y1 <> y2 RETURN x .", "mentionContextAttributes": {"used": {"value": true, "score": 0.8659839630126953}, "created": {"value": false, "score": 2.086162567138672e-06}, "shared": {"value": false, "score": 6.556510925292969e-07}}, "documentContextAttributes": {"used": {"value": true, "score": 0.8659842610359192}, "created": {"value": false, "score": 0.0032459497451782227}, "shared": {"value": false, "score": 4.231929779052734e-06}}}, {"type": "software", "software-type": "software", "software-name": {"rawForm": "SINGLETON", "normalizedForm": "SINGLETON", "offsetStart": 141, "offsetEnd": 150}, "context": "A graph \ud835\udc3a satisfies: an EXCLUSIVE constraint if condition (K1) holds, an EXCLUSIVE MANDATORY constraint if (K1) and (K2) hold, an EXCLUSIVE SINGLETON constraint if (K1) and (K3) hold, and an IDENTIFIER constraint if (K1), (K2), and (K3) hold.", "mentionContextAttributes": {"used": {"value": true, "score": 0.7921221852302551}, "created": {"value": false, "score": 4.112720489501953e-06}, "shared": {"value": false, "score": 2.4437904357910156e-06}}, "documentContextAttributes": {"used": {"value": true, "score": 0.7921221852302551}, "created": {"value": false, "score": 0.0003132820129394531}, "shared": {"value": false, "score": 3.3974647521972656e-06}}}, {"type": "software", "software-type": "software", "software-name": {"rawForm": "EXCLUSIVE", "normalizedForm": "EXCLUSIVE", "offsetStart": 146, "offsetEnd": 155}, "context": "For example, if a class City represents a weak entity type where entities are identified by their name and the Country they are part of, then the EXCLUSIVE aspect of the key constraint can be represented as", "mentionContextAttributes": {"used": {"value": false, "score": 0.002744734287261963}, "created": {"value": false, "score": 6.80088996887207e-05}, "shared": {"value": false, "score": 5.364418029785156e-07}}, "documentContextAttributes": {"used": {"value": true, "score": 0.9955891370773315}, "created": {"value": false, "score": 0.057879865169525146}, "shared": {"value": false, "score": 3.3974647521972656e-06}}}, {"type": "software", "software-type": "software", "software-name": {"rawForm": "isPartOf", "normalizedForm": "isPartOf", "offsetStart": 149, "offsetEnd": 157}, "context": "For our first edge key constraint, consider that there is only one isPartOf edge from a given country to a given continent, i.e., the identity of an isPartOf edge from a country to a continent is determined by the country and the continent.", "mentionContextAttributes": {"used": {"value": false, "score": 0.032837629318237305}, "created": {"value": false, "score": 0.0032459497451782227}, "shared": {"value": false, "score": 1.0132789611816406e-06}}, "documentContextAttributes": {"used": {"value": true, "score": 0.8659842610359192}, "created": {"value": false, "score": 0.0032459497451782227}, "shared": {"value": false, "score": 4.231929779052734e-06}}}, {"type": "software", "software-type": "software", "software-name": {"rawForm": "IDENTIFIER", "normalizedForm": "IDENTIFIER", "offsetStart": 152, "offsetEnd": 162}, "context": "< key name = \" personKey \" > < selector xpath = \" ../ Person \" / > < field xpath = \" @email \" / > </ key > corresponds to the PG-Key FOR ( x : Person ) IDENTIFIER x .", "mentionContextAttributes": {"used": {"value": false, "score": 0.03461432456970215}, "created": {"value": false, "score": 3.516674041748047e-06}, "shared": {"value": false, "score": 5.781650543212891e-06}}, "documentContextAttributes": {"used": {"value": true, "score": 0.997821033000946}, "created": {"value": false, "score": 0.0026218295097351074}, "shared": {"value": false, "score": 5.781650543212891e-06}}}, {"type": "software", "software-type": "software", "wikidataId": "Q47607", "wikipediaExternalRef": 29004, "lang": "en", "confidence": 0.839, "software-name": {"rawForm": "SQL", "normalizedForm": "SQL", "wikidataId": "Q47607", "wikipediaExternalRef": 29004, "lang": "en", "confidence": 0.839, "offsetStart": 155, "offsetEnd": 158}, "context": "The GQL project is assigned to ISO/IEC JTC1 SC32 WG3 Database Languages -the same committee responsible for developing and enhancing the Database Language SQL and of which four of this paper's authors are members.", "mentionContextAttributes": {"used": {"value": false, "score": 0.20700526237487793}, "created": {"value": false, "score": 0.11428612470626831}, "shared": {"value": false, "score": 9.715557098388672e-06}}, "documentContextAttributes": {"used": {"value": false, "score": 0.20700526237487793}, "created": {"value": true, "score": 0.9415772557258606}, "shared": {"value": false, "score": 9.715557098388672e-06}}}, {"type": "software", "software-type": "software", "software-name": {"rawForm": "EXCLUSIVE", "normalizedForm": "EXCLUSIVE", "offsetStart": 161, "offsetEnd": 170}, "context": "\u2022 EXCLUSIVE MANDATORY SINGLETON, or IDENTIFIER for short, e.g., login: every user is required to have precisely one, and no two users can have the same login; \u2022 EXCLUSIVE MANDATORY, e.g., email: every user must have at least one email and no two users can use the same email; \u2022 EXCLUSIVE SINGLETON, e.g., preferred email: every user may have at most one preferred email for contacting them but again no two users can have the same preferred email; \u2022 EXCLUSIVE, e.g., alias: every user may have an arbitrary number of aliases but no two users can have a common alias.", "mentionContextAttributes": {"used": {"value": false, "score": 0.04836738109588623}, "created": {"value": false, "score": 3.2782554626464844e-06}, "shared": {"value": false, "score": 3.3974647521972656e-06}}, "documentContextAttributes": {"used": {"value": true, "score": 0.9955891370773315}, "created": {"value": false, "score": 0.057879865169525146}, "shared": {"value": false, "score": 3.3974647521972656e-06}}}, {"type": "software", "software-type": "software", "wikidataId": "Q47607", "wikipediaExternalRef": 29004, "lang": "en", "confidence": 0.839, "software-name": {"rawForm": "SQL", "normalizedForm": "SQL", "wikidataId": "Q47607", "wikipediaExternalRef": 29004, "lang": "en", "confidence": 0.839, "offsetStart": 178, "offsetEnd": 181}, "context": "It can be summarized as follows: (1) every condition involving a null evaluates to unknown; (2) truth values propagate through connectives AND, OR, and NOT by using the rules of SQL's 3VL; (3) once a condition is evaluated in the WHERE clause of a SQL query, only true tuples remain.", "mentionContextAttributes": {"used": {"value": false, "score": 0.042427241802215576}, "created": {"value": false, "score": 3.159046173095703e-06}, "shared": {"value": false, "score": 1.8477439880371094e-06}}, "documentContextAttributes": {"used": {"value": false, "score": 0.20700526237487793}, "created": {"value": true, "score": 0.9415772557258606}, "shared": {"value": false, "score": 9.715557098388672e-06}}}, {"type": "software", "software-type": "software", "wikidataId": "Q47607", "wikipediaExternalRef": 29004, "lang": "en", "confidence": 0.839, "software-name": {"rawForm": "SQL", "normalizedForm": "SQL", "wikidataId": "Q47607", "wikipediaExternalRef": 29004, "lang": "en", "confidence": 0.839, "offsetStart": 181, "offsetEnd": 184}, "context": "The idea in itself is not new, it was present in old query languages such as Quel, and was recently studied in connection with various proposals on using 2-valued logic in place of SQL's 3VL, see [24,25].", "mentionContextAttributes": {"used": {"value": false, "score": 0.00025916099548339844}, "created": {"value": false, "score": 0.048925697803497314}, "shared": {"value": false, "score": 5.364418029785156e-07}}, "documentContextAttributes": {"used": {"value": false, "score": 0.20700526237487793}, "created": {"value": true, "score": 0.9415772557258606}, "shared": {"value": false, "score": 9.715557098388672e-06}}}, {"type": "software", "software-type": "software", "software-name": {"rawForm": "isPartOf", "normalizedForm": "isPartOf", "offsetStart": 182, "offsetEnd": 190}, "context": "It is built from one copy of the scope and two copies of the descriptor with different descriptor variables: MATCH ( x : City ) , ( x ) -[: isPartOf ] ->( y1 : Country ) , ( x ) -[: isPartOf ] ->( y2 : Country ) WHERE y1 <> y2 RETURN x .", "mentionContextAttributes": {"used": {"value": true, "score": 0.8659842610359192}, "created": {"value": false, "score": 2.086162567138672e-06}, "shared": {"value": false, "score": 6.556510925292969e-07}}, "documentContextAttributes": {"used": {"value": true, "score": 0.8659842610359192}, "created": {"value": false, "score": 0.0032459497451782227}, "shared": {"value": false, "score": 4.231929779052734e-06}}}, {"type": "software", "software-type": "software", "software-name": {"rawForm": "EXCLUSIVE", "normalizedForm": "EXCLUSIVE", "offsetStart": 182, "offsetEnd": 191}, "context": "For instance, < unique name = \" PersonUnique \" > < selector xpath = \" ../ Person \" / > < field xpath = \" @name \" / > < field xpath = \" @birthday \" / > </ unique > corresponds to the EXCLUSIVE SINGLETON example in Section 5.4.", "mentionContextAttributes": {"used": {"value": true, "score": 0.7475087642669678}, "created": {"value": false, "score": 1.3709068298339844e-06}, "shared": {"value": false, "score": 8.940696716308594e-07}}, "documentContextAttributes": {"used": {"value": true, "score": 0.9955891370773315}, "created": {"value": false, "score": 0.057879865169525146}, "shared": {"value": false, "score": 3.3974647521972656e-06}}}, {"type": "software", "software-type": "software", "software-name": {"rawForm": "IDENTIFIER", "normalizedForm": "IDENTIFIER", "offsetStart": 188, "offsetEnd": 198}, "context": "An example of an ORM diagram with key constraints is: In addition ORM has the concept of reference scheme which is a special type of external uniqueness constraint that corresponds to the IDENTIFIER constraint in PG-Keys.", "mentionContextAttributes": {"used": {"value": false, "score": 0.0001308917999267578}, "created": {"value": false, "score": 3.618001937866211e-05}, "shared": {"value": false, "score": 2.980232238769531e-07}}, "documentContextAttributes": {"used": {"value": true, "score": 0.997821033000946}, "created": {"value": false, "score": 0.0026218295097351074}, "shared": {"value": false, "score": 5.781650543212891e-06}}}, {"type": "software", "software-type": "software", "software-name": {"rawForm": "SINGLETON", "normalizedForm": "SINGLETON", "offsetStart": 192, "offsetEnd": 201}, "context": "For instance, < unique name = \" PersonUnique \" > < selector xpath = \" ../ Person \" / > < field xpath = \" @name \" / > < field xpath = \" @birthday \" / > </ unique > corresponds to the EXCLUSIVE SINGLETON example in Section 5.4.", "mentionContextAttributes": {"used": {"value": true, "score": 0.7475087642669678}, "created": {"value": false, "score": 1.3709068298339844e-06}, "shared": {"value": false, "score": 8.940696716308594e-07}}, "documentContextAttributes": {"used": {"value": true, "score": 0.7921221852302551}, "created": {"value": false, "score": 0.0003132820129394531}, "shared": {"value": false, "score": 3.3974647521972656e-06}}}, {"type": "software", "software-type": "software", "software-name": {"rawForm": "IDENTIFIER", "normalizedForm": "IDENTIFIER", "offsetStart": 192, "offsetEnd": 202}, "context": "A graph \ud835\udc3a satisfies: an EXCLUSIVE constraint if condition (K1) holds, an EXCLUSIVE MANDATORY constraint if (K1) and (K2) hold, an EXCLUSIVE SINGLETON constraint if (K1) and (K3) hold, and an IDENTIFIER constraint if (K1), (K2), and (K3) hold.", "mentionContextAttributes": {"used": {"value": true, "score": 0.7921221852302551}, "created": {"value": false, "score": 4.112720489501953e-06}, "shared": {"value": false, "score": 2.4437904357910156e-06}}, "documentContextAttributes": {"used": {"value": true, "score": 0.997821033000946}, "created": {"value": false, "score": 0.0026218295097351074}, "shared": {"value": false, "score": 5.781650543212891e-06}}}, {"type": "software", "software-type": "software", "wikidataId": "Q47607", "wikipediaExternalRef": 29004, "lang": "en", "confidence": 0.839, "software-name": {"rawForm": "SQL", "normalizedForm": "SQL", "wikidataId": "Q47607", "wikipediaExternalRef": 29004, "lang": "en", "confidence": 0.839, "offsetStart": 195, "offsetEnd": 198}, "context": "Some variants of PG-Keys are very close to relational (see Section 5.2) and thus easily maintainable under updates that resemble relational insertions/deletions. Others are more complex, akin to SQL's assertions, and thus their incremental validation will require techniques from incremental view/integrity maintenance [13].", "mentionContextAttributes": {"used": {"value": false, "score": 0.0001850128173828125}, "created": {"value": false, "score": 8.761882781982422e-06}, "shared": {"value": false, "score": 2.980232238769531e-07}}, "documentContextAttributes": {"used": {"value": false, "score": 0.20700526237487793}, "created": {"value": true, "score": 0.9415772557258606}, "shared": {"value": false, "score": 9.715557098388672e-06}}}, {"type": "software", "software-type": "software", "software-name": {"rawForm": "isPartOf", "normalizedForm": "isPartOf", "offsetStart": 200, "offsetEnd": 208}, "context": "This is an example of a uniqueness constraint allowing us to reference cities, i.e., given any two nodes \ud835\udc5b 1 and \ud835\udc5b 2 labeled City, if they have the same value for the property name and both have an isPartOf edge to a common node \ud835\udc5b 3 labeled Country, then it must be the case that \ud835\udc5b 1 = \ud835\udc5b 2 .", "mentionContextAttributes": {"used": {"value": true, "score": 0.5212180614471436}, "created": {"value": false, "score": 4.708766937255859e-06}, "shared": {"value": false, "score": 1.8477439880371094e-06}}, "documentContextAttributes": {"used": {"value": true, "score": 0.8659842610359192}, "created": {"value": false, "score": 0.0032459497451782227}, "shared": {"value": false, "score": 4.231929779052734e-06}}}, {"type": "software", "software-type": "software", "software-name": {"rawForm": "SINGLETON", "normalizedForm": "SINGLETON", "offsetStart": 208, "offsetEnd": 217}, "context": "The keywords EXCLUSIVE, MANDATORY, and SINGLETON indicate which assertions the PG-Key makes: EXCLUSIVE -no two targets can have the same key value; MANDATORY -for each target there is at least one key value; SINGLETON -for each target there is at most one key value.", "mentionContextAttributes": {"used": {"value": false, "score": 0.0930280089378357}, "created": {"value": false, "score": 2.3245811462402344e-06}, "shared": {"value": false, "score": 7.748603820800781e-07}}, "documentContextAttributes": {"used": {"value": true, "score": 0.7921221852302551}, "created": {"value": false, "score": 0.0003132820129394531}, "shared": {"value": false, "score": 3.3974647521972656e-06}}}, {"type": "software", "software-type": "software", "software-name": {"rawForm": "isPartOf", "normalizedForm": "isPartOf", "offsetStart": 210, "offsetEnd": 218}, "context": "Similarly, consider a key stating that a city can be identified with the combination of its name and its country: the key descriptor needs to access a Country node reachable from the City node with an outgoing isPartOf edge.", "mentionContextAttributes": {"used": {"value": false, "score": 0.011278986930847168}, "created": {"value": false, "score": 6.347894668579102e-05}, "shared": {"value": false, "score": 2.086162567138672e-06}}, "documentContextAttributes": {"used": {"value": true, "score": 0.8659842610359192}, "created": {"value": false, "score": 0.0032459497451782227}, "shared": {"value": false, "score": 4.231929779052734e-06}}}, {"type": "software", "software-type": "software", "software-name": {"rawForm": "isPartOf", "normalizedForm": "isPartOf", "offsetStart": 210, "offsetEnd": 218}, "context": "More formally, this actually means that there is at most one isPartOf edge from a given country to a given continent, which is a uniqueness constraint: In other words, given any two edges \ud835\udc52 1 and \ud835\udc52 2 labeled isPartOf, if they have the same source node \ud835\udc5b \ud835\udc60 labeled Country and the same target node \ud835\udc5b \ud835\udc61 labeled Continent, then it must hold that \ud835\udc52 1 = \ud835\udc52 2 .", "mentionContextAttributes": {"used": {"value": true, "score": 0.7271615862846375}, "created": {"value": false, "score": 9.715557098388672e-06}, "shared": {"value": false, "score": 4.231929779052734e-06}}, "documentContextAttributes": {"used": {"value": true, "score": 0.8659842610359192}, "created": {"value": false, "score": 0.0032459497451782227}, "shared": {"value": false, "score": 4.231929779052734e-06}}}, {"type": "software", "software-type": "software", "software-name": {"rawForm": "isPartOf", "normalizedForm": "isPartOf", "offsetStart": 210, "offsetEnd": 218}, "context": "For example, consider a case where we have a weak entity type City, which is identified by a combination of its attribute name and the entity of type Country that it is reached via the identifying relationship isPartOf.", "mentionContextAttributes": {"used": {"value": false, "score": 0.002670586109161377}, "created": {"value": false, "score": 7.790327072143555e-05}, "shared": {"value": false, "score": 5.364418029785156e-07}}, "documentContextAttributes": {"used": {"value": true, "score": 0.8659842610359192}, "created": {"value": false, "score": 0.0032459497451782227}, "shared": {"value": false, "score": 4.231929779052734e-06}}}, {"type": "software", "software-type": "software", "wikidataId": "Q47607", "wikipediaExternalRef": 29004, "lang": "en", "confidence": 0.839, "software-name": {"rawForm": "SQL", "normalizedForm": "SQL", "wikidataId": "Q47607", "wikipediaExternalRef": 29004, "lang": "en", "confidence": 0.839, "offsetStart": 239, "offsetEnd": 242}, "context": "In fact, under this 2-valued logic of nulls, condition (Ki) is true iff (Ki) null is true, for \ud835\udc56 = 1, 2, 3. We would thus advocate one of two options for handling nulls in PG-Keys: either use a 2-valued logic as explained here, or follow SQL's 3VL but then introduce NOT NULL declarations for properties used in MANDATORY constraints.", "mentionContextAttributes": {"used": {"value": false, "score": 0.07432490587234497}, "created": {"value": false, "score": 8.761882781982422e-06}, "shared": {"value": false, "score": 5.543231964111328e-06}}, "documentContextAttributes": {"used": {"value": false, "score": 0.20700526237487793}, "created": {"value": true, "score": 0.9415772557258606}, "shared": {"value": false, "score": 9.715557098388672e-06}}}, {"type": "software", "software-type": "software", "wikidataId": "Q47607", "wikipediaExternalRef": 29004, "lang": "en", "confidence": 0.839, "software-name": {"rawForm": "SQL", "normalizedForm": "SQL", "wikidataId": "Q47607", "wikipediaExternalRef": 29004, "lang": "en", "confidence": 0.839, "offsetStart": 248, "offsetEnd": 251}, "context": "It can be summarized as follows: (1) every condition involving a null evaluates to unknown; (2) truth values propagate through connectives AND, OR, and NOT by using the rules of SQL's 3VL; (3) once a condition is evaluated in the WHERE clause of a SQL query, only true tuples remain.", "mentionContextAttributes": {"used": {"value": false, "score": 0.042427241802215576}, "created": {"value": false, "score": 3.159046173095703e-06}, "shared": {"value": false, "score": 1.8477439880371094e-06}}, "documentContextAttributes": {"used": {"value": false, "score": 0.20700526237487793}, "created": {"value": true, "score": 0.9415772557258606}, "shared": {"value": false, "score": 9.715557098388672e-06}}}, {"type": "software", "software-type": "software", "software-name": {"rawForm": "TigerGraph", "normalizedForm": "TigerGraph", "offsetStart": 256, "offsetEnd": 266}, "context": "The online documentation of thirteen property graph database systems (AgensGraph [3], Amazon Neptune [4], Azure Cosmos [59], DataStax [27], JanusGraph [45], Memgraph [57], Neo4j [76], Oracle Spatial and Property Graph [62], RedisGraph [47], Sparksee [75], TigerGraph [77], TinkerPop [9] and Titan [78]) reveal the following.", "mentionContextAttributes": {"used": {"value": true, "score": 0.9604009985923767}, "created": {"value": false, "score": 3.7550926208496094e-06}, "shared": {"value": false, "score": 4.827976226806641e-06}}, "documentContextAttributes": {"used": {"value": true, "score": 0.9604009985923767}, "created": {"value": false, "score": 0.028820037841796875}, "shared": {"value": false, "score": 4.827976226806641e-06}}, "references": [{"label": "[77]", "normalizedForm": "[77]", "refKey": 77, "offsetStart": 11860, "offsetEnd": 11864}]}, {"type": "software", "software-type": "software", "software-name": {"rawForm": "EXCLUSIVE", "normalizedForm": "EXCLUSIVE", "offsetStart": 278, "offsetEnd": 287}, "context": "\u2022 EXCLUSIVE MANDATORY SINGLETON, or IDENTIFIER for short, e.g., login: every user is required to have precisely one, and no two users can have the same login; \u2022 EXCLUSIVE MANDATORY, e.g., email: every user must have at least one email and no two users can use the same email; \u2022 EXCLUSIVE SINGLETON, e.g., preferred email: every user may have at most one preferred email for contacting them but again no two users can have the same preferred email; \u2022 EXCLUSIVE, e.g., alias: every user may have an arbitrary number of aliases but no two users can have a common alias.", "mentionContextAttributes": {"used": {"value": false, "score": 0.04836738109588623}, "created": {"value": false, "score": 3.2782554626464844e-06}, "shared": {"value": false, "score": 3.3974647521972656e-06}}, "documentContextAttributes": {"used": {"value": true, "score": 0.9955891370773315}, "created": {"value": false, "score": 0.057879865169525146}, "shared": {"value": false, "score": 3.3974647521972656e-06}}}, {"type": "software", "software-type": "software", "software-name": {"rawForm": "SINGLETON", "normalizedForm": "SINGLETON", "offsetStart": 288, "offsetEnd": 297}, "context": "\u2022 EXCLUSIVE MANDATORY SINGLETON, or IDENTIFIER for short, e.g., login: every user is required to have precisely one, and no two users can have the same login; \u2022 EXCLUSIVE MANDATORY, e.g., email: every user must have at least one email and no two users can use the same email; \u2022 EXCLUSIVE SINGLETON, e.g., preferred email: every user may have at most one preferred email for contacting them but again no two users can have the same preferred email; \u2022 EXCLUSIVE, e.g., alias: every user may have an arbitrary number of aliases but no two users can have a common alias.", "mentionContextAttributes": {"used": {"value": false, "score": 0.04836738109588623}, "created": {"value": false, "score": 3.2782554626464844e-06}, "shared": {"value": false, "score": 3.3974647521972656e-06}}, "documentContextAttributes": {"used": {"value": true, "score": 0.7921221852302551}, "created": {"value": false, "score": 0.0003132820129394531}, "shared": {"value": false, "score": 3.3974647521972656e-06}}}, {"type": "software", "software-type": "software", "software-name": {"rawForm": "EXCLUSIVE", "normalizedForm": "EXCLUSIVE", "offsetStart": 450, "offsetEnd": 459}, "context": "\u2022 EXCLUSIVE MANDATORY SINGLETON, or IDENTIFIER for short, e.g., login: every user is required to have precisely one, and no two users can have the same login; \u2022 EXCLUSIVE MANDATORY, e.g., email: every user must have at least one email and no two users can use the same email; \u2022 EXCLUSIVE SINGLETON, e.g., preferred email: every user may have at most one preferred email for contacting them but again no two users can have the same preferred email; \u2022 EXCLUSIVE, e.g., alias: every user may have an arbitrary number of aliases but no two users can have a common alias.", "mentionContextAttributes": {"used": {"value": false, "score": 0.048367202281951904}, "created": {"value": false, "score": 3.2186508178710938e-06}, "shared": {"value": false, "score": 3.337860107421875e-06}}, "documentContextAttributes": {"used": {"value": true, "score": 0.9955891370773315}, "created": {"value": false, "score": 0.057879865169525146}, "shared": {"value": false, "score": 3.3974647521972656e-06}}}], "references": [{"refKey": 29, "tei": "<biblStruct xml:id=\"b29\">\n\t<analytic>\n\t\t<title level=\"a\" type=\"main\">Aggregation Support for Modern Graph Analytics in TigerGraph</title>\n\t\t<author>\n\t\t\t<persName><forename type=\"first\">Alin</forename><surname>Deutsch</surname></persName>\n\t\t</author>\n\t\t<author>\n\t\t\t<persName><forename type=\"first\">Yu</forename><surname>Xu</surname></persName>\n\t\t</author>\n\t\t<author>\n\t\t\t<persName><forename type=\"first\">Mingxi</forename><surname>Wu</surname></persName>\n\t\t</author>\n\t\t<author>\n\t\t\t<persName><forename type=\"first\">Victor</forename><forename type=\"middle\">E</forename><surname>Lee</surname></persName>\n\t\t</author>\n\t\t<idno type=\"DOI\">10.1145/3318464.3386144</idno>\n\t</analytic>\n\t<monogr>\n\t\t<title level=\"m\">Proceedings of the 2020 ACM SIGMOD International Conference on Management of Data</title>\n\t\t<meeting>the 2020 ACM SIGMOD International Conference on Management of Data</meeting>\n\t\t<imprint>\n\t\t\t<publisher>ACM</publisher>\n\t\t\t<date type=\"published\" when=\"2020-05-31\">2020</date>\n\t\t\t<biblScope unit=\"page\">392</biblScope>\n\t\t</imprint>\n\t</monogr>\n</biblStruct>\n"}, {"refKey": 77, "tei": "<biblStruct xml:id=\"b77\">\n\t<monogr>\n\t\t<author>\n\t\t\t<persName><surname>Tigergraph</surname></persName>\n\t\t</author>\n\t\t<title level=\"m\">TigerGraph</title>\n\t\t<imprint>\n\t\t\t<date>2020. 2020-11</date>\n\t\t</imprint>\n\t</monogr>\n</biblStruct>\n"}], "runtime": 102943, "id": "f607c634b504fd0afcd7fb73ac967332610c8ef2", "metadata": {"id": "f607c634b504fd0afcd7fb73ac967332610c8ef2"}, "original_file_path": "../../datalake/Samuel/SOFTware-Sync/data/xml_not_sofctied/hal-03189192.grobid.tei.xml", "file_name": "hal-03189192.grobid.tei.xml"}