{"application": "software-mentions", "version": "0.8.0", "date": "2024-04-12T16:01+0000", "md5": "4E22D4B466A9401B576892F4204D9F39", "mentions": [{"type": "software", "software-type": "software", "wikidataId": "Q5013685", "wikipediaExternalRef": 6374129, "lang": "en", "confidence": 0.4724, "software-name": {"rawForm": "CPN Tools", "normalizedForm": "CPN Tools", "wikidataId": "Q5013685", "wikipediaExternalRef": 6374129, "lang": "en", "confidence": 0.4724, "offsetStart": 0, "offsetEnd": 13}, "context": "CPN Tools [20], [21]) is used for editing CPN models. ", "mentionContextAttributes": {"used": {"value": false, "score": 0.0387309193611145}, "created": {"value": false, "score": 5.4836273193359375e-06}, "shared": {"value": false, "score": 2.384185791015625e-07}}, "documentContextAttributes": {"used": {"value": false, "score": 0.0387309193611145}, "created": {"value": false, "score": 5.4836273193359375e-06}, "shared": {"value": false, "score": 2.384185791015625e-07}}, "references": [{"label": "[21]", "normalizedForm": "[21]", "refKey": 22, "offsetStart": 7420, "offsetEnd": 7424}]}, {"type": "software", "software-type": "software", "software-name": {"rawForm": "SelectProduct", "normalizedForm": "SelectProduct", "offsetStart": 22, "offsetEnd": 35}, "context": "The first transition, SelectProduct, allows users to choose the product they want to buy, while the second transition, Payment, allows the user to pay for his order, and the last transition, ConfirmOrder, allows the user  The CPN graph in figure 4   Do CompleteOrder When a business process is executed, it must respect a set of business rules. ", "mentionContextAttributes": {"used": {"value": false, "score": 0.0007265210151672363}, "created": {"value": false, "score": 3.504753112792969e-05}, "shared": {"value": false, "score": 3.5762786865234375e-06}}, "documentContextAttributes": {"used": {"value": false, "score": 0.4419320225715637}, "created": {"value": false, "score": 3.504753112792969e-05}, "shared": {"value": false, "score": 3.5762786865234375e-06}}}, {"type": "software", "software-type": "software", "software-name": {"rawForm": "SelectProduct", "normalizedForm": "SelectProduct", "offsetStart": 73, "offsetEnd": 86}, "context": "We add a set of business rules, for example 1: BR1-R1: If (n \u2264 0) do not SelectProduct &PNO(n)&PNAME(name)&PPRICE(price) BR1-R2: If (name = \"\") do not ConfirmOrder&confirmOrder(success) We merge two sets of ECA rules into a single knowledge base.", "mentionContextAttributes": {"used": {"value": false, "score": 0.25877463817596436}, "created": {"value": false, "score": 1.6689300537109375e-06}, "shared": {"value": false, "score": 7.152557373046875e-07}}, "documentContextAttributes": {"used": {"value": false, "score": 0.4419320225715637}, "created": {"value": false, "score": 3.504753112792969e-05}, "shared": {"value": false, "score": 3.5762786865234375e-06}}}, {"type": "software", "software-type": "software", "software-name": {"rawForm": "SelectProduct", "normalizedForm": "SelectProduct", "offsetStart": 115, "offsetEnd": 128}, "context": "In this example, two transitions valideCODInfo and valideCardInfo in the sub-model get control from the transition SelectProduct (in the main model) through the input port PriceOfProduct and send the control to transition ConfirmOrder (in the main model) through the output port at ConfirmPayment.", "mentionContextAttributes": {"used": {"value": false, "score": 0.4419320225715637}, "created": {"value": false, "score": 3.0994415283203125e-06}, "shared": {"value": false, "score": 4.76837158203125e-07}}, "documentContextAttributes": {"used": {"value": false, "score": 0.4419320225715637}, "created": {"value": false, "score": 3.504753112792969e-05}, "shared": {"value": false, "score": 3.5762786865234375e-06}}}], "references": [{"refKey": 22, "tei": "<biblStruct xml:id=\"b22\">\n\t<monogr>\n\t\t<author>\n\t\t\t<persName><forename type=\"first\">Anne</forename><surname>Vinter Ratzer</surname></persName>\n\t\t</author>\n\t\t<author>\n\t\t\t<persName><forename type=\"first\">Lisa</forename><surname>Wells</surname></persName>\n\t\t</author>\n\t\t<author>\n\t\t\t<persName><forename type=\"first\">Henry</forename><surname>Michael Lassen</surname></persName>\n\t\t</author>\n\t\t<idno type=\"DOI\">10.1007/3-540-44919-128</idno>\n\t\t<title level=\"m\">CPN Tools for Editing, Simulating, and Analysing Coloured Petri Nets</title>\n\t\t<imprint>\n\t\t\t<date>2003</date>\n\t\t\t<biblScope unit=\"page\">462</biblScope>\n\t\t</imprint>\n\t</monogr>\n</biblStruct>\n"}], "runtime": 65741, "id": "64fe6712f2665e192e94eeab916c0ed64c01d762", "metadata": {"id": "64fe6712f2665e192e94eeab916c0ed64c01d762"}, "original_file_path": "../../datalake/Samuel/SOFTware-Sync/data/xml_files/hal-02387680.grobid.tei.xml", "file_name": "hal-02387680.grobid.tei.xml"}