{"application": "software-mentions", "version": "0.8.0", "date": "2024-04-15T07:30+0000", "md5": "88FC43660A86FD05185BB613D328DCB5", "mentions": [{"type": "software", "software-type": "software", "software-name": {"rawForm": "BioComputing", "normalizedForm": "BioComputing", "offsetStart": 12, "offsetEnd": 24}, "version": {"rawForm": "0.6", "normalizedForm": "0.6"}, "context": "Running the BioComputing's tool again on the reaction network from Figure S4 led to much more convincing predictions of reaction knockouts, inflow changes, and gene overexpression, as described in Figure 5. ", "mentionContextAttributes": {"used": {"value": true, "score": 0.9999127984046936}, "created": {"value": false, "score": 2.8312206268310547e-05}, "shared": {"value": false, "score": 1.7881393432617188e-07}}, "documentContextAttributes": {"used": {"value": true, "score": 0.9999483227729797}, "created": {"value": false, "score": 0.0003730654716491699}, "shared": {"value": false, "score": 2.980232238769531e-07}}}, {"type": "software", "software-type": "software", "software-name": {"rawForm": "GenePix Pro", "normalizedForm": "GenePix Pro", "offsetStart": 27, "offsetEnd": 38}, "version": {"rawForm": "6", "normalizedForm": "6", "offsetStart": 39, "offsetEnd": 40}, "publisher": {"rawForm": "Axon Instruments, Inc", "normalizedForm": "Axon Instruments, Inc", "offsetStart": 42, "offsetEnd": 63}, "context": "Images were analyzed using GenePix Pro 6 (Axon Instruments, Inc., Union City, CA, USA). ", "mentionContextAttributes": {"used": {"value": true, "score": 0.9999976754188538}, "created": {"value": false, "score": 4.112720489501953e-06}, "shared": {"value": false, "score": 1.7881393432617188e-07}}, "documentContextAttributes": {"used": {"value": true, "score": 0.9999976754188538}, "created": {"value": false, "score": 4.112720489501953e-06}, "shared": {"value": false, "score": 1.7881393432617188e-07}}}, {"type": "software", "software-type": "software", "software-name": {"rawForm": "BioComputing", "normalizedForm": "BioComputing", "offsetStart": 30, "offsetEnd": 42}, "version": {"rawForm": "0.6", "normalizedForm": "0.6"}, "context": "The original algorithm of the BioComputing's tool, therefore, used heuristics based on rewritten rules for different constraints [43] to reduce the over-approximation in the presence of loops. ", "mentionContextAttributes": {"used": {"value": true, "score": 0.7627214193344116}, "created": {"value": false, "score": 0.0003561973571777344}, "shared": {"value": false, "score": 1.7881393432617188e-07}}, "documentContextAttributes": {"used": {"value": true, "score": 0.9999483227729797}, "created": {"value": false, "score": 0.0003730654716491699}, "shared": {"value": false, "score": 2.980232238769531e-07}}}, {"type": "software", "software-type": "software", "software-name": {"rawForm": "BioComputing", "normalizedForm": "BioComputing", "offsetStart": 31, "offsetEnd": 43}, "version": {"rawForm": "0.6", "normalizedForm": "0.6", "offsetStart": 20, "offsetEnd": 23}, "context": "Running the version 0.6 of the BioComputing's reaction network tool with this target on the reaction network did not work well the first time, for several reasons that are described in detail in the Materials and Methods section, which led to the refined feedback network presented in Figure S4. ", "mentionContextAttributes": {"used": {"value": true, "score": 0.9831420183181763}, "created": {"value": false, "score": 4.89354133605957e-05}, "shared": {"value": false, "score": 2.980232238769531e-07}}, "documentContextAttributes": {"used": {"value": true, "score": 0.9999483227729797}, "created": {"value": false, "score": 0.0003730654716491699}, "shared": {"value": false, "score": 2.980232238769531e-07}}}, {"type": "software", "software-type": "software", "software-name": {"rawForm": "BioComputing", "normalizedForm": "BioComputing", "offsetStart": 46, "offsetEnd": 58}, "version": {"rawForm": "0.6", "normalizedForm": "0.6"}, "context": "After all these modifications, the use of the BioComputing's reaction network tool on the reaction network did not work well the first time, for several reasons.", "mentionContextAttributes": {"used": {"value": true, "score": 0.6875052452087402}, "created": {"value": false, "score": 4.655122756958008e-05}, "shared": {"value": false, "score": 2.980232238769531e-07}}, "documentContextAttributes": {"used": {"value": true, "score": 0.9999483227729797}, "created": {"value": false, "score": 0.0003730654716491699}, "shared": {"value": false, "score": 2.980232238769531e-07}}}, {"type": "software", "software-type": "software", "software-name": {"rawForm": "BioComputing", "normalizedForm": "BioComputing", "offsetStart": 136, "offsetEnd": 148}, "version": {"rawForm": "0.6", "normalizedForm": "0.6"}, "context": "When these predictions were launched, a final problem was detected, related to the very high computation time of the solver used by the BioComputing's reaction network tool.", "mentionContextAttributes": {"used": {"value": true, "score": 0.9999483227729797}, "created": {"value": false, "score": 0.0003730654716491699}, "shared": {"value": false, "score": 1.7881393432617188e-07}}, "documentContextAttributes": {"used": {"value": true, "score": 0.9999483227729797}, "created": {"value": false, "score": 0.0003730654716491699}, "shared": {"value": false, "score": 2.980232238769531e-07}}}, {"type": "software", "software-type": "software", "software-name": {"rawForm": "Millenium 32", "normalizedForm": "Millenium 32", "offsetStart": 165, "offsetEnd": 177}, "publisher": {"rawForm": "Waters", "normalizedForm": "Waters", "offsetStart": 188, "offsetEnd": 194}, "context": "The retention time and second derivative of the absorption spectrum between 200 and 400 nm (Diode Array PDA 996, Waters) were used to identify the eluted molecules (Millenium 32 Software, Waters).", "mentionContextAttributes": {"used": {"value": true, "score": 0.9999929070472717}, "created": {"value": false, "score": 9.953975677490234e-06}, "shared": {"value": false, "score": 2.980232238769531e-07}}, "documentContextAttributes": {"used": {"value": true, "score": 0.9999962449073792}, "created": {"value": false, "score": 9.953975677490234e-06}, "shared": {"value": false, "score": 2.980232238769531e-07}}}, {"type": "software", "software-type": "software", "software-name": {"rawForm": "Millenium 32", "normalizedForm": "Millenium 32", "offsetStart": 165, "offsetEnd": 177}, "publisher": {"rawForm": "Waters", "normalizedForm": "Waters", "offsetStart": 188, "offsetEnd": 194}, "context": "As for lipopeptides analysis, the retention time and second derivative of the absorption spectrum between 200 and 400 nm were used to identify the eluted molecules (Millenium 32 Software, Waters).", "mentionContextAttributes": {"used": {"value": true, "score": 0.9999962449073792}, "created": {"value": false, "score": 4.827976226806641e-06}, "shared": {"value": false, "score": 2.980232238769531e-07}}, "documentContextAttributes": {"used": {"value": true, "score": 0.9999962449073792}, "created": {"value": false, "score": 9.953975677490234e-06}, "shared": {"value": false, "score": 2.980232238769531e-07}}}], "references": [], "runtime": 44419, "id": "ac4fcfbccd0f8fcc2df4146721c6abe352bbc5e4", "metadata": {"id": "ac4fcfbccd0f8fcc2df4146721c6abe352bbc5e4"}, "original_file_path": "../../datalake/Samuel/SOFTware-Sync/data/xml_not_sofctied/hal-03498125.grobid.tei.xml", "file_name": "hal-03498125.grobid.tei.xml"}