{"application": "software-mentions", "version": "0.8.0", "date": "2024-04-12T16:56+0000", "md5": "6886E31A21410304C3E26C50B0F6B1A0", "mentions": [{"type": "software", "software-type": "software", "software-name": {"rawForm": "SFP-GROWTH", "normalizedForm": "SFP-GROWTH", "offsetStart": 4, "offsetEnd": 14}, "context": "The SFP-GROWTH runs out of storage memory after 172 seconds. ", "mentionContextAttributes": {"used": {"value": false, "score": 0.010915935039520264}, "created": {"value": false, "score": 9.417533874511719e-06}, "shared": {"value": false, "score": 2.384185791015625e-07}}, "documentContextAttributes": {"used": {"value": false, "score": 0.010915935039520264}, "created": {"value": false, "score": 9.417533874511719e-06}, "shared": {"value": false, "score": 2.384185791015625e-07}}}, {"type": "software", "software-type": "software", "wikidataId": "Q14579", "wikipediaExternalRef": 21347315, "lang": "en", "confidence": 0.857, "software-name": {"rawForm": "Linux", "normalizedForm": "Linux", "wikidataId": "Q14579", "wikipediaExternalRef": 21347315, "lang": "en", "confidence": 0.857, "offsetStart": 98, "offsetEnd": 103}, "context": "All experiments have been conducted on a laptop with Core i7-4600U CPU @ 2.10GHz, 16GB memory and Linux operating system. ", "mentionContextAttributes": {"used": {"value": true, "score": 0.9998371601104736}, "created": {"value": false, "score": 0.0014795660972595215}, "shared": {"value": false, "score": 5.9604644775390625e-06}}, "documentContextAttributes": {"used": {"value": true, "score": 0.9998371601104736}, "created": {"value": false, "score": 0.0014795660972595215}, "shared": {"value": false, "score": 5.9604644775390625e-06}}}], "references": [], "runtime": 20272, "id": "5c5e08f1e7c53420f2fd5a308e3f79b0da14ba9a", "metadata": {"id": "5c5e08f1e7c53420f2fd5a308e3f79b0da14ba9a"}, "original_file_path": "../../datalake/Samuel/SOFTware-Sync/data/xml_not_sofctied/hal-02190793.grobid.tei.xml", "file_name": "hal-02190793.grobid.tei.xml"}