{"application": "software-mentions", "version": "0.8.0", "date": "2024-04-12T17:00+0000", "md5": "7EC81075532F472566B35E42C49D38F9", "mentions": [{"type": "software", "software-type": "software", "software-name": {"rawForm": "VoicePrivacy", "normalizedForm": "VoicePrivacy", "offsetStart": 10, "offsetEnd": 22}, "context": "The first VoicePrivacy challenge was held in 2020 and attracted submissions from 7 independent teams.", "mentionContextAttributes": {"used": {"value": false, "score": 0.0025932788848876953}, "created": {"value": false, "score": 0.006667375564575195}, "shared": {"value": false, "score": 7.092952728271484e-06}}, "documentContextAttributes": {"used": {"value": true, "score": 0.9998845458030701}, "created": {"value": true, "score": 0.9704108238220215}, "shared": {"value": false, "score": 0.0001399517059326172}}}, {"type": "software", "software-type": "software", "software-name": {"rawForm": "VoicePrivacy", "normalizedForm": "VoicePrivacy", "offsetStart": 14, "offsetEnd": 26}, "context": "The inaugural VoicePrivacy challenge focused upon anonymisation, namely techniques to manipulate speech data in order that it cannot be used with ASV systems to recognise the speaker.", "mentionContextAttributes": {"used": {"value": false, "score": 0.3092840909957886}, "created": {"value": true, "score": 0.6760555505752563}, "shared": {"value": false, "score": 1.7881393432617188e-07}}, "documentContextAttributes": {"used": {"value": true, "score": 0.9998845458030701}, "created": {"value": true, "score": 0.9704108238220215}, "shared": {"value": false, "score": 0.0001399517059326172}}}, {"type": "software", "software-type": "software", "software-name": {"rawForm": "VoicePrivacy", "normalizedForm": "VoicePrivacy", "offsetStart": 24, "offsetEnd": 36}, "context": "This is the goal of the VoicePrivacy initiative, founded in 2020.", "mentionContextAttributes": {"used": {"value": false, "score": 0.0004419684410095215}, "created": {"value": true, "score": 0.9704108238220215}, "shared": {"value": false, "score": 8.83936882019043e-05}}, "documentContextAttributes": {"used": {"value": true, "score": 0.9998845458030701}, "created": {"value": true, "score": 0.9704108238220215}, "shared": {"value": false, "score": 0.0001399517059326172}}}, {"type": "software", "software-type": "software", "software-name": {"rawForm": "VoicePrivacy", "normalizedForm": "VoicePrivacy", "offsetStart": 26, "offsetEnd": 38}, "context": "The second relates to the VoicePrivacy initiative, launched in 2020 [7], which aims to promote the development of privacy preservation solutions for speech technology.", "mentionContextAttributes": {"used": {"value": false, "score": 0.0002415180206298828}, "created": {"value": false, "score": 0.46578145027160645}, "shared": {"value": false, "score": 0.0001399517059326172}}, "documentContextAttributes": {"used": {"value": true, "score": 0.9998845458030701}, "created": {"value": true, "score": 0.9704108238220215}, "shared": {"value": false, "score": 0.0001399517059326172}}}, {"type": "software", "software-type": "software", "software-name": {"rawForm": "VoicePrivacy", "normalizedForm": "VoicePrivacy", "offsetStart": 49, "offsetEnd": 61}, "context": "Figure 4: Detection error trade-off plot for the VoicePrivacy 2020 challenge (LibriSpeech test, male trials).", "mentionContextAttributes": {"used": {"value": true, "score": 0.9995095133781433}, "created": {"value": false, "score": 9.715557098388672e-06}, "shared": {"value": false, "score": 1.7881393432617188e-07}}, "documentContextAttributes": {"used": {"value": true, "score": 0.9998845458030701}, "created": {"value": true, "score": 0.9704108238220215}, "shared": {"value": false, "score": 0.0001399517059326172}}}, {"type": "software", "software-type": "software", "software-name": {"rawForm": "VoicePrivacy", "normalizedForm": "VoicePrivacy", "offsetStart": 66, "offsetEnd": 78}, "context": "The work reported in this paper was supported by: the French ANR (VoicePrivacy, VoicePersonae, DEEP-PRIVACY, Harpocrates); the European Commission (H2020 COMPRISE); the Japan Science and Technology Agency (JST) with grant No. JPMJCR18A6; JSPS KAKENHI No.21K17775; the Academy of Finland (proj.", "mentionContextAttributes": {"used": {"value": true, "score": 0.9998845458030701}, "created": {"value": false, "score": 7.450580596923828e-06}, "shared": {"value": false, "score": 1.0132789611816406e-06}}, "documentContextAttributes": {"used": {"value": true, "score": 0.9998845458030701}, "created": {"value": true, "score": 0.9704108238220215}, "shared": {"value": false, "score": 0.0001399517059326172}}}, {"type": "software", "software-type": "software", "software-name": {"rawForm": "VoicePrivacy", "normalizedForm": "VoicePrivacy", "offsetStart": 81, "offsetEnd": 93}, "context": "While solutions to privacy preservation can take many different forms, and while VoicePrivacy may explore different approaches in the future, the inaugural challenge focused upon the development of anonymization solutions [7].", "mentionContextAttributes": {"used": {"value": false, "score": 0.0010128021240234375}, "created": {"value": false, "score": 0.09408390522003174}, "shared": {"value": false, "score": 4.172325134277344e-07}}, "documentContextAttributes": {"used": {"value": true, "score": 0.9998845458030701}, "created": {"value": true, "score": 0.9704108238220215}, "shared": {"value": false, "score": 0.0001399517059326172}}}, {"type": "software", "software-type": "software", "software-name": {"rawForm": "VoicePrivacy", "normalizedForm": "VoicePrivacy", "offsetStart": 112, "offsetEnd": 124}, "context": "After presenting a high-level overview of ASV systems, the remainder of the article introduces the ASVspoof and VoicePrivacy initiatives.", "mentionContextAttributes": {"used": {"value": false, "score": 0.0003256797790527344}, "created": {"value": true, "score": 0.5041035413742065}, "shared": {"value": false, "score": 4.172325134277344e-07}}, "documentContextAttributes": {"used": {"value": true, "score": 0.9998845458030701}, "created": {"value": true, "score": 0.9704108238220215}, "shared": {"value": false, "score": 0.0001399517059326172}}}, {"type": "software", "software-type": "software", "software-name": {"rawForm": "VoicePrivacy", "normalizedForm": "VoicePrivacy", "offsetStart": 127, "offsetEnd": 139}, "context": "Detection error trade-off plots for two different ASV systems assessed using the ASVspoof 2019 logical access database and the VoicePrivacy 2020 database are illustrated in Figs. 2 and4 and show EERs of 2.5% and 1.1% respectively (blue profiles).", "mentionContextAttributes": {"used": {"value": true, "score": 0.9981845021247864}, "created": {"value": false, "score": 7.271766662597656e-06}, "shared": {"value": false, "score": 2.384185791015625e-07}}, "documentContextAttributes": {"used": {"value": true, "score": 0.9998845458030701}, "created": {"value": true, "score": 0.9704108238220215}, "shared": {"value": false, "score": 0.0001399517059326172}}}], "references": [], "runtime": 13417, "id": "2a7b687d5a6664c5bec3c69f25cb9c9238f64873", "metadata": {"id": "2a7b687d5a6664c5bec3c69f25cb9c9238f64873"}, "original_file_path": "../../datalake/Samuel/SOFTware-Sync/data/xml_not_sofctied/hal-03346196.grobid.tei.xml", "file_name": "hal-03346196.grobid.tei.xml"}