{"application": "software-mentions", "version": "0.8.0", "date": "2024-04-12T17:05+0000", "md5": "46BEFCBCD7A0D48C334FD01C1F852CC8", "mentions": [{"type": "software", "software-type": "software", "software-name": {"rawForm": "Dada-Learned", "normalizedForm": "Dada-Learned", "offsetStart": 2, "offsetEnd": 14}, "context": ", Dada-Learned and Perso-lin-Learned, which both make use of our alternating procedure, achieve the best performance. ", "mentionContextAttributes": {"used": {"value": false, "score": 0.10043126344680786}, "created": {"value": false, "score": 5.5730342864990234e-05}, "shared": {"value": false, "score": 2.980232238769531e-07}}, "documentContextAttributes": {"used": {"value": true, "score": 0.9991980195045471}, "created": {"value": false, "score": 5.5730342864990234e-05}, "shared": {"value": false, "score": 2.980232238769531e-07}}}, {"type": "software", "software-type": "software", "software-name": {"rawForm": "Perso-lin", "normalizedForm": "Perso-lin", "offsetStart": 9, "offsetEnd": 18}, "context": "Finally, Perso-lin is a decentralized method for collaboratively learning personalized linear models (Vanhaesebrouck et al., 2017). ", "mentionContextAttributes": {"used": {"value": false, "score": 1.9252300262451172e-05}, "created": {"value": false, "score": 0.17338299751281738}, "shared": {"value": false, "score": 2.980232238769531e-07}}, "documentContextAttributes": {"used": {"value": false, "score": 1.9252300262451172e-05}, "created": {"value": false, "score": 0.17338299751281738}, "shared": {"value": false, "score": 2.980232238769531e-07}}}, {"type": "software", "software-type": "software", "software-name": {"rawForm": "Local-lin", "normalizedForm": "Local-lin", "offsetStart": 16, "offsetEnd": 25}, "context": "Local-boost and Local-lin learn (Adaboost or linear) personalized models independently for each user without collaboration. ", "mentionContextAttributes": {"used": {"value": false, "score": 0.2432515025138855}, "created": {"value": false, "score": 3.451108932495117e-05}, "shared": {"value": false, "score": 2.980232238769531e-07}}, "documentContextAttributes": {"used": {"value": false, "score": 0.2432515025138855}, "created": {"value": false, "score": 3.451108932495117e-05}, "shared": {"value": false, "score": 2.980232238769531e-07}}}, {"type": "software", "software-type": "software", "software-name": {"rawForm": "Global-lin", "normalizedForm": "Global-lin", "offsetStart": 17, "offsetEnd": 27}, "context": "Global-boost and Global-lin learn a single global l 1 -Adaboost model (resp. ", "mentionContextAttributes": {"used": {"value": false, "score": 0.000202178955078125}, "created": {"value": false, "score": 2.6285648345947266e-05}, "shared": {"value": false, "score": 1.7881393432617188e-07}}, "documentContextAttributes": {"used": {"value": false, "score": 0.000202178955078125}, "created": {"value": false, "score": 2.6285648345947266e-05}, "shared": {"value": false, "score": 1.7881393432617188e-07}}}, {"type": "software", "software-type": "software", "software-name": {"rawForm": "Perso-lin-Learned", "normalizedForm": "Perso-lin-Learned", "offsetStart": 19, "offsetEnd": 36}, "context": ", Dada-Learned and Perso-lin-Learned, which both make use of our alternating procedure, achieve the best performance. ", "mentionContextAttributes": {"used": {"value": false, "score": 0.10043126344680786}, "created": {"value": false, "score": 5.5730342864990234e-05}, "shared": {"value": false, "score": 2.980232238769531e-07}}, "documentContextAttributes": {"used": {"value": true, "score": 0.9991980195045471}, "created": {"value": false, "score": 0.00677257776260376}, "shared": {"value": false, "score": 2.980232238769531e-07}}}, {"type": "software", "software-type": "software", "software-name": {"rawForm": "-lin-", "normalizedForm": "-lin", "offsetStart": 54, "offsetEnd": 59}, "context": "This approach requires an oracle graph as input (Perso-lin-Oracle) but it can also directly benefit from our graph learning approach of Section 5 (we denote this new variant by Perso-lin-Learned). ", "mentionContextAttributes": {"used": {"value": false, "score": 4.8220157623291016e-05}, "created": {"value": false, "score": 0.006772637367248535}, "shared": {"value": false, "score": 2.980232238769531e-07}}, "documentContextAttributes": {"used": {"value": false, "score": 0.02359074354171753}, "created": {"value": false, "score": 0.08052927255630493}, "shared": {"value": false, "score": 2.980232238769531e-07}}}, {"type": "software", "software-type": "software", "software-name": {"rawForm": "Dada-Learned", "normalizedForm": "Dada-Learned", "offsetStart": 65, "offsetEnd": 77}, "context": "Models are initialized to zero vectors and the initial graphs of Dada-Learned and Perso-lin-Learned are learned using the purely local classifiers, and then updated after every 100 iterations of optimizing the classifiers, with \u03ba = 5. ", "mentionContextAttributes": {"used": {"value": true, "score": 0.9991980195045471}, "created": {"value": false, "score": 6.616115570068359e-06}, "shared": {"value": false, "score": 1.7881393432617188e-07}}, "documentContextAttributes": {"used": {"value": true, "score": 0.9991980195045471}, "created": {"value": false, "score": 5.5730342864990234e-05}, "shared": {"value": false, "score": 2.980232238769531e-07}}}, {"type": "software", "software-type": "software", "software-name": {"rawForm": "Perso-lin-Learned", "normalizedForm": "Perso-lin-Learned", "offsetStart": 82, "offsetEnd": 99}, "context": "Models are initialized to zero vectors and the initial graphs of Dada-Learned and Perso-lin-Learned are learned using the purely local classifiers, and then updated after every 100 iterations of optimizing the classifiers, with \u03ba = 5. ", "mentionContextAttributes": {"used": {"value": true, "score": 0.9991980195045471}, "created": {"value": false, "score": 6.616115570068359e-06}, "shared": {"value": false, "score": 1.7881393432617188e-07}}, "documentContextAttributes": {"used": {"value": true, "score": 0.9991980195045471}, "created": {"value": false, "score": 0.00677257776260376}, "shared": {"value": false, "score": 2.980232238769531e-07}}}, {"type": "software", "software-type": "software", "software-name": {"rawForm": "-lin-", "normalizedForm": "-lin", "offsetStart": 149, "offsetEnd": 154}, "context": "We construct an oracle collaboration graph based on the difference in rotation angles between users, which is given as input to Dada-Oracle and Perso-lin-Oracle. ", "mentionContextAttributes": {"used": {"value": false, "score": 0.02359074354171753}, "created": {"value": false, "score": 0.08052927255630493}, "shared": {"value": false, "score": 2.384185791015625e-07}}, "documentContextAttributes": {"used": {"value": false, "score": 0.02359074354171753}, "created": {"value": false, "score": 0.08052927255630493}, "shared": {"value": false, "score": 2.980232238769531e-07}}}, {"type": "software", "software-type": "software", "software-name": {"rawForm": "Perso-lin-Learned", "normalizedForm": "Perso-lin-Learned", "offsetStart": 177, "offsetEnd": 194}, "context": "This approach requires an oracle graph as input (Perso-lin-Oracle) but it can also directly benefit from our graph learning approach of Section 5 (we denote this new variant by Perso-lin-Learned). ", "mentionContextAttributes": {"used": {"value": false, "score": 4.8160552978515625e-05}, "created": {"value": false, "score": 0.00677257776260376}, "shared": {"value": false, "score": 2.384185791015625e-07}}, "documentContextAttributes": {"used": {"value": true, "score": 0.9991980195045471}, "created": {"value": false, "score": 0.00677257776260376}, "shared": {"value": false, "score": 2.980232238769531e-07}}}], "references": [], "runtime": 73506, "id": "39f87342aed0a67418dd549ad4f85558da0ab805", "metadata": {"id": "39f87342aed0a67418dd549ad4f85558da0ab805"}, "original_file_path": "../../datalake/Samuel/SOFTware-Sync/data/xml_not_sofctied/hal-03100057.grobid.tei.xml", "file_name": "hal-03100057.grobid.tei.xml"}