{"application": "software-mentions", "version": "0.8.0", "date": "2024-04-12T16:07+0000", "md5": "366DCCB6597D49B75123EF7D5EDC5100", "mentions": [{"type": "software", "software-type": "software", "software-name": {"rawForm": "Eve", "normalizedForm": "Eve", "offsetStart": 0, "offsetEnd": 3}, "context": "Eve executed two complementary types of automated experiment on selected yeast deletion strains: determinations of growth curves (Fig. 5A) and glucose consumption curves (Fig. 5B).", "mentionContextAttributes": {"used": {"value": true, "score": 0.9997789859771729}, "created": {"value": false, "score": 4.881620407104492e-05}, "shared": {"value": false, "score": 1.7881393432617188e-07}}, "documentContextAttributes": {"used": {"value": true, "score": 0.999994695186615}, "created": {"value": true, "score": 0.9999409317970276}, "shared": {"value": false, "score": 3.0994415283203125e-06}}, "references": [{"label": "(15)", "normalizedForm": "15", "refKey": 15}, {"label": "(15)", "normalizedForm": "15", "refKey": 15}]}, {"type": "software", "software-type": "software", "software-name": {"rawForm": "Eve", "normalizedForm": "Eve", "offsetStart": 0, "offsetEnd": 3}, "context": "Eve executed both sets of experiments.", "mentionContextAttributes": {"used": {"value": true, "score": 0.999975860118866}, "created": {"value": false, "score": 0.0003784298896789551}, "shared": {"value": false, "score": 6.556510925292969e-07}}, "documentContextAttributes": {"used": {"value": true, "score": 0.999994695186615}, "created": {"value": true, "score": 0.9999409317970276}, "shared": {"value": false, "score": 3.0994415283203125e-06}}, "references": [{"label": "(15)", "normalizedForm": "15", "refKey": 15}, {"label": "(15)", "normalizedForm": "15", "refKey": 15}]}, {"type": "software", "software-type": "software", "software-name": {"rawForm": "CoRegNet", "normalizedForm": "CoRegNet", "offsetStart": 0, "offsetEnd": 8}, "context": "CoRegNet integrates information from microarray experiments, regulatory interactions from the YEASTRACT database, and the S. cerevisiae Kinase and Phosphatase Interactome resource.", "mentionContextAttributes": {"used": {"value": false, "score": 0.0023065805435180664}, "created": {"value": false, "score": 3.236532211303711e-05}, "shared": {"value": false, "score": 1.7881393432617188e-07}}, "documentContextAttributes": {"used": {"value": true, "score": 0.9999847412109375}, "created": {"value": false, "score": 0.1030774712562561}, "shared": {"value": false, "score": 0.0001442432403564453}}}, {"type": "software", "software-type": "software", "software-name": {"rawForm": "CoRegNet", "normalizedForm": "CoRegNet", "offsetStart": 0, "offsetEnd": 8}, "context": "CoRegNet uses a cooperative network based on shared transcription factor targets to identify coregulatory relationships from gene expression data (SI Appendix 4).", "mentionContextAttributes": {"used": {"value": false, "score": 0.00030815601348876953}, "created": {"value": false, "score": 0.00017690658569335938}, "shared": {"value": false, "score": 1.7881393432617188e-07}}, "documentContextAttributes": {"used": {"value": true, "score": 0.9999847412109375}, "created": {"value": false, "score": 0.1030774712562561}, "shared": {"value": false, "score": 0.0001442432403564453}}}, {"type": "software", "software-type": "software", "software-name": {"rawForm": "CoRegNet", "normalizedForm": "CoRegNet", "offsetStart": 1, "offsetEnd": 9}, "context": "(CoRegNet and CoRegFlux are available in bioconductor. ", "mentionContextAttributes": {"used": {"value": false, "score": 8.100271224975586e-05}, "created": {"value": false, "score": 0.00021219253540039062}, "shared": {"value": false, "score": 0.0001442432403564453}}, "documentContextAttributes": {"used": {"value": true, "score": 0.9999847412109375}, "created": {"value": false, "score": 0.1030774712562561}, "shared": {"value": false, "score": 0.0001442432403564453}}}, {"type": "software", "software-type": "software", "software-name": {"rawForm": "Eve", "normalizedForm": "Eve", "offsetStart": 3, "offsetEnd": 6}, "context": "As Eve's experiments do not directly observe the time-series of protein/gene states, these need to be inferred from observations of growth and limited metabolite states.", "mentionContextAttributes": {"used": {"value": true, "score": 0.9577082991600037}, "created": {"value": false, "score": 0.00040096044540405273}, "shared": {"value": false, "score": 5.364418029785156e-07}}, "documentContextAttributes": {"used": {"value": true, "score": 0.999994695186615}, "created": {"value": true, "score": 0.9999409317970276}, "shared": {"value": false, "score": 3.0994415283203125e-06}}, "references": [{"label": "(15)", "normalizedForm": "15", "refKey": 15}, {"label": "(15)", "normalizedForm": "15", "refKey": 15}]}, {"type": "software", "software-type": "software", "software-name": {"rawForm": "Adana", "normalizedForm": "Adana", "offsetStart": 12, "offsetEnd": 17}, "context": "We used the Adana tool to rank the genes in terms of relative importance in the M1-smart model.", "mentionContextAttributes": {"used": {"value": true, "score": 0.9999865889549255}, "created": {"value": false, "score": 8.207559585571289e-05}, "shared": {"value": false, "score": 1.7881393432617188e-07}}, "documentContextAttributes": {"used": {"value": true, "score": 0.9999917149543762}, "created": {"value": false, "score": 0.1030774712562561}, "shared": {"value": false, "score": 1.0132789611816406e-06}}}, {"type": "software", "software-type": "software", "software-name": {"rawForm": "CoRegFlux", "normalizedForm": "CoRegFlux", "offsetStart": 14, "offsetEnd": 23}, "context": "(CoRegNet and CoRegFlux are available in bioconductor. ", "mentionContextAttributes": {"used": {"value": false, "score": 8.100271224975586e-05}, "created": {"value": false, "score": 0.00021219253540039062}, "shared": {"value": false, "score": 0.0001442432403564453}}, "documentContextAttributes": {"used": {"value": false, "score": 8.100271224975586e-05}, "created": {"value": false, "score": 0.00021219253540039062}, "shared": {"value": false, "score": 0.0001442432403564453}}}, {"type": "software", "software-type": "software", "software-name": {"rawForm": "CoRegMine", "normalizedForm": "CoRegMine", "offsetStart": 17, "offsetEnd": 26}, "context": "The second tool, CoRegMine, initially uses CoRegNet (10) to infer a graph in which the vertices are coregulators labeled according to their influence profile (13), and the edges relate predicted coregulators. ", "mentionContextAttributes": {"used": {"value": false, "score": 0.00014972686767578125}, "created": {"value": false, "score": 0.029969394207000732}, "shared": {"value": false, "score": 2.980232238769531e-07}}, "documentContextAttributes": {"used": {"value": true, "score": 0.999987781047821}, "created": {"value": false, "score": 0.1030774712562561}, "shared": {"value": false, "score": 1.0132789611816406e-06}}}, {"type": "software", "software-type": "software", "software-name": {"rawForm": "AdactiveFB", "normalizedForm": "AdactiveFB", "offsetStart": 18, "offsetEnd": 28}, "context": "The first tool is AdactiveFB (active learning based), which compares estimated protein/gene states (forward simulation) with the most likely protein/gene states consistent with the observed growth and metabolite state (backward simulation) (SI Appendix 6).", "mentionContextAttributes": {"used": {"value": false, "score": 5.0961971282958984e-05}, "created": {"value": false, "score": 0.028935909271240234}, "shared": {"value": false, "score": 4.172325134277344e-07}}, "documentContextAttributes": {"used": {"value": true, "score": 0.999987781047821}, "created": {"value": false, "score": 0.028935909271240234}, "shared": {"value": false, "score": 4.172325134277344e-07}}}, {"type": "software", "software-type": "software", "software-name": {"rawForm": "AdactiveFB", "normalizedForm": "AdactiveFB", "offsetStart": 20, "offsetEnd": 30}, "context": "The strength of the AdactiveFB approach is that it focuses directly on optimizing the model rather than using a proxy.", "mentionContextAttributes": {"used": {"value": false, "score": 4.547834396362305e-05}, "created": {"value": false, "score": 0.0005649328231811523}, "shared": {"value": false, "score": 2.980232238769531e-07}}, "documentContextAttributes": {"used": {"value": true, "score": 0.999987781047821}, "created": {"value": false, "score": 0.028935909271240234}, "shared": {"value": false, "score": 4.172325134277344e-07}}}, {"type": "software", "software-type": "software", "software-name": {"rawForm": "Adarev", "normalizedForm": "Adarev", "offsetStart": 21, "offsetEnd": 27}, "context": "The approach used by Adarev is built on the identification of a local curve error reduction improvements to an input model based on simulation vs. real growth curves. ", "mentionContextAttributes": {"used": {"value": false, "score": 0.0007348060607910156}, "created": {"value": false, "score": 0.002263784408569336}, "shared": {"value": false, "score": 2.980232238769531e-07}}, "documentContextAttributes": {"used": {"value": false, "score": 0.1589948534965515}, "created": {"value": true, "score": 0.9999200701713562}, "shared": {"value": false, "score": 1.0132789611816406e-06}}}, {"type": "software", "software-type": "software", "software-name": {"rawForm": "Adarev", "normalizedForm": "Adarev", "offsetStart": 22, "offsetEnd": 28}, "context": "We developed the tool Adarev for this task. ", "mentionContextAttributes": {"used": {"value": false, "score": 2.390146255493164e-05}, "created": {"value": true, "score": 0.9999200701713562}, "shared": {"value": false, "score": 2.980232238769531e-07}}, "documentContextAttributes": {"used": {"value": false, "score": 0.1589948534965515}, "created": {"value": true, "score": 0.9999200701713562}, "shared": {"value": false, "score": 1.0132789611816406e-06}}}, {"type": "software", "software-type": "software", "software-name": {"rawForm": "iMM", "normalizedForm": "iMM", "offsetStart": 27, "offsetEnd": 30}, "context": "Specifically, we chose the iMM904 model ( 6), (SI Appendix 1).", "mentionContextAttributes": {"used": {"value": true, "score": 0.9999367594718933}, "created": {"value": false, "score": 0.0013596415519714355}, "shared": {"value": false, "score": 2.980232238769531e-07}}, "documentContextAttributes": {"used": {"value": true, "score": 0.999978244304657}, "created": {"value": false, "score": 0.0013596415519714355}, "shared": {"value": false, "score": 2.980232238769531e-07}}}, {"type": "software", "software-type": "software", "wikidataId": "Q2888953", "wikipediaExternalRef": 2383871, "lang": "en", "confidence": 0.7191, "software-name": {"rawForm": "bioconductor", "normalizedForm": "bioconductor", "wikidataId": "Q2888953", "wikipediaExternalRef": 2383871, "lang": "en", "confidence": 0.7191, "offsetStart": 41, "offsetEnd": 53}, "context": "(CoRegNet and CoRegFlux are available in bioconductor. ", "mentionContextAttributes": {"used": {"value": false, "score": 8.100271224975586e-05}, "created": {"value": false, "score": 0.00021219253540039062}, "shared": {"value": false, "score": 0.0001442432403564453}}, "documentContextAttributes": {"used": {"value": false, "score": 8.100271224975586e-05}, "created": {"value": false, "score": 0.00021219253540039062}, "shared": {"value": false, "score": 0.0001442432403564453}}}, {"type": "software", "software-type": "software", "software-name": {"rawForm": "CoRegNet", "normalizedForm": "CoRegNet", "offsetStart": 43, "offsetEnd": 51}, "context": "The second tool, CoRegMine, initially uses CoRegNet (10) to infer a graph in which the vertices are coregulators labeled according to their influence profile (13), and the edges relate predicted coregulators. ", "mentionContextAttributes": {"used": {"value": false, "score": 0.00014972686767578125}, "created": {"value": false, "score": 0.029969394207000732}, "shared": {"value": false, "score": 2.980232238769531e-07}}, "documentContextAttributes": {"used": {"value": true, "score": 0.9999847412109375}, "created": {"value": false, "score": 0.1030774712562561}, "shared": {"value": false, "score": 0.0001442432403564453}}}, {"type": "software", "software-type": "software", "software-name": {"rawForm": "Eve", "normalizedForm": "Eve", "offsetStart": 45, "offsetEnd": 48}, "context": "We used the cloud laboratory robotics system Eve (15) to execute the experiments selected by AdactiveFB and CoRegMine. ", "mentionContextAttributes": {"used": {"value": true, "score": 0.999987781047821}, "created": {"value": false, "score": 0.00017786026000976562}, "shared": {"value": false, "score": 1.7881393432617188e-07}}, "documentContextAttributes": {"used": {"value": true, "score": 0.999994695186615}, "created": {"value": true, "score": 0.9999409317970276}, "shared": {"value": false, "score": 3.0994415283203125e-06}}, "references": [{"label": "(15)", "normalizedForm": "15", "refKey": 15}, {"label": "(15)", "normalizedForm": "15", "refKey": 15}]}, {"type": "software", "software-type": "software", "software-name": {"rawForm": "SciCom", "normalizedForm": "SciCom", "offsetStart": 49, "offsetEnd": 55}, "publisher": {"rawForm": "Scientific Communication", "normalizedForm": "Scientific Communication", "offsetStart": 57, "offsetEnd": 81}, "context": "We developed a dedicated communication mechanism SciCom (Scientific Communication) to communicate information about experiments to Eve. ", "mentionContextAttributes": {"used": {"value": false, "score": 4.2378902435302734e-05}, "created": {"value": true, "score": 0.9999409317970276}, "shared": {"value": false, "score": 8.940696716308594e-07}}, "documentContextAttributes": {"used": {"value": false, "score": 4.2378902435302734e-05}, "created": {"value": true, "score": 0.9999409317970276}, "shared": {"value": false, "score": 8.940696716308594e-07}}}, {"type": "software", "software-type": "software", "software-name": {"rawForm": "MinerLC*", "normalizedForm": "MinerLC*", "offsetStart": 54, "offsetEnd": 62}, "context": "This graph is then processed by the graph mining tool MinerLC* (14) to extract subgraphs, each consisting of coregulators with similar influence profiles. ", "mentionContextAttributes": {"used": {"value": true, "score": 0.9975451231002808}, "created": {"value": false, "score": 1.1861324310302734e-05}, "shared": {"value": false, "score": 2.980232238769531e-07}}, "documentContextAttributes": {"used": {"value": true, "score": 0.9975451231002808}, "created": {"value": false, "score": 0.1030774712562561}, "shared": {"value": false, "score": 1.0132789611816406e-06}}}, {"type": "software", "software-type": "software", "software-name": {"rawForm": "Adam", "normalizedForm": "Adam", "offsetStart": 64, "offsetEnd": 73}, "context": "The cycles were not fully automated, as in the Robot Scientists Adam (12) and Eve (15), as the automation of systems biology is very much more complicated. ", "mentionContextAttributes": {"used": {"value": true, "score": 0.9993211627006531}, "created": {"value": false, "score": 4.9173831939697266e-05}, "shared": {"value": false, "score": 1.7881393432617188e-07}}, "documentContextAttributes": {"used": {"value": true, "score": 0.9993211627006531}, "created": {"value": false, "score": 4.9173831939697266e-05}, "shared": {"value": false, "score": 1.7881393432617188e-07}}, "references": [{"label": "(15)", "normalizedForm": "15", "refKey": 15, "offsetStart": 19670, "offsetEnd": 19674}, {"label": "(15)", "normalizedForm": "15", "refKey": 15, "offsetStart": 19670, "offsetEnd": 19674}]}, {"type": "software", "software-type": "software", "software-name": {"rawForm": "iMM", "normalizedForm": "iMM", "offsetStart": 76, "offsetEnd": 79}, "context": "We extracted the regulatory part of the model (Mz) and integrated this with iMM904m (Fig. 3A). ", "mentionContextAttributes": {"used": {"value": true, "score": 0.999978244304657}, "created": {"value": false, "score": 0.0011097192764282227}, "shared": {"value": false, "score": 1.7881393432617188e-07}}, "documentContextAttributes": {"used": {"value": true, "score": 0.999978244304657}, "created": {"value": false, "score": 0.0013596415519714355}, "shared": {"value": false, "score": 2.980232238769531e-07}}}, {"type": "software", "software-type": "software", "software-name": {"rawForm": "Eve", "normalizedForm": "Eve", "offsetStart": 78, "offsetEnd": 81}, "context": "The cycles were not fully automated, as in the Robot Scientists Adam (12) and Eve (15), as the automation of systems biology is very much more complicated.", "mentionContextAttributes": {"used": {"value": true, "score": 0.9993211627006531}, "created": {"value": false, "score": 4.9173831939697266e-05}, "shared": {"value": false, "score": 1.7881393432617188e-07}}, "documentContextAttributes": {"used": {"value": true, "score": 0.999994695186615}, "created": {"value": true, "score": 0.9999409317970276}, "shared": {"value": false, "score": 3.0994415283203125e-06}}, "references": [{"label": "(15)", "normalizedForm": "15", "refKey": 15, "offsetStart": 19670, "offsetEnd": 19674}, {"label": "(15)", "normalizedForm": "15", "refKey": 15, "offsetStart": 19670, "offsetEnd": 19674}]}, {"type": "software", "software-type": "software", "software-name": {"rawForm": "CoRegNet", "normalizedForm": "CoRegNet", "offsetStart": 81, "offsetEnd": 89}, "context": "The 192 strains selected for the experiments were taken from genes identified by CoRegNet as potentially involved in the diauxic shift (10) and randomly selected regulatory genes (kinases and transcription factors) (SI Appendix 12).", "mentionContextAttributes": {"used": {"value": true, "score": 0.999961793422699}, "created": {"value": false, "score": 1.1742115020751953e-05}, "shared": {"value": false, "score": 2.980232238769531e-07}}, "documentContextAttributes": {"used": {"value": true, "score": 0.9999847412109375}, "created": {"value": false, "score": 0.1030774712562561}, "shared": {"value": false, "score": 0.0001442432403564453}}}, {"type": "software", "software-type": "software", "software-name": {"rawForm": "AdactiveFB", "normalizedForm": "AdactiveFB", "offsetStart": 93, "offsetEnd": 103}, "context": "We used the cloud laboratory robotics system Eve (15) to execute the experiments selected by AdactiveFB and CoRegMine. ", "mentionContextAttributes": {"used": {"value": true, "score": 0.999987781047821}, "created": {"value": false, "score": 0.00017786026000976562}, "shared": {"value": false, "score": 1.7881393432617188e-07}}, "documentContextAttributes": {"used": {"value": true, "score": 0.999987781047821}, "created": {"value": false, "score": 0.028935909271240234}, "shared": {"value": false, "score": 4.172325134277344e-07}}}, {"type": "software", "software-type": "software", "software-name": {"rawForm": "Eve", "normalizedForm": "Eve", "offsetStart": 94, "offsetEnd": 97}, "context": "All the experiments were formalized and communicated to a cloud laboratory automation system (Eve) for execution.", "mentionContextAttributes": {"used": {"value": true, "score": 0.999994695186615}, "created": {"value": false, "score": 0.0014824271202087402}, "shared": {"value": false, "score": 1.7881393432617188e-07}}, "documentContextAttributes": {"used": {"value": true, "score": 0.999994695186615}, "created": {"value": true, "score": 0.9999409317970276}, "shared": {"value": false, "score": 3.0994415283203125e-06}}, "references": [{"label": "(15)", "normalizedForm": "15", "refKey": 15}, {"label": "(15)", "normalizedForm": "15", "refKey": 15}]}, {"type": "software", "software-type": "software", "software-name": {"rawForm": "Eve", "normalizedForm": "Eve", "offsetStart": 97, "offsetEnd": 100}, "context": "All of the experiments were formalized and communicated to a cloud laboratory automation system (Eve) for automatic execution, and the results stored on the semantic web for reuse.", "mentionContextAttributes": {"used": {"value": true, "score": 0.9999945759773254}, "created": {"value": false, "score": 0.000554203987121582}, "shared": {"value": false, "score": 2.980232238769531e-07}}, "documentContextAttributes": {"used": {"value": true, "score": 0.999994695186615}, "created": {"value": true, "score": 0.9999409317970276}, "shared": {"value": false, "score": 3.0994415283203125e-06}}, "references": [{"label": "(15)", "normalizedForm": "15", "refKey": 15}, {"label": "(15)", "normalizedForm": "15", "refKey": 15}]}, {"type": "software", "software-type": "software", "software-name": {"rawForm": "Adana", "normalizedForm": "Adana", "offsetStart": 97, "offsetEnd": 102}, "context": "To generate the \"crucial\" experiments used to compare M1-smart and M1-random we applied the tool Adana to select 81 deletant strains with the largest predicted postshift growth rate disagreement between M1-smart and M1-random.", "mentionContextAttributes": {"used": {"value": true, "score": 0.9999917149543762}, "created": {"value": false, "score": 3.927946090698242e-05}, "shared": {"value": false, "score": 1.7881393432617188e-07}}, "documentContextAttributes": {"used": {"value": true, "score": 0.9999917149543762}, "created": {"value": false, "score": 0.1030774712562561}, "shared": {"value": false, "score": 1.0132789611816406e-06}}}, {"type": "software", "software-type": "software", "software-name": {"rawForm": "CoRegNet", "normalizedForm": "CoRegNet", "offsetStart": 103, "offsetEnd": 111}, "context": "In the first cycle of model improvement, the initial step was application of the bioinformatic program CoRegNet (9, 10) to identify genes potentially involved in control of the diauxic shift. ", "mentionContextAttributes": {"used": {"value": true, "score": 0.9965088963508606}, "created": {"value": false, "score": 0.013556063175201416}, "shared": {"value": false, "score": 1.7881393432617188e-07}}, "documentContextAttributes": {"used": {"value": true, "score": 0.9999847412109375}, "created": {"value": false, "score": 0.1030774712562561}, "shared": {"value": false, "score": 0.0001442432403564453}}}, {"type": "software", "software-type": "software", "software-name": {"rawForm": "CoRegMine", "normalizedForm": "CoRegMine", "offsetStart": 108, "offsetEnd": 117}, "context": "We used the cloud laboratory robotics system Eve (15) to execute the experiments selected by AdactiveFB and CoRegMine. ", "mentionContextAttributes": {"used": {"value": true, "score": 0.999987781047821}, "created": {"value": false, "score": 0.00017786026000976562}, "shared": {"value": false, "score": 1.7881393432617188e-07}}, "documentContextAttributes": {"used": {"value": true, "score": 0.999987781047821}, "created": {"value": false, "score": 0.1030774712562561}, "shared": {"value": false, "score": 1.0132789611816406e-06}}}, {"type": "software", "software-type": "software", "software-name": {"rawForm": "AdactiveFB", "normalizedForm": "AdactiveFB", "offsetStart": 120, "offsetEnd": 130}, "context": "Two sets of experiments were generated to improve M1: set (a) of 80 hypothesis-led experiments designed with our tools (AdactiveFB and CoRegMine), and set (b), consisting of 80 randomly selected experiments. ", "mentionContextAttributes": {"used": {"value": true, "score": 0.9996492862701416}, "created": {"value": false, "score": 0.000571131706237793}, "shared": {"value": false, "score": 1.7881393432617188e-07}}, "documentContextAttributes": {"used": {"value": true, "score": 0.999987781047821}, "created": {"value": false, "score": 0.028935909271240234}, "shared": {"value": false, "score": 4.172325134277344e-07}}}, {"type": "software", "software-type": "software", "software-name": {"rawForm": "Eve", "normalizedForm": "Eve", "offsetStart": 131, "offsetEnd": 134}, "context": "We developed a dedicated communication mechanism SciCom (Scientific Communication) to communicate information about experiments to Eve.", "mentionContextAttributes": {"used": {"value": false, "score": 4.2378902435302734e-05}, "created": {"value": true, "score": 0.9999409317970276}, "shared": {"value": false, "score": 8.940696716308594e-07}}, "documentContextAttributes": {"used": {"value": true, "score": 0.999994695186615}, "created": {"value": true, "score": 0.9999409317970276}, "shared": {"value": false, "score": 3.0994415283203125e-06}}, "references": [{"label": "(15)", "normalizedForm": "15", "refKey": 15}, {"label": "(15)", "normalizedForm": "15", "refKey": 15}]}, {"type": "software", "software-type": "software", "software-name": {"rawForm": "ELSA", "normalizedForm": "ELSA", "offsetStart": 133, "offsetEnd": 137}, "context": "We then applied a two-step model refinement process to its output (Fig. 3B): (i) We applied the ensemble network inference algorithm ELSA (Ensemble Learning of Spanning Arborescences) (11) to the Brauer microarray dataset (4), with Mz as a learning prior on the model space composed of the union of the Mz regulatory genes, the top 40 transcription factors identified by CoRegNet, and the top 40 kinases identified by CoRegNet (SI Appendix 5); (ii) We then applied a forward selection step to add to Mz edges that improve gene state predictions on the Brauer microarray dataset, using leave 1 out cross-validation.", "mentionContextAttributes": {"used": {"value": true, "score": 0.9999846816062927}, "created": {"value": false, "score": 2.390146255493164e-05}, "shared": {"value": false, "score": 1.1324882507324219e-06}}, "documentContextAttributes": {"used": {"value": true, "score": 0.9999846816062927}, "created": {"value": false, "score": 0.1030774712562561}, "shared": {"value": false, "score": 1.1324882507324219e-06}}}, {"type": "software", "software-type": "software", "software-name": {"rawForm": "CoRegMine", "normalizedForm": "CoRegMine", "offsetStart": 135, "offsetEnd": 144}, "context": "Two sets of experiments were generated to improve M1: set (a) of 80 hypothesis-led experiments designed with our tools (AdactiveFB and CoRegMine), and set (b), consisting of 80 randomly selected experiments. ", "mentionContextAttributes": {"used": {"value": true, "score": 0.9996492862701416}, "created": {"value": false, "score": 0.000571131706237793}, "shared": {"value": false, "score": 1.7881393432617188e-07}}, "documentContextAttributes": {"used": {"value": true, "score": 0.999987781047821}, "created": {"value": false, "score": 0.1030774712562561}, "shared": {"value": false, "score": 1.0132789611816406e-06}}}, {"type": "software", "software-type": "software", "software-name": {"rawForm": "CoRegNet", "normalizedForm": "CoRegNet", "offsetStart": 138, "offsetEnd": 146}, "context": "Many of the software tools we have used are based on techniques originating in artificial intelligence (AI), especially machine learning: CoRegNet, CoRegMine, ELSA, ActiveFB, MinerLC*, Adarev, and Adana (Fig. 2). ", "mentionContextAttributes": {"used": {"value": false, "score": 0.1589948534965515}, "created": {"value": false, "score": 0.1030774712562561}, "shared": {"value": false, "score": 1.0132789611816406e-06}}, "documentContextAttributes": {"used": {"value": true, "score": 0.9999847412109375}, "created": {"value": false, "score": 0.1030774712562561}, "shared": {"value": false, "score": 0.0001442432403564453}}}, {"type": "software", "software-type": "software", "software-name": {"rawForm": "CoRegMine", "normalizedForm": "CoRegMine", "offsetStart": 148, "offsetEnd": 157}, "context": "Many of the software tools we have used are based on techniques originating in artificial intelligence (AI), especially machine learning: CoRegNet, CoRegMine, ELSA, ActiveFB, MinerLC*, Adarev, and Adana (Fig. 2). ", "mentionContextAttributes": {"used": {"value": false, "score": 0.1589948534965515}, "created": {"value": false, "score": 0.1030774712562561}, "shared": {"value": false, "score": 1.0132789611816406e-06}}, "documentContextAttributes": {"used": {"value": true, "score": 0.999987781047821}, "created": {"value": false, "score": 0.1030774712562561}, "shared": {"value": false, "score": 1.0132789611816406e-06}}}, {"type": "software", "software-type": "software", "software-name": {"rawForm": "ELSA", "normalizedForm": "ELSA", "offsetStart": 159, "offsetEnd": 163}, "context": "Many of the software tools we have used are based on techniques originating in artificial intelligence (AI), especially machine learning: CoRegNet, CoRegMine, ELSA, ActiveFB, MinerLC*, Adarev, and Adana (Fig. 2). ", "mentionContextAttributes": {"used": {"value": false, "score": 0.1589948534965515}, "created": {"value": false, "score": 0.1030774712562561}, "shared": {"value": false, "score": 1.0132789611816406e-06}}, "documentContextAttributes": {"used": {"value": true, "score": 0.9999846816062927}, "created": {"value": false, "score": 0.1030774712562561}, "shared": {"value": false, "score": 1.1324882507324219e-06}}}, {"type": "software", "software-type": "software", "software-name": {"rawForm": "ActiveFB", "normalizedForm": "ActiveFB", "offsetStart": 165, "offsetEnd": 173}, "context": "Many of the software tools we have used are based on techniques originating in artificial intelligence (AI), especially machine learning: CoRegNet, CoRegMine, ELSA, ActiveFB, MinerLC*, Adarev, and Adana (Fig. 2). ", "mentionContextAttributes": {"used": {"value": false, "score": 0.1589948534965515}, "created": {"value": false, "score": 0.1030774712562561}, "shared": {"value": false, "score": 1.0132789611816406e-06}}, "documentContextAttributes": {"used": {"value": false, "score": 0.1589948534965515}, "created": {"value": false, "score": 0.1030774712562561}, "shared": {"value": false, "score": 1.0132789611816406e-06}}}, {"type": "software", "software-type": "software", "software-name": {"rawForm": "MinerLC*", "normalizedForm": "MinerLC*", "offsetStart": 175, "offsetEnd": 183}, "context": "Many of the software tools we have used are based on techniques originating in artificial intelligence (AI), especially machine learning: CoRegNet, CoRegMine, ELSA, ActiveFB, MinerLC*, Adarev, and Adana (Fig. 2). ", "mentionContextAttributes": {"used": {"value": false, "score": 0.1589948534965515}, "created": {"value": false, "score": 0.1030774712562561}, "shared": {"value": false, "score": 1.0132789611816406e-06}}, "documentContextAttributes": {"used": {"value": true, "score": 0.9975451231002808}, "created": {"value": false, "score": 0.1030774712562561}, "shared": {"value": false, "score": 1.0132789611816406e-06}}}, {"type": "software", "software-type": "software", "software-name": {"rawForm": "Adarev", "normalizedForm": "Adarev", "offsetStart": 185, "offsetEnd": 191}, "context": "Many of the software tools we have used are based on techniques originating in artificial intelligence (AI), especially machine learning: CoRegNet, CoRegMine, ELSA, ActiveFB, MinerLC*, Adarev, and Adana (Fig. 2). ", "mentionContextAttributes": {"used": {"value": false, "score": 0.1589948534965515}, "created": {"value": false, "score": 0.1030774712562561}, "shared": {"value": false, "score": 1.0132789611816406e-06}}, "documentContextAttributes": {"used": {"value": false, "score": 0.1589948534965515}, "created": {"value": true, "score": 0.9999200701713562}, "shared": {"value": false, "score": 1.0132789611816406e-06}}}, {"type": "software", "software-type": "software", "software-name": {"rawForm": "Adana", "normalizedForm": "Adana", "offsetStart": 197, "offsetEnd": 202}, "context": "Many of the software tools we have used are based on techniques originating in artificial intelligence (AI), especially machine learning: CoRegNet, CoRegMine, ELSA, ActiveFB, MinerLC*, Adarev, and Adana (Fig. 2). ", "mentionContextAttributes": {"used": {"value": false, "score": 0.1589948534965515}, "created": {"value": false, "score": 0.1030774712562561}, "shared": {"value": false, "score": 1.0132789611816406e-06}}, "documentContextAttributes": {"used": {"value": true, "score": 0.9999917149543762}, "created": {"value": false, "score": 0.1030774712562561}, "shared": {"value": false, "score": 1.0132789611816406e-06}}}, {"type": "software", "software-type": "software", "software-name": {"rawForm": "Eve", "normalizedForm": "Eve", "offsetStart": 216, "offsetEnd": 219}, "context": "In the first cycle, the model Mz was semiautomatically improved using bioinformatic data to form M1. To assess the utility of cycle 1, we compared Mz and M1's predictions with the empirical growth curves observed by Eve using a set of yeast gene deletant strains not used to form M1 (SI Appendix 9).", "mentionContextAttributes": {"used": {"value": true, "score": 0.9999814033508301}, "created": {"value": false, "score": 2.562999725341797e-05}, "shared": {"value": false, "score": 2.384185791015625e-07}}, "documentContextAttributes": {"used": {"value": true, "score": 0.999994695186615}, "created": {"value": true, "score": 0.9999409317970276}, "shared": {"value": false, "score": 3.0994415283203125e-06}}, "references": [{"label": "(15)", "normalizedForm": "15", "refKey": 15}, {"label": "(15)", "normalizedForm": "15", "refKey": 15}]}, {"type": "software", "software-type": "software", "software-name": {"rawForm": "Eve", "normalizedForm": "Eve", "offsetStart": 227, "offsetEnd": 230}, "context": "We collected and formalized in RDF all of the bioinformatic data used for this study to form a knowledge  base of 1,301,017 RDF triples grouped in five separate RDF graphs: imported genes, genes annotations, genes expressions, Eve strains, and relevant metadata.", "mentionContextAttributes": {"used": {"value": true, "score": 0.9999715089797974}, "created": {"value": false, "score": 0.10817521810531616}, "shared": {"value": false, "score": 2.384185791015625e-07}}, "documentContextAttributes": {"used": {"value": true, "score": 0.999994695186615}, "created": {"value": true, "score": 0.9999409317970276}, "shared": {"value": false, "score": 3.0994415283203125e-06}}, "references": [{"label": "(15)", "normalizedForm": "15", "refKey": 15}, {"label": "(15)", "normalizedForm": "15", "refKey": 15}]}, {"type": "software", "software-type": "software", "software-name": {"rawForm": "Eve", "normalizedForm": "Eve", "offsetStart": 301, "offsetEnd": 304}, "context": "We developed a suite of complementary ontologies to support the application of systems biology tools and their integration: (1) AdaLab-meta, an ontology for the description of metadata about datasets; (2) AdaLab, a domain ontology to represent relevant biological entities in systems biology; and (3) Eve-CV, a controlled vocabulary that defines typical Eve experiments and experimental conditions (SI Appendix 15).", "mentionContextAttributes": {"used": {"value": false, "score": 0.00020271539688110352}, "created": {"value": true, "score": 0.9477197527885437}, "shared": {"value": false, "score": 3.0994415283203125e-06}}, "documentContextAttributes": {"used": {"value": true, "score": 0.999994695186615}, "created": {"value": true, "score": 0.9999409317970276}, "shared": {"value": false, "score": 3.0994415283203125e-06}}, "references": [{"label": "(15)", "normalizedForm": "15", "refKey": 15}, {"label": "(15)", "normalizedForm": "15", "refKey": 15}]}, {"type": "software", "software-type": "software", "software-name": {"rawForm": "Eve", "normalizedForm": "Eve", "offsetStart": 354, "offsetEnd": 357}, "context": "We developed a suite of complementary ontologies to support the application of systems biology tools and their integration: (1) AdaLab-meta, an ontology for the description of metadata about datasets; (2) AdaLab, a domain ontology to represent relevant biological entities in systems biology; and (3) Eve-CV, a controlled vocabulary that defines typical Eve experiments and experimental conditions (SI Appendix 15).", "mentionContextAttributes": {"used": {"value": false, "score": 0.00020271539688110352}, "created": {"value": true, "score": 0.9477197527885437}, "shared": {"value": false, "score": 3.0994415283203125e-06}}, "documentContextAttributes": {"used": {"value": true, "score": 0.999994695186615}, "created": {"value": true, "score": 0.9999409317970276}, "shared": {"value": false, "score": 3.0994415283203125e-06}}, "references": [{"label": "(15)", "normalizedForm": "15", "refKey": 15}, {"label": "(15)", "normalizedForm": "15", "refKey": 15}]}, {"type": "software", "software-type": "software", "software-name": {"rawForm": "CoRegNet", "normalizedForm": "CoRegNet", "offsetStart": 371, "offsetEnd": 379}, "context": "We then applied a two-step model refinement process to its output (Fig. 3B): (i) We applied the ensemble network inference algorithm ELSA (Ensemble Learning of Spanning Arborescences) (11) to the Brauer microarray dataset (4), with Mz as a learning prior on the model space composed of the union of the Mz regulatory genes, the top 40 transcription factors identified by CoRegNet, and the top 40 kinases identified by CoRegNet (SI Appendix 5); (ii) We then applied a forward selection step to add to Mz edges that improve gene state predictions on the Brauer microarray dataset, using leave 1 out cross-validation.", "mentionContextAttributes": {"used": {"value": true, "score": 0.9999847412109375}, "created": {"value": false, "score": 2.384185791015625e-05}, "shared": {"value": false, "score": 1.0728836059570312e-06}}, "documentContextAttributes": {"used": {"value": true, "score": 0.9999847412109375}, "created": {"value": false, "score": 0.1030774712562561}, "shared": {"value": false, "score": 0.0001442432403564453}}}, {"type": "software", "software-type": "software", "software-name": {"rawForm": "CoRegNet", "normalizedForm": "CoRegNet", "offsetStart": 418, "offsetEnd": 426}, "context": "We then applied a two-step model refinement process to its output (Fig. 3B): (i) We applied the ensemble network inference algorithm ELSA (Ensemble Learning of Spanning Arborescences) (11) to the Brauer microarray dataset (4), with Mz as a learning prior on the model space composed of the union of the Mz regulatory genes, the top 40 transcription factors identified by CoRegNet, and the top 40 kinases identified by CoRegNet (SI Appendix 5); (ii) We then applied a forward selection step to add to Mz edges that improve gene state predictions on the Brauer microarray dataset, using leave 1 out cross-validation.", "mentionContextAttributes": {"used": {"value": true, "score": 0.9999847412109375}, "created": {"value": false, "score": 2.384185791015625e-05}, "shared": {"value": false, "score": 1.0728836059570312e-06}}, "documentContextAttributes": {"used": {"value": true, "score": 0.9999847412109375}, "created": {"value": false, "score": 0.1030774712562561}, "shared": {"value": false, "score": 0.0001442432403564453}}}], "references": [{"refKey": 15, "tei": "<biblStruct xml:id=\"b15\">\n\t<analytic>\n\t\t<title level=\"a\" type=\"main\">Cheaper faster drug development validated by the repositioning of drugs against neglected tropical diseases</title>\n\t\t<author>\n\t\t\t<persName><forename type=\"first\">Kevin</forename><surname>Williams</surname></persName>\n\t\t</author>\n\t\t<author>\n\t\t\t<persName><forename type=\"first\">Elizabeth</forename><surname>Bilsland</surname></persName>\n\t\t</author>\n\t\t<author>\n\t\t\t<persName><forename type=\"first\">Andrew</forename><surname>Sparkes</surname></persName>\n\t\t</author>\n\t\t<author>\n\t\t\t<persName><forename type=\"first\">Wayne</forename><surname>Aubrey</surname></persName>\n\t\t</author>\n\t\t<author>\n\t\t\t<persName><forename type=\"first\">Michael</forename><surname>Young</surname></persName>\n\t\t</author>\n\t\t<author>\n\t\t\t<persName><forename type=\"first\">Larisa</forename><forename type=\"middle\">N</forename><surname>Soldatova</surname></persName>\n\t\t</author>\n\t\t<author>\n\t\t\t<persName><forename type=\"first\">Kurt</forename><surname>De Grave</surname></persName>\n\t\t</author>\n\t\t<author>\n\t\t\t<persName><forename type=\"first\">Jan</forename><surname>Ramon</surname></persName>\n\t\t</author>\n\t\t<author>\n\t\t\t<persName><forename type=\"first\">Michaela</forename><surname>De Clare</surname></persName>\n\t\t</author>\n\t\t<author>\n\t\t\t<persName><forename type=\"first\">Worachart</forename><surname>Sirawaraporn</surname></persName>\n\t\t</author>\n\t\t<author>\n\t\t\t<persName><forename type=\"first\">Stephen</forename><forename type=\"middle\">G</forename><surname>Oliver</surname></persName>\n\t\t</author>\n\t\t<author>\n\t\t\t<persName><forename type=\"first\">Ross</forename><forename type=\"middle\">D</forename><surname>King</surname></persName>\n\t\t</author>\n\t\t<idno type=\"DOI\">10.1098/rsif.2014.1289</idno>\n\t</analytic>\n\t<monogr>\n\t\t<title level=\"j\">Journal of The Royal Society Interface</title>\n\t\t<title level=\"j\" type=\"abbrev\">J. R. Soc. Interface.</title>\n\t\t<idno type=\"ISSN\">1742-5689</idno>\n\t\t<idno type=\"ISSNe\">1742-5662</idno>\n\t\t<imprint>\n\t\t\t<biblScope unit=\"volume\">12</biblScope>\n\t\t\t<biblScope unit=\"issue\">104</biblScope>\n\t\t\t<biblScope unit=\"page\">20141289</biblScope>\n\t\t\t<date type=\"published\" when=\"2015-03\">2015</date>\n\t\t\t<publisher>The Royal Society</publisher>\n\t\t</imprint>\n\t</monogr>\n</biblStruct>\n"}], "runtime": 112899, "id": "b9f3546c03d8be2447ee1b107ea56680c3cf9030", "metadata": {"id": "b9f3546c03d8be2447ee1b107ea56680c3cf9030"}, "original_file_path": "../../datalake/Samuel/SOFTware-Sync/data/xml_files/hal-02297702.grobid.tei.xml", "file_name": "hal-02297702.grobid.tei.xml"}