{"application": "software-mentions", "version": "0.8.0", "date": "2024-04-15T07:21+0000", "md5": "2311E7DB90EAD4F7A4C783CAD470B851", "mentions": [{"type": "software", "software-type": "software", "software-name": {"rawForm": "Pl@ntNet", "normalizedForm": "Pl@ntNet", "offsetStart": 0, "offsetEnd": 8}, "context": "Pl@ntNet-300K dataset Full Pl@ntNet dataset", "mentionContextAttributes": {"used": {"value": true, "score": 0.9109594821929932}, "created": {"value": false, "score": 3.7550926208496094e-06}, "shared": {"value": false, "score": 6.556510925292969e-07}}, "documentContextAttributes": {"used": {"value": true, "score": 0.9999764561653137}, "created": {"value": true, "score": 0.9999076724052429}, "shared": {"value": false, "score": 0.07133197784423828}}, "references": [{"label": "[Affouard et al., 2017]", "normalizedForm": "[Affouard et al., 2017]", "refKey": 1}]}, {"type": "software", "software-type": "software", "software-name": {"rawForm": "Pl@ntNet", "normalizedForm": "Pl@ntNet", "offsetStart": 0, "offsetEnd": 8}, "context": "Pl@ntNet-300k dataset was created to evaluate set-valued classification, in particular for plant identification.", "mentionContextAttributes": {"used": {"value": false, "score": 0.2956758141517639}, "created": {"value": false, "score": 0.021334528923034668}, "shared": {"value": false, "score": 1.7881393432617188e-07}}, "documentContextAttributes": {"used": {"value": true, "score": 0.9999764561653137}, "created": {"value": true, "score": 0.9999076724052429}, "shared": {"value": false, "score": 0.07133197784423828}}, "references": [{"label": "[Affouard et al., 2017]", "normalizedForm": "[Affouard et al., 2017]", "refKey": 1}]}, {"type": "software", "software-type": "software", "software-name": {"rawForm": "Pl@ntNet", "normalizedForm": "Pl@ntNet", "offsetStart": 0, "offsetEnd": 8}, "context": "Pl@ntNet has also received the support of Agropolis Fondation for the platform creation.", "mentionContextAttributes": {"used": {"value": false, "score": 0.010890543460845947}, "created": {"value": false, "score": 0.004933416843414307}, "shared": {"value": false, "score": 0.00015354156494140625}}, "documentContextAttributes": {"used": {"value": true, "score": 0.9999764561653137}, "created": {"value": true, "score": 0.9999076724052429}, "shared": {"value": false, "score": 0.07133197784423828}}, "references": [{"label": "[Affouard et al., 2017]", "normalizedForm": "[Affouard et al., 2017]", "refKey": 1}]}, {"type": "software", "software-type": "software", "software-name": {"rawForm": "Pl@ntNet", "normalizedForm": "Pl@ntNet", "offsetStart": 0, "offsetEnd": 8}, "context": "Pl@ntNet users are citizen scientist who gracefully participate to the project.", "mentionContextAttributes": {"used": {"value": false, "score": 0.0009341239929199219}, "created": {"value": false, "score": 0.0003151893615722656}, "shared": {"value": false, "score": 9.119510650634766e-06}}, "documentContextAttributes": {"used": {"value": true, "score": 0.9999764561653137}, "created": {"value": true, "score": 0.9999076724052429}, "shared": {"value": false, "score": 0.07133197784423828}}, "references": [{"label": "[Affouard et al., 2017]", "normalizedForm": "[Affouard et al., 2017]", "refKey": 1}]}, {"type": "software", "software-type": "software", "software-name": {"rawForm": "Pl@ntNet", "normalizedForm": "Pl@ntNet", "offsetStart": 2, "offsetEnd": 10}, "context": "A Pl@ntNet label validation process", "mentionContextAttributes": {"used": {"value": false, "score": 0.0009188652038574219}, "created": {"value": false, "score": 2.3305416107177734e-05}, "shared": {"value": false, "score": 5.364418029785156e-07}}, "documentContextAttributes": {"used": {"value": true, "score": 0.9999764561653137}, "created": {"value": true, "score": 0.9999076724052429}, "shared": {"value": false, "score": 0.07133197784423828}}, "references": [{"label": "[Affouard et al., 2017]", "normalizedForm": "[Affouard et al., 2017]", "refKey": 1}]}, {"type": "software", "software-type": "software", "software-name": {"rawForm": "Pl@ntNet", "normalizedForm": "Pl@ntNet", "offsetStart": 3, "offsetEnd": 11}, "context": "In Pl@ntNet, the most common species are easily observed by users in the wild and therefore represent a large fraction of the images, while the rarest species are harder to find and therefore less frequent in the database.", "mentionContextAttributes": {"used": {"value": false, "score": 0.00024640560150146484}, "created": {"value": false, "score": 0.00011974573135375977}, "shared": {"value": false, "score": 2.3186206817626953e-05}}, "documentContextAttributes": {"used": {"value": true, "score": 0.9999764561653137}, "created": {"value": true, "score": 0.9999076724052429}, "shared": {"value": false, "score": 0.07133197784423828}}, "references": [{"label": "[Affouard et al., 2017]", "normalizedForm": "[Affouard et al., 2017]", "refKey": 1}]}, {"type": "software", "software-type": "software", "software-name": {"rawForm": "Pl@ntNet", "normalizedForm": "Pl@ntNet", "offsetStart": 4, "offsetEnd": 12}, "context": "For Pl@ntNet-300K, both top-k accuracy and average-k accuracy mainly reflect the performance of the set-valued classifier on the few classes which represent most of the images.", "mentionContextAttributes": {"used": {"value": false, "score": 0.22877013683319092}, "created": {"value": false, "score": 1.2695789337158203e-05}, "shared": {"value": false, "score": 1.7881393432617188e-07}}, "documentContextAttributes": {"used": {"value": true, "score": 0.9999764561653137}, "created": {"value": true, "score": 0.9999076724052429}, "shared": {"value": false, "score": 0.07133197784423828}}, "references": [{"label": "[Affouard et al., 2017]", "normalizedForm": "[Affouard et al., 2017]", "refKey": 1}]}, {"type": "software", "software-type": "software", "software-name": {"rawForm": "Pl@ntNet", "normalizedForm": "Pl@ntNet", "offsetStart": 4, "offsetEnd": 12}, "context": "The Pl@ntNet-300K dataset can be found here:", "mentionContextAttributes": {"used": {"value": false, "score": 0.04607290029525757}, "created": {"value": false, "score": 6.139278411865234e-06}, "shared": {"value": false, "score": 5.364418029785156e-07}}, "documentContextAttributes": {"used": {"value": true, "score": 0.9999764561653137}, "created": {"value": true, "score": 0.9999076724052429}, "shared": {"value": false, "score": 0.07133197784423828}}, "references": [{"label": "[Affouard et al., 2017]", "normalizedForm": "[Affouard et al., 2017]", "refKey": 1}]}, {"type": "software", "software-type": "software", "software-name": {"rawForm": "Pl@ntNet", "normalizedForm": "Pl@ntNet", "offsetStart": 5, "offsetEnd": 13}, "context": "Only Pl@ntNet observations with a valid species name were included in the Pl@ntNet-300K dataset.", "mentionContextAttributes": {"used": {"value": true, "score": 0.9996750354766846}, "created": {"value": false, "score": 2.0325183868408203e-05}, "shared": {"value": false, "score": 4.172325134277344e-07}}, "documentContextAttributes": {"used": {"value": true, "score": 0.9999764561653137}, "created": {"value": true, "score": 0.9999076724052429}, "shared": {"value": false, "score": 0.07133197784423828}}, "references": [{"label": "[Affouard et al., 2017]", "normalizedForm": "[Affouard et al., 2017]", "refKey": 1}]}, {"type": "software", "software-type": "software", "software-name": {"rawForm": "Pl@ntNet", "normalizedForm": "Pl@ntNet", "offsetStart": 5, "offsetEnd": 13}, "context": "Only Pl@ntNet observations with a valid species name were included the dataset.", "mentionContextAttributes": {"used": {"value": true, "score": 0.9998868107795715}, "created": {"value": false, "score": 8.64267349243164e-06}, "shared": {"value": false, "score": 2.980232238769531e-07}}, "documentContextAttributes": {"used": {"value": true, "score": 0.9999764561653137}, "created": {"value": true, "score": 0.9999076724052429}, "shared": {"value": false, "score": 0.07133197784423828}}, "references": [{"label": "[Affouard et al., 2017]", "normalizedForm": "[Affouard et al., 2017]", "refKey": 1}]}, {"type": "software", "software-type": "software", "software-name": {"rawForm": "Pl@ntNet", "normalizedForm": "Pl@ntNet", "offsetStart": 5, "offsetEnd": 13}, "context": "Only Pl@ntNet observations with a valid species name were included the dataset.", "mentionContextAttributes": {"used": {"value": true, "score": 0.9998868107795715}, "created": {"value": false, "score": 8.64267349243164e-06}, "shared": {"value": false, "score": 2.980232238769531e-07}}, "documentContextAttributes": {"used": {"value": true, "score": 0.9999764561653137}, "created": {"value": true, "score": 0.9999076724052429}, "shared": {"value": false, "score": 0.07133197784423828}}, "references": [{"label": "[Affouard et al., 2017]", "normalizedForm": "[Affouard et al., 2017]", "refKey": 1}]}, {"type": "software", "software-type": "software", "software-name": {"rawForm": "Pl@ntNet", "normalizedForm": "Pl@ntNet", "offsetStart": 10, "offsetEnd": 18}, "context": "Nowadays, Pl@ntNet covers over 35K species illustrated by nearly 12 million validated images.", "mentionContextAttributes": {"used": {"value": false, "score": 0.00021696090698242188}, "created": {"value": false, "score": 2.580881118774414e-05}, "shared": {"value": false, "score": 2.3245811462402344e-06}}, "documentContextAttributes": {"used": {"value": true, "score": 0.9999764561653137}, "created": {"value": true, "score": 0.9999076724052429}, "shared": {"value": false, "score": 0.07133197784423828}}, "references": [{"label": "[Affouard et al., 2017]", "normalizedForm": "[Affouard et al., 2017]", "refKey": 1}]}, {"type": "software", "software-type": "software", "software-name": {"rawForm": "Pl@ntNet", "normalizedForm": "Pl@ntNet", "offsetStart": 11, "offsetEnd": 19}, "context": "The entire Pl@ntNet database would be an ideal candidate for the evaluation of set-valued classification methods.", "mentionContextAttributes": {"used": {"value": false, "score": 0.0021325349807739258}, "created": {"value": false, "score": 0.00044077634811401367}, "shared": {"value": false, "score": 1.7881393432617188e-07}}, "documentContextAttributes": {"used": {"value": true, "score": 0.9999764561653137}, "created": {"value": true, "score": 0.9999076724052429}, "shared": {"value": false, "score": 0.07133197784423828}}, "references": [{"label": "[Affouard et al., 2017]", "normalizedForm": "[Affouard et al., 2017]", "refKey": 1}]}, {"type": "software", "software-type": "software", "software-name": {"rawForm": "Pl@ntNet", "normalizedForm": "Pl@ntNet", "offsetStart": 13, "offsetEnd": 21}, "context": "We hope that Pl@ntNet-300K can serve as a reference dataset for this problem, which is our main motivation for releasing and sharing it with the community.", "mentionContextAttributes": {"used": {"value": false, "score": 9.542703628540039e-05}, "created": {"value": false, "score": 0.1006966233253479}, "shared": {"value": false, "score": 0.0018900036811828613}}, "documentContextAttributes": {"used": {"value": true, "score": 0.9999764561653137}, "created": {"value": true, "score": 0.9999076724052429}, "shared": {"value": false, "score": 0.07133197784423828}}, "references": [{"label": "[Affouard et al., 2017]", "normalizedForm": "[Affouard et al., 2017]", "refKey": 1}]}, {"type": "software", "software-type": "software", "software-name": {"rawForm": "Pl@ntNet", "normalizedForm": "Pl@ntNet", "offsetStart": 18, "offsetEnd": 26}, "context": "Not this specific Pl@ntNet subset.", "mentionContextAttributes": {"used": {"value": false, "score": 0.0007312297821044922}, "created": {"value": false, "score": 0.00011664628982543945}, "shared": {"value": false, "score": 6.556510925292969e-07}}, "documentContextAttributes": {"used": {"value": true, "score": 0.9999764561653137}, "created": {"value": true, "score": 0.9999076724052429}, "shared": {"value": false, "score": 0.07133197784423828}}, "references": [{"label": "[Affouard et al., 2017]", "normalizedForm": "[Affouard et al., 2017]", "refKey": 1}]}, {"type": "software", "software-type": "software", "software-name": {"rawForm": "Pl@ntNet", "normalizedForm": "Pl@ntNet", "offsetStart": 19, "offsetEnd": 27}, "context": "The key feature of Pl@ntNet is a mobile application that allows citizens to send a picture of a plant they encounter and get a list of the most likely species for that photo in return. ", "mentionContextAttributes": {"used": {"value": false, "score": 4.380941390991211e-05}, "created": {"value": false, "score": 0.016553282737731934}, "shared": {"value": false, "score": 0.00047773122787475586}}, "documentContextAttributes": {"used": {"value": true, "score": 0.9999764561653137}, "created": {"value": true, "score": 0.9999076724052429}, "shared": {"value": false, "score": 0.07133197784423828}}, "references": [{"label": "[Affouard et al., 2017]", "normalizedForm": "[Affouard et al., 2017]", "refKey": 1}]}, {"type": "software", "software-type": "software", "software-name": {"rawForm": "Pl@ntNet", "normalizedForm": "Pl@ntNet", "offsetStart": 19, "offsetEnd": 27}, "context": "6 Possible uses of Pl@ntNet-300K", "mentionContextAttributes": {"used": {"value": false, "score": 0.11807489395141602}, "created": {"value": false, "score": 7.331371307373047e-06}, "shared": {"value": false, "score": 8.881092071533203e-06}}, "documentContextAttributes": {"used": {"value": true, "score": 0.9999764561653137}, "created": {"value": true, "score": 0.9999076724052429}, "shared": {"value": false, "score": 0.07133197784423828}}, "references": [{"label": "[Affouard et al., 2017]", "normalizedForm": "[Affouard et al., 2017]", "refKey": 1}]}, {"type": "software", "software-type": "software", "software-name": {"rawForm": "Pl@ntNet", "normalizedForm": "Pl@ntNet", "offsetStart": 20, "offsetEnd": 28}, "context": "We also stress that Pl@ntNet-300K can also be used to evaluate new methods for long-tailed classification and FGVC.", "mentionContextAttributes": {"used": {"value": false, "score": 8.32676887512207e-05}, "created": {"value": false, "score": 0.014933586120605469}, "shared": {"value": false, "score": 1.7881393432617188e-07}}, "documentContextAttributes": {"used": {"value": true, "score": 0.9999764561653137}, "created": {"value": true, "score": 0.9999076724052429}, "shared": {"value": false, "score": 0.07133197784423828}}, "references": [{"label": "[Affouard et al., 2017]", "normalizedForm": "[Affouard et al., 2017]", "refKey": 1}]}, {"type": "software", "software-type": "software", "software-name": {"rawForm": "Pl@ntNet", "normalizedForm": "Pl@ntNet", "offsetStart": 25, "offsetEnd": 33}, "context": "In Section 5, we compare Pl@ntNet-300K to several existing datasets.", "mentionContextAttributes": {"used": {"value": true, "score": 0.9992973804473877}, "created": {"value": false, "score": 1.150369644165039e-05}, "shared": {"value": false, "score": 1.7881393432617188e-07}}, "documentContextAttributes": {"used": {"value": true, "score": 0.9999764561653137}, "created": {"value": true, "score": 0.9999076724052429}, "shared": {"value": false, "score": 0.07133197784423828}}, "references": [{"label": "[Affouard et al., 2017]", "normalizedForm": "[Affouard et al., 2017]", "refKey": 1}]}, {"type": "software", "software-type": "software", "software-name": {"rawForm": "Pl@ntNet", "normalizedForm": "Pl@ntNet", "offsetStart": 26, "offsetEnd": 34}, "context": "Unlike previous datasets, Pl@ntNet-300K is designed to preserve the high level of ambiguity across classes of the initial real-world dataset as well as its long-tailed distribution.", "mentionContextAttributes": {"used": {"value": false, "score": 0.00011414289474487305}, "created": {"value": false, "score": 0.0004969239234924316}, "shared": {"value": false, "score": 1.7881393432617188e-07}}, "documentContextAttributes": {"used": {"value": true, "score": 0.9999764561653137}, "created": {"value": true, "score": 0.9999076724052429}, "shared": {"value": false, "score": 0.07133197784423828}}, "references": [{"label": "[Affouard et al., 2017]", "normalizedForm": "[Affouard et al., 2017]", "refKey": 1}]}, {"type": "software", "software-type": "software", "software-name": {"rawForm": "Pl@ntNet", "normalizedForm": "Pl@ntNet", "offsetStart": 26, "offsetEnd": 34}, "context": "Unlike previous datasets, Pl@ntNet-300k is designed so as to preserve the high level of ambiguity across classes of the initial real-world dataset (Pl@ntNet) as well as its long tail distribution.", "mentionContextAttributes": {"used": {"value": false, "score": 0.0004761815071105957}, "created": {"value": false, "score": 0.0009102821350097656}, "shared": {"value": false, "score": 2.980232238769531e-07}}, "documentContextAttributes": {"used": {"value": true, "score": 0.9999764561653137}, "created": {"value": true, "score": 0.9999076724052429}, "shared": {"value": false, "score": 0.07133197784423828}}, "references": [{"label": "[Affouard et al., 2017]", "normalizedForm": "[Affouard et al., 2017]", "refKey": 1}]}, {"type": "software", "software-type": "software", "software-name": {"rawForm": "Pl@ntNet", "normalizedForm": "Pl@ntNet", "offsetStart": 27, "offsetEnd": 35}, "context": "Pl@ntNet-300K dataset Full Pl@ntNet dataset", "mentionContextAttributes": {"used": {"value": true, "score": 0.9109594821929932}, "created": {"value": false, "score": 3.7550926208496094e-06}, "shared": {"value": false, "score": 6.556510925292969e-07}}, "documentContextAttributes": {"used": {"value": true, "score": 0.9999764561653137}, "created": {"value": true, "score": 0.9999076724052429}, "shared": {"value": false, "score": 0.07133197784423828}}, "references": [{"label": "[Affouard et al., 2017]", "normalizedForm": "[Affouard et al., 2017]", "refKey": 1}]}, {"type": "software", "software-type": "software", "software-name": {"rawForm": "Pl@ntNet", "normalizedForm": "Pl@ntNet", "offsetStart": 27, "offsetEnd": 35}, "context": "The dataset was created by Pl@ntNet team, Pl@ntNet being a consortium composed of four French research organisms (Inria, INRAE, CIRAD and IRD).", "mentionContextAttributes": {"used": {"value": true, "score": 0.9884340167045593}, "created": {"value": false, "score": 0.0034630298614501953}, "shared": {"value": false, "score": 4.172325134277344e-07}}, "documentContextAttributes": {"used": {"value": true, "score": 0.9999764561653137}, "created": {"value": true, "score": 0.9999076724052429}, "shared": {"value": false, "score": 0.07133197784423828}}, "references": [{"label": "[Affouard et al., 2017]", "normalizedForm": "[Affouard et al., 2017]", "refKey": 1}]}, {"type": "software", "software-type": "software", "software-name": {"rawForm": "Pl@ntNet", "normalizedForm": "Pl@ntNet", "offsetStart": 29, "offsetEnd": 37}, "context": "Another essential feature of Pl@ntNet is that the training set used to train the classifier is collaboratively enriched and revised. ", "mentionContextAttributes": {"used": {"value": false, "score": 0.0001888275146484375}, "created": {"value": false, "score": 0.002581179141998291}, "shared": {"value": false, "score": 2.980232238769531e-07}}, "documentContextAttributes": {"used": {"value": true, "score": 0.9999764561653137}, "created": {"value": true, "score": 0.9999076724052429}, "shared": {"value": false, "score": 0.07133197784423828}}, "references": [{"label": "[Affouard et al., 2017]", "normalizedForm": "[Affouard et al., 2017]", "refKey": 1}]}, {"type": "software", "software-type": "software", "software-name": {"rawForm": "Pl@ntNet", "normalizedForm": "Pl@ntNet", "offsetStart": 31, "offsetEnd": 39}, "context": "The data was collected through Pl@ntNet mobile application and curated through crowdsourcing (by Pl@ntNet users) in addition to the automated filtering (CNNbased) of unappropriated or irrelevant content (faces, humans, animals, buildings, etc.).", "mentionContextAttributes": {"used": {"value": true, "score": 0.998971700668335}, "created": {"value": false, "score": 0.00011104345321655273}, "shared": {"value": false, "score": 7.808208465576172e-06}}, "documentContextAttributes": {"used": {"value": true, "score": 0.9999764561653137}, "created": {"value": true, "score": 0.9999076724052429}, "shared": {"value": false, "score": 0.07133197784423828}}, "references": [{"label": "[Affouard et al., 2017]", "normalizedForm": "[Affouard et al., 2017]", "refKey": 1}]}, {"type": "software", "software-type": "software", "software-name": {"rawForm": "Pl@ntNet", "normalizedForm": "Pl@ntNet", "offsetStart": 33, "offsetEnd": 41}, "context": "The mechanisms were validated by Pl@ntNet curators (expert botanists) and by the scientific and technical committee of Pl@ntNet.", "mentionContextAttributes": {"used": {"value": true, "score": 0.9999398589134216}, "created": {"value": false, "score": 7.551908493041992e-05}, "shared": {"value": false, "score": 2.980232238769531e-07}}, "documentContextAttributes": {"used": {"value": true, "score": 0.9999764561653137}, "created": {"value": true, "score": 0.9999076724052429}, "shared": {"value": false, "score": 0.07133197784423828}}, "references": [{"label": "[Affouard et al., 2017]", "normalizedForm": "[Affouard et al., 2017]", "refKey": 1}]}, {"type": "software", "software-type": "software", "software-name": {"rawForm": "Pl@ntNet", "normalizedForm": "Pl@ntNet", "offsetStart": 35, "offsetEnd": 43}, "context": "At the time of the construction of Pl@ntNet-300K, the total number of annotators in the Pl@ntNet database was equal to 2,079,003.", "mentionContextAttributes": {"used": {"value": true, "score": 0.8570145964622498}, "created": {"value": false, "score": 0.00012373924255371094}, "shared": {"value": false, "score": 4.172325134277344e-07}}, "documentContextAttributes": {"used": {"value": true, "score": 0.9999764561653137}, "created": {"value": true, "score": 0.9999076724052429}, "shared": {"value": false, "score": 0.07133197784423828}}, "references": [{"label": "[Affouard et al., 2017]", "normalizedForm": "[Affouard et al., 2017]", "refKey": 1}]}, {"type": "software", "software-type": "software", "software-name": {"rawForm": "Pl@ntNet", "normalizedForm": "Pl@ntNet", "offsetStart": 36, "offsetEnd": 44}, "context": "This is a very different scale than Pl@ntNet-300K.", "mentionContextAttributes": {"used": {"value": false, "score": 0.010189592838287354}, "created": {"value": false, "score": 1.2576580047607422e-05}, "shared": {"value": false, "score": 5.364418029785156e-07}}, "documentContextAttributes": {"used": {"value": true, "score": 0.9999764561653137}, "created": {"value": true, "score": 0.9999076724052429}, "shared": {"value": false, "score": 0.07133197784423828}}, "references": [{"label": "[Affouard et al., 2017]", "normalizedForm": "[Affouard et al., 2017]", "refKey": 1}]}, {"type": "software", "software-type": "software", "software-name": {"rawForm": "Pl@ntNet", "normalizedForm": "Pl@ntNet", "offsetStart": 37, "offsetEnd": 45}, "context": "To evaluate set-valued predictors on Pl@ntNet-300K, we investigate two different metrics: macroaverage top-k accuracy and macro-average average-k accuracy, which is a more challenging task requiring to predict sets of various size but still equal to k on average.", "mentionContextAttributes": {"used": {"value": false, "score": 0.2145889401435852}, "created": {"value": false, "score": 0.00022935867309570312}, "shared": {"value": false, "score": 2.980232238769531e-07}}, "documentContextAttributes": {"used": {"value": true, "score": 0.9999764561653137}, "created": {"value": true, "score": 0.9999076724052429}, "shared": {"value": false, "score": 0.07133197784423828}}, "references": [{"label": "[Affouard et al., 2017]", "normalizedForm": "[Affouard et al., 2017]", "refKey": 1}]}, {"type": "software", "software-type": "software", "software-name": {"rawForm": "Pl@ntNet", "normalizedForm": "Pl@ntNet", "offsetStart": 37, "offsetEnd": 45}, "context": "The authors confirm that all data in Pl@ntNet-300K dataset are under a Creative-Common Attribution-ShareAlike 2.0 license (see terms of use here) and bear responsibility in case of violation of copyrights.", "mentionContextAttributes": {"used": {"value": false, "score": 0.08126932382583618}, "created": {"value": false, "score": 0.0002582073211669922}, "shared": {"value": false, "score": 0.07133197784423828}}, "documentContextAttributes": {"used": {"value": true, "score": 0.9999764561653137}, "created": {"value": true, "score": 0.9999076724052429}, "shared": {"value": false, "score": 0.07133197784423828}}, "references": [{"label": "[Affouard et al., 2017]", "normalizedForm": "[Affouard et al., 2017]", "refKey": 1}]}, {"type": "software", "software-type": "software", "software-name": {"rawForm": "Pl@ntNet", "normalizedForm": "Pl@ntNet", "offsetStart": 38, "offsetEnd": 46}, "context": "The data is collected by users of the Pl@ntNet application (which has more than 10 millions users).", "mentionContextAttributes": {"used": {"value": false, "score": 0.14497298002243042}, "created": {"value": false, "score": 0.00019431114196777344}, "shared": {"value": false, "score": 2.5928020477294922e-05}}, "documentContextAttributes": {"used": {"value": true, "score": 0.9999764561653137}, "created": {"value": true, "score": 0.9999076724052429}, "shared": {"value": false, "score": 0.07133197784423828}}, "references": [{"label": "[Affouard et al., 2017]", "normalizedForm": "[Affouard et al., 2017]", "refKey": 1}]}, {"type": "software", "software-type": "software", "software-name": {"rawForm": "Pl@ntNet", "normalizedForm": "Pl@ntNet", "offsetStart": 39, "offsetEnd": 47}, "context": "The species name validation process of Pl@ntNet is based on a weighted majority voting algorithm taking as input the labels proposed by Pl@ntNet users with a principle of adaptive weights depending on the user's expertise and engagement.", "mentionContextAttributes": {"used": {"value": false, "score": 0.39670896530151367}, "created": {"value": false, "score": 0.00011819601058959961}, "shared": {"value": false, "score": 5.364418029785156e-07}}, "documentContextAttributes": {"used": {"value": true, "score": 0.9999764561653137}, "created": {"value": true, "score": 0.9999076724052429}, "shared": {"value": false, "score": 0.07133197784423828}}, "references": [{"label": "[Affouard et al., 2017]", "normalizedForm": "[Affouard et al., 2017]", "refKey": 1}]}, {"type": "software", "software-type": "software", "software-name": {"rawForm": "Pl@ntNet", "normalizedForm": "Pl@ntNet", "offsetStart": 40, "offsetEnd": 48}, "context": "Figure 8a shows the correlation between Pl@ntNet-300K macro-average top-1 accuracy and Im-ageNet macro-average top-1 accuracy (note that as the ImageNet test set is balanced, top-1 accuracy and macro-average top-1 accuracy coincide).", "mentionContextAttributes": {"used": {"value": true, "score": 0.9770174026489258}, "created": {"value": false, "score": 1.6748905181884766e-05}, "shared": {"value": false, "score": 2.980232238769531e-07}}, "documentContextAttributes": {"used": {"value": true, "score": 0.9999764561653137}, "created": {"value": true, "score": 0.9999076724052429}, "shared": {"value": false, "score": 0.07133197784423828}}, "references": [{"label": "[Affouard et al., 2017]", "normalizedForm": "[Affouard et al., 2017]", "refKey": 1}]}, {"type": "software", "software-type": "software", "software-name": {"rawForm": "Pl@ntNet", "normalizedForm": "Pl@ntNet", "offsetStart": 41, "offsetEnd": 49}, "context": "The main outcome was the terms of use of Pl@ntNet application (https://api.plantnet.org/views/terms_of_use? lang=en) \u2022 Does the dataset relate to people?", "mentionContextAttributes": {"used": {"value": true, "score": 0.999880850315094}, "created": {"value": false, "score": 4.202127456665039e-05}, "shared": {"value": false, "score": 0.0003039836883544922}}, "documentContextAttributes": {"used": {"value": true, "score": 0.9999764561653137}, "created": {"value": true, "score": 0.9999076724052429}, "shared": {"value": false, "score": 0.07133197784423828}}, "references": [{"label": "[Affouard et al., 2017]", "normalizedForm": "[Affouard et al., 2017]", "refKey": 1}]}, {"type": "software", "software-type": "software", "software-name": {"rawForm": "Pl@ntNet", "normalizedForm": "Pl@ntNet", "offsetStart": 42, "offsetEnd": 50}, "context": "In Section 6, we discuss possible uses of Pl@ntNet-300K.", "mentionContextAttributes": {"used": {"value": false, "score": 0.0008106827735900879}, "created": {"value": false, "score": 0.09414219856262207}, "shared": {"value": false, "score": 6.556510925292969e-07}}, "documentContextAttributes": {"used": {"value": true, "score": 0.9999764561653137}, "created": {"value": true, "score": 0.9999076724052429}, "shared": {"value": false, "score": 0.07133197784423828}}, "references": [{"label": "[Affouard et al., 2017]", "normalizedForm": "[Affouard et al., 2017]", "refKey": 1}]}, {"type": "software", "software-type": "software", "software-name": {"rawForm": "Pl@ntNet", "normalizedForm": "Pl@ntNet", "offsetStart": 42, "offsetEnd": 50}, "context": "The dataset was created by Pl@ntNet team, Pl@ntNet being a consortium composed of four French research organisms (Inria, INRAE, CIRAD and IRD).", "mentionContextAttributes": {"used": {"value": true, "score": 0.9884340167045593}, "created": {"value": false, "score": 0.0034630298614501953}, "shared": {"value": false, "score": 4.172325134277344e-07}}, "documentContextAttributes": {"used": {"value": true, "score": 0.9999764561653137}, "created": {"value": true, "score": 0.9999076724052429}, "shared": {"value": false, "score": 0.07133197784423828}}, "references": [{"label": "[Affouard et al., 2017]", "normalizedForm": "[Affouard et al., 2017]", "refKey": 1}]}, {"type": "software", "software-type": "software", "software-name": {"rawForm": "Pl@ntNet", "normalizedForm": "Pl@ntNet", "offsetStart": 47, "offsetEnd": 55}, "context": "In addition to the label validation procedure, Pl@ntNet's pipeline includes other data cleaning procedures: (i) automated filtering of inappropriate or irrelevant content (faces, humans, animals, buildings, etc.) using a CNN and user reports, and (ii) filtering on image quality (evaluated by users).", "mentionContextAttributes": {"used": {"value": false, "score": 0.0003948807716369629}, "created": {"value": false, "score": 0.0003317594528198242}, "shared": {"value": false, "score": 1.2516975402832031e-06}}, "documentContextAttributes": {"used": {"value": true, "score": 0.9999764561653137}, "created": {"value": true, "score": 0.9999076724052429}, "shared": {"value": false, "score": 0.07133197784423828}}, "references": [{"label": "[Affouard et al., 2017]", "normalizedForm": "[Affouard et al., 2017]", "refKey": 1}]}, {"type": "software", "software-type": "software", "software-name": {"rawForm": "Pl@ntNet", "normalizedForm": "Pl@ntNet", "offsetStart": 48, "offsetEnd": 56}, "context": "Figure 5 highlights the significant gap between Pl@ntNet-300K top-1 accuracy and macro-average top-1 accuracy.", "mentionContextAttributes": {"used": {"value": false, "score": 0.13237035274505615}, "created": {"value": false, "score": 1.6033649444580078e-05}, "shared": {"value": false, "score": 2.980232238769531e-07}}, "documentContextAttributes": {"used": {"value": true, "score": 0.9999764561653137}, "created": {"value": true, "score": 0.9999076724052429}, "shared": {"value": false, "score": 0.07133197784423828}}, "references": [{"label": "[Affouard et al., 2017]", "normalizedForm": "[Affouard et al., 2017]", "refKey": 1}]}, {"type": "software", "software-type": "software", "software-name": {"rawForm": "Pl@ntNet", "normalizedForm": "Pl@ntNet", "offsetStart": 49, "offsetEnd": 57}, "context": "Images with non-valid labels were discarded from Pl@ntNet-300K dataset.", "mentionContextAttributes": {"used": {"value": true, "score": 0.9998083114624023}, "created": {"value": false, "score": 4.231929779052734e-06}, "shared": {"value": false, "score": 1.7881393432617188e-07}}, "documentContextAttributes": {"used": {"value": true, "score": 0.9999764561653137}, "created": {"value": true, "score": 0.9999076724052429}, "shared": {"value": false, "score": 0.07133197784423828}}, "references": [{"label": "[Affouard et al., 2017]", "normalizedForm": "[Affouard et al., 2017]", "refKey": 1}]}, {"type": "software", "software-type": "software", "software-name": {"rawForm": "iNaturalist", "normalizedForm": "iNaturalist", "offsetStart": 52, "offsetEnd": 63}, "context": "It contains images from the citizen science website iNaturalist. ", "mentionContextAttributes": {"used": {"value": false, "score": 0.048202574253082275}, "created": {"value": false, "score": 0.005337238311767578}, "shared": {"value": false, "score": 2.4437904357910156e-06}}, "documentContextAttributes": {"used": {"value": false, "score": 0.048202574253082275}, "created": {"value": false, "score": 0.005337238311767578}, "shared": {"value": false, "score": 2.4437904357910156e-06}}}, {"type": "software", "software-type": "software", "software-name": {"rawForm": "Pl@ntNet", "normalizedForm": "Pl@ntNet", "offsetStart": 60, "offsetEnd": 68}, "context": "In Section 3, we describe the construction procedure of the Pl@ntNet-300K dataset and show that it contains a large amount of ambiguity.", "mentionContextAttributes": {"used": {"value": false, "score": 0.3230985999107361}, "created": {"value": false, "score": 0.46014541387557983}, "shared": {"value": false, "score": 1.7881393432617188e-07}}, "documentContextAttributes": {"used": {"value": true, "score": 0.9999764561653137}, "created": {"value": true, "score": 0.9999076724052429}, "shared": {"value": false, "score": 0.07133197784423828}}, "references": [{"label": "[Affouard et al., 2017]", "normalizedForm": "[Affouard et al., 2017]", "refKey": 1}]}, {"type": "software", "software-type": "software", "software-name": {"rawForm": "Pl@ntNet", "normalizedForm": "Pl@ntNet", "offsetStart": 66, "offsetEnd": 74}, "context": "We consider two main metrics to evaluate set valued predictors on Pl@ntNet-300K: topk accuracy and average-k accuracy.", "mentionContextAttributes": {"used": {"value": false, "score": 0.17605102062225342}, "created": {"value": false, "score": 0.0003077983856201172}, "shared": {"value": false, "score": 1.7881393432617188e-07}}, "documentContextAttributes": {"used": {"value": true, "score": 0.9999764561653137}, "created": {"value": true, "score": 0.9999076724052429}, "shared": {"value": false, "score": 0.07133197784423828}}, "references": [{"label": "[Affouard et al., 2017]", "normalizedForm": "[Affouard et al., 2017]", "refKey": 1}]}, {"type": "software", "software-type": "software", "software-name": {"rawForm": "Pl@ntNet", "normalizedForm": "Pl@ntNet", "offsetStart": 68, "offsetEnd": 76}, "context": "Each image comes from the picture of a plant taken by a user of the Pl@ntNet application If data was reported by subjects or indirectly inferred/derived from other data, was the data validated/verified?", "mentionContextAttributes": {"used": {"value": true, "score": 0.9995874762535095}, "created": {"value": false, "score": 7.051229476928711e-05}, "shared": {"value": false, "score": 4.172325134277344e-07}}, "documentContextAttributes": {"used": {"value": true, "score": 0.9999764561653137}, "created": {"value": true, "score": 0.9999076724052429}, "shared": {"value": false, "score": 0.07133197784423828}}, "references": [{"label": "[Affouard et al., 2017]", "normalizedForm": "[Affouard et al., 2017]", "refKey": 1}]}, {"type": "software", "software-type": "software", "software-name": {"rawForm": "Pl@ntNet", "normalizedForm": "Pl@ntNet", "offsetStart": 69, "offsetEnd": 77}, "context": "However, this topic is still open research and our hope in releasing Pl@ntNet-300K is precisely to encourage novel methods for optimizing such metrics.", "mentionContextAttributes": {"used": {"value": false, "score": 9.435415267944336e-05}, "created": {"value": true, "score": 0.9783139228820801}, "shared": {"value": false, "score": 3.039836883544922e-06}}, "documentContextAttributes": {"used": {"value": true, "score": 0.9999764561653137}, "created": {"value": true, "score": 0.9999076724052429}, "shared": {"value": false, "score": 0.07133197784423828}}, "references": [{"label": "[Affouard et al., 2017]", "normalizedForm": "[Affouard et al., 2017]", "refKey": 1}]}, {"type": "software", "software-type": "software", "software-name": {"rawForm": "Pl@ntNet", "normalizedForm": "Pl@ntNet", "offsetStart": 72, "offsetEnd": 80}, "context": "To show this, we plot the Lorenz curves [Gastwirth, 1971] of the entire Pl@ntNet dataset and that of the Pl@ntNet-300K dataset in Figure 2.", "mentionContextAttributes": {"used": {"value": true, "score": 0.9979867339134216}, "created": {"value": false, "score": 6.479024887084961e-05}, "shared": {"value": false, "score": 1.7881393432617188e-07}}, "documentContextAttributes": {"used": {"value": true, "score": 0.9999764561653137}, "created": {"value": true, "score": 0.9999076724052429}, "shared": {"value": false, "score": 0.07133197784423828}}, "references": [{"label": "[Affouard et al., 2017]", "normalizedForm": "[Affouard et al., 2017]", "refKey": 1}]}, {"type": "software", "software-type": "software", "software-name": {"rawForm": "Pl@ntNet", "normalizedForm": "Pl@ntNet", "offsetStart": 72, "offsetEnd": 80}, "context": "In this paper, we share and discuss a novel plant image dataset, called Pl@ntNet-300K, obtained as a subset of the entire Pl@ntNet database and intended primarily for evaluating set-valued classification methods.", "mentionContextAttributes": {"used": {"value": false, "score": 5.4895877838134766e-05}, "created": {"value": true, "score": 0.9999076724052429}, "shared": {"value": false, "score": 2.980232238769531e-07}}, "documentContextAttributes": {"used": {"value": true, "score": 0.9999764561653137}, "created": {"value": true, "score": 0.9999076724052429}, "shared": {"value": false, "score": 0.07133197784423828}}, "references": [{"label": "[Affouard et al., 2017]", "normalizedForm": "[Affouard et al., 2017]", "refKey": 1}]}, {"type": "software", "software-type": "software", "software-name": {"rawForm": "Pl@ntNet", "normalizedForm": "Pl@ntNet", "offsetStart": 73, "offsetEnd": 81}, "context": "Instead of retaining randomly selected species or images from the entire Pl@ntNet dataset, we choose to retain randomly selected genera and keep all species belonging to these genera.", "mentionContextAttributes": {"used": {"value": false, "score": 0.10512012243270874}, "created": {"value": false, "score": 0.0009303092956542969}, "shared": {"value": false, "score": 8.940696716308594e-07}}, "documentContextAttributes": {"used": {"value": true, "score": 0.9999764561653137}, "created": {"value": true, "score": 0.9999076724052429}, "shared": {"value": false, "score": 0.07133197784423828}}, "references": [{"label": "[Affouard et al., 2017]", "normalizedForm": "[Affouard et al., 2017]", "refKey": 1}]}, {"type": "software", "software-type": "software", "software-name": {"rawForm": "Pl@ntNet", "normalizedForm": "Pl@ntNet", "offsetStart": 74, "offsetEnd": 82}, "context": "This dataset is extracted from real-world images collected as part of the Pl@ntNet project [Affouard et al., 2017], a large-scale citizen observatory dedicated to the collection of plant occurrences data through image-based plant identification.", "mentionContextAttributes": {"used": {"value": true, "score": 0.8590456247329712}, "created": {"value": false, "score": 0.00048273801803588867}, "shared": {"value": false, "score": 5.364418029785156e-07}}, "documentContextAttributes": {"used": {"value": true, "score": 0.9999764561653137}, "created": {"value": true, "score": 0.9999076724052429}, "shared": {"value": false, "score": 0.07133197784423828}}, "references": [{"label": "[Affouard et al., 2017]", "normalizedForm": "[Affouard et al., 2017]", "refKey": 1, "offsetStart": 1644, "offsetEnd": 1667}]}, {"type": "software", "software-type": "software", "software-name": {"rawForm": "Pl@ntNet", "normalizedForm": "Pl@ntNet", "offsetStart": 74, "offsetEnd": 82}, "context": "In Figure 8a we can notice that ImageNet macro-average top-1 accuracy and Pl@ntNet-300K macro-average top-1 accuracy vary at different scales: the former goes up to 80% while the latter does not exceed 40%, making Pl@ntNet-300K a challenging dataset with both epistemic and aleatoric uncertainty at play.", "mentionContextAttributes": {"used": {"value": false, "score": 0.020888090133666992}, "created": {"value": false, "score": 5.066394805908203e-06}, "shared": {"value": false, "score": 4.172325134277344e-07}}, "documentContextAttributes": {"used": {"value": true, "score": 0.9999764561653137}, "created": {"value": true, "score": 0.9999076724052429}, "shared": {"value": false, "score": 0.07133197784423828}}, "references": [{"label": "[Affouard et al., 2017]", "normalizedForm": "[Affouard et al., 2017]", "refKey": 1}]}, {"type": "software", "software-type": "software", "software-name": {"rawForm": "Pl@ntNet", "normalizedForm": "Pl@ntNet", "offsetStart": 74, "offsetEnd": 82}, "context": "We report the top-5 accuracy obtained by training this loss with k = 5 on Pl@ntNet-300K in the supplementary material.", "mentionContextAttributes": {"used": {"value": true, "score": 0.9999764561653137}, "created": {"value": false, "score": 3.7550926208496094e-06}, "shared": {"value": false, "score": 1.7881393432617188e-07}}, "documentContextAttributes": {"used": {"value": true, "score": 0.9999764561653137}, "created": {"value": true, "score": 0.9999076724052429}, "shared": {"value": false, "score": 0.07133197784423828}}, "references": [{"label": "[Affouard et al., 2017]", "normalizedForm": "[Affouard et al., 2017]", "refKey": 1}]}, {"type": "software", "software-type": "software", "software-name": {"rawForm": "Pl@ntNet", "normalizedForm": "Pl@ntNet", "offsetStart": 74, "offsetEnd": 82}, "context": "Only Pl@ntNet observations with a valid species name were included in the Pl@ntNet-300K dataset.", "mentionContextAttributes": {"used": {"value": true, "score": 0.9996750354766846}, "created": {"value": false, "score": 2.0325183868408203e-05}, "shared": {"value": false, "score": 4.172325134277344e-07}}, "documentContextAttributes": {"used": {"value": true, "score": 0.9999764561653137}, "created": {"value": true, "score": 0.9999076724052429}, "shared": {"value": false, "score": 0.07133197784423828}}, "references": [{"label": "[Affouard et al., 2017]", "normalizedForm": "[Affouard et al., 2017]", "refKey": 1}]}, {"type": "software", "software-type": "software", "software-name": {"rawForm": "Pl@ntNet", "normalizedForm": "Pl@ntNet", "offsetStart": 75, "offsetEnd": 83}, "context": "), some models which perform similarly on ImageNet yield very different on Pl@ntNet-300K (inception v3, densenet201), and vice versa.", "mentionContextAttributes": {"used": {"value": false, "score": 0.027672767639160156}, "created": {"value": false, "score": 6.496906280517578e-06}, "shared": {"value": false, "score": 4.172325134277344e-07}}, "documentContextAttributes": {"used": {"value": true, "score": 0.9999764561653137}, "created": {"value": true, "score": 0.9999076724052429}, "shared": {"value": false, "score": 0.07133197784423828}}, "references": [{"label": "[Affouard et al., 2017]", "normalizedForm": "[Affouard et al., 2017]", "refKey": 1}]}, {"type": "software", "software-type": "software", "software-name": {"rawForm": "Pl@ntNet", "normalizedForm": "Pl@ntNet", "offsetStart": 86, "offsetEnd": 94}, "context": "To support that claim, we asked a botanist to label a mini dataset extracted from the Pl@ntNet-300K test set.", "mentionContextAttributes": {"used": {"value": true, "score": 0.9999045729637146}, "created": {"value": true, "score": 0.9317046403884888}, "shared": {"value": false, "score": 1.7881393432617188e-07}}, "documentContextAttributes": {"used": {"value": true, "score": 0.9999764561653137}, "created": {"value": true, "score": 0.9999076724052429}, "shared": {"value": false, "score": 0.07133197784423828}}, "references": [{"label": "[Affouard et al., 2017]", "normalizedForm": "[Affouard et al., 2017]", "refKey": 1}]}, {"type": "software", "software-type": "software", "software-name": {"rawForm": "Pl@ntNet", "normalizedForm": "Pl@ntNet", "offsetStart": 88, "offsetEnd": 96}, "context": "At the time of the construction of Pl@ntNet-300K, the total number of annotators in the Pl@ntNet database was equal to 2,079,003.", "mentionContextAttributes": {"used": {"value": true, "score": 0.8570145964622498}, "created": {"value": false, "score": 0.00012373924255371094}, "shared": {"value": false, "score": 4.172325134277344e-07}}, "documentContextAttributes": {"used": {"value": true, "score": 0.9999764561653137}, "created": {"value": true, "score": 0.9999076724052429}, "shared": {"value": false, "score": 0.07133197784423828}}, "references": [{"label": "[Affouard et al., 2017]", "normalizedForm": "[Affouard et al., 2017]", "refKey": 1}]}, {"type": "software", "software-type": "software", "software-name": {"rawForm": "Pl@ntNet", "normalizedForm": "Pl@ntNet", "offsetStart": 97, "offsetEnd": 105}, "context": "The data was collected through Pl@ntNet mobile application and curated through crowdsourcing (by Pl@ntNet users) in addition to the automated filtering (CNNbased) of unappropriated or irrelevant content (faces, humans, animals, buildings, etc.).", "mentionContextAttributes": {"used": {"value": true, "score": 0.998971700668335}, "created": {"value": false, "score": 0.00011104345321655273}, "shared": {"value": false, "score": 7.808208465576172e-06}}, "documentContextAttributes": {"used": {"value": true, "score": 0.9999764561653137}, "created": {"value": true, "score": 0.9999076724052429}, "shared": {"value": false, "score": 0.07133197784423828}}, "references": [{"label": "[Affouard et al., 2017]", "normalizedForm": "[Affouard et al., 2017]", "refKey": 1}]}, {"type": "software", "software-type": "software", "software-name": {"rawForm": "Pl@ntNet", "normalizedForm": "Pl@ntNet", "offsetStart": 99, "offsetEnd": 107}, "context": "The species name validation is based on a Bayesian inference taking as input the names proposed by Pl@ntNet users with a principle of adaptive weights depending on the user's expertise.", "mentionContextAttributes": {"used": {"value": true, "score": 0.8590062856674194}, "created": {"value": false, "score": 0.00018715858459472656}, "shared": {"value": false, "score": 7.748603820800781e-07}}, "documentContextAttributes": {"used": {"value": true, "score": 0.9999764561653137}, "created": {"value": true, "score": 0.9999076724052429}, "shared": {"value": false, "score": 0.07133197784423828}}, "references": [{"label": "[Affouard et al., 2017]", "normalizedForm": "[Affouard et al., 2017]", "refKey": 1}]}, {"type": "software", "software-type": "software", "software-name": {"rawForm": "Pl@ntNet", "normalizedForm": "Pl@ntNet", "offsetStart": 99, "offsetEnd": 107}, "context": "The species name validation is based on a Bayesian inference taking as input the names proposed by Pl@ntNet users with a principle of adaptive weights depending on the user's expertise.", "mentionContextAttributes": {"used": {"value": true, "score": 0.8590062856674194}, "created": {"value": false, "score": 0.00018715858459472656}, "shared": {"value": false, "score": 7.748603820800781e-07}}, "documentContextAttributes": {"used": {"value": true, "score": 0.9999764561653137}, "created": {"value": true, "score": 0.9999076724052429}, "shared": {"value": false, "score": 0.07133197784423828}}, "references": [{"label": "[Affouard et al., 2017]", "normalizedForm": "[Affouard et al., 2017]", "refKey": 1}]}, {"type": "software", "software-type": "software", "software-name": {"rawForm": "Pl@ntNet", "normalizedForm": "Pl@ntNet", "offsetStart": 105, "offsetEnd": 113}, "context": "Label validation is based on a weighted majority voting algorithm taking as input the labels proposed by Pl@ntNet users with an adaptive weighting principle according to the user's expertise and commitment.", "mentionContextAttributes": {"used": {"value": false, "score": 0.3416961431503296}, "created": {"value": false, "score": 3.510713577270508e-05}, "shared": {"value": false, "score": 2.980232238769531e-07}}, "documentContextAttributes": {"used": {"value": true, "score": 0.9999764561653137}, "created": {"value": true, "score": 0.9999076724052429}, "shared": {"value": false, "score": 0.07133197784423828}}, "references": [{"label": "[Affouard et al., 2017]", "normalizedForm": "[Affouard et al., 2017]", "refKey": 1}]}, {"type": "software", "software-type": "software", "software-name": {"rawForm": "Pl@ntNet", "normalizedForm": "Pl@ntNet", "offsetStart": 105, "offsetEnd": 113}, "context": "To show this, we plot the Lorenz curves [Gastwirth, 1971] of the entire Pl@ntNet dataset and that of the Pl@ntNet-300K dataset in Figure 2.", "mentionContextAttributes": {"used": {"value": true, "score": 0.9979867339134216}, "created": {"value": false, "score": 6.479024887084961e-05}, "shared": {"value": false, "score": 1.7881393432617188e-07}}, "documentContextAttributes": {"used": {"value": true, "score": 0.9999764561653137}, "created": {"value": true, "score": 0.9999076724052429}, "shared": {"value": false, "score": 0.07133197784423828}}, "references": [{"label": "[Affouard et al., 2017]", "normalizedForm": "[Affouard et al., 2017]", "refKey": 1}]}, {"type": "software", "software-type": "software", "software-name": {"rawForm": "Pl@ntNet", "normalizedForm": "Pl@ntNet", "offsetStart": 106, "offsetEnd": 114}, "context": "The dataset presented in this paper is constructed by retaining only a subset of the genera of the entire Pl@ntNet database (sampled uniformly at random).", "mentionContextAttributes": {"used": {"value": false, "score": 0.24632281064987183}, "created": {"value": false, "score": 0.005852818489074707}, "shared": {"value": false, "score": 2.980232238769531e-07}}, "documentContextAttributes": {"used": {"value": true, "score": 0.9999764561653137}, "created": {"value": true, "score": 0.9999076724052429}, "shared": {"value": false, "score": 0.07133197784423828}}, "references": [{"label": "[Affouard et al., 2017]", "normalizedForm": "[Affouard et al., 2017]", "refKey": 1}]}, {"type": "software", "software-type": "software", "software-name": {"rawForm": "Pl@ntNet", "normalizedForm": "Pl@ntNet", "offsetStart": 110, "offsetEnd": 118}, "context": "However, researchers are free to use the genus information to evaluate hierarchical classification methods on Pl@ntNet-300K.", "mentionContextAttributes": {"used": {"value": false, "score": 0.03100830316543579}, "created": {"value": false, "score": 0.00010758638381958008}, "shared": {"value": false, "score": 2.980232238769531e-07}}, "documentContextAttributes": {"used": {"value": true, "score": 0.9999764561653137}, "created": {"value": true, "score": 0.9999076724052429}, "shared": {"value": false, "score": 0.07133197784423828}}, "references": [{"label": "[Affouard et al., 2017]", "normalizedForm": "[Affouard et al., 2017]", "refKey": 1}]}, {"type": "software", "software-type": "software", "software-name": {"rawForm": "Pl@ntNet", "normalizedForm": "Pl@ntNet", "offsetStart": 119, "offsetEnd": 127}, "context": "The dataset presented in this paper is constructed by sampling uniformly at random only 10% of the genera of the whole Pl@ntNet database.", "mentionContextAttributes": {"used": {"value": true, "score": 0.8827365040779114}, "created": {"value": false, "score": 0.004391610622406006}, "shared": {"value": false, "score": 2.980232238769531e-07}}, "documentContextAttributes": {"used": {"value": true, "score": 0.9999764561653137}, "created": {"value": true, "score": 0.9999076724052429}, "shared": {"value": false, "score": 0.07133197784423828}}, "references": [{"label": "[Affouard et al., 2017]", "normalizedForm": "[Affouard et al., 2017]", "refKey": 1}]}, {"type": "software", "software-type": "software", "software-name": {"rawForm": "Pl@ntNet", "normalizedForm": "Pl@ntNet", "offsetStart": 119, "offsetEnd": 127}, "context": "The mechanisms were validated by Pl@ntNet curators (expert botanists) and by the scientific and technical committee of Pl@ntNet.", "mentionContextAttributes": {"used": {"value": true, "score": 0.9999398589134216}, "created": {"value": false, "score": 7.551908493041992e-05}, "shared": {"value": false, "score": 2.980232238769531e-07}}, "documentContextAttributes": {"used": {"value": true, "score": 0.9999764561653137}, "created": {"value": true, "score": 0.9999076724052429}, "shared": {"value": false, "score": 0.07133197784423828}}, "references": [{"label": "[Affouard et al., 2017]", "normalizedForm": "[Affouard et al., 2017]", "refKey": 1}]}, {"type": "software", "software-type": "software", "software-name": {"rawForm": "Pl@ntNet", "normalizedForm": "Pl@ntNet", "offsetStart": 122, "offsetEnd": 130}, "context": "In this paper, we share and discuss a novel plant image dataset, called Pl@ntNet-300K, obtained as a subset of the entire Pl@ntNet database and intended primarily for evaluating set-valued classification methods.", "mentionContextAttributes": {"used": {"value": false, "score": 5.4895877838134766e-05}, "created": {"value": true, "score": 0.9999076724052429}, "shared": {"value": false, "score": 2.980232238769531e-07}}, "documentContextAttributes": {"used": {"value": true, "score": 0.9999764561653137}, "created": {"value": true, "score": 0.9999076724052429}, "shared": {"value": false, "score": 0.07133197784423828}}, "references": [{"label": "[Affouard et al., 2017]", "normalizedForm": "[Affouard et al., 2017]", "refKey": 1}]}, {"type": "software", "software-type": "software", "software-name": {"rawForm": "Pl@ntNet", "normalizedForm": "Pl@ntNet", "offsetStart": 129, "offsetEnd": 137}, "context": "It can therefore be used as a FGVC dataset to evaluate methods that aim to optimize Table 2: Comparison of several datasets with Pl@ntNet-300K.", "mentionContextAttributes": {"used": {"value": false, "score": 0.00027823448181152344}, "created": {"value": false, "score": 2.9742717742919922e-05}, "shared": {"value": false, "score": 1.7881393432617188e-07}}, "documentContextAttributes": {"used": {"value": true, "score": 0.9999764561653137}, "created": {"value": true, "score": 0.9999076724052429}, "shared": {"value": false, "score": 0.07133197784423828}}, "references": [{"label": "[Affouard et al., 2017]", "normalizedForm": "[Affouard et al., 2017]", "refKey": 1}]}, {"type": "software", "software-type": "software", "software-name": {"rawForm": "Pl@ntNet", "normalizedForm": "Pl@ntNet", "offsetStart": 136, "offsetEnd": 144}, "context": "As expected, the two metrics are positively correlated: deep networks allowing to model complex features work well both on ImageNet and Pl@ntNet-300K.", "mentionContextAttributes": {"used": {"value": false, "score": 0.028665006160736084}, "created": {"value": false, "score": 0.0003567934036254883}, "shared": {"value": false, "score": 4.172325134277344e-07}}, "documentContextAttributes": {"used": {"value": true, "score": 0.9999764561653137}, "created": {"value": true, "score": 0.9999076724052429}, "shared": {"value": false, "score": 0.07133197784423828}}, "references": [{"label": "[Affouard et al., 2017]", "normalizedForm": "[Affouard et al., 2017]", "refKey": 1}]}, {"type": "software", "software-type": "software", "software-name": {"rawForm": "Pl@ntNet", "normalizedForm": "Pl@ntNet", "offsetStart": 136, "offsetEnd": 144}, "context": "The species name validation process of Pl@ntNet is based on a weighted majority voting algorithm taking as input the labels proposed by Pl@ntNet users with a principle of adaptive weights depending on the user's expertise and engagement.", "mentionContextAttributes": {"used": {"value": false, "score": 0.3967086672782898}, "created": {"value": false, "score": 0.00011819601058959961}, "shared": {"value": false, "score": 5.364418029785156e-07}}, "documentContextAttributes": {"used": {"value": true, "score": 0.9999764561653137}, "created": {"value": true, "score": 0.9999076724052429}, "shared": {"value": false, "score": 0.07133197784423828}}, "references": [{"label": "[Affouard et al., 2017]", "normalizedForm": "[Affouard et al., 2017]", "refKey": 1}]}, {"type": "software", "software-type": "software", "software-name": {"rawForm": "Pl@ntNet", "normalizedForm": "Pl@ntNet", "offsetStart": 148, "offsetEnd": 156}, "context": "Unlike previous datasets, Pl@ntNet-300k is designed so as to preserve the high level of ambiguity across classes of the initial real-world dataset (Pl@ntNet) as well as its long tail distribution.", "mentionContextAttributes": {"used": {"value": false, "score": 0.0004761815071105957}, "created": {"value": false, "score": 0.0009102821350097656}, "shared": {"value": false, "score": 2.980232238769531e-07}}, "documentContextAttributes": {"used": {"value": true, "score": 0.9999764561653137}, "created": {"value": true, "score": 0.9999076724052429}, "shared": {"value": false, "score": 0.07133197784423828}}, "references": [{"label": "[Affouard et al., 2017]", "normalizedForm": "[Affouard et al., 2017]", "refKey": 1}]}, {"type": "software", "software-type": "software", "software-name": {"rawForm": "Pl@ntNet", "normalizedForm": "Pl@ntNet", "offsetStart": 151, "offsetEnd": 159}, "context": "Although we are convinced of the need to design new set-valued methods due to the ever increasing amount of classes to discriminate, the properties of Pl@ntNet-300K described in Section 3 make it an ideal candidate for various other tasks.", "mentionContextAttributes": {"used": {"value": false, "score": 0.00013494491577148438}, "created": {"value": true, "score": 0.9555789828300476}, "shared": {"value": false, "score": 4.172325134277344e-07}}, "documentContextAttributes": {"used": {"value": true, "score": 0.9999764561653137}, "created": {"value": true, "score": 0.9999076724052429}, "shared": {"value": false, "score": 0.07133197784423828}}, "references": [{"label": "[Affouard et al., 2017]", "normalizedForm": "[Affouard et al., 2017]", "refKey": 1}]}, {"type": "software", "software-type": "software", "software-name": {"rawForm": "Pl@ntNet", "normalizedForm": "Pl@ntNet", "offsetStart": 155, "offsetEnd": 163}, "context": "This can can also be seen in Figure 6: some models reach a macro-average average-5 accuracy of 97% for ImageNet, while that metric does not exceed 80% for Pl@ntNet-300K, which suggests that progress could be made with appropriate learning strategies.", "mentionContextAttributes": {"used": {"value": false, "score": 0.0053727030754089355}, "created": {"value": false, "score": 0.00010913610458374023}, "shared": {"value": false, "score": 5.364418029785156e-07}}, "documentContextAttributes": {"used": {"value": true, "score": 0.9999764561653137}, "created": {"value": true, "score": 0.9999076724052429}, "shared": {"value": false, "score": 0.07133197784423828}}, "references": [{"label": "[Affouard et al., 2017]", "normalizedForm": "[Affouard et al., 2017]", "refKey": 1}]}, {"type": "software", "software-type": "software", "software-name": {"rawForm": "Pl@ntNet", "normalizedForm": "Pl@ntNet", "offsetStart": 156, "offsetEnd": 164}, "context": "The strong class imbalance can be used by researchers to evaluate new algorithms specifically designed for tackling class imbalance [Zhou et al., 2020, ?]. Pl@ntNet-300K contains a large amount of aleatoric uncertainty resulting from many visually similar classes.", "mentionContextAttributes": {"used": {"value": false, "score": 0.00016736984252929688}, "created": {"value": false, "score": 0.0002611875534057617}, "shared": {"value": false, "score": 4.172325134277344e-07}}, "documentContextAttributes": {"used": {"value": true, "score": 0.9999764561653137}, "created": {"value": true, "score": 0.9999076724052429}, "shared": {"value": false, "score": 0.07133197784423828}}, "references": [{"label": "[Affouard et al., 2017]", "normalizedForm": "[Affouard et al., 2017]", "refKey": 1}]}, {"type": "software", "software-type": "software", "software-name": {"rawForm": "Pl@ntNet", "normalizedForm": "Pl@ntNet", "offsetStart": 159, "offsetEnd": 167}, "context": "Moreover, the authors selected all classes with a number of observations greater than 20, whereas we choose to randomly sample 10% of the genera of the entire Pl@ntNet database and keep all species belonging to these groups with a number of observations greater than 4. We argue that keeping all species of the same genus maximizes aleatoric uncertainty, because species belonging to the same genus tend to share visual features.", "mentionContextAttributes": {"used": {"value": true, "score": 0.998692512512207}, "created": {"value": false, "score": 2.282857894897461e-05}, "shared": {"value": false, "score": 1.9669532775878906e-06}}, "documentContextAttributes": {"used": {"value": true, "score": 0.9999764561653137}, "created": {"value": true, "score": 0.9999076724052429}, "shared": {"value": false, "score": 0.07133197784423828}}, "references": [{"label": "[Affouard et al., 2017]", "normalizedForm": "[Affouard et al., 2017]", "refKey": 1}]}, {"type": "software", "software-type": "software", "software-name": {"rawForm": "Pl@ntNet", "normalizedForm": "Pl@ntNet", "offsetStart": 189, "offsetEnd": 197}, "context": "To derive both classifiers, one can first obtain an estimate of the conditional probabilities pl (x) and then derive the plug-in classifiers, as explained in Section 2. Our hope is for the Pl@ntNet-300K dataset to encourage novel ways to derive the set-valued classifiers \u0393 top-k and \u0393 average-k to optimize respectively the top-k accuracy and the average-k accuracy.", "mentionContextAttributes": {"used": {"value": false, "score": 0.08669894933700562}, "created": {"value": false, "score": 0.0007864236831665039}, "shared": {"value": false, "score": 2.0265579223632812e-06}}, "documentContextAttributes": {"used": {"value": true, "score": 0.9999764561653137}, "created": {"value": true, "score": 0.9999076724052429}, "shared": {"value": false, "score": 0.07133197784423828}}, "references": [{"label": "[Affouard et al., 2017]", "normalizedForm": "[Affouard et al., 2017]", "refKey": 1}]}, {"type": "software", "software-type": "software", "software-name": {"rawForm": "Pl@ntNet", "normalizedForm": "Pl@ntNet", "offsetStart": 214, "offsetEnd": 222}, "context": "In Figure 8a we can notice that ImageNet macro-average top-1 accuracy and Pl@ntNet-300K macro-average top-1 accuracy vary at different scales: the former goes up to 80% while the latter does not exceed 40%, making Pl@ntNet-300K a challenging dataset with both epistemic and aleatoric uncertainty at play.", "mentionContextAttributes": {"used": {"value": false, "score": 0.020888090133666992}, "created": {"value": false, "score": 5.0067901611328125e-06}, "shared": {"value": false, "score": 3.5762786865234375e-07}}, "documentContextAttributes": {"used": {"value": true, "score": 0.9999764561653137}, "created": {"value": true, "score": 0.9999076724052429}, "shared": {"value": false, "score": 0.07133197784423828}}, "references": [{"label": "[Affouard et al., 2017]", "normalizedForm": "[Affouard et al., 2017]", "refKey": 1}]}], "references": [{"refKey": 1, "tei": "<biblStruct xml:id=\"b1\">\n\t<analytic>\n\t\t<title level=\"a\" type=\"main\">Pl@ntnet app in the era of deep learning</title>\n\t\t<author>\n\t\t\t<persName><forename type=\"first\">Antoine</forename><surname>Affouard</surname></persName>\n\t\t</author>\n\t\t<author>\n\t\t\t<persName><forename type=\"first\">Herv\u00e9</forename><surname>Go\u00ebau</surname></persName>\n\t\t</author>\n\t\t<author>\n\t\t\t<persName><forename type=\"first\">Pierre</forename><surname>Bonnet</surname></persName>\n\t\t</author>\n\t\t<author>\n\t\t\t<persName><forename type=\"first\">Jean-Christophe</forename><surname>Lombardo</surname></persName>\n\t\t</author>\n\t\t<author>\n\t\t\t<persName><forename type=\"first\">Alexis</forename><surname>Joly</surname></persName>\n\t\t</author>\n\t</analytic>\n\t<monogr>\n\t\t<title level=\"m\">ICLR -Workshop Track</title>\n\t\t<imprint>\n\t\t\t<date>2017</date>\n\t\t</imprint>\n\t</monogr>\n</biblStruct>\n"}], "runtime": 72290, "id": "5fd11d6eefa08a128231b0748c36e3c94b750bb4", "metadata": {"id": "5fd11d6eefa08a128231b0748c36e3c94b750bb4"}, "original_file_path": "../../datalake/Samuel/SOFTware-Sync/data/xml_not_sofctied/hal-03474556.grobid.tei.xml", "file_name": "hal-03474556.grobid.tei.xml"}