{"application": "software-mentions", "version": "0.8.0", "date": "2024-04-15T07:19+0000", "md5": "7D9A54DA13308128286FFDD8BC4FB82F", "mentions": [{"type": "software", "software-type": "software", "software-name": {"rawForm": "Mon", "normalizedForm": "Mon", "offsetStart": 0, "offsetEnd": 3}, "context": "Mon-goDB and Morph-xR2RML were deployed on a separate machine equipped with 8 CPU cores and 48GB RAM.", "mentionContextAttributes": {"used": {"value": true, "score": 0.9983317255973816}, "created": {"value": false, "score": 5.060434341430664e-05}, "shared": {"value": false, "score": 2.980232238769531e-07}}, "documentContextAttributes": {"used": {"value": true, "score": 0.9997457265853882}, "created": {"value": false, "score": 5.060434341430664e-05}, "shared": {"value": false, "score": 4.172325134277344e-07}}}, {"type": "software", "software-type": "software", "software-name": {"rawForm": "Annotator+", "normalizedForm": "Annotator+", "offsetStart": 0, "offsetEnd": 15}, "context": "Annotator+ [19] extends its capabilities with the integration of a lemmatizer and the Context/NegEx algorithms.", "mentionContextAttributes": {"used": {"value": false, "score": 0.00010484457015991211}, "created": {"value": false, "score": 0.00014638900756835938}, "shared": {"value": false, "score": 2.980232238769531e-07}}, "documentContextAttributes": {"used": {"value": true, "score": 0.9481648206710815}, "created": {"value": false, "score": 0.0022884011268615723}, "shared": {"value": false, "score": 2.980232238769531e-07}}}, {"type": "software", "software-type": "software", "software-name": {"rawForm": "SciBERT", "normalizedForm": "SciBERT", "offsetStart": 4, "offsetEnd": 11}, "context": "The SciBERT transformer is used to create the numerical representation of the input text, and combined with a linear layer to classify the relation. ", "mentionContextAttributes": {"used": {"value": true, "score": 0.9975754022598267}, "created": {"value": false, "score": 1.6391277313232422e-05}, "shared": {"value": false, "score": 2.980232238769531e-07}}, "documentContextAttributes": {"used": {"value": true, "score": 0.9975754022598267}, "created": {"value": false, "score": 1.6391277313232422e-05}, "shared": {"value": false, "score": 2.980232238769531e-07}}}, {"type": "software", "software-type": "software", "software-name": {"rawForm": "Covid Linked Data Visualizer", "normalizedForm": "Covid Linked Data Visualizer", "offsetStart": 4, "offsetEnd": 32}, "context": "The Covid Linked Data Visualizer (presented in section 4) supports the visual exploration of the Covid-on-the-Web dataset.", "mentionContextAttributes": {"used": {"value": false, "score": 0.0011333227157592773}, "created": {"value": false, "score": 0.013052403926849365}, "shared": {"value": false, "score": 4.172325134277344e-07}}, "documentContextAttributes": {"used": {"value": true, "score": 0.9999685883522034}, "created": {"value": true, "score": 0.9998538494110107}, "shared": {"value": false, "score": 0.000622093677520752}}}, {"type": "software", "software-type": "software", "software-name": {"rawForm": "ClusterVis", "normalizedForm": "ClusterVis", "offsetStart": 6, "offsetEnd": 16}, "context": "IRIS, ClusterVis, etc). ", "mentionContextAttributes": {"used": {"value": false, "score": 0.16140198707580566}, "created": {"value": false, "score": 5.543231964111328e-06}, "shared": {"value": false, "score": 4.172325134277344e-07}}, "documentContextAttributes": {"used": {"value": false, "score": 0.16140198707580566}, "created": {"value": false, "score": 0.00010126829147338867}, "shared": {"value": false, "score": 1.6093254089355469e-06}}}, {"type": "software", "software-type": "software", "software-name": {"rawForm": "BioPortal Annotator", "normalizedForm": "BioPortal Annotator", "offsetStart": 6, "offsetEnd": 30}, "context": "-NCBO BioPortal Annotator [12] annotates biomedical texts against vocabularies loaded in BioPortal. ", "mentionContextAttributes": {"used": {"value": false, "score": 0.0020825862884521484}, "created": {"value": false, "score": 2.3245811462402344e-06}, "shared": {"value": false, "score": 1.7881393432617188e-07}}, "documentContextAttributes": {"used": {"value": true, "score": 0.9999127984046936}, "created": {"value": false, "score": 1.245737075805664e-05}, "shared": {"value": false, "score": 4.172325134277344e-07}}}, {"type": "software", "software-type": "software", "software-name": {"rawForm": "Spotlight", "normalizedForm": "Spotlight", "offsetStart": 8, "offsetEnd": 17}, "context": "We used Spotlight with a pre-trained model 22 and Annotator's online API23 with the Annotator+ features to benefit from the whole set of ontologies in BioPortal. ", "mentionContextAttributes": {"used": {"value": true, "score": 0.9968651533126831}, "created": {"value": false, "score": 0.0007578134536743164}, "shared": {"value": false, "score": 2.562999725341797e-06}}, "documentContextAttributes": {"used": {"value": true, "score": 0.9999211430549622}, "created": {"value": false, "score": 0.0007578134536743164}, "shared": {"value": false, "score": 2.562999725341797e-06}}, "references": [{"label": "[6]", "normalizedForm": "[6]", "refKey": 7}]}, {"type": "software", "software-type": "software", "software-name": {"rawForm": "Covid Linked Data Visualizer", "normalizedForm": "Covid Linked Data Visualizer", "offsetStart": 8, "offsetEnd": 36}, "context": "Fig. 2. Covid Linked Data Visualizer: visualization of the subset of articles that mention both a type of cancer (blue dots) and a virus of the corona family (orange dots).", "mentionContextAttributes": {"used": {"value": false, "score": 0.0004608035087585449}, "created": {"value": false, "score": 3.4749507904052734e-05}, "shared": {"value": false, "score": 4.172325134277344e-07}}, "documentContextAttributes": {"used": {"value": true, "score": 0.9999685883522034}, "created": {"value": true, "score": 0.9998538494110107}, "shared": {"value": false, "score": 0.000622093677520752}}}, {"type": "software", "software-type": "software", "software-name": {"rawForm": "Spotlight", "normalizedForm": "Spotlight", "offsetStart": 9, "offsetEnd": 18}, "context": "-DBpedia Spotlight [6] can annotate text in eight different languages with DBpedia entities.", "mentionContextAttributes": {"used": {"value": false, "score": 0.0004329085350036621}, "created": {"value": false, "score": 9.59634780883789e-06}, "shared": {"value": false, "score": 2.980232238769531e-07}}, "documentContextAttributes": {"used": {"value": true, "score": 0.9999211430549622}, "created": {"value": false, "score": 0.0007578134536743164}, "shared": {"value": false, "score": 2.562999725341797e-06}}, "references": [{"label": "[6]", "normalizedForm": "[6]", "refKey": 7, "offsetStart": 5483, "offsetEnd": 5486}]}, {"type": "software", "software-type": "software", "software-name": {"rawForm": "Spotlight", "normalizedForm": "Spotlight", "offsetStart": 16, "offsetEnd": 25}, "context": "We used DBpedia Spotlight [6], Entity-fishing 3 and NCBO BioPortal Annotator [12] to extract Named Entities (NE) from the CORD-19 articles, and disambiguate them against LOD resources from DBpedia, Wikidata and BioPortal ontologies.", "mentionContextAttributes": {"used": {"value": true, "score": 0.9999211430549622}, "created": {"value": false, "score": 4.231929779052734e-06}, "shared": {"value": false, "score": 4.172325134277344e-07}}, "documentContextAttributes": {"used": {"value": true, "score": 0.9999211430549622}, "created": {"value": false, "score": 0.0007578134536743164}, "shared": {"value": false, "score": 2.562999725341797e-06}}, "references": [{"label": "[6]", "normalizedForm": "[6]", "refKey": 7, "offsetStart": 2938, "offsetEnd": 2941}]}, {"type": "software", "software-type": "software", "software-name": {"rawForm": "Visualizer", "normalizedForm": "Visualizer", "offsetStart": 21, "offsetEnd": 31}, "context": "30 Covid Linked Data Visualizer can be tested at: http://covid19.i3s.unice.fr:8080 ", "mentionContextAttributes": {"used": {"value": false, "score": 0.003944873809814453}, "created": {"value": false, "score": 2.6524066925048828e-05}, "shared": {"value": true, "score": 0.8443394303321838}}, "documentContextAttributes": {"used": {"value": false, "score": 0.003944873809814453}, "created": {"value": false, "score": 2.6524066925048828e-05}, "shared": {"value": true, "score": 0.8443394303321838}}}, {"type": "software", "software-type": "software", "software-name": {"rawForm": "Annotator+", "normalizedForm": "Annotator+", "offsetStart": 31, "offsetEnd": 41}, "context": "To keep the files generated by Annotator+ of a manageable size, we disabled the options negation, experiencer, temporality, display links and display context. ", "mentionContextAttributes": {"used": {"value": true, "score": 0.9481648206710815}, "created": {"value": false, "score": 0.0022884011268615723}, "shared": {"value": false, "score": 1.7881393432617188e-07}}, "documentContextAttributes": {"used": {"value": true, "score": 0.9481648206710815}, "created": {"value": false, "score": 0.0022884011268615723}, "shared": {"value": false, "score": 2.980232238769531e-07}}}, {"type": "software", "software-type": "software", "software-name": {"rawForm": "Covid Linked Data Visualizer", "normalizedForm": "Covid Linked Data Visualizer", "offsetStart": 31, "offsetEnd": 59}, "context": "We have developed a tool named Covid Linked Data Visualizer 30 comprising a query web interface hosted by a node.js ", "mentionContextAttributes": {"used": {"value": false, "score": 5.561113357543945e-05}, "created": {"value": true, "score": 0.9998538494110107}, "shared": {"value": false, "score": 0.000622093677520752}}, "documentContextAttributes": {"used": {"value": true, "score": 0.9999685883522034}, "created": {"value": true, "score": 0.9998538494110107}, "shared": {"value": false, "score": 0.000622093677520752}}}, {"type": "software", "software-type": "software", "software-name": {"rawForm": "Mgrep", "normalizedForm": "Mgrep", "offsetStart": 34, "offsetEnd": 39}, "context": "Patterns are identified using the Mgrep method. ", "mentionContextAttributes": {"used": {"value": true, "score": 0.9776405096054077}, "created": {"value": false, "score": 3.0100345611572266e-05}, "shared": {"value": false, "score": 2.980232238769531e-07}}, "documentContextAttributes": {"used": {"value": true, "score": 0.9776405096054077}, "created": {"value": false, "score": 3.0100345611572266e-05}, "shared": {"value": false, "score": 2.980232238769531e-07}}}, {"type": "software", "software-type": "software", "software-name": {"rawForm": "Spotlight", "normalizedForm": "Spotlight", "offsetStart": 35, "offsetEnd": 44}, "context": "The extraction of NEs with DBpedia Spotlight, Entity-fishing and BioPortal Annotator produced approximately 150,000 JSON documents ranging from 100KB to 50 MB each. ", "mentionContextAttributes": {"used": {"value": true, "score": 0.9999127984046936}, "created": {"value": false, "score": 1.245737075805664e-05}, "shared": {"value": false, "score": 4.172325134277344e-07}}, "documentContextAttributes": {"used": {"value": true, "score": 0.9999211430549622}, "created": {"value": false, "score": 0.0007578134536743164}, "shared": {"value": false, "score": 2.562999725341797e-06}}, "references": [{"label": "[6]", "normalizedForm": "[6]", "refKey": 7}]}, {"type": "software", "software-type": "software", "software-name": {"rawForm": "Mon", "normalizedForm": "Mon", "offsetStart": 46, "offsetEnd": 49}, "context": "The full processing, i.e., spanning upload in Mon-goDB of the documents produced by the NE extractors, pre-processing and RDF files generation, took approximately three days.", "mentionContextAttributes": {"used": {"value": true, "score": 0.9997457265853882}, "created": {"value": false, "score": 3.236532211303711e-05}, "shared": {"value": false, "score": 4.172325134277344e-07}}, "documentContextAttributes": {"used": {"value": true, "score": 0.9997457265853882}, "created": {"value": false, "score": 5.060434341430664e-05}, "shared": {"value": false, "score": 4.172325134277344e-07}}}, {"type": "software", "software-type": "software", "software-name": {"rawForm": "MGExplorer", "normalizedForm": "MGExplorer", "offsetStart": 46, "offsetEnd": 60}, "context": "Meanwhile, we integrated the Corese 5 [5] and MGExplorer [4] platforms to support the manipulation of knowledge graphs and their visualization and exploration on the Web.", "mentionContextAttributes": {"used": {"value": false, "score": 0.003911316394805908}, "created": {"value": false, "score": 0.4654443860054016}, "shared": {"value": false, "score": 2.980232238769531e-07}}, "documentContextAttributes": {"used": {"value": true, "score": 0.9999685883522034}, "created": {"value": false, "score": 0.4654443860054016}, "shared": {"value": false, "score": 8.779764175415039e-05}}}, {"type": "software", "software-type": "software", "software-name": {"rawForm": "Annotator", "normalizedForm": "Annotator", "offsetStart": 50, "offsetEnd": 59}, "context": "We used Spotlight with a pre-trained model 22 and Annotator's online API23 with the Annotator+ features to benefit from the whole set of ontologies in BioPortal. ", "mentionContextAttributes": {"used": {"value": true, "score": 0.9968651533126831}, "created": {"value": false, "score": 0.0007578134536743164}, "shared": {"value": false, "score": 2.562999725341797e-06}}, "documentContextAttributes": {"used": {"value": true, "score": 0.9999211430549622}, "created": {"value": false, "score": 0.0007578134536743164}, "shared": {"value": false, "score": 2.562999725341797e-06}}, "references": [{"label": "[12]", "normalizedForm": "[12]", "refKey": 13}]}, {"type": "software", "software-type": "software", "software-name": {"rawForm": "MGExplorer", "normalizedForm": "MGExplorer", "offsetStart": 54, "offsetEnd": 64}, "context": "Then, exploration of the result graph is supported by MGExplorer that encompasses a set of specialized visualization techniques, each of them allowing to focus on a 28 CORD-19 license https://www.kaggle.com/allen-institute-for-ai/CORD-19-research-challenge/ ", "mentionContextAttributes": {"used": {"value": false, "score": 0.01052248477935791}, "created": {"value": false, "score": 0.03421342372894287}, "shared": {"value": false, "score": 5.179643630981445e-05}}, "documentContextAttributes": {"used": {"value": true, "score": 0.9999685883522034}, "created": {"value": false, "score": 0.4654443860054016}, "shared": {"value": false, "score": 8.779764175415039e-05}}}, {"type": "software", "software-type": "software", "software-name": {"rawForm": "BioPortal", "normalizedForm": "BioPortal", "offsetStart": 57, "offsetEnd": 66}, "context": "We used DBpedia Spotlight [6], Entity-fishing 3 and NCBO BioPortal Annotator [12] to extract Named Entities (NE) from the CORD-19 articles, and disambiguate them against LOD resources from DBpedia, Wikidata and BioPortal ontologies.", "mentionContextAttributes": {"used": {"value": true, "score": 0.9999211430549622}, "created": {"value": false, "score": 4.231929779052734e-06}, "shared": {"value": false, "score": 4.172325134277344e-07}}, "documentContextAttributes": {"used": {"value": true, "score": 0.9999212026596069}, "created": {"value": true, "score": 0.9404820203781128}, "shared": {"value": false, "score": 5.066394805908203e-06}}}, {"type": "software", "software-type": "software", "software-name": {"rawForm": "Covid Linked Data Visualizer", "normalizedForm": "Covid Linked Data Visualizer", "offsetStart": 58, "offsetEnd": 86}, "context": "Taking that query as a first competency question, we used Covid Linked Data Visualizer whose results are visualized with the MGExplorer library (Fig. 2). ", "mentionContextAttributes": {"used": {"value": true, "score": 0.9999685883522034}, "created": {"value": false, "score": 1.1622905731201172e-05}, "shared": {"value": false, "score": 1.7881393432617188e-07}}, "documentContextAttributes": {"used": {"value": true, "score": 0.9999685883522034}, "created": {"value": true, "score": 0.9998538494110107}, "shared": {"value": false, "score": 0.000622093677520752}}}, {"type": "software", "software-type": "software", "software-name": {"rawForm": "BioPortal Annotator", "normalizedForm": "BioPortal Annotator", "offsetStart": 65, "offsetEnd": 84}, "context": "The extraction of NEs with DBpedia Spotlight, Entity-fishing and BioPortal Annotator produced approximately 150,000 JSON documents ranging from 100KB to 50 MB each. ", "mentionContextAttributes": {"used": {"value": true, "score": 0.9999127984046936}, "created": {"value": false, "score": 1.245737075805664e-05}, "shared": {"value": false, "score": 4.172325134277344e-07}}, "documentContextAttributes": {"used": {"value": true, "score": 0.9999127984046936}, "created": {"value": false, "score": 1.245737075805664e-05}, "shared": {"value": false, "score": 4.172325134277344e-07}}}, {"type": "software", "software-type": "software", "software-name": {"rawForm": "SciBERT", "normalizedForm": "SciBERT", "offsetStart": 66, "offsetEnd": 77}, "context": "The weights in BERT are initialized with specialised weights from SciBERT [1] and provides an improved representation of the language used in scientific documents such as in CORD-19. ", "mentionContextAttributes": {"used": {"value": false, "score": 0.013014435768127441}, "created": {"value": false, "score": 5.900859832763672e-06}, "shared": {"value": false, "score": 1.7881393432617188e-07}}, "documentContextAttributes": {"used": {"value": true, "score": 0.9975754022598267}, "created": {"value": false, "score": 1.6391277313232422e-05}, "shared": {"value": false, "score": 2.980232238769531e-07}}}, {"type": "software", "software-type": "software", "software-name": {"rawForm": "Annotator", "normalizedForm": "Annotator", "offsetStart": 67, "offsetEnd": 76}, "context": "We used DBpedia Spotlight [6], Entity-fishing 3 and NCBO BioPortal Annotator [12] to extract Named Entities (NE) from the CORD-19 articles, and disambiguate them against LOD resources from DBpedia, Wikidata and BioPortal ontologies.", "mentionContextAttributes": {"used": {"value": true, "score": 0.9999211430549622}, "created": {"value": false, "score": 4.231929779052734e-06}, "shared": {"value": false, "score": 4.172325134277344e-07}}, "documentContextAttributes": {"used": {"value": true, "score": 0.9999211430549622}, "created": {"value": false, "score": 0.0007578134536743164}, "shared": {"value": false, "score": 2.562999725341797e-06}}, "references": [{"label": "[12]", "normalizedForm": "[12]", "refKey": 13, "offsetStart": 2989, "offsetEnd": 2993}]}, {"type": "software", "software-type": "software", "software-name": {"rawForm": "BioPortal", "normalizedForm": "BioPortal", "offsetStart": 72, "offsetEnd": 81}, "context": "In our approach, we have not only considered biomedical ontologies from BioPortal, but we have also extended this scope with two general knowledge bases that are major hubs in the Web of Data: DBpedia and Wikidata.", "mentionContextAttributes": {"used": {"value": false, "score": 0.0049364566802978516}, "created": {"value": true, "score": 0.9404820203781128}, "shared": {"value": false, "score": 5.066394805908203e-06}}, "documentContextAttributes": {"used": {"value": true, "score": 0.9999212026596069}, "created": {"value": true, "score": 0.9404820203781128}, "shared": {"value": false, "score": 5.066394805908203e-06}}}, {"type": "software", "software-type": "software", "software-name": {"rawForm": "COVIDScholar", "normalizedForm": "COVIDScholar", "offsetStart": 79, "offsetEnd": 91}, "context": "The KG is built by processing the CORD-19 corpus and adding NEs extracted from COVIDScholar.org and mapped to terms from biomedical ontologies. ", "mentionContextAttributes": {"used": {"value": true, "score": 0.9543048143386841}, "created": {"value": false, "score": 0.12399512529373169}, "shared": {"value": false, "score": 2.980232238769531e-07}}, "documentContextAttributes": {"used": {"value": true, "score": 0.9543048143386841}, "created": {"value": false, "score": 0.12399512529373169}, "shared": {"value": false, "score": 2.980232238769531e-07}}}, {"type": "software", "software-type": "software", "software-name": {"rawForm": "Annotator", "normalizedForm": "Annotator", "offsetStart": 84, "offsetEnd": 93}, "context": "We used Spotlight with a pre-trained model 22 and Annotator's online API23 with the Annotator+ features to benefit from the whole set of ontologies in BioPortal. ", "mentionContextAttributes": {"used": {"value": true, "score": 0.9968651533126831}, "created": {"value": false, "score": 0.0007578134536743164}, "shared": {"value": false, "score": 2.562999725341797e-06}}, "documentContextAttributes": {"used": {"value": true, "score": 0.9999211430549622}, "created": {"value": false, "score": 0.0007578134536743164}, "shared": {"value": false, "score": 2.562999725341797e-06}}, "references": [{"label": "[12]", "normalizedForm": "[12]", "refKey": 13}]}, {"type": "software", "software-type": "software", "software-name": {"rawForm": "MGExplorer", "normalizedForm": "MGExplorer", "offsetStart": 86, "offsetEnd": 96}, "context": "server, a transformation engine based on the Corese Semantic Web factory [5], and the MGExplorer graphic library [4]. ", "mentionContextAttributes": {"used": {"value": false, "score": 0.0016304254531860352}, "created": {"value": false, "score": 0.0001575946807861328}, "shared": {"value": false, "score": 1.7881393432617188e-07}}, "documentContextAttributes": {"used": {"value": true, "score": 0.9999685883522034}, "created": {"value": false, "score": 0.4654443860054016}, "shared": {"value": false, "score": 8.779764175415039e-05}}}, {"type": "software", "software-type": "software", "software-name": {"rawForm": "BioPortal", "normalizedForm": "BioPortal", "offsetStart": 89, "offsetEnd": 98}, "context": "-NCBO BioPortal Annotator [12] annotates biomedical texts against vocabularies loaded in BioPortal.", "mentionContextAttributes": {"used": {"value": false, "score": 0.0020825862884521484}, "created": {"value": false, "score": 2.3245811462402344e-06}, "shared": {"value": false, "score": 1.7881393432617188e-07}}, "documentContextAttributes": {"used": {"value": true, "score": 0.9999212026596069}, "created": {"value": true, "score": 0.9404820203781128}, "shared": {"value": false, "score": 5.066394805908203e-06}}}, {"type": "software", "software-type": "software", "software-name": {"rawForm": "ClusterVis", "normalizedForm": "ClusterVis", "offsetStart": 91, "offsetEnd": 101}, "context": "For example, users can run a query to visualize a co-authorship network; then use IRIS and ClusterVis to understand who is working together and on which topics. ", "mentionContextAttributes": {"used": {"value": false, "score": 0.0002580881118774414}, "created": {"value": false, "score": 0.00010126829147338867}, "shared": {"value": false, "score": 1.4901161193847656e-06}}, "documentContextAttributes": {"used": {"value": false, "score": 0.16140198707580566}, "created": {"value": false, "score": 0.00010126829147338867}, "shared": {"value": false, "score": 1.6093254089355469e-06}}}, {"type": "software", "software-type": "software", "software-name": {"rawForm": "ScispaCy", "normalizedForm": "ScispaCy", "offsetStart": 115, "offsetEnd": 127}, "context": "To facilitate structured queries, PICO elements are linked to Unified Medical Language System (UMLS) concepts with ScispaCy [16].", "mentionContextAttributes": {"used": {"value": false, "score": 0.4300682544708252}, "created": {"value": false, "score": 2.9742717742919922e-05}, "shared": {"value": false, "score": 1.7881393432617188e-07}}, "documentContextAttributes": {"used": {"value": false, "score": 0.4300682544708252}, "created": {"value": false, "score": 2.9742717742919922e-05}, "shared": {"value": false, "score": 1.7881393432617188e-07}}}, {"type": "software", "software-type": "software", "software-name": {"rawForm": "MGExplorer", "normalizedForm": "MGExplorer", "offsetStart": 122, "offsetEnd": 132}, "context": "On top of this dataset, we provide several visualization and exploration tools based on the Corese Semantic Web platform, MGExplorer visualization library, as well as the Jupyter Notebook technology. ", "mentionContextAttributes": {"used": {"value": false, "score": 0.00039190053939819336}, "created": {"value": false, "score": 0.06636321544647217}, "shared": {"value": false, "score": 2.682209014892578e-06}}, "documentContextAttributes": {"used": {"value": true, "score": 0.9999685883522034}, "created": {"value": false, "score": 0.4654443860054016}, "shared": {"value": false, "score": 8.779764175415039e-05}}}, {"type": "software", "software-type": "software", "software-name": {"rawForm": "MGExplorer", "normalizedForm": "MGExplorer", "offsetStart": 125, "offsetEnd": 135}, "context": "Taking that query as a first competency question, we used Covid Linked Data Visualizer whose results are visualized with the MGExplorer library (Fig. 2). ", "mentionContextAttributes": {"used": {"value": true, "score": 0.9999685883522034}, "created": {"value": false, "score": 1.1622905731201172e-05}, "shared": {"value": false, "score": 1.7881393432617188e-07}}, "documentContextAttributes": {"used": {"value": true, "score": 0.9999685883522034}, "created": {"value": false, "score": 0.4654443860054016}, "shared": {"value": false, "score": 8.779764175415039e-05}}}, {"type": "software", "software-type": "software", "software-name": {"rawForm": "OpenLink", "normalizedForm": "OpenLink", "offsetStart": 126, "offsetEnd": 134}, "context": "Let us finally mention that, beyond our own uses, the Covid-on-the-Web dataset is now served by the LOD Cloud cache hosted by OpenLink Software. ", "mentionContextAttributes": {"used": {"value": false, "score": 0.05671429634094238}, "created": {"value": false, "score": 0.017076492309570312}, "shared": {"value": false, "score": 0.0005410909652709961}}, "documentContextAttributes": {"used": {"value": false, "score": 0.05671429634094238}, "created": {"value": false, "score": 0.017076492309570312}, "shared": {"value": false, "score": 0.0005410909652709961}}}, {"type": "software", "software-type": "software", "software-name": {"rawForm": "ClusterVis", "normalizedForm": "ClusterVis", "offsetStart": 129, "offsetEnd": 139}, "context": "Fig. 2 illustrates some of these techniques: nodeedge diagram (left) shows an overview of all the nodes and their relationships; ClusterVis (top right) is a cluster-based visualization allowing the comparison of node attributes while keeping the representation of the relationships among them; IRIS (bottom right) is an egocentric view for displaying all attributes and relations of a particular node. ", "mentionContextAttributes": {"used": {"value": false, "score": 0.0004354119300842285}, "created": {"value": false, "score": 1.436471939086914e-05}, "shared": {"value": false, "score": 1.6093254089355469e-06}}, "documentContextAttributes": {"used": {"value": false, "score": 0.16140198707580566}, "created": {"value": false, "score": 0.00010126829147338867}, "shared": {"value": false, "score": 1.6093254089355469e-06}}}, {"type": "software", "software-type": "software", "software-name": {"rawForm": "MGExplorer", "normalizedForm": "MGExplorer", "offsetStart": 141, "offsetEnd": 151}, "context": "In addition to being interoperable with central knowledge graphs used within the Semantic Web community, the visualizations we offer through MGExplorer and Notebooks show the potential of these technologies in other fields, e.g., the biomedical and medical ones.", "mentionContextAttributes": {"used": {"value": false, "score": 5.6803226470947266e-05}, "created": {"value": false, "score": 0.009480416774749756}, "shared": {"value": false, "score": 8.779764175415039e-05}}, "documentContextAttributes": {"used": {"value": true, "score": 0.9999685883522034}, "created": {"value": false, "score": 0.4654443860054016}, "shared": {"value": false, "score": 8.779764175415039e-05}}}, {"type": "software", "software-type": "software", "software-name": {"rawForm": "Morph-xR", "normalizedForm": "Morph-xR", "offsetStart": 142, "offsetEnd": 150}, "context": "Like in the NEs extraction, the output JSON documents were loaded into MongoDB and translated to the RDF model described in Section 2.2 using Morph-xR2RML. ", "mentionContextAttributes": {"used": {"value": true, "score": 0.9999317526817322}, "created": {"value": false, "score": 6.496906280517578e-06}, "shared": {"value": false, "score": 1.7881393432617188e-07}}, "documentContextAttributes": {"used": {"value": true, "score": 0.9999317526817322}, "created": {"value": false, "score": 6.496906280517578e-06}, "shared": {"value": false, "score": 1.7881393432617188e-07}}}, {"type": "software", "software-type": "software", "software-name": {"rawForm": "BioPortal", "normalizedForm": "BioPortal", "offsetStart": 151, "offsetEnd": 160}, "context": "We used Spotlight with a pre-trained model 22 and Annotator's online API23 with the Annotator+ features to benefit from the whole set of ontologies in BioPortal. ", "mentionContextAttributes": {"used": {"value": true, "score": 0.9968651533126831}, "created": {"value": false, "score": 0.0007578134536743164}, "shared": {"value": false, "score": 2.562999725341797e-06}}, "documentContextAttributes": {"used": {"value": true, "score": 0.9999212026596069}, "created": {"value": true, "score": 0.9404820203781128}, "shared": {"value": false, "score": 5.066394805908203e-06}}}, {"type": "software", "software-type": "software", "software-name": {"rawForm": "BioPortal", "normalizedForm": "BioPortal", "offsetStart": 152, "offsetEnd": 161}, "context": "The dataset comprises two main knowledge graphs describing (1) named entities mentioned in the CORD-19 corpus and linked to DBpedia, Wikidata and other BioPortal vocabularies, and (2) arguments extracted using ACTA, a tool automating the extraction and visualization of argumentative graphs, meant to help clinicians analyze clinical trials and make decisions.", "mentionContextAttributes": {"used": {"value": true, "score": 0.5000280141830444}, "created": {"value": false, "score": 0.027169466018676758}, "shared": {"value": false, "score": 5.960464477539062e-07}}, "documentContextAttributes": {"used": {"value": true, "score": 0.9999212026596069}, "created": {"value": true, "score": 0.9404820203781128}, "shared": {"value": false, "score": 5.066394805908203e-06}}}, {"type": "software", "software-type": "software", "software-name": {"rawForm": "BioPortal", "normalizedForm": "BioPortal", "offsetStart": 211, "offsetEnd": 220}, "context": "We used DBpedia Spotlight [6], Entity-fishing 3 and NCBO BioPortal Annotator [12] to extract Named Entities (NE) from the CORD-19 articles, and disambiguate them against LOD resources from DBpedia, Wikidata and BioPortal ontologies.", "mentionContextAttributes": {"used": {"value": true, "score": 0.9999212026596069}, "created": {"value": false, "score": 4.172325134277344e-06}, "shared": {"value": false, "score": 3.5762786865234375e-07}}, "documentContextAttributes": {"used": {"value": true, "score": 0.9999212026596069}, "created": {"value": true, "score": 0.9404820203781128}, "shared": {"value": false, "score": 5.066394805908203e-06}}}], "references": [{"refKey": 7, "tei": "<biblStruct xml:id=\"b7\">\n\t<analytic>\n\t\t<title level=\"a\" type=\"main\">Improving efficiency and accuracy in multilingual entity extraction</title>\n\t\t<author>\n\t\t\t<persName><forename type=\"first\">Joachim</forename><surname>Daiber</surname></persName>\n\t\t</author>\n\t\t<author>\n\t\t\t<persName><forename type=\"first\">Max</forename><surname>Jakob</surname></persName>\n\t\t</author>\n\t\t<author>\n\t\t\t<persName><forename type=\"first\">Chris</forename><surname>Hokamp</surname></persName>\n\t\t</author>\n\t\t<author>\n\t\t\t<persName><forename type=\"first\">Pablo</forename><forename type=\"middle\">N</forename><surname>Mendes</surname></persName>\n\t\t</author>\n\t\t<idno type=\"DOI\">10.1145/2506182.2506198</idno>\n\t</analytic>\n\t<monogr>\n\t\t<title level=\"m\">Proceedings of the 9th International Conference on Semantic Systems</title>\n\t\t<meeting>the 9th International Conference on Semantic Systems</meeting>\n\t\t<imprint>\n\t\t\t<publisher>ACM</publisher>\n\t\t\t<date type=\"published\" when=\"2013-09-04\">2013</date>\n\t\t\t<biblScope unit=\"page\">124</biblScope>\n\t\t</imprint>\n\t</monogr>\n</biblStruct>\n"}, {"refKey": 13, "tei": "<biblStruct xml:id=\"b13\">\n\t<analytic>\n\t\t<title level=\"a\" type=\"main\">The open biomedical annotator</title>\n\t\t<author>\n\t\t\t<persName><forename type=\"first\">C</forename><surname>Jonquet</surname></persName>\n\t\t</author>\n\t\t<author>\n\t\t\t<persName><forename type=\"first\">N</forename><forename type=\"middle\">H</forename><surname>Shah</surname></persName>\n\t\t</author>\n\t\t<author>\n\t\t\t<persName><forename type=\"first\">M</forename><forename type=\"middle\">A</forename><surname>Musen</surname></persName>\n\t\t</author>\n\t</analytic>\n\t<monogr>\n\t\t<title level=\"j\">Summit on translational bioinformatics</title>\n\t\t<imprint>\n\t\t\t<biblScope unit=\"page\">56</biblScope>\n\t\t\t<date>2009. 2009</date>\n\t\t</imprint>\n\t</monogr>\n</biblStruct>\n"}], "runtime": 42828, "id": "fe4b0a21e60835451d85461aa872ef39e948d587", "metadata": {"id": "fe4b0a21e60835451d85461aa872ef39e948d587"}, "original_file_path": "../../datalake/Samuel/SOFTware-Sync/data/xml_not_sofctied/hal-02939363.grobid.tei.xml", "file_name": "hal-02939363.grobid.tei.xml"}