{"application": "software-mentions", "version": "0.8.0", "date": "2024-04-15T07:32+0000", "md5": "53AEF8BF9D21973F5E322966383BAD56", "mentions": [{"type": "software", "software-type": "software", "software-name": {"rawForm": "Scikit", "normalizedForm": "Scikit", "offsetStart": 33, "offsetEnd": 39}, "context": "We use the regression variant of Scikit-learn implementations of both the Gradient Boosting Tree (GBR) and the Support Vector Machine (SVR) with the default parameters for each model to directly predict the utility of the car in each cell for the four previously mentioned feature sets and with or without clustering the cells beforehand. ", "mentionContextAttributes": {"used": {"value": true, "score": 0.9750648736953735}, "created": {"value": false, "score": 4.982948303222656e-05}, "shared": {"value": false, "score": 2.384185791015625e-07}}, "documentContextAttributes": {"used": {"value": true, "score": 0.9750648736953735}, "created": {"value": false, "score": 4.982948303222656e-05}, "shared": {"value": false, "score": 2.384185791015625e-07}}}, {"type": "software", "software-type": "software", "software-name": {"rawForm": "Gurobi", "normalizedForm": "Gurobi", "offsetStart": 150, "offsetEnd": 156}, "context": "2) Relocation Performance: From now on we call solver car assignment the optimal solution to our optimization problem found by the proprietary solver Gurobi. ", "mentionContextAttributes": {"used": {"value": false, "score": 0.012692451477050781}, "created": {"value": true, "score": 0.7015508413314819}, "shared": {"value": false, "score": 2.384185791015625e-07}}, "documentContextAttributes": {"used": {"value": false, "score": 0.012692451477050781}, "created": {"value": true, "score": 0.7015508413314819}, "shared": {"value": false, "score": 2.384185791015625e-07}}}], "references": [], "runtime": 21938, "id": "7a6b1cb4e43b7b16db05676fdcd7682904643692", "metadata": {"id": "7a6b1cb4e43b7b16db05676fdcd7682904643692"}, "original_file_path": "../../datalake/Samuel/SOFTware-Sync/data/xml_not_sofctied/log_xml/hal-03491955.grobid.tei.xml", "file_name": "hal-03491955.grobid.tei.xml"}