{"application": "software-mentions", "version": "0.8.0", "date": "2024-04-12T16:13+0000", "md5": "3A2ACFF0D2559F57499BDAE721E66A16", "mentions": [{"type": "software", "software-type": "software", "software-name": {"rawForm": "code", "normalizedForm": "code", "offsetStart": 59, "offsetEnd": 63}, "context": "For reproducibility purposes, all datasets, along with the code that has been used to compute the treewidth estimations, can be freely downloaded from https://github.com/smaniu/treewidth/.", "mentionContextAttributes": {"used": {"value": false, "score": 0.1032533049583435}, "created": {"value": false, "score": 0.00010573863983154297}, "shared": {"value": true, "score": 0.915748119354248}}, "documentContextAttributes": {"used": {"value": false, "score": 0.1032533049583435}, "created": {"value": false, "score": 0.00010573863983154297}, "shared": {"value": true, "score": 0.915748119354248}}}], "references": [], "runtime": 60786, "id": "3275c18d46d9942ed229db597f4fbece1f199c71", "metadata": {"id": "3275c18d46d9942ed229db597f4fbece1f199c71"}, "original_file_path": "../../datalake/Samuel/SOFTware-Sync/data/xml_files/hal-02087763.grobid.tei.xml", "file_name": "hal-02087763.grobid.tei.xml"}