{"application": "software-mentions", "version": "0.8.0", "date": "2024-04-12T17:15+0000", "md5": "5A9B9E721A941ECC5BEC9A5EF18FCB5B", "mentions": [{"type": "software", "software-type": "software", "software-name": {"rawForm": "Ex-plaiNE", "normalizedForm": "Ex-plaiNE", "offsetStart": 13, "offsetEnd": 22}, "context": "We benchmark Ex-plaiNE and GNNExplainer on this dataset, using these performance metrics. ", "mentionContextAttributes": {"used": {"value": true, "score": 0.9998369216918945}, "created": {"value": false, "score": 0.00019407272338867188}, "shared": {"value": false, "score": 1.7881393432617188e-07}}, "documentContextAttributes": {"used": {"value": true, "score": 0.9998369216918945}, "created": {"value": false, "score": 0.00019407272338867188}, "shared": {"value": false, "score": 1.7881393432617188e-07}}}, {"type": "software", "software-type": "software", "software-name": {"rawForm": "GNNExplainer", "normalizedForm": "GNNExplainer", "offsetStart": 27, "offsetEnd": 39}, "context": "We benchmark Ex-plaiNE and GNNExplainer on this dataset, using these performance metrics. ", "mentionContextAttributes": {"used": {"value": true, "score": 0.9998369216918945}, "created": {"value": false, "score": 0.00019407272338867188}, "shared": {"value": false, "score": 1.7881393432617188e-07}}, "documentContextAttributes": {"used": {"value": true, "score": 0.9998369216918945}, "created": {"value": true, "score": 0.9977179169654846}, "shared": {"value": false, "score": 1.7881393432617188e-06}}}, {"type": "software", "software-type": "software", "software-name": {"rawForm": "GNNExplainer", "normalizedForm": "GNNExplainer", "offsetStart": 37, "offsetEnd": 49}, "context": "Using an RGCN along with ExplaiNE or GNNExplainer is not the only way to perform explainable link prediction.", "mentionContextAttributes": {"used": {"value": false, "score": 0.00026988983154296875}, "created": {"value": false, "score": 1.6987323760986328e-05}, "shared": {"value": false, "score": 1.7881393432617188e-07}}, "documentContextAttributes": {"used": {"value": true, "score": 0.9998369216918945}, "created": {"value": true, "score": 0.9977179169654846}, "shared": {"value": false, "score": 1.7881393432617188e-06}}}, {"type": "software", "software-type": "software", "software-name": {"rawForm": "GNNExplainer", "normalizedForm": "GNNExplainer", "offsetStart": 109, "offsetEnd": 121}, "context": "Lastly, in the first work of this thesis, we benchmark two state-ofthe-art explanation methods, ExplaiNE and GNNExplainer, using the proposed dataset and scoring metric.", "mentionContextAttributes": {"used": {"value": false, "score": 0.0003815293312072754}, "created": {"value": true, "score": 0.9977179169654846}, "shared": {"value": false, "score": 1.7881393432617188e-07}}, "documentContextAttributes": {"used": {"value": true, "score": 0.9998369216918945}, "created": {"value": true, "score": 0.9977179169654846}, "shared": {"value": false, "score": 1.7881393432617188e-06}}}, {"type": "software", "software-type": "software", "software-name": {"rawForm": "GNNExplainer", "normalizedForm": "GNNExplainer", "offsetStart": 130, "offsetEnd": 142}, "context": "An interesting experiment would be to compare these rule based approaches to more recent explanation methods such as ExplaiNE and GNNExplainer.", "mentionContextAttributes": {"used": {"value": false, "score": 0.00041216611862182617}, "created": {"value": false, "score": 0.0034329891204833984}, "shared": {"value": false, "score": 1.7881393432617188e-07}}, "documentContextAttributes": {"used": {"value": true, "score": 0.9998369216918945}, "created": {"value": true, "score": 0.9977179169654846}, "shared": {"value": false, "score": 1.7881393432617188e-06}}}, {"type": "software", "software-type": "software", "software-name": {"rawForm": "GNNExplainer", "normalizedForm": "GNNExplainer", "offsetStart": 157, "offsetEnd": 169}, "context": "Indeed the graph embeddings learned by the RGCN plays some role in the quality of explanation generated by a post-hoc explanation method such as ExplaiNE or GNNExplainer.", "mentionContextAttributes": {"used": {"value": false, "score": 0.0002434253692626953}, "created": {"value": false, "score": 5.453824996948242e-05}, "shared": {"value": false, "score": 2.980232238769531e-07}}, "documentContextAttributes": {"used": {"value": true, "score": 0.9998369216918945}, "created": {"value": true, "score": 0.9977179169654846}, "shared": {"value": false, "score": 1.7881393432617188e-06}}}, {"type": "software", "software-type": "software", "software-name": {"rawForm": "GNNExplainer", "normalizedForm": "GNNExplainer", "offsetStart": 197, "offsetEnd": 209}, "context": "One natural question that stems from this idea is if the accuracy of the RGCN is increased or decreased slightly, how does the learned embedding influence the explanations generated by ExplaiNE or GNNExplainer?", "mentionContextAttributes": {"used": {"value": false, "score": 0.0019950270652770996}, "created": {"value": false, "score": 0.00019431114196777344}, "shared": {"value": false, "score": 1.7881393432617188e-07}}, "documentContextAttributes": {"used": {"value": true, "score": 0.9998369216918945}, "created": {"value": true, "score": 0.9977179169654846}, "shared": {"value": false, "score": 1.7881393432617188e-06}}}, {"type": "software", "software-type": "software", "software-name": {"rawForm": "DistMult", "normalizedForm": "DistMult", "offsetStart": 225, "offsetEnd": 252}, "context": "Relational Graph Convolutional Networks (RGCN) (Schlichtkrull et al. 2018) extends Graph Convolutional Networks (Kipf and Welling 2017) for applications to link prediction on Knowledge Graphs, using the scoring function from DistMult (Yang et al. 2015) as an output layer, returning a probability of the input triple being a fact.", "mentionContextAttributes": {"used": {"value": false, "score": 0.0021958351135253906}, "created": {"value": false, "score": 4.655122756958008e-05}, "shared": {"value": false, "score": 1.3709068298339844e-06}}, "documentContextAttributes": {"used": {"value": false, "score": 0.0021958351135253906}, "created": {"value": false, "score": 4.655122756958008e-05}, "shared": {"value": false, "score": 1.3709068298339844e-06}}}, {"type": "software", "software-type": "software", "software-name": {"rawForm": "GNNExplainer", "normalizedForm": "GNNExplainer", "offsetStart": 281, "offsetEnd": 312}, "context": "Several algorithms have been proposed to explain the predictions of an RGCN used for link prediction, in particular: ExplaiNE (Kang, Lijffijt, and Bie 2019) quantifies how the predicted probability of a link changes when weakening or removing a link with a neighboring node, while GNNExplainer (Ying et al. 2019) explains the predictions of any Graph Neural Network, learning a mask over the adjacency matrix to identify the most informative subgraph.", "mentionContextAttributes": {"used": {"value": false, "score": 0.005031883716583252}, "created": {"value": false, "score": 0.0002487301826477051}, "shared": {"value": false, "score": 1.7881393432617188e-06}}, "documentContextAttributes": {"used": {"value": true, "score": 0.9998369216918945}, "created": {"value": true, "score": 0.9977179169654846}, "shared": {"value": false, "score": 1.7881393432617188e-06}}}], "references": [], "runtime": 3792, "id": "960a6938bab9258b327507c90c6979d674808b1d", "metadata": {"id": "960a6938bab9258b327507c90c6979d674808b1d"}, "original_file_path": "../../datalake/Samuel/SOFTware-Sync/data/xml_not_sofctied/hal-03454121.grobid.tei.xml", "file_name": "hal-03454121.grobid.tei.xml"}