{"application": "software-mentions", "version": "0.8.0", "date": "2024-04-12T17:21+0000", "md5": "AAD91DB348290A1474F56EF299E8A343", "mentions": [{"type": "software", "software-type": "software", "wikidataId": "Q47509047", "wikipediaExternalRef": 54022970, "lang": "en", "confidence": 0.7826, "software-name": {"rawForm": "PyTorch", "normalizedForm": "PyTorch", "wikidataId": "Q47509047", "wikipediaExternalRef": 54022970, "lang": "en", "confidence": 0.7826, "offsetStart": 0, "offsetEnd": 7}, "context": "PyTorch code as possible. ", "mentionContextAttributes": {"used": {"value": false, "score": 0.000872492790222168}, "created": {"value": false, "score": 1.341104507446289e-05}, "shared": {"value": false, "score": 2.205371856689453e-06}}, "documentContextAttributes": {"used": {"value": true, "score": 0.9919069409370422}, "created": {"value": true, "score": 0.9997990131378174}, "shared": {"value": false, "score": 8.881092071533203e-06}}}, {"type": "software", "software-type": "software", "wikidataId": "Q47509047", "wikipediaExternalRef": 54022970, "lang": "en", "confidence": 0.7826, "software-name": {"rawForm": "PyTorch", "normalizedForm": "PyTorch", "wikidataId": "Q47509047", "wikipediaExternalRef": 54022970, "lang": "en", "confidence": 0.7826, "offsetStart": 0, "offsetEnd": 7}, "context": "PyTorch provides basic optimizers such as SGD and Adam and torch-optimizer provides state-of-the art optimizers such as RAdam, Ranger or Yogi.", "mentionContextAttributes": {"used": {"value": false, "score": 4.4286251068115234e-05}, "created": {"value": false, "score": 9.959936141967773e-05}, "shared": {"value": false, "score": 2.980232238769531e-07}}, "documentContextAttributes": {"used": {"value": true, "score": 0.9919069409370422}, "created": {"value": true, "score": 0.9997990131378174}, "shared": {"value": false, "score": 8.881092071533203e-06}}}, {"type": "software", "software-type": "software", "software-name": {"rawForm": "Asteroid", "normalizedForm": "Asteroid", "offsetStart": 0, "offsetEnd": 8}, "context": "Asteroid is built on the following principles:", "mentionContextAttributes": {"used": {"value": false, "score": 0.0002849102020263672}, "created": {"value": true, "score": 0.8426371216773987}, "shared": {"value": false, "score": 5.364418029785156e-07}}, "documentContextAttributes": {"used": {"value": true, "score": 0.9999687075614929}, "created": {"value": true, "score": 0.9999373555183411}, "shared": {"value": false, "score": 6.264448165893555e-05}}}, {"type": "software", "software-type": "software", "software-name": {"rawForm": "Asteroid", "normalizedForm": "Asteroid", "offsetStart": 0, "offsetEnd": 8}, "context": "Asteroid follows the encoder-masker-decoder approach, and provides various choices of filterbanks, masker networks, and loss functions.", "mentionContextAttributes": {"used": {"value": false, "score": 4.869699478149414e-05}, "created": {"value": false, "score": 5.036592483520508e-05}, "shared": {"value": false, "score": 1.7881393432617188e-07}}, "documentContextAttributes": {"used": {"value": true, "score": 0.9999687075614929}, "created": {"value": true, "score": 0.9999373555183411}, "shared": {"value": false, "score": 6.264448165893555e-05}}}, {"type": "software", "software-type": "software", "software-name": {"rawForm": "Asteroid", "normalizedForm": "Asteroid", "offsetStart": 0, "offsetEnd": 8}, "context": "Asteroid supports free filters [8,9], discrete Fourier transform (DFT) filters [19,21], analytic free filters [22], improved parameterized sinc filters [22,24] and the multi-phase Gammatone filterbank [23].", "mentionContextAttributes": {"used": {"value": false, "score": 0.00018477439880371094}, "created": {"value": false, "score": 5.97834587097168e-05}, "shared": {"value": false, "score": 2.980232238769531e-07}}, "documentContextAttributes": {"used": {"value": true, "score": 0.9999687075614929}, "created": {"value": true, "score": 0.9999373555183411}, "shared": {"value": false, "score": 6.264448165893555e-05}}}, {"type": "software", "software-type": "software", "software-name": {"rawForm": "Asteroid", "normalizedForm": "Asteroid", "offsetStart": 0, "offsetEnd": 8}, "context": "Asteroid provides implementations of widely used masker networks: TasNet's stacked long short-term memory (LSTM) network [8], Conv-Tasnet's temporal convolutional network (with or without skip connections) [9], and the dual-path recurrent neural network (DPRNN) in [16].", "mentionContextAttributes": {"used": {"value": false, "score": 0.00013303756713867188}, "created": {"value": false, "score": 0.0003769993782043457}, "shared": {"value": false, "score": 6.556510925292969e-07}}, "documentContextAttributes": {"used": {"value": true, "score": 0.9999687075614929}, "created": {"value": true, "score": 0.9999373555183411}, "shared": {"value": false, "score": 6.264448165893555e-05}}}, {"type": "software", "software-type": "software", "software-name": {"rawForm": "Asteroid", "normalizedForm": "Asteroid", "offsetStart": 0, "offsetEnd": 8}, "context": "Asteroid supports several loss functions: mean squared error, scale-invariant signal-to-distortion ratio (SI-SDR) [9,29], scale-dependent SDR [29], signal-to-noise ratio (SNR), perceptual evaluation of speech quality (PESQ) [30], and affinity loss for deep clustering [6].", "mentionContextAttributes": {"used": {"value": false, "score": 0.0002493858337402344}, "created": {"value": false, "score": 9.59634780883789e-06}, "shared": {"value": false, "score": 5.364418029785156e-07}}, "documentContextAttributes": {"used": {"value": true, "score": 0.9999687075614929}, "created": {"value": true, "score": 0.9999373555183411}, "shared": {"value": false, "score": 6.264448165893555e-05}}}, {"type": "software", "software-type": "software", "software-name": {"rawForm": "Asteroid", "normalizedForm": "Asteroid", "offsetStart": 0, "offsetEnd": 8}, "context": "Asteroid provides an optimized, versatile implementation of PIT losses.", "mentionContextAttributes": {"used": {"value": false, "score": 2.580881118774414e-05}, "created": {"value": true, "score": 0.6342542767524719}, "shared": {"value": false, "score": 2.980232238769531e-07}}, "documentContextAttributes": {"used": {"value": true, "score": 0.9999687075614929}, "created": {"value": true, "score": 0.9999373555183411}, "shared": {"value": false, "score": 6.264448165893555e-05}}}, {"type": "software", "software-type": "software", "software-name": {"rawForm": "Asteroid", "normalizedForm": "Asteroid", "offsetStart": 0, "offsetEnd": 8}, "context": "Asteroid provides baseline recipes for the following datasets: wsj0-2mix and wsj0-3mix [6], WHAM [32], WHAMR [33], LibriMix [34] FUSS [35], Microsoft's Deep Noise Suppression challenge dataset (DNS) [36], SMS-WSJ [37], Kinect-WSJ [38], and MUSDB18 [39].", "mentionContextAttributes": {"used": {"value": false, "score": 0.024546921253204346}, "created": {"value": false, "score": 3.2782554626464844e-06}, "shared": {"value": false, "score": 2.980232238769531e-07}}, "documentContextAttributes": {"used": {"value": true, "score": 0.9999687075614929}, "created": {"value": true, "score": 0.9999373555183411}, "shared": {"value": false, "score": 6.264448165893555e-05}}}, {"type": "software", "software-type": "software", "software-name": {"rawForm": "Asteroid", "normalizedForm": "Asteroid", "offsetStart": 0, "offsetEnd": 8}, "context": "Asteroid follows Kaldi-style recipes [45], which involve several stages as depicted in Fig. 2.", "mentionContextAttributes": {"used": {"value": false, "score": 0.0021497011184692383}, "created": {"value": false, "score": 0.00017642974853515625}, "shared": {"value": false, "score": 5.364418029785156e-07}}, "documentContextAttributes": {"used": {"value": true, "score": 0.9999687075614929}, "created": {"value": true, "score": 0.9999373555183411}, "shared": {"value": false, "score": 6.264448165893555e-05}}}, {"type": "software", "software-type": "software", "software-name": {"rawForm": "Asteroid", "normalizedForm": "Asteroid", "offsetStart": 0, "offsetEnd": 8}, "context": "Asteroid was designed such that writing new code is very simple and results can be quickly obtained.", "mentionContextAttributes": {"used": {"value": false, "score": 3.248453140258789e-05}, "created": {"value": true, "score": 0.9968770146369934}, "shared": {"value": false, "score": 6.556510925292969e-07}}, "documentContextAttributes": {"used": {"value": true, "score": 0.9999687075614929}, "created": {"value": true, "score": 0.9999373555183411}, "shared": {"value": false, "score": 6.264448165893555e-05}}}, {"type": "software", "software-type": "software", "software-name": {"rawForm": "train.py", "normalizedForm": "train.py", "offsetStart": 4, "offsetEnd": 12}, "context": "and train.py, ", "mentionContextAttributes": {"used": {"value": false, "score": 0.0017008781433105469}, "created": {"value": false, "score": 3.629922866821289e-05}, "shared": {"value": false, "score": 6.556510925292969e-07}}, "documentContextAttributes": {"used": {"value": false, "score": 0.0017008781433105469}, "created": {"value": false, "score": 3.629922866821289e-05}, "shared": {"value": false, "score": 6.556510925292969e-07}}}, {"type": "software", "software-type": "software", "software-name": {"rawForm": "Asteroid", "normalizedForm": "Asteroid", "offsetStart": 6, "offsetEnd": 14}, "context": "While Asteroid is not limited to a single task, single-channel source separation is currently its main focus.", "mentionContextAttributes": {"used": {"value": false, "score": 0.00012612342834472656}, "created": {"value": false, "score": 0.0011414289474487305}, "shared": {"value": false, "score": 5.364418029785156e-07}}, "documentContextAttributes": {"used": {"value": true, "score": 0.9999687075614929}, "created": {"value": true, "score": 0.9999373555183411}, "shared": {"value": false, "score": 6.264448165893555e-05}}}, {"type": "software", "software-type": "software", "wikidataId": "Q47509047", "wikipediaExternalRef": 54022970, "lang": "en", "confidence": 0.7826, "software-name": {"rawForm": "PyTorch", "normalizedForm": "PyTorch", "wikidataId": "Q47509047", "wikipediaExternalRef": 54022970, "lang": "en", "confidence": 0.7826, "offsetStart": 9, "offsetEnd": 16}, "context": "Based on PyTorch, one of the most widely used dynamic neural network toolkits, Asteroid is meant to be user-friendly, easily extensible, to promote reproducible research, and to enable easy experimentation. ", "mentionContextAttributes": {"used": {"value": false, "score": 3.93986701965332e-05}, "created": {"value": false, "score": 0.28933918476104736}, "shared": {"value": false, "score": 8.881092071533203e-06}}, "documentContextAttributes": {"used": {"value": true, "score": 0.9919069409370422}, "created": {"value": true, "score": 0.9997990131378174}, "shared": {"value": false, "score": 8.881092071533203e-06}}}, {"type": "software", "software-type": "software", "software-name": {"rawForm": "Asteroid", "normalizedForm": "Asteroid", "offsetStart": 19, "offsetEnd": 27}, "context": "On all four tasks, Asteroid's recipes achieved better results than originally reported, by up to 2.6 dB.", "mentionContextAttributes": {"used": {"value": true, "score": 0.9997665882110596}, "created": {"value": false, "score": 0.00026166439056396484}, "shared": {"value": false, "score": 1.7881393432617188e-07}}, "documentContextAttributes": {"used": {"value": true, "score": 0.9999687075614929}, "created": {"value": true, "score": 0.9999373555183411}, "shared": {"value": false, "score": 6.264448165893555e-05}}}, {"type": "software", "software-type": "software", "wikidataId": "Q187432", "wikipediaExternalRef": 21490336, "lang": "en", "confidence": 0.5074, "software-name": {"rawForm": "scripts", "normalizedForm": "scripts", "wikidataId": "Q187432", "wikipediaExternalRef": 21490336, "lang": "en", "confidence": 0.5074, "offsetStart": 20, "offsetEnd": 27}, "context": "We use the official scripts provided by the dataset's authors to generate the data, and optionally perform data augmentation.", "mentionContextAttributes": {"used": {"value": true, "score": 0.8949596285820007}, "created": {"value": false, "score": 0.0006734728813171387}, "shared": {"value": false, "score": 2.980232238769531e-07}}, "documentContextAttributes": {"used": {"value": true, "score": 0.9919069409370422}, "created": {"value": false, "score": 0.0029903650283813477}, "shared": {"value": false, "score": 1.9669532775878906e-06}}}, {"type": "software", "software-type": "software", "software-name": {"rawForm": "Asteroid", "normalizedForm": "Asteroid", "offsetStart": 21, "offsetEnd": 29}, "context": "This paper describes Asteroid, the PyTorch-based audio source separation toolkit for researchers.", "mentionContextAttributes": {"used": {"value": false, "score": 4.297494888305664e-05}, "created": {"value": true, "score": 0.9997990131378174}, "shared": {"value": false, "score": 2.980232238769531e-07}}, "documentContextAttributes": {"used": {"value": true, "score": 0.9999687075614929}, "created": {"value": true, "score": 0.9999373555183411}, "shared": {"value": false, "score": 6.264448165893555e-05}}}, {"type": "software", "software-type": "software", "software-name": {"rawForm": "Asteroid", "normalizedForm": "Asteroid", "offsetStart": 21, "offsetEnd": 29}, "context": "This paper describes Asteroid (Audio source separation on Steroids), a new open-source toolkit for deep learning-based audio source separation and speech enhancement, designed for researchers and practitioners.", "mentionContextAttributes": {"used": {"value": false, "score": 4.082918167114258e-05}, "created": {"value": true, "score": 0.9998967051506042}, "shared": {"value": false, "score": 1.1861324310302734e-05}}, "documentContextAttributes": {"used": {"value": true, "score": 0.9999687075614929}, "created": {"value": true, "score": 0.9999373555183411}, "shared": {"value": false, "score": 6.264448165893555e-05}}}, {"type": "software", "software-type": "software", "software-name": {"rawForm": "Asteroid", "normalizedForm": "Asteroid", "offsetStart": 22, "offsetEnd": 30}, "context": "This is what we do in Asteroid.", "mentionContextAttributes": {"used": {"value": false, "score": 0.0002675056457519531}, "created": {"value": false, "score": 0.021763503551483154}, "shared": {"value": false, "score": 1.2516975402832031e-06}}, "documentContextAttributes": {"used": {"value": true, "score": 0.9999687075614929}, "created": {"value": true, "score": 0.9999373555183411}, "shared": {"value": false, "score": 6.264448165893555e-05}}}, {"type": "software", "software-type": "software", "software-name": {"rawForm": "Asteroid", "normalizedForm": "Asteroid", "offsetStart": 26, "offsetEnd": 34}, "context": "Taking advantage of this, Asteroid provides PITLossWrapper, a simple yet powerful class that can efficiently turn any pairwise loss F or permutation-dependent loss L into a PIT loss.", "mentionContextAttributes": {"used": {"value": false, "score": 2.8312206268310547e-05}, "created": {"value": false, "score": 0.007624685764312744}, "shared": {"value": false, "score": 2.980232238769531e-07}}, "documentContextAttributes": {"used": {"value": true, "score": 0.9999687075614929}, "created": {"value": true, "score": 0.9999373555183411}, "shared": {"value": false, "score": 6.264448165893555e-05}}}, {"type": "software", "software-type": "software", "wikidataId": "Q197520", "wikipediaExternalRef": 381782, "lang": "en", "confidence": 0.7796, "software-name": {"rawForm": "NumPy", "normalizedForm": "NumPy", "wikidataId": "Q197520", "wikipediaExternalRef": 381782, "lang": "en", "confidence": 0.7796, "offsetStart": 30, "offsetEnd": 40}, "context": "We also provide interfaces to NumPy [25] and torchaudio 2 . ", "mentionContextAttributes": {"used": {"value": false, "score": 0.0001976490020751953}, "created": {"value": false, "score": 0.0001811981201171875}, "shared": {"value": false, "score": 2.980232238769531e-07}}, "documentContextAttributes": {"used": {"value": false, "score": 0.0001976490020751953}, "created": {"value": false, "score": 0.0001811981201171875}, "shared": {"value": false, "score": 2.980232238769531e-07}}}, {"type": "software", "software-type": "software", "software-name": {"rawForm": "pb bss eval 4", "normalizedForm": "pb bss eval 4", "offsetStart": 30, "offsetEnd": 43}, "context": "Evaluation is performed using pb bss eval 4 , a sub-toolkit of pb bss 5 [41] written for evaluation. ", "mentionContextAttributes": {"used": {"value": true, "score": 0.9958676695823669}, "created": {"value": false, "score": 3.039836883544922e-06}, "shared": {"value": false, "score": 1.7881393432617188e-07}}, "documentContextAttributes": {"used": {"value": true, "score": 0.9958676695823669}, "created": {"value": false, "score": 3.039836883544922e-06}, "shared": {"value": false, "score": 1.7881393432617188e-07}}}, {"type": "software", "software-type": "software", "software-name": {"rawForm": "Asteroid", "normalizedForm": "Asteroid", "offsetStart": 31, "offsetEnd": 39}, "context": "To illustrate the potential of Asteroid, we compare the performance of state-of-the-art methods as reported in the corresponding papers with our implementation.", "mentionContextAttributes": {"used": {"value": false, "score": 0.42720985412597656}, "created": {"value": false, "score": 0.3870655298233032}, "shared": {"value": false, "score": 1.7881393432617188e-07}}, "documentContextAttributes": {"used": {"value": true, "score": 0.9999687075614929}, "created": {"value": true, "score": 0.9999373555183411}, "shared": {"value": false, "score": 6.264448165893555e-05}}}, {"type": "software", "software-type": "software", "software-name": {"rawForm": "model.py", "normalizedForm": "model.py", "offsetStart": 33, "offsetEnd": 41}, "context": "Instead of defining constants in model.py ", "mentionContextAttributes": {"used": {"value": false, "score": 0.0036800503730773926}, "created": {"value": false, "score": 0.00048023462295532227}, "shared": {"value": false, "score": 2.980232238769531e-07}}, "documentContextAttributes": {"used": {"value": false, "score": 0.0036800503730773926}, "created": {"value": false, "score": 0.00048023462295532227}, "shared": {"value": false, "score": 4.172325134277344e-07}}}, {"type": "software", "software-type": "software", "software-name": {"rawForm": "Asteroid", "normalizedForm": "Asteroid", "offsetStart": 34, "offsetEnd": 42}, "context": "In this paper, we have introduced Asteroid, a new open-source audio source separation toolkit designed for researchers and practitioners.", "mentionContextAttributes": {"used": {"value": false, "score": 5.310773849487305e-05}, "created": {"value": true, "score": 0.9999373555183411}, "shared": {"value": false, "score": 6.264448165893555e-05}}, "documentContextAttributes": {"used": {"value": true, "score": 0.9999687075614929}, "created": {"value": true, "score": 0.9999373555183411}, "shared": {"value": false, "score": 6.264448165893555e-05}}}, {"type": "software", "software-type": "software", "wikidataId": "Q47509047", "wikipediaExternalRef": 54022970, "lang": "en", "confidence": 0.7826, "software-name": {"rawForm": "PyTorch", "normalizedForm": "PyTorch", "wikidataId": "Q47509047", "wikipediaExternalRef": 54022970, "lang": "en", "confidence": 0.7826, "offsetStart": 35, "offsetEnd": 42}, "context": "This paper describes Asteroid, the PyTorch-based audio source separation toolkit for researchers.", "mentionContextAttributes": {"used": {"value": false, "score": 4.297494888305664e-05}, "created": {"value": true, "score": 0.9997990131378174}, "shared": {"value": false, "score": 2.980232238769531e-07}}, "documentContextAttributes": {"used": {"value": true, "score": 0.9919069409370422}, "created": {"value": true, "score": 0.9997990131378174}, "shared": {"value": false, "score": 8.881092071533203e-06}}}, {"type": "software", "software-type": "software", "wikidataId": "Q187432", "wikipediaExternalRef": 21490336, "lang": "en", "confidence": 0.5074, "software-name": {"rawForm": "scripts", "normalizedForm": "scripts", "wikidataId": "Q187432", "wikipediaExternalRef": 21490336, "lang": "en", "confidence": 0.5074, "offsetStart": 36, "offsetEnd": 43}, "context": "Among the ones providing evaluation scripts, differences can often be found, e.g., discarding short utterances or splitting utterances in chunks and discarding the last one.", "mentionContextAttributes": {"used": {"value": false, "score": 0.00010436773300170898}, "created": {"value": false, "score": 2.771615982055664e-05}, "shared": {"value": false, "score": 5.364418029785156e-07}}, "documentContextAttributes": {"used": {"value": true, "score": 0.9919069409370422}, "created": {"value": false, "score": 0.0029903650283813477}, "shared": {"value": false, "score": 1.9669532775878906e-06}}}, {"type": "software", "software-type": "software", "software-name": {"rawForm": "FASST", "normalizedForm": "FASST", "offsetStart": 39, "offsetEnd": 47}, "context": "Classical open-source toolkits such as FASST [2], HARK [3], ManyEars [4] and openBliSSART [5] which are based on probabilistic modelling, non-negative matrix factorization, sound source localization and/or beamforming have been successful in the past decade. ", "mentionContextAttributes": {"used": {"value": false, "score": 7.301568984985352e-05}, "created": {"value": false, "score": 0.0004222989082336426}, "shared": {"value": false, "score": 2.4437904357910156e-06}}, "documentContextAttributes": {"used": {"value": false, "score": 7.301568984985352e-05}, "created": {"value": false, "score": 0.0004222989082336426}, "shared": {"value": false, "score": 2.4437904357910156e-06}}, "references": [{"label": "[3]", "normalizedForm": "[3]", "refKey": 1, "offsetStart": 906, "offsetEnd": 909}]}, {"type": "software", "software-type": "software", "software-name": {"rawForm": "Asteroid", "normalizedForm": "Asteroid", "offsetStart": 40, "offsetEnd": 48}, "context": "For training source separation systems, Asteroid offers a thin wrapper around PyTorch-Lightning [40] that seamlessly enables distributed training, experiment logging and more, without sacrificing flexibility.", "mentionContextAttributes": {"used": {"value": false, "score": 2.3543834686279297e-05}, "created": {"value": false, "score": 0.0010194778442382812}, "shared": {"value": false, "score": 1.7881393432617188e-07}}, "documentContextAttributes": {"used": {"value": true, "score": 0.9999687075614929}, "created": {"value": true, "score": 0.9999373555183411}, "shared": {"value": false, "score": 6.264448165893555e-05}}}, {"type": "software", "software-type": "software", "software-name": {"rawForm": "Asteroid", "normalizedForm": "Asteroid", "offsetStart": 46, "offsetEnd": 54}, "context": "By showing experimental results obtained with Asteroid's recipes, we show that our implementations are at least on par with most results reported in reference papers.", "mentionContextAttributes": {"used": {"value": true, "score": 0.9976449012756348}, "created": {"value": false, "score": 0.01931142807006836}, "shared": {"value": false, "score": 2.980232238769531e-07}}, "documentContextAttributes": {"used": {"value": true, "score": 0.9999687075614929}, "created": {"value": true, "score": 0.9999373555183411}, "shared": {"value": false, "score": 6.264448165893555e-05}}}, {"type": "software", "software-type": "software", "software-name": {"rawForm": "DataLoader", "normalizedForm": "DataLoader", "offsetStart": 46, "offsetEnd": 56}, "context": "All the information required by the dataset's DataLoader such as filenames and paths, utterance lengths, speaker IDs, etc., is then gathered into text files under data/. ", "mentionContextAttributes": {"used": {"value": true, "score": 0.5081027150154114}, "created": {"value": false, "score": 4.583597183227539e-05}, "shared": {"value": false, "score": 5.364418029785156e-07}}, "documentContextAttributes": {"used": {"value": true, "score": 0.5081027150154114}, "created": {"value": false, "score": 4.583597183227539e-05}, "shared": {"value": false, "score": 5.364418029785156e-07}}}, {"type": "software", "software-type": "software", "wikidataId": "Q187432", "wikipediaExternalRef": 21490336, "lang": "en", "confidence": 0.5074, "software-name": {"rawForm": "scripts", "normalizedForm": "scripts", "wikidataId": "Q187432", "wikipediaExternalRef": 21490336, "lang": "en", "confidence": 0.5074, "offsetStart": 47, "offsetEnd": 54}, "context": "It is imported in both training and evaluation scripts. ", "mentionContextAttributes": {"used": {"value": false, "score": 0.0003126859664916992}, "created": {"value": false, "score": 0.0029903650283813477}, "shared": {"value": false, "score": 5.364418029785156e-07}}, "documentContextAttributes": {"used": {"value": true, "score": 0.9919069409370422}, "created": {"value": false, "score": 0.0029903650283813477}, "shared": {"value": false, "score": 1.9669532775878906e-06}}}, {"type": "software", "software-type": "software", "wikidataId": "Q47509047", "wikipediaExternalRef": 54022970, "lang": "en", "confidence": 0.7826, "software-name": {"rawForm": "PyTorch", "normalizedForm": "PyTorch", "wikidataId": "Q47509047", "wikipediaExternalRef": 54022970, "lang": "en", "confidence": 0.7826, "offsetStart": 49, "offsetEnd": 56}, "context": "Regarding the optimizers, we also rely on native PyTorch and torch-optimizer 3 .", "mentionContextAttributes": {"used": {"value": true, "score": 0.9528730511665344}, "created": {"value": false, "score": 0.00021791458129882812}, "shared": {"value": false, "score": 1.7881393432617188e-07}}, "documentContextAttributes": {"used": {"value": true, "score": 0.9919069409370422}, "created": {"value": true, "score": 0.9997990131378174}, "shared": {"value": false, "score": 8.881092071533203e-06}}}, {"type": "software", "software-type": "software", "software-name": {"rawForm": "Asteroid", "normalizedForm": "Asteroid", "offsetStart": 50, "offsetEnd": 58}, "context": "This paper describes the software architecture of Asteroid and its most important features.", "mentionContextAttributes": {"used": {"value": false, "score": 6.55055046081543e-05}, "created": {"value": true, "score": 0.9996535778045654}, "shared": {"value": false, "score": 6.556510925292969e-07}}, "documentContextAttributes": {"used": {"value": true, "score": 0.9999687075614929}, "created": {"value": true, "score": 0.9999373555183411}, "shared": {"value": false, "score": 6.264448165893555e-05}}}, {"type": "software", "software-type": "software", "software-name": {"rawForm": "conf.yml", "normalizedForm": "conf.yml", "offsetStart": 55, "offsetEnd": 63}, "context": "most of them are gathered in a YAML configuration file conf.yml. ", "mentionContextAttributes": {"used": {"value": true, "score": 0.6317027807235718}, "created": {"value": false, "score": 1.3530254364013672e-05}, "shared": {"value": false, "score": 2.980232238769531e-07}}, "documentContextAttributes": {"used": {"value": true, "score": 0.6317027807235718}, "created": {"value": false, "score": 1.3530254364013672e-05}, "shared": {"value": false, "score": 2.980232238769531e-07}}}, {"type": "software", "software-type": "software", "software-name": {"rawForm": "Asteroid", "normalizedForm": "Asteroid", "offsetStart": 56, "offsetEnd": 64}, "context": "Comparative experiments show that results obtained with Asteroid are competitive on several datasets and for several architectures.", "mentionContextAttributes": {"used": {"value": true, "score": 0.9999687075614929}, "created": {"value": false, "score": 3.0219554901123047e-05}, "shared": {"value": false, "score": 5.364418029785156e-07}}, "documentContextAttributes": {"used": {"value": true, "score": 0.9999687075614929}, "created": {"value": true, "score": 0.9999373555183411}, "shared": {"value": false, "score": 6.264448165893555e-05}}}, {"type": "software", "software-type": "software", "software-name": {"rawForm": "ManyEars", "normalizedForm": "ManyEars", "offsetStart": 60, "offsetEnd": 72}, "context": "Classical open-source toolkits such as FASST [2], HARK [3], ManyEars [4] and openBliSSART [5] which are based on probabilistic modelling, non-negative matrix factorization, sound source localization and/or beamforming have been successful in the past decade. ", "mentionContextAttributes": {"used": {"value": false, "score": 7.301568984985352e-05}, "created": {"value": false, "score": 0.0004222989082336426}, "shared": {"value": false, "score": 2.4437904357910156e-06}}, "documentContextAttributes": {"used": {"value": false, "score": 7.301568984985352e-05}, "created": {"value": false, "score": 0.0004222989082336426}, "shared": {"value": false, "score": 2.4437904357910156e-06}}}, {"type": "software", "software-type": "software", "software-name": {"rawForm": "pb bss 5", "normalizedForm": "pb bss 5", "offsetStart": 63, "offsetEnd": 76}, "context": "Evaluation is performed using pb bss eval 4 , a sub-toolkit of pb bss 5 [41] written for evaluation. ", "mentionContextAttributes": {"used": {"value": true, "score": 0.9958676695823669}, "created": {"value": false, "score": 3.039836883544922e-06}, "shared": {"value": false, "score": 1.7881393432617188e-07}}, "documentContextAttributes": {"used": {"value": true, "score": 0.9958676695823669}, "created": {"value": false, "score": 3.039836883544922e-06}, "shared": {"value": false, "score": 1.7881393432617188e-07}}}, {"type": "software", "software-type": "software", "software-name": {"rawForm": "Asteroid", "normalizedForm": "Asteroid", "offsetStart": 75, "offsetEnd": 83}, "context": "We present the audio source separation framework in Section 2. We describe Asteroid's main features in Section 3 and their implementation in Section 4. We provide example experimental results in Section 5 and conclude in Section 6.", "mentionContextAttributes": {"used": {"value": false, "score": 0.024620771408081055}, "created": {"value": true, "score": 0.926948606967926}, "shared": {"value": false, "score": 2.980232238769531e-07}}, "documentContextAttributes": {"used": {"value": true, "score": 0.9999687075614929}, "created": {"value": true, "score": 0.9999373555183411}, "shared": {"value": false, "score": 6.264448165893555e-05}}}, {"type": "software", "software-type": "software", "wikidataId": "Q47509047", "wikipediaExternalRef": 54022970, "lang": "en", "confidence": 0.7826, "software-name": {"rawForm": "PyTorch", "normalizedForm": "PyTorch", "wikidataId": "Q47509047", "wikipediaExternalRef": 54022970, "lang": "en", "confidence": 0.7826, "offsetStart": 78, "offsetEnd": 85}, "context": "For training source separation systems, Asteroid offers a thin wrapper around PyTorch-Lightning [40] that seamlessly enables distributed training, experiment logging and more, without sacrificing flexibility.", "mentionContextAttributes": {"used": {"value": false, "score": 2.3543834686279297e-05}, "created": {"value": false, "score": 0.0010194778442382812}, "shared": {"value": false, "score": 1.7881393432617188e-07}}, "documentContextAttributes": {"used": {"value": true, "score": 0.9919069409370422}, "created": {"value": true, "score": 0.9997990131378174}, "shared": {"value": false, "score": 8.881092071533203e-06}}}, {"type": "software", "software-type": "software", "software-name": {"rawForm": "Asteroid", "normalizedForm": "Asteroid", "offsetStart": 79, "offsetEnd": 87}, "context": "Based on PyTorch, one of the most widely used dynamic neural network toolkits, Asteroid is meant to be user-friendly, easily extensible, to promote reproducible research, and to enable easy experimentation. ", "mentionContextAttributes": {"used": {"value": false, "score": 3.93986701965332e-05}, "created": {"value": false, "score": 0.28933918476104736}, "shared": {"value": false, "score": 8.881092071533203e-06}}, "documentContextAttributes": {"used": {"value": true, "score": 0.9999687075614929}, "created": {"value": true, "score": 0.9999373555183411}, "shared": {"value": false, "score": 6.264448165893555e-05}}}, {"type": "software", "software-type": "software", "software-name": {"rawForm": "nn.Module", "normalizedForm": "nn.Module", "offsetStart": 88, "offsetEnd": 97}, "publisher": {"rawForm": "PyTorch", "normalizedForm": "PyTorch", "offsetStart": 78, "offsetEnd": 85}, "context": "bss  As can be seen in Fig. 4, the model class, which is a direct subclass of PyTorch's nn.Module, is defined in model.py. ", "mentionContextAttributes": {"used": {"value": false, "score": 0.001172482967376709}, "created": {"value": false, "score": 7.37309455871582e-05}, "shared": {"value": false, "score": 4.172325134277344e-07}}, "documentContextAttributes": {"used": {"value": false, "score": 0.001172482967376709}, "created": {"value": false, "score": 7.37309455871582e-05}, "shared": {"value": false, "score": 4.172325134277344e-07}}}, {"type": "software", "software-type": "software", "wikidataId": "Q187432", "wikipediaExternalRef": 21490336, "lang": "en", "confidence": 0.5074, "software-name": {"rawForm": "scripts", "normalizedForm": "scripts", "wikidataId": "Q187432", "wikipediaExternalRef": 21490336, "lang": "en", "confidence": 0.5074, "offsetStart": 107, "offsetEnd": 114}, "context": "Regarding the isolated implementations, some of them only contain the model, while others provide training scripts but assume that training data has been generated.", "mentionContextAttributes": {"used": {"value": false, "score": 0.0005155205726623535}, "created": {"value": false, "score": 0.0007245540618896484}, "shared": {"value": false, "score": 2.980232238769531e-07}}, "documentContextAttributes": {"used": {"value": true, "score": 0.9919069409370422}, "created": {"value": false, "score": 0.0029903650283813477}, "shared": {"value": false, "score": 1.9669532775878906e-06}}}, {"type": "software", "software-type": "software", "software-name": {"rawForm": "ConvTranspose1d", "normalizedForm": "ConvTranspose1d", "offsetStart": 109, "offsetEnd": 124}, "context": "Each Filterbank can be combined with an Encoder or a Decoder, which respectively follow the nn.Conv1d and nn.ConvTranspose1d interfaces from PyTorch for consistency and ease of use. ", "mentionContextAttributes": {"used": {"value": false, "score": 0.005340933799743652}, "created": {"value": false, "score": 1.329183578491211e-05}, "shared": {"value": false, "score": 6.556510925292969e-07}}, "documentContextAttributes": {"used": {"value": false, "score": 0.005340933799743652}, "created": {"value": false, "score": 1.329183578491211e-05}, "shared": {"value": false, "score": 6.556510925292969e-07}}}, {"type": "software", "software-type": "software", "software-name": {"rawForm": "model.py", "normalizedForm": "model.py", "offsetStart": 113, "offsetEnd": 121}, "context": "bss  As can be seen in Fig. 4, the model class, which is a direct subclass of PyTorch's nn.Module, is defined in model.py. ", "mentionContextAttributes": {"used": {"value": false, "score": 0.001172482967376709}, "created": {"value": false, "score": 7.37309455871582e-05}, "shared": {"value": false, "score": 4.172325134277344e-07}}, "documentContextAttributes": {"used": {"value": false, "score": 0.0036800503730773926}, "created": {"value": false, "score": 0.00048023462295532227}, "shared": {"value": false, "score": 4.172325134277344e-07}}}, {"type": "software", "software-type": "software", "wikidataId": "Q47509047", "wikipediaExternalRef": 54022970, "lang": "en", "confidence": 0.7826, "software-name": {"rawForm": "PyTorch", "normalizedForm": "PyTorch", "wikidataId": "Q47509047", "wikipediaExternalRef": 54022970, "lang": "en", "confidence": 0.7826, "offsetStart": 141, "offsetEnd": 148}, "context": "Each Filterbank can be combined with an Encoder or a Decoder, which respectively follow the nn.Conv1d and nn.ConvTranspose1d interfaces from PyTorch for consistency and ease of use. ", "mentionContextAttributes": {"used": {"value": false, "score": 0.005340933799743652}, "created": {"value": false, "score": 1.329183578491211e-05}, "shared": {"value": false, "score": 6.556510925292969e-07}}, "documentContextAttributes": {"used": {"value": true, "score": 0.9919069409370422}, "created": {"value": true, "score": 0.9997990131378174}, "shared": {"value": false, "score": 8.881092071533203e-06}}}, {"type": "software", "software-type": "software", "wikidataId": "Q47509047", "wikipediaExternalRef": 54022970, "lang": "en", "confidence": 0.7826, "software-name": {"rawForm": "PyTorch", "normalizedForm": "PyTorch", "wikidataId": "Q47509047", "wikipediaExternalRef": 54022970, "lang": "en", "confidence": 0.7826, "offsetStart": 358, "offsetEnd": 370}, "context": "High Performance Computing resources were partially provided by the EXPLOR centre hosted by the University de Lorraine 1 kaituoxu/TasNet, kaituoxu/Conv-TasNet, yluo42/TAC, JusperLee/Conv-TasNet, JusperLee/Dual-Path-RNN-Pytorch, tky1117/DNN-based source separation ShiZiqiang/dual-path-RNNs-DPRNNs-based-speech-separation Both nussl and ONSSEN are written in PyTorch [14] and provide training and evaluation scripts for several state-of-the art methods. ", "mentionContextAttributes": {"used": {"value": true, "score": 0.9919069409370422}, "created": {"value": false, "score": 2.682209014892578e-06}, "shared": {"value": false, "score": 1.9669532775878906e-06}}, "documentContextAttributes": {"used": {"value": true, "score": 0.9919069409370422}, "created": {"value": true, "score": 0.9997990131378174}, "shared": {"value": false, "score": 8.881092071533203e-06}}}, {"type": "software", "software-type": "implicit", "wikidataId": "Q187432", "wikipediaExternalRef": 21490336, "lang": "en", "confidence": 0.5074, "software-name": {"rawForm": "scripts", "normalizedForm": "scripts", "wikidataId": "Q187432", "wikipediaExternalRef": 21490336, "lang": "en", "confidence": 0.5074, "offsetStart": 407, "offsetEnd": 414}, "context": "High Performance Computing resources were partially provided by the EXPLOR centre hosted by the University de Lorraine 1 kaituoxu/TasNet, kaituoxu/Conv-TasNet, yluo42/TAC, JusperLee/Conv-TasNet, JusperLee/Dual-Path-RNN-Pytorch, tky1117/DNN-based source separation ShiZiqiang/dual-path-RNNs-DPRNNs-based-speech-separation Both nussl and ONSSEN are written in PyTorch [14] and provide training and evaluation scripts for several state-of-the art methods. ", "mentionContextAttributes": {"used": {"value": true, "score": 0.9919069409370422}, "created": {"value": false, "score": 2.682209014892578e-06}, "shared": {"value": false, "score": 1.9669532775878906e-06}}, "documentContextAttributes": {"used": {"value": true, "score": 0.9919069409370422}, "created": {"value": false, "score": 0.0029903650283813477}, "shared": {"value": false, "score": 1.9669532775878906e-06}}}], "references": [{"refKey": 1, "tei": "<biblStruct xml:id=\"b1\">\n\t<analytic>\n\t\t<title level=\"a\" type=\"main\">An open source software system for robot audition HARK and its evaluation</title>\n\t\t<author>\n\t\t\t<persName><forename type=\"first\">Kazuhiro</forename><surname>Nakadai</surname></persName>\n\t\t</author>\n\t\t<author>\n\t\t\t<persName><forename type=\"first\">Hiroshi</forename><forename type=\"middle\">G</forename><surname>Okuno</surname></persName>\n\t\t</author>\n\t\t<author>\n\t\t\t<persName><forename type=\"first\">Hirofumi</forename><surname>Nakajima</surname></persName>\n\t\t</author>\n\t\t<author>\n\t\t\t<persName><forename type=\"first\">Yuji</forename><surname>Hasegawa</surname></persName>\n\t\t</author>\n\t\t<author>\n\t\t\t<persName><forename type=\"first\">Hiroshi</forename><surname>Tsujino</surname></persName>\n\t\t</author>\n\t\t<idno type=\"DOI\">10.1109/ichr.2008.4756031</idno>\n\t</analytic>\n\t<monogr>\n\t\t<title level=\"m\">Humanoids 2008 - 8th IEEE-RAS International Conference on Humanoid Robots</title>\n\t\t<imprint>\n\t\t\t<publisher>IEEE</publisher>\n\t\t\t<date type=\"published\" when=\"2008\">2008</date>\n\t\t\t<biblScope unit=\"page\">566</biblScope>\n\t\t</imprint>\n\t</monogr>\n</biblStruct>\n"}], "runtime": 30898, "id": "6ed585a0855ccdb7b2a8c4532a3bd800961e794f", "metadata": {"id": "6ed585a0855ccdb7b2a8c4532a3bd800961e794f"}, "original_file_path": "../../datalake/Samuel/SOFTware-Sync/data/xml_not_sofctied/hal-02962964.grobid.tei.xml", "file_name": "hal-02962964.grobid.tei.xml"}