{"application": "software-mentions", "version": "0.8.0", "date": "2024-04-15T07:14+0000", "md5": "9C1425E54A446D2728F8D58F7F53DAF2", "mentions": [{"type": "software", "software-type": "software", "wikidataId": "Q21447895", "wikipediaExternalRef": 48508507, "lang": "en", "confidence": 0.6707, "software-name": {"rawForm": "Tensorflow", "normalizedForm": "Tensorflow", "wikidataId": "Q21447895", "wikipediaExternalRef": 48508507, "lang": "en", "confidence": 0.6707, "offsetStart": 32, "offsetEnd": 42}, "context": "We trained our models using the Tensorflow library [29]. ", "mentionContextAttributes": {"used": {"value": true, "score": 0.9999915361404419}, "created": {"value": false, "score": 3.0279159545898438e-05}, "shared": {"value": false, "score": 2.384185791015625e-07}}, "documentContextAttributes": {"used": {"value": true, "score": 0.9999915361404419}, "created": {"value": false, "score": 3.0279159545898438e-05}, "shared": {"value": false, "score": 2.384185791015625e-07}}, "references": [{"label": "[29]", "normalizedForm": "[29]", "refKey": 29, "offsetStart": 18898, "offsetEnd": 18902}]}, {"type": "software", "software-type": "software", "software-name": {"rawForm": "Pl@ntNet", "normalizedForm": "Pl@ntNet", "offsetStart": 42, "offsetEnd": 50}, "context": "Next, we acquired healthy images from the Pl@ntNet database (http://identify.plantnetproject.org/) ", "mentionContextAttributes": {"used": {"value": true, "score": 0.999962329864502}, "created": {"value": false, "score": 0.01640784740447998}, "shared": {"value": false, "score": 0.02721691131591797}}, "documentContextAttributes": {"used": {"value": true, "score": 0.999962329864502}, "created": {"value": false, "score": 0.01640784740447998}, "shared": {"value": false, "score": 0.02721691131591797}}}, {"type": "software", "software-type": "software", "software-name": {"rawForm": "Pl@ntNet", "normalizedForm": "Pl@ntNet", "offsetStart": 137, "offsetEnd": 145}, "context": "This is due to the fact that the images captured in Digipathos and PV come mainly from an easy and less noisy background than in IPM and Pl@ntNet where the images are mainly captured in fields cluttered by a complicated and noisy background.", "mentionContextAttributes": {"used": {"value": false, "score": 0.09570097923278809}, "created": {"value": false, "score": 1.430511474609375e-05}, "shared": {"value": false, "score": 9.5367431640625e-07}}, "documentContextAttributes": {"used": {"value": true, "score": 0.999962329864502}, "created": {"value": false, "score": 0.01640784740447998}, "shared": {"value": false, "score": 0.02721691131591797}}}, {"type": "software", "software-type": "software", "software-name": {"rawForm": "Pl@ntNet", "normalizedForm": "Pl@ntNet", "offsetStart": 176, "offsetEnd": 184}, "context": "We can see that, for the validation sets, in general, all models were able to obtain a better classification result (greater than 80%) in Digipathos and PV compared to IPM and Pl@ntNet.", "mentionContextAttributes": {"used": {"value": true, "score": 0.9998691082000732}, "created": {"value": false, "score": 2.6941299438476562e-05}, "shared": {"value": false, "score": 2.384185791015625e-07}}, "documentContextAttributes": {"used": {"value": true, "score": 0.999962329864502}, "created": {"value": false, "score": 0.01640784740447998}, "shared": {"value": false, "score": 0.02721691131591797}}}], "references": [{"refKey": 29, "tei": "<biblStruct xml:id=\"b29\">\n\t<analytic>\n\t\t<title level=\"a\" type=\"main\">TensorFlow: learning functions at scale</title>\n\t\t<author>\n\t\t\t<persName><forename type=\"first\">Mart\u00edn</forename><surname>Abadi</surname></persName>\n\t\t</author>\n\t\t<author>\n\t\t\t<persName><forename type=\"first\">P</forename><surname>Barham</surname></persName>\n\t\t</author>\n\t\t<author>\n\t\t\t<persName><forename type=\"first\">J</forename><surname>Chen</surname></persName>\n\t\t</author>\n\t\t<author>\n\t\t\t<persName><forename type=\"first\">Z</forename><surname>Chen</surname></persName>\n\t\t</author>\n\t\t<author>\n\t\t\t<persName><forename type=\"first\">A</forename><surname>Davis</surname></persName>\n\t\t</author>\n\t\t<author>\n\t\t\t<persName><forename type=\"first\">J</forename><surname>Dean</surname></persName>\n\t\t</author>\n\t\t<author>\n\t\t\t<persName><forename type=\"first\">M</forename><surname>Devin</surname></persName>\n\t\t</author>\n\t\t<author>\n\t\t\t<persName><forename type=\"first\">S</forename><surname>Ghemawat</surname></persName>\n\t\t</author>\n\t\t<author>\n\t\t\t<persName><forename type=\"first\">G</forename><surname>Irving</surname></persName>\n\t\t</author>\n\t\t<author>\n\t\t\t<persName><forename type=\"first\">M</forename><surname>Isard</surname></persName>\n\t\t</author>\n\t\t<idno type=\"DOI\">10.1145/2951913.2976746</idno>\n\t</analytic>\n\t<monogr>\n\t\t<title level=\"m\">Proceedings of the 21st ACM SIGPLAN International Conference on Functional Programming</title>\n\t\t<meeting>the 21st ACM SIGPLAN International Conference on Functional Programming</meeting>\n\t\t<imprint>\n\t\t\t<publisher>ACM</publisher>\n\t\t\t<date type=\"published\" when=\"2016-09-04\">2016</date>\n\t\t\t<biblScope unit=\"page\">283</biblScope>\n\t\t</imprint>\n\t</monogr>\n</biblStruct>\n"}], "runtime": 164660, "id": "35858a9dd3a0f7e021264ace3cbc5cc5b3f508f4", "metadata": {"id": "35858a9dd3a0f7e021264ace3cbc5cc5b3f508f4"}, "original_file_path": "../../datalake/Samuel/SOFTware-Sync/data/xml_not_sofctied/hal-03415972.grobid.tei.xml", "file_name": "hal-03415972.grobid.tei.xml"}