{"application": "software-mentions", "version": "0.8.0", "date": "2024-04-12T16:14+0000", "md5": "3113CF3E5AAC64387EEE903045884AC8", "mentions": [{"type": "software", "software-type": "software", "software-name": {"rawForm": "PathWays", "normalizedForm": "PathWays", "offsetStart": 0, "offsetEnd": 8}, "context": "PathWays is developed in Java 11, on top of [4,5] which build the data and, respectively, the collection graph (see below), and store them in PostgreSQL.", "mentionContextAttributes": {"used": {"value": false, "score": 0.003592252731323242}, "created": {"value": false, "score": 0.418462872505188}, "shared": {"value": false, "score": 2.980232238769531e-07}}, "documentContextAttributes": {"used": {"value": true, "score": 0.9999566674232483}, "created": {"value": true, "score": 0.9206559658050537}, "shared": {"value": false, "score": 4.172325134277344e-07}}}, {"type": "software", "software-type": "software", "software-name": {"rawForm": "PathWays", "normalizedForm": "PathWays", "offsetStart": 0, "offsetEnd": 8}, "context": "PathWays displays sample entity pairs connected by each path, e.g., Nixon is connected to NASA because he attended a launch involving N. Armstrong. ", "mentionContextAttributes": {"used": {"value": false, "score": 0.0007788538932800293}, "created": {"value": false, "score": 1.6868114471435547e-05}, "shared": {"value": false, "score": 1.7881393432617188e-07}}, "documentContextAttributes": {"used": {"value": true, "score": 0.9999566674232483}, "created": {"value": true, "score": 0.9206559658050537}, "shared": {"value": false, "score": 4.172325134277344e-07}}}, {"type": "software", "software-type": "software", "software-name": {"rawForm": "PathWays", "normalizedForm": "PathWays", "offsetStart": 0, "offsetEnd": 8}, "context": "PathWays then rewrites every path query p 1 1 , . . . ", "mentionContextAttributes": {"used": {"value": false, "score": 0.04323911666870117}, "created": {"value": false, "score": 2.682209014892578e-06}, "shared": {"value": false, "score": 2.980232238769531e-07}}, "documentContextAttributes": {"used": {"value": true, "score": 0.9999566674232483}, "created": {"value": true, "score": 0.9206559658050537}, "shared": {"value": false, "score": 4.172325134277344e-07}}}, {"type": "software", "software-type": "software", "software-name": {"rawForm": "PathWays", "normalizedForm": "PathWays", "offsetStart": 0, "offsetEnd": 8}, "context": "PathWays found 89 common subpaths; 16 were selected by our algorithm, which rewrote 98 path queries using them as materialized views.", "mentionContextAttributes": {"used": {"value": true, "score": 0.9999566674232483}, "created": {"value": false, "score": 5.066394805908203e-06}, "shared": {"value": false, "score": 1.7881393432617188e-07}}, "documentContextAttributes": {"used": {"value": true, "score": 0.9999566674232483}, "created": {"value": true, "score": 0.9206559658050537}, "shared": {"value": false, "score": 4.172325134277344e-07}}}, {"type": "software", "software-type": "software", "software-name": {"rawForm": "PathWays", "normalizedForm": "PathWays", "offsetStart": 6, "offsetEnd": 14}, "context": "Thus, PathWays enumerates paths between entities of user-selected types, (i) independently of the edge direction, (ii) asking for user input to focus on the paths most useful to them, and (iii) efficiently. ", "mentionContextAttributes": {"used": {"value": false, "score": 5.251169204711914e-05}, "created": {"value": false, "score": 1.3053417205810547e-05}, "shared": {"value": false, "score": 2.980232238769531e-07}}, "documentContextAttributes": {"used": {"value": true, "score": 0.9999566674232483}, "created": {"value": true, "score": 0.9206559658050537}, "shared": {"value": false, "score": 4.172325134277344e-07}}}, {"type": "software", "software-type": "software", "software-name": {"rawForm": "PathWays", "normalizedForm": "PathWays", "offsetStart": 9, "offsetEnd": 17}, "context": "Instead, PathWays leverages a collection graph [5], a (much smaller) summary of the data graph, grouping similar data nodes in a single collection node, e.g., the spacecraft nodes 10 and 14 in the data graph are grouped in collection C1. ", "mentionContextAttributes": {"used": {"value": false, "score": 0.0003421306610107422}, "created": {"value": false, "score": 2.485513687133789e-05}, "shared": {"value": false, "score": 2.980232238769531e-07}}, "documentContextAttributes": {"used": {"value": true, "score": 0.9999566674232483}, "created": {"value": true, "score": 0.9206559658050537}, "shared": {"value": false, "score": 4.172325134277344e-07}}}, {"type": "software", "software-type": "software", "software-name": {"rawForm": "PathWays", "normalizedForm": "PathWays", "offsetStart": 17, "offsetEnd": 25}, "context": "For performance, PathWays leverages a compact graph summary and efficiently materializes views; our view materialization problem, focusing only on paths, is a restriction of that considered, e.g., in [9], enabling a low complexity while being very effective. ", "mentionContextAttributes": {"used": {"value": false, "score": 6.026029586791992e-05}, "created": {"value": false, "score": 4.32133674621582e-05}, "shared": {"value": false, "score": 2.980232238769531e-07}}, "documentContextAttributes": {"used": {"value": true, "score": 0.9999566674232483}, "created": {"value": true, "score": 0.9206559658050537}, "shared": {"value": false, "score": 4.172325134277344e-07}}}, {"type": "software", "software-type": "software", "software-name": {"rawForm": "PathWays", "normalizedForm": "PathWays", "offsetStart": 18, "offsetEnd": 26}, "context": "To our knowledge, PathWays is the first system built for this flavor of graph exploration (see also Sec. 4).", "mentionContextAttributes": {"used": {"value": false, "score": 4.595518112182617e-05}, "created": {"value": true, "score": 0.9206559658050537}, "shared": {"value": false, "score": 1.7881393432617188e-07}}, "documentContextAttributes": {"used": {"value": true, "score": 0.9999566674232483}, "created": {"value": true, "score": 0.9206559658050537}, "shared": {"value": false, "score": 4.172325134277344e-07}}}, {"type": "software", "software-type": "software", "software-name": {"rawForm": "PathWays", "normalizedForm": "PathWays", "offsetStart": 22, "offsetEnd": 30}, "context": "User interaction with PathWays starts by making some choices: \"Which types of entities to connect?\" (in Fig. 1, organizations and people); \"How many paths to enumerate?\" ", "mentionContextAttributes": {"used": {"value": false, "score": 0.0016892552375793457}, "created": {"value": false, "score": 4.583597183227539e-05}, "shared": {"value": false, "score": 4.172325134277344e-07}}, "documentContextAttributes": {"used": {"value": true, "score": 0.9999566674232483}, "created": {"value": true, "score": 0.9206559658050537}, "shared": {"value": false, "score": 4.172325134277344e-07}}}, {"type": "software", "software-type": "software", "software-name": {"rawForm": "PathWays", "normalizedForm": "PathWays", "offsetStart": 22, "offsetEnd": 30}, "context": "We will also show how PathWays optimizes path evaluation (see below). ", "mentionContextAttributes": {"used": {"value": false, "score": 0.00020313262939453125}, "created": {"value": false, "score": 0.003953814506530762}, "shared": {"value": false, "score": 1.7881393432617188e-07}}, "documentContextAttributes": {"used": {"value": true, "score": 0.9999566674232483}, "created": {"value": true, "score": 0.9206559658050537}, "shared": {"value": false, "score": 4.172325134277344e-07}}}, {"type": "software", "software-type": "software", "software-name": {"rawForm": "PathWays", "normalizedForm": "PathWays", "offsetStart": 25, "offsetEnd": 33}, "context": "Complementing the above, PathWays is focused on identifying and computing all paths between certain extracted entities, to give a first global look at the dataset content, for graphs obtained from multiple data models. ", "mentionContextAttributes": {"used": {"value": false, "score": 5.9545040130615234e-05}, "created": {"value": true, "score": 0.5373541116714478}, "shared": {"value": false, "score": 1.7881393432617188e-07}}, "documentContextAttributes": {"used": {"value": true, "score": 0.9999566674232483}, "created": {"value": true, "score": 0.9206559658050537}, "shared": {"value": false, "score": 4.172325134277344e-07}}}, {"type": "software", "software-type": "software", "software-name": {"rawForm": "PathWays", "normalizedForm": "PathWays", "offsetStart": 26, "offsetEnd": 34}, "context": "To mitigate this problem, PathWays includes a materialized view recommender and view-based rewriting module (Sec. ", "mentionContextAttributes": {"used": {"value": false, "score": 4.869699478149414e-05}, "created": {"value": false, "score": 0.0007526874542236328}, "shared": {"value": false, "score": 1.7881393432617188e-07}}, "documentContextAttributes": {"used": {"value": true, "score": 0.9999566674232483}, "created": {"value": true, "score": 0.9206559658050537}, "shared": {"value": false, "score": 4.172325134277344e-07}}}, {"type": "software", "software-type": "software", "software-name": {"rawForm": "PathWays", "normalizedForm": "PathWays", "offsetStart": 29, "offsetEnd": 37}, "context": "Leveraging this observation, PathWays identifies the subpaths common to at least two path queries. ", "mentionContextAttributes": {"used": {"value": false, "score": 0.00044018030166625977}, "created": {"value": false, "score": 4.470348358154297e-06}, "shared": {"value": false, "score": 1.7881393432617188e-07}}, "documentContextAttributes": {"used": {"value": true, "score": 0.9999566674232483}, "created": {"value": true, "score": 0.9206559658050537}, "shared": {"value": false, "score": 4.172325134277344e-07}}}, {"type": "software", "software-type": "software", "wikidataId": "Q192490", "wikipediaExternalRef": 23824, "lang": "en", "confidence": 0.9154, "software-name": {"rawForm": "PostgreSQL", "normalizedForm": "PostgreSQL", "wikidataId": "Q192490", "wikipediaExternalRef": 23824, "lang": "en", "confidence": 0.9154, "offsetStart": 46, "offsetEnd": 56}, "language": {"rawForm": "Java", "normalizedForm": "Java"}, "context": "Then, with the help of a cost model, based on PostgreSQL's estimations, it materializes the most profitable shared subpath s 1 where profit is: the decrease in the total path evaluation cost if the subpath is materialized and its results used to evaluate the paths enclosing it, minus the cost to materialize the subpath. ", "mentionContextAttributes": {"used": {"value": true, "score": 0.9287520051002502}, "created": {"value": false, "score": 2.3245811462402344e-06}, "shared": {"value": false, "score": 6.556510925292969e-07}}, "documentContextAttributes": {"used": {"value": true, "score": 0.9287520051002502}, "created": {"value": false, "score": 0.418462872505188}, "shared": {"value": false, "score": 6.556510925292969e-07}}}, {"type": "software", "software-type": "software", "software-name": {"rawForm": "PathWays", "normalizedForm": "PathWays", "offsetStart": 69, "offsetEnd": 77}, "context": "Any path in the data graph also exists in the collection graph, thus PathWays enumerates paths on the smaller collection graph. ", "mentionContextAttributes": {"used": {"value": false, "score": 0.008842825889587402}, "created": {"value": false, "score": 1.9729137420654297e-05}, "shared": {"value": false, "score": 2.980232238769531e-07}}, "documentContextAttributes": {"used": {"value": true, "score": 0.9999566674232483}, "created": {"value": true, "score": 0.9206559658050537}, "shared": {"value": false, "score": 4.172325134277344e-07}}}, {"type": "software", "software-type": "software", "wikidataId": "Q192490", "wikipediaExternalRef": 23824, "lang": "en", "confidence": 0.9154, "software-name": {"rawForm": "PostgreSQL", "normalizedForm": "PostgreSQL", "wikidataId": "Q192490", "wikipediaExternalRef": 23824, "lang": "en", "confidence": 0.9154, "offsetStart": 142, "offsetEnd": 152}, "language": {"rawForm": "Java", "normalizedForm": "Java", "wikidataId": "Q251", "offsetStart": 25, "offsetEnd": 29}, "context": "PathWays is developed in Java 11, on top of [4,5] which build the data and, respectively, the collection graph (see below), and store them in PostgreSQL.", "mentionContextAttributes": {"used": {"value": false, "score": 0.003592252731323242}, "created": {"value": false, "score": 0.418462872505188}, "shared": {"value": false, "score": 2.980232238769531e-07}}, "documentContextAttributes": {"used": {"value": true, "score": 0.9287520051002502}, "created": {"value": false, "score": 0.418462872505188}, "shared": {"value": false, "score": 6.556510925292969e-07}}}], "references": [], "runtime": 11374, "id": "aacb87c1c65fa4f0057e9a64e4a17fb369f99be4", "metadata": {"id": "aacb87c1c65fa4f0057e9a64e4a17fb369f99be4"}, "original_file_path": "../../datalake/Samuel/SOFTware-Sync/data/xml_files/hal-04103293.grobid.tei.xml", "file_name": "hal-04103293.grobid.tei.xml"}