{"application": "software-mentions", "version": "0.8.0", "date": "2024-04-15T07:15+0000", "md5": "88C0B79C2513072D7DF01E0F2CF308C8", "mentions": [{"type": "software", "software-type": "software", "software-name": {"rawForm": "RDFQuotient", "normalizedForm": "RDFQuotient", "offsetStart": 0, "offsetEnd": 11}, "context": "RDFQuotient gives a set of equivalence classes between nodes based on their types and their properties.", "mentionContextAttributes": {"used": {"value": false, "score": 0.00024694204330444336}, "created": {"value": false, "score": 1.0848045349121094e-05}, "shared": {"value": false, "score": 1.1920928955078125e-07}}, "documentContextAttributes": {"used": {"value": false, "score": 0.0011017322540283203}, "created": {"value": false, "score": 0.000995337963104248}, "shared": {"value": false, "score": 2.384185791015625e-07}}}, {"type": "software", "software-type": "software", "software-name": {"rawForm": "RDFQuotient", "normalizedForm": "RDFQuotient", "offsetStart": 0, "offsetEnd": 14}, "context": "RDFQuotient [3], originally introduced for RDF but easy to adapt to arbitrary graphs, meets these criteria, thus we rely on it to compute the summary \ud835\udc3a \u2032 of \ud835\udc3a for non-acyclic graphs. ", "mentionContextAttributes": {"used": {"value": false, "score": 0.0011017322540283203}, "created": {"value": false, "score": 0.000995337963104248}, "shared": {"value": false, "score": 2.384185791015625e-07}}, "documentContextAttributes": {"used": {"value": false, "score": 0.0011017322540283203}, "created": {"value": false, "score": 0.000995337963104248}, "shared": {"value": false, "score": 2.384185791015625e-07}}}], "references": [], "runtime": 50494, "id": "a2e6eb2dc4ab5f73b9bdd6d8fe677111a9c6e126", "metadata": {"id": "a2e6eb2dc4ab5f73b9bdd6d8fe677111a9c6e126"}, "original_file_path": "../../datalake/Samuel/SOFTware-Sync/data/xml_not_sofctied/hal-03344102.grobid.tei.xml", "file_name": "hal-03344102.grobid.tei.xml"}