{"application": "software-mentions", "version": "0.8.0", "date": "2024-04-12T15:40+0000", "md5": "93CCE02C1364B5C1BF2BC54A36E8C093", "mentions": [{"type": "software", "software-type": "software", "software-name": {"rawForm": "OpenAlea", "normalizedForm": "OpenAlea", "offsetStart": 34, "offsetEnd": 42}, "context": "The model uses libraries from the OpenAlea platform (Pradal et al., 2008). ", "mentionContextAttributes": {"used": {"value": false, "score": 0.46637946367263794}, "created": {"value": false, "score": 0.0011643767356872559}, "shared": {"value": false, "score": 0.00041240453720092773}}, "documentContextAttributes": {"used": {"value": false, "score": 0.46637946367263794}, "created": {"value": false, "score": 0.0011643767356872559}, "shared": {"value": false, "score": 0.00041240453720092773}}, "references": [{"label": "(Pradal et al., 2008)", "normalizedForm": "Pradal et al., 2008", "refKey": 4, "offsetStart": 1411, "offsetEnd": 1432}]}], "references": [{"refKey": 4, "tei": "<biblStruct xml:id=\"b4\">\n\t<analytic>\n\t\t<title level=\"a\" type=\"main\">OpenAlea: a visual programming and component-based software platform for plant modelling</title>\n\t\t<author>\n\t\t\t<persName><forename type=\"first\">Christophe</forename><surname>Pradal</surname></persName>\n\t\t</author>\n\t\t<author>\n\t\t\t<persName><forename type=\"first\">Samuel</forename><surname>Dufour-Kowalski</surname></persName>\n\t\t</author>\n\t\t<author>\n\t\t\t<persName><forename type=\"first\">Fr\u00e9d\u00e9ric</forename><surname>Boudon</surname></persName>\n\t\t</author>\n\t\t<author>\n\t\t\t<persName><forename type=\"first\">Christian</forename><surname>Fournier</surname></persName>\n\t\t</author>\n\t\t<author>\n\t\t\t<persName><forename type=\"first\">Christophe</forename><surname>Godin</surname></persName>\n\t\t</author>\n\t\t<idno type=\"DOI\">10.1071/fp08084</idno>\n\t</analytic>\n\t<monogr>\n\t\t<title level=\"j\">Functional Plant Biology</title>\n\t\t<title level=\"j\" type=\"abbrev\">Functional Plant Biol.</title>\n\t\t<idno type=\"ISSN\">1445-4408</idno>\n\t\t<imprint>\n\t\t\t<biblScope unit=\"volume\">35</biblScope>\n\t\t\t<biblScope unit=\"issue\">10</biblScope>\n\t\t\t<biblScope unit=\"page\">751</biblScope>\n\t\t\t<date type=\"published\" when=\"2008\">2008</date>\n\t\t\t<publisher>CSIRO Publishing</publisher>\n\t\t</imprint>\n\t</monogr>\n</biblStruct>\n"}], "runtime": 62677, "id": "63bf24bc6590276b35627fb433ab93edc0b120eb", "metadata": {"id": "63bf24bc6590276b35627fb433ab93edc0b120eb"}, "original_file_path": "../../datalake/Samuel/SOFTware-Sync/data/xml_files/hal-03059482.grobid.tei.xml", "file_name": "hal-03059482.grobid.tei.xml"}