{"application": "software-mentions", "version": "0.8.0", "date": "2024-04-12T17:14+0000", "md5": "070835BF5C9BD0CE7E9F57B17B69D656", "mentions": [{"type": "software", "software-type": "software", "software-name": {"rawForm": "StoveOn", "normalizedForm": "StoveOn", "offsetStart": 96, "offsetEnd": 103}, "context": "It treats the stove as a mobile object, which alters the context to also evaluate the status of StoveOn along with determining its current location.", "mentionContextAttributes": {"used": {"value": false, "score": 0.0013968348503112793}, "created": {"value": false, "score": 0.00011909008026123047}, "shared": {"value": false, "score": 2.384185791015625e-07}}, "documentContextAttributes": {"used": {"value": false, "score": 0.0042307376861572266}, "created": {"value": false, "score": 0.0004900693893432617}, "shared": {"value": false, "score": 1.1920928955078125e-06}}}, {"type": "software", "software-type": "software", "software-name": {"rawForm": "StoveOn", "normalizedForm": "StoveOn", "offsetStart": 106, "offsetEnd": 113}, "context": "For example, when an agent is situated at the stove's location, it will acknowledge the current status of StoveOn. ", "mentionContextAttributes": {"used": {"value": false, "score": 0.00031304359436035156}, "created": {"value": false, "score": 0.0004900693893432617}, "shared": {"value": false, "score": 4.76837158203125e-07}}, "documentContextAttributes": {"used": {"value": false, "score": 0.0042307376861572266}, "created": {"value": false, "score": 0.0004900693893432617}, "shared": {"value": false, "score": 1.1920928955078125e-06}}}, {"type": "software", "software-type": "software", "software-name": {"rawForm": "StoveOn", "normalizedForm": "StoveOn", "offsetStart": 118, "offsetEnd": 125}, "context": "One sub-task is to pour the pasta into the pot, which can only be done after turning on the stove (results in holding StoveOn) and adding salt to the water (results in SaltIn).", "mentionContextAttributes": {"used": {"value": false, "score": 0.0042307376861572266}, "created": {"value": false, "score": 8.952617645263672e-05}, "shared": {"value": false, "score": 1.1920928955078125e-06}}, "documentContextAttributes": {"used": {"value": false, "score": 0.0042307376861572266}, "created": {"value": false, "score": 0.0004900693893432617}, "shared": {"value": false, "score": 1.1920928955078125e-06}}}, {"type": "software", "software-type": "software", "software-name": {"rawForm": "StoveOn", "normalizedForm": "StoveOn", "offsetStart": 126, "offsetEnd": 133}, "context": "However, for those that are observable but associating them directly to a place is not intuitive to the domain modeler, e.g., StoveOn is a property of a stove and can be assessed from where it is currently situated, we use a different strategy to cater to them.", "mentionContextAttributes": {"used": {"value": false, "score": 0.00034821033477783203}, "created": {"value": false, "score": 0.00011408329010009766}, "shared": {"value": false, "score": 9.5367431640625e-07}}, "documentContextAttributes": {"used": {"value": false, "score": 0.0042307376861572266}, "created": {"value": false, "score": 0.0004900693893432617}, "shared": {"value": false, "score": 1.1920928955078125e-06}}}], "references": [], "runtime": 46120, "id": "09d89b6774cd1c0bc3185be92b26e869f21f62ea", "metadata": {"id": "09d89b6774cd1c0bc3185be92b26e869f21f62ea"}, "original_file_path": "../../datalake/Samuel/SOFTware-Sync/data/xml_not_sofctied/hal-04385641.grobid.tei.xml", "file_name": "hal-04385641.grobid.tei.xml"}