{"application": "software-mentions", "version": "0.8.0", "date": "2024-04-12T15:38+0000", "md5": "BE59CE3059AD621B6786651F70BC8153", "mentions": [{"type": "software", "software-type": "software", "wikidataId": "Q936", "wikipediaExternalRef": 2955470, "lang": "en", "confidence": 0.7799, "software-name": {"rawForm": "OpenStreetMap", "normalizedForm": "OpenStreetMap", "wikidataId": "Q936", "wikipediaExternalRef": 2955470, "lang": "en", "confidence": 0.7799, "offsetStart": 0, "offsetEnd": 13}, "context": "OpenStreetMap (OSM) is a collaborative map of the world. ", "mentionContextAttributes": {"used": {"value": false, "score": 0.0003209114074707031}, "created": {"value": false, "score": 0.0007166266441345215}, "shared": {"value": false, "score": 2.0265579223632812e-06}}, "documentContextAttributes": {"used": {"value": false, "score": 0.0003209114074707031}, "created": {"value": false, "score": 0.0007166266441345215}, "shared": {"value": false, "score": 2.0265579223632812e-06}}}, {"type": "software", "software-type": "software", "software-name": {"rawForm": "library", "normalizedForm": "library", "offsetStart": 4, "offsetEnd": 11}, "context": "The library has been further extended with combination rules (CRC and DRC [37]) and normalization rules (Dempster [61], Yager [62], and Dubois-Prade [56]). ", "mentionContextAttributes": {"used": {"value": false, "score": 0.002003610134124756}, "created": {"value": false, "score": 7.665157318115234e-05}, "shared": {"value": false, "score": 2.384185791015625e-07}}, "documentContextAttributes": {"used": {"value": false, "score": 0.002003610134124756}, "created": {"value": true, "score": 0.9082469344139099}, "shared": {"value": false, "score": 2.384185791015625e-07}}}, {"type": "software", "software-type": "software", "software-name": {"rawForm": "library", "normalizedForm": "library", "offsetStart": 39, "offsetEnd": 46}, "context": "To complete the experimentations, a C# library has been developed based on the Matlab functions developed by Philippe Smets [60]. ", "mentionContextAttributes": {"used": {"value": false, "score": 7.915496826171875e-05}, "created": {"value": true, "score": 0.9082469344139099}, "shared": {"value": false, "score": 1.1920928955078125e-07}}, "documentContextAttributes": {"used": {"value": false, "score": 0.002003610134124756}, "created": {"value": true, "score": 0.9082469344139099}, "shared": {"value": false, "score": 2.384185791015625e-07}}}, {"type": "software", "software-type": "environment", "software-name": {"rawForm": "Matlab", "normalizedForm": "Matlab", "offsetStart": 79, "offsetEnd": 85}, "context": "To complete the experimentations, a C# library has been developed based on the Matlab functions developed by Philippe Smets [60]. ", "mentionContextAttributes": {"used": {"value": false, "score": 7.915496826171875e-05}, "created": {"value": true, "score": 0.9082469344139099}, "shared": {"value": false, "score": 1.1920928955078125e-07}}, "documentContextAttributes": {"used": {"value": false, "score": 7.915496826171875e-05}, "created": {"value": true, "score": 0.9082469344139099}, "shared": {"value": false, "score": 1.1920928955078125e-07}}}, {"type": "software", "software-type": "software", "software-name": {"rawForm": "Node-Red", "normalizedForm": "Node-Red", "offsetStart": 108, "offsetEnd": 121}, "context": "The post processor aims at generating a dataset that can be replayed from a graphical interface built using Node-Red [63] and in which the Ev-IOHMM models are instantiated for evaluation (see Fig. 8 and Fig. 9). ", "mentionContextAttributes": {"used": {"value": false, "score": 0.0009230375289916992}, "created": {"value": false, "score": 0.00017839670181274414}, "shared": {"value": false, "score": 3.5762786865234375e-07}}, "documentContextAttributes": {"used": {"value": false, "score": 0.0009230375289916992}, "created": {"value": false, "score": 0.00017839670181274414}, "shared": {"value": false, "score": 3.5762786865234375e-07}}}, {"type": "software", "software-type": "software", "software-name": {"rawForm": "Ev-IOHMM", "normalizedForm": "Ev-IOHMM", "offsetStart": 290, "offsetEnd": 298}, "context": "The idea is to leverage the proposed approach as means for designers to benchmark the control systems of these vehicles by relying on the measure of their effectiveness against constraints of the highway code relative to speed limitations and passengers well-being, both modeled through an Ev-IOHMM.", "mentionContextAttributes": {"used": {"value": false, "score": 0.0001361370086669922}, "created": {"value": true, "score": 0.9919874668121338}, "shared": {"value": false, "score": 2.384185791015625e-07}}, "documentContextAttributes": {"used": {"value": false, "score": 0.0001361370086669922}, "created": {"value": true, "score": 0.9919874668121338}, "shared": {"value": false, "score": 2.384185791015625e-07}}}], "references": [], "runtime": 90449, "id": "722546d1a0225b581d94238a7f864270d88fb6a7", "metadata": {"id": "722546d1a0225b581d94238a7f864270d88fb6a7"}, "original_file_path": "../../datalake/Samuel/SOFTware-Sync/data/xml_files/hal-02441654.grobid.tei.xml", "file_name": "hal-02441654.grobid.tei.xml"}