{"application": "software-mentions", "version": "0.8.0", "date": "2024-04-12T17:16+0000", "md5": "7AC640EF288E84F5AFE6053CD656764C", "mentions": [{"type": "software", "software-type": "software", "software-name": {"rawForm": "AgMIP", "normalizedForm": "AgMIP", "offsetStart": 0, "offsetEnd": 5}, "context": "AgMIP has provided a necessary important first step in bringing disparate models of each major crop together (Rosenzweig et al. 2013). ", "mentionContextAttributes": {"used": {"value": false, "score": 0.0003458261489868164}, "created": {"value": false, "score": 0.0012822747230529785}, "shared": {"value": false, "score": 1.7881393432617188e-07}}, "documentContextAttributes": {"used": {"value": false, "score": 0.03677511215209961}, "created": {"value": false, "score": 0.4917970895767212}, "shared": {"value": false, "score": 4.172325134277344e-07}}, "references": [{"label": "Rosenzweig et al. 2013)", "normalizedForm": "Rosenzweig et al. 2013)", "refKey": 75}]}, {"type": "software", "software-type": "software", "software-name": {"rawForm": "OpenAlea", "normalizedForm": "OpenAlea", "offsetStart": 0, "offsetEnd": 8}, "context": "OpenAlea; Pradal et al. 2008) that make sharing of models increasingly feasible. ", "mentionContextAttributes": {"used": {"value": false, "score": 0.00029659271240234375}, "created": {"value": false, "score": 8.910894393920898e-05}, "shared": {"value": false, "score": 7.748603820800781e-07}}, "documentContextAttributes": {"used": {"value": false, "score": 0.0010457038879394531}, "created": {"value": false, "score": 0.012623190879821777}, "shared": {"value": false, "score": 2.1457672119140625e-06}}, "references": [{"label": "Pradal et al. 2008", "normalizedForm": "Pradal et al. 2008", "refKey": 70, "offsetStart": 33239, "offsetEnd": 33257}]}, {"type": "software", "software-type": "software", "software-name": {"rawForm": "VOSviewer", "normalizedForm": "VOSviewer", "offsetStart": 0, "offsetEnd": 9}, "version": {"rawForm": "1.6.13", "normalizedForm": "1.6.13"}, "context": "VOSviewer allows linking documents that reference the same set of cited documents (i.e. ", "mentionContextAttributes": {"used": {"value": false, "score": 0.00031065940856933594}, "created": {"value": false, "score": 3.415346145629883e-05}, "shared": {"value": false, "score": 4.172325134277344e-07}}, "documentContextAttributes": {"used": {"value": true, "score": 0.9999864101409912}, "created": {"value": false, "score": 0.013422250747680664}, "shared": {"value": false, "score": 0.0001533031463623047}}}, {"type": "software", "software-type": "software", "software-name": {"rawForm": "VOSviewer", "normalizedForm": "VOSviewer", "offsetStart": 0, "offsetEnd": 9}, "version": {"rawForm": "1.6.13", "normalizedForm": "1.6.13"}, "context": "VOSviewer Map and Network files. ", "mentionContextAttributes": {"used": {"value": false, "score": 0.0015140771865844727}, "created": {"value": false, "score": 5.08427619934082e-05}, "shared": {"value": false, "score": 1.0132789611816406e-06}}, "documentContextAttributes": {"used": {"value": true, "score": 0.9999864101409912}, "created": {"value": false, "score": 0.013422250747680664}, "shared": {"value": false, "score": 0.0001533031463623047}}}, {"type": "software", "software-type": "software", "software-name": {"rawForm": "AgMIP", "normalizedForm": "AgMIP", "offsetStart": 13, "offsetEnd": 18}, "context": "For example, AgMIP was designed to improve the capacity of models to describe the potential impacts of climate change on agriculture systems (Rosenzweig et al. 2013) and involved the collaboration of diverse crop modelling groups (e.g.", "mentionContextAttributes": {"used": {"value": false, "score": 0.006614089012145996}, "created": {"value": false, "score": 0.4917970895767212}, "shared": {"value": false, "score": 4.172325134277344e-07}}, "documentContextAttributes": {"used": {"value": false, "score": 0.03677511215209961}, "created": {"value": false, "score": 0.4917970895767212}, "shared": {"value": false, "score": 4.172325134277344e-07}}, "references": [{"label": "Rosenzweig et al. 2013)", "normalizedForm": "Rosenzweig et al. 2013)", "refKey": 75}]}, {"type": "software", "software-type": "software", "software-name": {"rawForm": "AgMIP", "normalizedForm": "AgMIP", "offsetStart": 44, "offsetEnd": 49}, "context": "Agricultural Model Intercomparison Project [AgMIP]; Rosenzweig et al. 2013) were initiated to develop, improve and evaluate models.", "mentionContextAttributes": {"used": {"value": false, "score": 0.03677511215209961}, "created": {"value": false, "score": 0.029724061489105225}, "shared": {"value": false, "score": 4.172325134277344e-07}}, "documentContextAttributes": {"used": {"value": false, "score": 0.03677511215209961}, "created": {"value": false, "score": 0.4917970895767212}, "shared": {"value": false, "score": 4.172325134277344e-07}}, "references": [{"label": "Rosenzweig et al. 2013)", "normalizedForm": "Rosenzweig et al. 2013)", "refKey": 75, "offsetStart": 18038, "offsetEnd": 18061}]}, {"type": "software", "software-type": "software", "software-name": {"rawForm": "VOSviewer", "normalizedForm": "VOSviewer", "offsetStart": 84, "offsetEnd": 93}, "version": {"rawForm": "1.6.13", "normalizedForm": "1.6.13", "offsetStart": 111, "offsetEnd": 117}, "context": "In order to visualize connections between papers from both communities, we used the VOSviewer software version 1.6.13 ", "mentionContextAttributes": {"used": {"value": true, "score": 0.9999851584434509}, "created": {"value": false, "score": 2.855062484741211e-05}, "shared": {"value": false, "score": 2.980232238769531e-07}}, "documentContextAttributes": {"used": {"value": true, "score": 0.9999864101409912}, "created": {"value": false, "score": 0.013422250747680664}, "shared": {"value": false, "score": 0.0001533031463623047}}}, {"type": "software", "software-type": "software", "software-name": {"rawForm": "VOSviewer", "normalizedForm": "VOSviewer", "offsetStart": 85, "offsetEnd": 94}, "version": {"rawForm": "1.6.13", "normalizedForm": "1.6.13"}, "context": "In order for the reader of the present article to navigate all the maps with labels, VOSviewer Map and Network files are available as Supporting Information-Figure S1.", "mentionContextAttributes": {"used": {"value": false, "score": 0.002276122570037842}, "created": {"value": false, "score": 5.519390106201172e-05}, "shared": {"value": false, "score": 0.0001533031463623047}}, "documentContextAttributes": {"used": {"value": true, "score": 0.9999864101409912}, "created": {"value": false, "score": 0.013422250747680664}, "shared": {"value": false, "score": 0.0001533031463623047}}}, {"type": "software", "software-type": "software", "software-name": {"rawForm": "VOSviewer", "normalizedForm": "VOSviewer", "offsetStart": 111, "offsetEnd": 120}, "version": {"rawForm": "1.6.13", "normalizedForm": "1.6.13"}, "context": "Then, we evaluated the connections and identified compatible research topics between the communities using the VOSviewer software (van Eck and Waltman 2010). ", "mentionContextAttributes": {"used": {"value": true, "score": 0.9999864101409912}, "created": {"value": false, "score": 0.013422250747680664}, "shared": {"value": false, "score": 1.1920928955078125e-07}}, "documentContextAttributes": {"used": {"value": true, "score": 0.9999864101409912}, "created": {"value": false, "score": 0.013422250747680664}, "shared": {"value": false, "score": 0.0001533031463623047}}}, {"type": "software", "software-type": "software", "software-name": {"rawForm": "OpenAlea", "normalizedForm": "OpenAlea", "offsetStart": 191, "offsetEnd": 199}, "context": "Moreover, recent efforts have been made by the plant science and crop modelling communities, such as the Crop in silico project (Cis; Marshall-Colon et al. 2017) or the collaboration between OpenAlea and GroIMP modelling platforms (Long et al. 2018). ", "mentionContextAttributes": {"used": {"value": false, "score": 0.0010457038879394531}, "created": {"value": false, "score": 0.012623190879821777}, "shared": {"value": false, "score": 2.1457672119140625e-06}}, "documentContextAttributes": {"used": {"value": false, "score": 0.0010457038879394531}, "created": {"value": false, "score": 0.012623190879821777}, "shared": {"value": false, "score": 2.1457672119140625e-06}}, "references": [{"label": "Pradal et al. 2008", "normalizedForm": "Pradal et al. 2008", "refKey": 70}]}], "references": [{"refKey": 75, "tei": "<biblStruct xml:id=\"b75\">\n\t<analytic>\n\t\t<title level=\"a\" type=\"main\">The Agricultural Model Intercomparison and Improvement Project (AgMIP): Protocols and pilot studies</title>\n\t\t<author>\n\t\t\t<persName><forename type=\"first\">C</forename><surname>Rosenzweig</surname></persName>\n\t\t</author>\n\t\t<author>\n\t\t\t<persName><forename type=\"first\">J</forename><forename type=\"middle\">W</forename><surname>Jones</surname></persName>\n\t\t</author>\n\t\t<author>\n\t\t\t<persName><forename type=\"first\">J</forename><forename type=\"middle\">L</forename><surname>Hatfield</surname></persName>\n\t\t</author>\n\t\t<author>\n\t\t\t<persName><forename type=\"first\">A</forename><forename type=\"middle\">C</forename><surname>Ruane</surname></persName>\n\t\t</author>\n\t\t<author>\n\t\t\t<persName><forename type=\"first\">K</forename><forename type=\"middle\">J</forename><surname>Boote</surname></persName>\n\t\t</author>\n\t\t<author>\n\t\t\t<persName><forename type=\"first\">P</forename><surname>Thorburn</surname></persName>\n\t\t</author>\n\t\t<author>\n\t\t\t<persName><forename type=\"first\">J</forename><forename type=\"middle\">M</forename><surname>Antle</surname></persName>\n\t\t</author>\n\t\t<author>\n\t\t\t<persName><forename type=\"first\">G</forename><forename type=\"middle\">C</forename><surname>Nelson</surname></persName>\n\t\t</author>\n\t\t<author>\n\t\t\t<persName><forename type=\"first\">C</forename><surname>Porter</surname></persName>\n\t\t</author>\n\t\t<author>\n\t\t\t<persName><forename type=\"first\">S</forename><surname>Janssen</surname></persName>\n\t\t</author>\n\t\t<author>\n\t\t\t<persName><forename type=\"first\">S</forename><surname>Asseng</surname></persName>\n\t\t</author>\n\t\t<author>\n\t\t\t<persName><forename type=\"first\">B</forename><surname>Basso</surname></persName>\n\t\t</author>\n\t\t<author>\n\t\t\t<persName><forename type=\"first\">F</forename><surname>Ewert</surname></persName>\n\t\t</author>\n\t\t<author>\n\t\t\t<persName><forename type=\"first\">D</forename><surname>Wallach</surname></persName>\n\t\t</author>\n\t\t<author>\n\t\t\t<persName><forename type=\"first\">G</forename><surname>Baigorria</surname></persName>\n\t\t</author>\n\t\t<author>\n\t\t\t<persName><forename type=\"first\">J</forename><forename type=\"middle\">M</forename><surname>Winter</surname></persName>\n\t\t</author>\n\t\t<idno type=\"DOI\">10.1016/j.agrformet.2012.09.011</idno>\n\t</analytic>\n\t<monogr>\n\t\t<title level=\"j\">Agricultural and Forest Meteorology</title>\n\t\t<title level=\"j\" type=\"abbrev\">Agricultural and Forest Meteorology</title>\n\t\t<idno type=\"ISSN\">0168-1923</idno>\n\t\t<imprint>\n\t\t\t<biblScope unit=\"volume\">170</biblScope>\n\t\t\t<biblScope unit=\"page\" from=\"166\" to=\"182\" />\n\t\t\t<date type=\"published\" when=\"2013-03\">2013</date>\n\t\t\t<publisher>Elsevier BV</publisher>\n\t\t</imprint>\n\t</monogr>\n</biblStruct>\n"}, {"refKey": 70, "tei": "<biblStruct xml:id=\"b70\">\n\t<analytic>\n\t\t<title level=\"a\" type=\"main\">OpenAlea: a visual programming and component-based software platform for plant modelling</title>\n\t\t<author>\n\t\t\t<persName><forename type=\"first\">Christophe</forename><surname>Pradal</surname></persName>\n\t\t</author>\n\t\t<author>\n\t\t\t<persName><forename type=\"first\">Samuel</forename><surname>Dufour-Kowalski</surname></persName>\n\t\t</author>\n\t\t<author>\n\t\t\t<persName><forename type=\"first\">Fr\u00e9d\u00e9ric</forename><surname>Boudon</surname></persName>\n\t\t</author>\n\t\t<author>\n\t\t\t<persName><forename type=\"first\">Christian</forename><surname>Fournier</surname></persName>\n\t\t</author>\n\t\t<author>\n\t\t\t<persName><forename type=\"first\">Christophe</forename><surname>Godin</surname></persName>\n\t\t</author>\n\t\t<idno type=\"DOI\">10.1071/fp08084</idno>\n\t</analytic>\n\t<monogr>\n\t\t<title level=\"j\">Functional Plant Biology</title>\n\t\t<title level=\"j\" type=\"abbrev\">Functional Plant Biol.</title>\n\t\t<idno type=\"ISSN\">1445-4408</idno>\n\t\t<imprint>\n\t\t\t<biblScope unit=\"volume\">35</biblScope>\n\t\t\t<biblScope unit=\"issue\">10</biblScope>\n\t\t\t<biblScope unit=\"page\">751</biblScope>\n\t\t\t<date type=\"published\" when=\"2008\">2008</date>\n\t\t\t<publisher>CSIRO Publishing</publisher>\n\t\t</imprint>\n\t</monogr>\n</biblStruct>\n"}], "runtime": 40510, "id": "ce0ebe6bee27b90b6707af7812b6c324201d8b79", "metadata": {"id": "ce0ebe6bee27b90b6707af7812b6c324201d8b79"}, "original_file_path": "../../datalake/Samuel/SOFTware-Sync/data/xml_not_sofctied/hal-03686060.grobid.tei.xml", "file_name": "hal-03686060.grobid.tei.xml"}