{"application": "software-mentions", "version": "0.8.0", "date": "2024-04-12T16:53+0000", "md5": "50AB1CA031D406FE644D42BF57FDDC88", "mentions": [{"type": "software", "software-type": "software", "software-name": {"rawForm": "CONNOR", "normalizedForm": "CONNOR", "offsetStart": 4, "offsetEnd": 10}, "context": "The CONNOR library is structured into four main classes, which are detailed below.", "mentionContextAttributes": {"used": {"value": false, "score": 0.0015697479248046875}, "created": {"value": false, "score": 0.0009176731109619141}, "shared": {"value": false, "score": 2.980232238769531e-07}}, "documentContextAttributes": {"used": {"value": false, "score": 0.0015697479248046875}, "created": {"value": true, "score": 0.9999316334724426}, "shared": {"value": true, "score": 0.9950475096702576}}}, {"type": "software", "software-type": "software", "software-name": {"rawForm": "CONNOR", "normalizedForm": "CONNOR", "offsetStart": 21, "offsetEnd": 27}, "context": "This paper introduce CONNOR, a Java library for the computation of concepts of neighbors in the context of the semantic web.", "mentionContextAttributes": {"used": {"value": false, "score": 3.3915042877197266e-05}, "created": {"value": true, "score": 0.9999091029167175}, "shared": {"value": false, "score": 2.980232238769531e-07}}, "documentContextAttributes": {"used": {"value": false, "score": 0.0015697479248046875}, "created": {"value": true, "score": 0.9999316334724426}, "shared": {"value": true, "score": 0.9950475096702576}}}, {"type": "software", "software-type": "software", "software-name": {"rawForm": "CONNOR", "normalizedForm": "CONNOR", "offsetStart": 22, "offsetEnd": 28}, "context": "This paper introduces CONNOR, a Java library for the computation of concepts of neighbors on RDF graphs.", "mentionContextAttributes": {"used": {"value": false, "score": 2.3543834686279297e-05}, "created": {"value": true, "score": 0.9998204708099365}, "shared": {"value": false, "score": 2.980232238769531e-07}}, "documentContextAttributes": {"used": {"value": false, "score": 0.0015697479248046875}, "created": {"value": true, "score": 0.9999316334724426}, "shared": {"value": true, "score": 0.9950475096702576}}}, {"type": "software", "software-type": "software", "wikidataId": "Q1686799", "wikipediaExternalRef": 8905398, "lang": "en", "confidence": 0.6937, "software-name": {"rawForm": "Apache Jena", "normalizedForm": "Apache Jena", "wikidataId": "Q1686799", "wikipediaExternalRef": 8905398, "lang": "en", "confidence": 0.6937, "offsetStart": 24, "offsetEnd": 35}, "language": {"rawForm": "Java", "normalizedForm": "Java", "wikidataId": "Q251", "offsetStart": 31, "offsetEnd": 35}, "context": "Based on the widelyused Apache Jena library, this library introduces data structures for representing Graph-FCA notions, concepts of neighbors included, and implements an efficient algorithm for computing concepts of neighbors on RDF graphs. ", "mentionContextAttributes": {"used": {"value": false, "score": 2.282857894897461e-05}, "created": {"value": true, "score": 0.8067175149917603}, "shared": {"value": false, "score": 6.556510925292969e-07}}, "documentContextAttributes": {"used": {"value": false, "score": 0.0027558207511901855}, "created": {"value": true, "score": 0.8067175149917603}, "shared": {"value": false, "score": 0.03955698013305664}}}, {"type": "software", "software-type": "software", "software-name": {"rawForm": "CONNOR", "normalizedForm": "CONNOR", "offsetStart": 26, "offsetEnd": 32}, "context": "In this paper, we present CONNOR, a Java library for the computation of concepts of neighbors on RDF graphs.", "mentionContextAttributes": {"used": {"value": false, "score": 7.468461990356445e-05}, "created": {"value": true, "score": 0.9999316334724426}, "shared": {"value": false, "score": 4.172325134277344e-07}}, "documentContextAttributes": {"used": {"value": false, "score": 0.0015697479248046875}, "created": {"value": true, "score": 0.9999316334724426}, "shared": {"value": true, "score": 0.9950475096702576}}}, {"type": "software", "software-type": "software", "software-name": {"rawForm": "CONNOR", "normalizedForm": "CONNOR", "offsetStart": 27, "offsetEnd": 33}, "context": "In this section we present CONNOR, a Java library for the computation of the Concepts of Neighbors. ", "mentionContextAttributes": {"used": {"value": false, "score": 0.00012755393981933594}, "created": {"value": true, "score": 0.9998788237571716}, "shared": {"value": false, "score": 4.172325134277344e-07}}, "documentContextAttributes": {"used": {"value": false, "score": 0.0015697479248046875}, "created": {"value": true, "score": 0.9999316334724426}, "shared": {"value": true, "score": 0.9950475096702576}}}, {"type": "software", "software-type": "software", "software-name": {"rawForm": "CONNOR", "normalizedForm": "CONNOR", "offsetStart": 48, "offsetEnd": 54}, "context": "Accessible here: https://gitlab.inria.fr/hayats/CONNOR", "mentionContextAttributes": {"used": {"value": false, "score": 8.958578109741211e-05}, "created": {"value": false, "score": 4.929304122924805e-05}, "shared": {"value": true, "score": 0.9950475096702576}}, "documentContextAttributes": {"used": {"value": false, "score": 0.0015697479248046875}, "created": {"value": true, "score": 0.9999316334724426}, "shared": {"value": true, "score": 0.9950475096702576}}}, {"type": "software", "software-type": "software", "wikidataId": "Q1686799", "wikipediaExternalRef": 8905398, "lang": "en", "confidence": 0.6937, "software-name": {"rawForm": "Apache Jena", "normalizedForm": "Apache Jena", "wikidataId": "Q1686799", "wikipediaExternalRef": 8905398, "lang": "en", "confidence": 0.6937, "offsetStart": 60, "offsetEnd": 72}, "language": {"rawForm": "Java", "normalizedForm": "Java"}, "context": "This library is a free and open-source software1 , based on Apache Jena2 , a well-known Java library for the Semantic Web. ", "mentionContextAttributes": {"used": {"value": false, "score": 0.0027558207511901855}, "created": {"value": false, "score": 0.003086864948272705}, "shared": {"value": false, "score": 0.03955698013305664}}, "documentContextAttributes": {"used": {"value": false, "score": 0.0027558207511901855}, "created": {"value": true, "score": 0.8067175149917603}, "shared": {"value": false, "score": 0.03955698013305664}}}, {"type": "software", "software-type": "software", "software-name": {"rawForm": "CONNOR", "normalizedForm": "CONNOR", "offsetStart": 175, "offsetEnd": 181}, "context": "After having introduced the theoretical notions related to Graph-FCA (an extension of FCA to graphs) and to the concepts of neighbors, this paper presents the main classes of CONNOR, and details their working through an example code for the computation of concepts of neighbors.", "mentionContextAttributes": {"used": {"value": false, "score": 0.00014650821685791016}, "created": {"value": true, "score": 0.9869865775108337}, "shared": {"value": false, "score": 4.76837158203125e-07}}, "documentContextAttributes": {"used": {"value": false, "score": 0.0015697479248046875}, "created": {"value": true, "score": 0.9999316334724426}, "shared": {"value": true, "score": 0.9950475096702576}}}], "references": [], "runtime": 76940, "id": "3ed2cdf397b8ccf599526290283d3b46646717c0", "metadata": {"id": "3ed2cdf397b8ccf599526290283d3b46646717c0"}, "original_file_path": "../../datalake/Samuel/SOFTware-Sync/data/xml_not_sofctied/hal-03866075.grobid.tei.xml", "file_name": "hal-03866075.grobid.tei.xml"}