{"application": "software-mentions", "version": "0.8.0", "date": "2024-04-12T16:17+0000", "md5": "027149AA75CA80FF5F3224C937C768D2", "mentions": [{"type": "software", "software-type": "software", "software-name": {"rawForm": "OpenAlea", "normalizedForm": "OpenAlea", "offsetStart": 132, "offsetEnd": 140}, "context": "This architectural model was connected the architectural model to a light interception model (Caribu; Chelle and Andrieu, 1998), in OpenAlea modelling platform (Pradal et al., 2008).", "mentionContextAttributes": {"used": {"value": true, "score": 0.8673930168151855}, "created": {"value": false, "score": 0.0009251832962036133}, "shared": {"value": false, "score": 8.344650268554688e-07}}, "documentContextAttributes": {"used": {"value": true, "score": 0.8673930168151855}, "created": {"value": false, "score": 0.0009251832962036133}, "shared": {"value": false, "score": 8.344650268554688e-07}}}], "references": [], "runtime": 85060, "id": "9d681ef6c84c4a37b7f2f1afe0bd24945a1b5920", "metadata": {"id": "9d681ef6c84c4a37b7f2f1afe0bd24945a1b5920"}, "original_file_path": "../../datalake/Samuel/SOFTware-Sync/data/xml_files/hal-04263001.grobid.tei.xml", "file_name": "hal-04263001.grobid.tei.xml"}