{"application": "software-mentions", "version": "0.8.0", "date": "2024-04-12T16:16+0000", "md5": "6AAA45EC7C73D508F9C303A7F829224F", "mentions": [{"type": "software", "software-type": "software", "software-name": {"rawForm": "MOGE", "normalizedForm": "MOGE", "offsetStart": 11, "offsetEnd": 15}, "context": "We ran the MOGE method for 20 distinct runs for each of the different parameter settings summarized in Table II, using the BNF grammar defined in Section II-B. ", "mentionContextAttributes": {"used": {"value": true, "score": 0.9999765753746033}, "created": {"value": false, "score": 0.0005866289138793945}, "shared": {"value": false, "score": 1.7881393432617188e-07}}, "documentContextAttributes": {"used": {"value": true, "score": 0.9999765753746033}, "created": {"value": true, "score": 0.9920738935470581}, "shared": {"value": false, "score": 2.980232238769531e-07}}}, {"type": "software", "software-type": "software", "software-name": {"rawForm": "MOGE", "normalizedForm": "MOGE", "offsetStart": 28, "offsetEnd": 32}, "context": "Basically, the mechanism of MOGE is quite similar to the one of a MOEA, except that we define multi-objective problems using integer arrays called codons as decision variables.", "mentionContextAttributes": {"used": {"value": false, "score": 8.636713027954102e-05}, "created": {"value": false, "score": 0.0033544301986694336}, "shared": {"value": false, "score": 2.980232238769531e-07}}, "documentContextAttributes": {"used": {"value": true, "score": 0.9999765753746033}, "created": {"value": true, "score": 0.9920738935470581}, "shared": {"value": false, "score": 2.980232238769531e-07}}}, {"type": "software", "software-type": "software", "software-name": {"rawForm": "MOGE", "normalizedForm": "MOGE", "offsetStart": 66, "offsetEnd": 70}, "context": "The results in Table IV confirm the high accuracy of the proposed MOGE method.", "mentionContextAttributes": {"used": {"value": true, "score": 0.9992971420288086}, "created": {"value": false, "score": 0.00026917457580566406}, "shared": {"value": false, "score": 1.7881393432617188e-07}}, "documentContextAttributes": {"used": {"value": true, "score": 0.9999765753746033}, "created": {"value": true, "score": 0.9920738935470581}, "shared": {"value": false, "score": 2.980232238769531e-07}}}, {"type": "software", "software-type": "software", "wikidataId": "Q1686799", "wikipediaExternalRef": 8905398, "lang": "en", "confidence": 0.6937, "software-name": {"rawForm": "Apache Jena", "normalizedForm": "Apache Jena", "wikidataId": "Q1686799", "wikipediaExternalRef": 8905398, "lang": "en", "confidence": 0.6937, "offsetStart": 71, "offsetEnd": 82}, "language": {"rawForm": "Java", "normalizedForm": "Java", "wikidataId": "Q251", "offsetStart": 59, "offsetEnd": 63}, "context": "A prototype system of the proposed method was developed in Java, using Apache Jena to interface with SPARQL endpoints and GEVA v.2.04 , a reference Java implementation of GE. ", "mentionContextAttributes": {"used": {"value": false, "score": 0.006256818771362305}, "created": {"value": false, "score": 0.18375957012176514}, "shared": {"value": false, "score": 2.980232238769531e-07}}, "documentContextAttributes": {"used": {"value": false, "score": 0.006256818771362305}, "created": {"value": false, "score": 0.18375957012176514}, "shared": {"value": false, "score": 2.980232238769531e-07}}}, {"type": "software", "software-type": "software", "software-name": {"rawForm": "MOGE", "normalizedForm": "MOGE", "offsetStart": 82, "offsetEnd": 86}, "context": "To derive such axioms, we extend the classic GE approach presented in [6]- [9] to MOGE.", "mentionContextAttributes": {"used": {"value": false, "score": 0.009877800941467285}, "created": {"value": false, "score": 0.0003094673156738281}, "shared": {"value": false, "score": 1.7881393432617188e-07}}, "documentContextAttributes": {"used": {"value": true, "score": 0.9999765753746033}, "created": {"value": true, "score": 0.9920738935470581}, "shared": {"value": false, "score": 2.980232238769531e-07}}}, {"type": "software", "software-type": "software", "wikidataId": "Q7935239", "wikipediaExternalRef": 5758975, "lang": "en", "confidence": 0.7114, "software-name": {"rawForm": "Virtuoso Universal Server", "normalizedForm": "Virtuoso Universal Server", "wikidataId": "Q7935239", "wikipediaExternalRef": 5758975, "lang": "en", "confidence": 0.7114, "offsetStart": 83, "offsetEnd": 108}, "context": "To avoid overloading DBpedia's SPARQL endpoint, we set up a local mirror using the Virtuoso Universal Server. ", "mentionContextAttributes": {"used": {"value": true, "score": 0.9998831152915955}, "created": {"value": false, "score": 0.0012833476066589355}, "shared": {"value": false, "score": 1.7881393432617188e-07}}, "documentContextAttributes": {"used": {"value": true, "score": 0.9998831152915955}, "created": {"value": false, "score": 0.0012833476066589355}, "shared": {"value": false, "score": 1.7881393432617188e-07}}}, {"type": "software", "software-type": "software", "software-name": {"rawForm": "MOGE", "normalizedForm": "MOGE", "offsetStart": 93, "offsetEnd": 97}, "context": "More clearly, based on the specific resulting statistics, the number of obtained axioms from MOGE in the best setting is 38, 134 which is much greater than those extracted by the GE, i.e., 23, 767 axioms. ", "mentionContextAttributes": {"used": {"value": true, "score": 0.9955808520317078}, "created": {"value": false, "score": 1.4841556549072266e-05}, "shared": {"value": false, "score": 1.7881393432617188e-07}}, "documentContextAttributes": {"used": {"value": true, "score": 0.9999765753746033}, "created": {"value": true, "score": 0.9920738935470581}, "shared": {"value": false, "score": 2.980232238769531e-07}}}, {"type": "software", "software-type": "software", "software-name": {"rawForm": "MOGE", "normalizedForm": "MOGE", "offsetStart": 101, "offsetEnd": 105}, "context": "This means that the diversity of an extracted set of axioms is considerably enhanced when we use the MOGE method. ", "mentionContextAttributes": {"used": {"value": true, "score": 0.5407921671867371}, "created": {"value": false, "score": 1.8417835235595703e-05}, "shared": {"value": false, "score": 1.7881393432617188e-07}}, "documentContextAttributes": {"used": {"value": true, "score": 0.9999765753746033}, "created": {"value": true, "score": 0.9920738935470581}, "shared": {"value": false, "score": 2.980232238769531e-07}}}, {"type": "software", "software-type": "software", "software-name": {"rawForm": "MOGE", "normalizedForm": "MOGE", "offsetStart": 103, "offsetEnd": 107}, "context": "We can observe that the number of highly qualified axioms (\u03a0(\u03a6) > 2 3 and g \u03a6 > 100)) is maintained in MOGE system. ", "mentionContextAttributes": {"used": {"value": false, "score": 0.39203304052352905}, "created": {"value": false, "score": 2.09808349609375e-05}, "shared": {"value": false, "score": 1.1920928955078125e-07}}, "documentContextAttributes": {"used": {"value": true, "score": 0.9999765753746033}, "created": {"value": true, "score": 0.9920738935470581}, "shared": {"value": false, "score": 2.980232238769531e-07}}}, {"type": "software", "software-type": "software", "software-name": {"rawForm": "MOGE", "normalizedForm": "MOGE", "offsetStart": 150, "offsetEnd": 154}, "context": "In addition, with the smaller value of total effort k reflecting the cost of evaluations, i.e., k = 200, 0000 compared with k = 300, 000 in [8], [9], MOGE is clearly more effective in inducing highly qualified axioms. ", "mentionContextAttributes": {"used": {"value": false, "score": 0.00040096044540405273}, "created": {"value": false, "score": 1.2993812561035156e-05}, "shared": {"value": false, "score": 2.384185791015625e-07}}, "documentContextAttributes": {"used": {"value": true, "score": 0.9999765753746033}, "created": {"value": true, "score": 0.9920738935470581}, "shared": {"value": false, "score": 2.980232238769531e-07}}}, {"type": "software", "software-type": "software", "software-name": {"rawForm": "MOGE", "normalizedForm": "MOGE", "offsetStart": 163, "offsetEnd": 167}, "context": "In addition, we can see in Fig. 4 that the number of valid distinct axioms for most parameter settings, i.e., population size popSize and total effort k, mined by MOGE is significantly greater than those mined by the single-objective GE method in [8], [9]. ", "mentionContextAttributes": {"used": {"value": false, "score": 0.2899818420410156}, "created": {"value": false, "score": 1.7523765563964844e-05}, "shared": {"value": false, "score": 1.1920928955078125e-07}}, "documentContextAttributes": {"used": {"value": true, "score": 0.9999765753746033}, "created": {"value": true, "score": 0.9920738935470581}, "shared": {"value": false, "score": 2.980232238769531e-07}}}, {"type": "software", "software-type": "software", "software-name": {"rawForm": "MOGE", "normalizedForm": "MOGE", "offsetStart": 170, "offsetEnd": 174}, "context": "As a particular case of MOEA, the approach we propose comprises the integration of GE in MOEA i.e., using NSGA-II, for axiom discovery, which we call Multi-Objective GE (MOGE).", "mentionContextAttributes": {"used": {"value": false, "score": 0.00011622905731201172}, "created": {"value": true, "score": 0.9920738935470581}, "shared": {"value": false, "score": 2.384185791015625e-07}}, "documentContextAttributes": {"used": {"value": true, "score": 0.9999765753746033}, "created": {"value": true, "score": 0.9920738935470581}, "shared": {"value": false, "score": 2.980232238769531e-07}}}, {"type": "software", "software-type": "software", "software-name": {"rawForm": "GoldMiner", "normalizedForm": "GoldMiner", "offsetStart": 233, "offsetEnd": 242}, "context": "Some prominent research towards the automatic creation of class disjointness axioms from RDF facts include supervised classification, like in the LeDA system [1], statistical schema induction via associative rule mining, like in the GoldMiner system [2], and learning general class descriptions (including disjointness) from training data, like in the DL-Learner framework [3]. ", "mentionContextAttributes": {"used": {"value": false, "score": 0.0005357861518859863}, "created": {"value": false, "score": 0.0013189911842346191}, "shared": {"value": false, "score": 7.152557373046875e-07}}, "documentContextAttributes": {"used": {"value": false, "score": 0.0005357861518859863}, "created": {"value": false, "score": 0.0013189911842346191}, "shared": {"value": false, "score": 7.152557373046875e-07}}, "references": [{"label": "[2]", "normalizedForm": "[2]", "refKey": 2, "offsetStart": 2701, "offsetEnd": 2704}]}], "references": [{"refKey": 2, "tei": "<biblStruct xml:id=\"b2\">\n\t<analytic>\n\t\t<title level=\"a\" type=\"main\">Automatic Acquisition of Class Disjointness</title>\n\t\t<author>\n\t\t\t<persName><forename type=\"first\">Johanna</forename><surname>V\u00f6lker</surname></persName>\n\t\t</author>\n\t\t<author>\n\t\t\t<persName><forename type=\"first\">Daniel</forename><surname>Fleischhacker</surname></persName>\n\t\t</author>\n\t\t<author>\n\t\t\t<persName><forename type=\"first\">Heiner</forename><surname>Stuckenschmidt</surname></persName>\n\t\t</author>\n\t\t<idno type=\"DOI\">10.2139/ssrn.3198922</idno>\n\t</analytic>\n\t<monogr>\n\t\t<title level=\"j\">SSRN Electronic Journal</title>\n\t\t<title level=\"j\" type=\"abbrev\">SSRN Journal</title>\n\t\t<idno type=\"ISSNe\">1556-5068</idno>\n\t\t<imprint>\n\t\t\t<biblScope unit=\"volume\">35</biblScope>\n\t\t\t<biblScope unit=\"page\">139</biblScope>\n\t\t\t<date type=\"published\" when=\"2015\">2015</date>\n\t\t\t<publisher>Elsevier BV</publisher>\n\t\t</imprint>\n\t</monogr>\n</biblStruct>\n"}], "runtime": 86827, "id": "3ef37b312c0aee17591f1c66945a13602e00a8b3", "metadata": {"id": "3ef37b312c0aee17591f1c66945a13602e00a8b3"}, "original_file_path": "../../datalake/Samuel/SOFTware-Sync/data/xml_files/hal-03082579.grobid.tei.xml", "file_name": "hal-03082579.grobid.tei.xml"}