{"application": "software-mentions", "version": "0.8.0", "date": "2024-04-12T17:15+0000", "md5": "ECE6D0A9744C9E02568AEFDEA4721D5A", "mentions": [{"type": "software", "software-type": "software", "software-name": {"rawForm": "PlantCLEF", "normalizedForm": "PlantCLEF", "offsetStart": 22, "offsetEnd": 31}, "version": {"rawForm": "2020", "normalizedForm": "2020"}, "context": "Following on from the PlantCLEF challenges held in previous years [2,3,4,5,6,7,8,9,10], a new challenge was introduced in 2020 and designed to assess the extent to which automated identification on flora in data-deficient regions can be improved by using natural history collections of herbarium sheets.", "mentionContextAttributes": {"used": {"value": false, "score": 0.00036650896072387695}, "created": {"value": false, "score": 0.06098240613937378}, "shared": {"value": false, "score": 4.172325134277344e-07}}, "documentContextAttributes": {"used": {"value": true, "score": 0.9999681115150452}, "created": {"value": false, "score": 0.08293348550796509}, "shared": {"value": false, "score": 7.748603820800781e-07}}, "references": [{"label": "[15]", "normalizedForm": "[15]", "refKey": 15}]}, {"type": "software", "software-type": "software", "wikidataId": "Q25110627", "wikipediaExternalRef": 46882967, "lang": "en", "confidence": 0.4703, "software-name": {"rawForm": "iDigBio", "normalizedForm": "iDigBio", "wikidataId": "Q25110627", "wikipediaExternalRef": 46882967, "lang": "en", "confidence": 0.4703, "offsetStart": 37, "offsetEnd": 44}, "context": "About 62 % of them also come from he iDigBio portal and were acquired by various photographers related to numerous institutes and national museums that share their data in iDigBio.", "mentionContextAttributes": {"used": {"value": true, "score": 0.9934227466583252}, "created": {"value": false, "score": 5.739927291870117e-05}, "shared": {"value": false, "score": 1.1980533599853516e-05}}, "documentContextAttributes": {"used": {"value": true, "score": 0.9999237060546875}, "created": {"value": false, "score": 0.01770836114883423}, "shared": {"value": false, "score": 0.00011628866195678711}}}, {"type": "software", "software-type": "software", "wikidataId": "Q25110627", "wikipediaExternalRef": 46882967, "lang": "en", "confidence": 0.4703, "software-name": {"rawForm": "iDigBio", "normalizedForm": "iDigBio", "wikidataId": "Q25110627", "wikipediaExternalRef": 46882967, "lang": "en", "confidence": 0.4703, "offsetStart": 45, "offsetEnd": 52}, "context": "The remaining herbarium sheets come from the iDigBio 1 portal (the US National Resource for Advancing Digitization of Biodiversity Collections).", "mentionContextAttributes": {"used": {"value": true, "score": 0.9548737406730652}, "created": {"value": false, "score": 4.464387893676758e-05}, "shared": {"value": false, "score": 0.00011628866195678711}}, "documentContextAttributes": {"used": {"value": true, "score": 0.9999237060546875}, "created": {"value": false, "score": 0.01770836114883423}, "shared": {"value": false, "score": 0.00011628866195678711}}}, {"type": "software", "software-type": "software", "software-name": {"rawForm": "PlantCLEF", "normalizedForm": "PlantCLEF", "offsetStart": 46, "offsetEnd": 55}, "version": {"rawForm": "2020", "normalizedForm": "2020"}, "context": "About 30 teams/researchers registered for the PlantCLEF challenge 2021 and 4 of them finally submitted runs.", "mentionContextAttributes": {"used": {"value": true, "score": 0.9878432750701904}, "created": {"value": false, "score": 0.00010150671005249023}, "shared": {"value": false, "score": 7.748603820800781e-07}}, "documentContextAttributes": {"used": {"value": true, "score": 0.9999681115150452}, "created": {"value": false, "score": 0.08293348550796509}, "shared": {"value": false, "score": 7.748603820800781e-07}}, "references": [{"label": "[15]", "normalizedForm": "[15]", "refKey": 15}]}, {"type": "software", "software-type": "software", "software-name": {"rawForm": "PlantCLEF", "normalizedForm": "PlantCLEF", "offsetStart": 54, "offsetEnd": 63}, "version": {"rawForm": "2020", "normalizedForm": "2020"}, "context": "The LifeCLEF 2021 plant identification challenge (or \"PlantCLEF 2021\") was designed to assess the extent to which automated identification of flora in data-poor regions can be improved by using herbarium collections.", "mentionContextAttributes": {"used": {"value": false, "score": 0.00033295154571533203}, "created": {"value": false, "score": 0.08293348550796509}, "shared": {"value": false, "score": 2.980232238769531e-07}}, "documentContextAttributes": {"used": {"value": true, "score": 0.9999681115150452}, "created": {"value": false, "score": 0.08293348550796509}, "shared": {"value": false, "score": 7.748603820800781e-07}}, "references": [{"label": "[15]", "normalizedForm": "[15]", "refKey": 15}]}, {"type": "software", "software-type": "software", "wikidataId": "Q25110627", "wikipediaExternalRef": 46882967, "lang": "en", "confidence": 0.4703, "software-name": {"rawForm": "iDigBio", "normalizedForm": "iDigBio", "wikidataId": "Q25110627", "wikipediaExternalRef": 46882967, "lang": "en", "confidence": 0.4703, "offsetStart": 62, "offsetEnd": 69}, "context": "In the meantime, biodiversity informatics initiatives such as iDigBio 1 or e-ReColNat 2 have made millions of digitized herbarium sheets stored in many natural history museums over the world, Despite the very different visual appearances between the two types of images such as light reflection and leaf color, the overall leaf shape, vein structure, and leaf insertion on the branch remain invariant in both domains.", "mentionContextAttributes": {"used": {"value": false, "score": 0.0006517767906188965}, "created": {"value": false, "score": 0.01770836114883423}, "shared": {"value": false, "score": 7.927417755126953e-06}}, "documentContextAttributes": {"used": {"value": true, "score": 0.9999237060546875}, "created": {"value": false, "score": 0.01770836114883423}, "shared": {"value": false, "score": 0.00011628866195678711}}}, {"type": "software", "software-type": "software", "software-name": {"rawForm": "PlantCLEF", "normalizedForm": "PlantCLEF", "offsetStart": 76, "offsetEnd": 85}, "version": {"rawForm": "2020", "normalizedForm": "2020"}, "context": "The organizers suggested two external datasets used in the previous edition PlantCLEF2019 [10], [12].", "mentionContextAttributes": {"used": {"value": true, "score": 0.997391402721405}, "created": {"value": false, "score": 2.086162567138672e-06}, "shared": {"value": false, "score": 1.7881393432617188e-07}}, "documentContextAttributes": {"used": {"value": true, "score": 0.9999681115150452}, "created": {"value": false, "score": 0.08293348550796509}, "shared": {"value": false, "score": 7.748603820800781e-07}}, "references": [{"label": "[10]", "normalizedForm": "[10]", "refKey": 10, "offsetStart": 11402, "offsetEnd": 11406}, {"label": "[12]", "normalizedForm": "[12]", "refKey": 12, "offsetStart": 11408, "offsetEnd": 11412}]}, {"type": "software", "software-type": "software", "software-name": {"rawForm": "PlantCLEF", "normalizedForm": "PlantCLEF", "offsetStart": 83, "offsetEnd": 92}, "version": {"rawForm": "2020", "normalizedForm": "2020"}, "context": "LU team used only used the relatively small number of field photos provided in the PlantCLEF2021 dataset, which may partially explain why their submissions have lower performance.", "mentionContextAttributes": {"used": {"value": true, "score": 0.9999681115150452}, "created": {"value": false, "score": 1.8417835235595703e-05}, "shared": {"value": false, "score": 1.7881393432617188e-07}}, "documentContextAttributes": {"used": {"value": true, "score": 0.9999681115150452}, "created": {"value": false, "score": 0.08293348550796509}, "shared": {"value": false, "score": 7.748603820800781e-07}}, "references": [{"label": "[15]", "normalizedForm": "[15]", "refKey": 15}]}, {"type": "software", "software-type": "software", "wikidataId": "Q25110627", "wikipediaExternalRef": 46882967, "lang": "en", "confidence": 0.4703, "software-name": {"rawForm": "iDigBio", "normalizedForm": "iDigBio", "wikidataId": "Q25110627", "wikipediaExternalRef": 46882967, "lang": "en", "confidence": 0.4703, "offsetStart": 122, "offsetEnd": 129}, "context": "Species were selected based on the most comprehensive estimate of the number of field photos from different data sources (iDigBio, GBIF, Encyclopedia of Life, Bing and Google Image search engines). ", "mentionContextAttributes": {"used": {"value": true, "score": 0.9999237060546875}, "created": {"value": false, "score": 8.487701416015625e-05}, "shared": {"value": false, "score": 2.384185791015625e-07}}, "documentContextAttributes": {"used": {"value": true, "score": 0.9999237060546875}, "created": {"value": false, "score": 0.01770836114883423}, "shared": {"value": false, "score": 0.00011628866195678711}}}, {"type": "software", "software-type": "software", "software-name": {"rawForm": "PlantCLEF", "normalizedForm": "PlantCLEF", "offsetStart": 136, "offsetEnd": 145}, "version": {"rawForm": "2020", "normalizedForm": "2020", "offsetStart": 145, "offsetEnd": 153}, "context": "Neuon AI, Malaysia, 7 runs [13]: the method is actually an extension of a previous approach already successfully evaluated last year in PlantCLEF2020 [15]. ", "mentionContextAttributes": {"used": {"value": true, "score": 0.7749425768852234}, "created": {"value": false, "score": 5.0067901611328125e-06}, "shared": {"value": false, "score": 1.1920928955078125e-07}}, "documentContextAttributes": {"used": {"value": true, "score": 0.9999681115150452}, "created": {"value": false, "score": 0.08293348550796509}, "shared": {"value": false, "score": 7.748603820800781e-07}}, "references": [{"label": "[15]", "normalizedForm": "[15]", "refKey": 15, "offsetStart": 14674, "offsetEnd": 14678}]}, {"type": "software", "software-type": "software", "software-name": {"rawForm": "PlantCLEF", "normalizedForm": "PlantCLEF", "offsetStart": 145, "offsetEnd": 154}, "version": {"rawForm": "2020", "normalizedForm": "2020"}, "context": "The main outcomes we can derive from that results are the following ones:  while the organizer's submissions used a GBIF collection [12] and the PlantCLEF2019 dataset [10]).", "mentionContextAttributes": {"used": {"value": true, "score": 0.999966025352478}, "created": {"value": false, "score": 3.814697265625e-06}, "shared": {"value": false, "score": 1.1920928955078125e-07}}, "documentContextAttributes": {"used": {"value": true, "score": 0.9999681115150452}, "created": {"value": false, "score": 0.08293348550796509}, "shared": {"value": false, "score": 7.748603820800781e-07}}, "references": [{"label": "[15]", "normalizedForm": "[15]", "refKey": 15}]}, {"type": "software", "software-type": "software", "software-name": {"rawForm": "Pl@ntNet", "normalizedForm": "Pl@ntNet", "offsetStart": 151, "offsetEnd": 159}, "context": "The submissions are based on the \"winning\" solution from the previous year designed by Juan Villacis, a former student from the TEC Costa Rica and the Pl@ntNet team [17]. ", "mentionContextAttributes": {"used": {"value": true, "score": 0.9098695516586304}, "created": {"value": false, "score": 0.0004875659942626953}, "shared": {"value": false, "score": 2.384185791015625e-07}}, "documentContextAttributes": {"used": {"value": true, "score": 0.9098695516586304}, "created": {"value": false, "score": 0.0004875659942626953}, "shared": {"value": false, "score": 2.384185791015625e-07}}, "references": [{"label": "[17]", "normalizedForm": "[17]", "refKey": 17, "offsetStart": 18731, "offsetEnd": 18735}]}, {"type": "software", "software-type": "software", "wikidataId": "Q182496", "wikipediaExternalRef": 4325491, "lang": "en", "confidence": 0.5668, "software-name": {"rawForm": "Bing", "normalizedForm": "Bing", "wikidataId": "Q182496", "wikipediaExternalRef": 4325491, "lang": "en", "confidence": 0.5668, "offsetStart": 159, "offsetEnd": 163}, "context": "Species were selected based on the most comprehensive estimate of the number of field photos from different data sources (iDigBio, GBIF, Encyclopedia of Life, Bing and Google Image search engines). ", "mentionContextAttributes": {"used": {"value": true, "score": 0.9999237060546875}, "created": {"value": false, "score": 8.487701416015625e-05}, "shared": {"value": false, "score": 2.384185791015625e-07}}, "documentContextAttributes": {"used": {"value": true, "score": 0.9999237060546875}, "created": {"value": false, "score": 8.487701416015625e-05}, "shared": {"value": false, "score": 2.384185791015625e-07}}}, {"type": "software", "software-type": "software", "software-name": {"rawForm": "PlantCLEF", "normalizedForm": "PlantCLEF", "offsetStart": 161, "offsetEnd": 170}, "version": {"rawForm": "2020", "normalizedForm": "2020"}, "context": "The best single model was an extension with 3 classifiers and 3 discriminators using 3 taxonomic levels (species, genus, family), while using external datasets (PlantCLEF 2019 [10] and GBIF [12]).", "mentionContextAttributes": {"used": {"value": true, "score": 0.927731454372406}, "created": {"value": false, "score": 4.0531158447265625e-05}, "shared": {"value": false, "score": 1.1920928955078125e-07}}, "documentContextAttributes": {"used": {"value": true, "score": 0.9999681115150452}, "created": {"value": false, "score": 0.08293348550796509}, "shared": {"value": false, "score": 7.748603820800781e-07}}, "references": [{"label": "[10]", "normalizedForm": "[10]", "refKey": 10, "offsetStart": 19893, "offsetEnd": 19897}, {"label": "[12]", "normalizedForm": "[12]", "refKey": 12, "offsetStart": 19907, "offsetEnd": 19911}]}, {"type": "software", "software-type": "software", "wikidataId": "Q25110627", "wikipediaExternalRef": 46882967, "lang": "en", "confidence": 0.4703, "software-name": {"rawForm": "iDigBio", "normalizedForm": "iDigBio", "wikidataId": "Q25110627", "wikipediaExternalRef": 46882967, "lang": "en", "confidence": 0.4703, "offsetStart": 172, "offsetEnd": 179}, "context": "About 62 % of them also come from he iDigBio portal and were acquired by various photographers related to numerous institutes and national museums that share their data in iDigBio.", "mentionContextAttributes": {"used": {"value": true, "score": 0.99342280626297}, "created": {"value": false, "score": 5.733966827392578e-05}, "shared": {"value": false, "score": 1.1920928955078125e-05}}, "documentContextAttributes": {"used": {"value": true, "score": 0.9999237060546875}, "created": {"value": false, "score": 0.01770836114883423}, "shared": {"value": false, "score": 0.00011628866195678711}}}], "references": [{"refKey": 15, "tei": "<biblStruct xml:id=\"b15\">\n\t<analytic>\n\t\t<title level=\"a\" type=\"main\">Herbarium-Field Triplet Network for Cross-Domain Plant Identification</title>\n\t\t<author>\n\t\t\t<persName><forename type=\"first\">Sophia</forename><surname>Chulif</surname></persName>\n\t\t</author>\n\t\t<author>\n\t\t\t<persName><forename type=\"first\">Yang</forename><forename type=\"middle\">Loong</forename><surname>Chang</surname></persName>\n\t\t</author>\n\t\t<idno type=\"DOI\">10.1007/978-3-030-85251-1_14</idno>\n\t</analytic>\n\t<monogr>\n\t\t<title level=\"m\">Lecture Notes in Computer Science</title>\n\t\t<imprint>\n\t\t\t<publisher>Springer International Publishing</publisher>\n\t\t\t<date type=\"published\" when=\"2021\">Sep. 2020. 2020</date>\n\t\t\t<biblScope unit=\"page\" from=\"173\" to=\"188\" />\n\t\t</imprint>\n\t</monogr>\n</biblStruct>\n"}, {"refKey": 10, "tei": "<biblStruct xml:id=\"b10\">\n\t<analytic>\n\t\t<title level=\"a\" type=\"main\">Overview of lifeclef plant identification task 2019: diving into data deficient tropical countries</title>\n\t\t<author>\n\t\t\t<persName><forename type=\"first\">H</forename><surname>Go\u00ebau</surname></persName>\n\t\t</author>\n\t\t<author>\n\t\t\t<persName><forename type=\"first\">P</forename><surname>Bonnet</surname></persName>\n\t\t</author>\n\t\t<author>\n\t\t\t<persName><forename type=\"first\">A</forename><surname>Joly</surname></persName>\n\t\t</author>\n\t</analytic>\n\t<monogr>\n\t\t<title level=\"m\">CLEF: Conference and Labs of the Evaluation Forum</title>\n\t\t<imprint>\n\t\t\t<date>Sep. 2019. 2019</date>\n\t\t</imprint>\n\t</monogr>\n</biblStruct>\n"}, {"refKey": 12, "tei": "<biblStruct xml:id=\"b12\">\n\t<analytic>\n\t\t<title level=\"a\" type=\"main\">Recognition of the amazonian flora by inception networks with test-time class prior estimation</title>\n\t\t<author>\n\t\t\t<persName><forename type=\"first\">L</forename><surname>Picek</surname></persName>\n\t\t</author>\n\t\t<author>\n\t\t\t<persName><forename type=\"first\">M</forename><surname>Sulc</surname></persName>\n\t\t</author>\n\t\t<author>\n\t\t\t<persName><forename type=\"first\">J</forename><surname>Matas</surname></persName>\n\t\t</author>\n\t</analytic>\n\t<monogr>\n\t\t<title level=\"m\">CLEF: Conference and Labs of the Evaluation Forum</title>\n\t\t<imprint>\n\t\t\t<date>Sep. 2019. 2019</date>\n\t\t</imprint>\n\t</monogr>\n</biblStruct>\n"}, {"refKey": 17, "tei": "<biblStruct xml:id=\"b17\">\n\t<analytic>\n\t\t<title level=\"a\" type=\"main\">Domain adaptation in the context of herbarium collections: a submission to plantclef 2020</title>\n\t\t<author>\n\t\t\t<persName><forename type=\"first\">J</forename><surname>Villacis</surname></persName>\n\t\t</author>\n\t\t<author>\n\t\t\t<persName><forename type=\"first\">H</forename><surname>Go\u00ebau</surname></persName>\n\t\t</author>\n\t\t<author>\n\t\t\t<persName><forename type=\"first\">P</forename><surname>Bonnet</surname></persName>\n\t\t</author>\n\t\t<author>\n\t\t\t<persName><forename type=\"first\">E</forename><surname>Mata-Montero</surname></persName>\n\t\t</author>\n\t\t<author>\n\t\t\t<persName><forename type=\"first\">A</forename><surname>Joly</surname></persName>\n\t\t</author>\n\t</analytic>\n\t<monogr>\n\t\t<title level=\"m\">CLEF: Conference and Labs of the Evaluation Forum</title>\n\t\t<imprint>\n\t\t\t<date>Sep. 2020. 2020</date>\n\t\t</imprint>\n\t</monogr>\n</biblStruct>\n"}], "runtime": 25550, "id": "e5ac2868d6f0cc1b05c5647d5a727fb370c60073", "metadata": {"id": "e5ac2868d6f0cc1b05c5647d5a727fb370c60073"}, "original_file_path": "../../datalake/Samuel/SOFTware-Sync/data/xml_not_sofctied/hal-03353469.grobid.tei.xml", "file_name": "hal-03353469.grobid.tei.xml"}