{"application": "software-mentions", "version": "0.8.0", "date": "2024-04-12T17:21+0000", "md5": "A96CE50B1B1DF1C028452B392C344EA0", "mentions": [{"type": "software", "software-type": "software", "wikidataId": "Q54871", "wikipediaExternalRef": 2574343, "lang": "en", "confidence": 0.9146, "software-name": {"rawForm": "SPARQL", "normalizedForm": "SPARQL", "wikidataId": "Q54871", "wikipediaExternalRef": 2574343, "lang": "en", "confidence": 0.9146, "offsetStart": 0, "offsetEnd": 6}, "context": "SPARQL allows checking for (but not returning) paths connecting nodes; property graph languages such as GPML (not implemented) [5] and Neo4j's Cypher return paths, however, the latter does not scale [2]. ", "mentionContextAttributes": {"used": {"value": false, "score": 4.285573959350586e-05}, "created": {"value": false, "score": 5.5730342864990234e-05}, "shared": {"value": false, "score": 2.980232238769531e-07}}, "documentContextAttributes": {"used": {"value": false, "score": 0.21819311380386353}, "created": {"value": false, "score": 0.0009237527847290039}, "shared": {"value": false, "score": 3.159046173095703e-06}}}, {"type": "software", "software-type": "software", "software-name": {"rawForm": "RelSearch", "normalizedForm": "RelSearch", "offsetStart": 0, "offsetEnd": 9}, "context": "RelSearch (i) extends the SPARQL syntax to support Connecting Tree Patterns (CTPs) alongside BGPs, (ii) efficiently executes the extended queries, and (iii) allows users to customize results by freely choosing the scoring function to use for ranking CTP results (thus, the extended query results), and several filters on their results. ", "mentionContextAttributes": {"used": {"value": false, "score": 0.00015282630920410156}, "created": {"value": false, "score": 0.000906825065612793}, "shared": {"value": false, "score": 3.159046173095703e-06}}, "documentContextAttributes": {"used": {"value": true, "score": 0.9999818205833435}, "created": {"value": true, "score": 0.9997398853302002}, "shared": {"value": false, "score": 3.159046173095703e-06}}}, {"type": "software", "software-type": "software", "software-name": {"rawForm": "RelSearch", "normalizedForm": "RelSearch", "offsetStart": 0, "offsetEnd": 9}, "context": "RelSearch relies on the ConnectionLens [3] system for storing the KG in a PostgreSQL table graph(gID, s, p, o), heavily indexed. ", "mentionContextAttributes": {"used": {"value": false, "score": 0.04925626516342163}, "created": {"value": false, "score": 4.947185516357422e-06}, "shared": {"value": false, "score": 1.7881393432617188e-07}}, "documentContextAttributes": {"used": {"value": true, "score": 0.9999818205833435}, "created": {"value": true, "score": 0.9997398853302002}, "shared": {"value": false, "score": 3.159046173095703e-06}}}, {"type": "software", "software-type": "software", "software-name": {"rawForm": "RelSearch", "normalizedForm": "RelSearch", "offsetStart": 0, "offsetEnd": 9}, "context": "RelSearch extends a SPARQL parser to incorporate the CTP atoms. ", "mentionContextAttributes": {"used": {"value": false, "score": 5.418062210083008e-05}, "created": {"value": false, "score": 0.0002982616424560547}, "shared": {"value": false, "score": 2.980232238769531e-07}}, "documentContextAttributes": {"used": {"value": true, "score": 0.9999818205833435}, "created": {"value": true, "score": 0.9997398853302002}, "shared": {"value": false, "score": 3.159046173095703e-06}}}, {"type": "software", "software-type": "software", "software-name": {"rawForm": "RPQProv", "normalizedForm": "RPQProv", "offsetStart": 0, "offsetEnd": 11}, "context": "RPQProv [6] uses recursive SQL to return path labels; JEDI [1] returns unidirectional paths (only). ", "mentionContextAttributes": {"used": {"value": false, "score": 0.06110572814941406}, "created": {"value": false, "score": 3.039836883544922e-06}, "shared": {"value": false, "score": 1.7881393432617188e-07}}, "documentContextAttributes": {"used": {"value": false, "score": 0.06110572814941406}, "created": {"value": false, "score": 3.039836883544922e-06}, "shared": {"value": false, "score": 1.7881393432617188e-07}}}, {"type": "software", "software-type": "software", "wikidataId": "Q54871", "wikipediaExternalRef": 2574343, "lang": "en", "confidence": 0.9146, "software-name": {"rawForm": "SPARQL", "normalizedForm": "SPARQL", "wikidataId": "Q54871", "wikipediaExternalRef": 2574343, "lang": "en", "confidence": 0.9146, "offsetStart": 10, "offsetEnd": 16}, "context": "We extend SPARQL as follows: CT Pattern A connecting tree pattern (CTP, in short) is a tuple of the form: g = (g 1 , g 2 , . . .", "mentionContextAttributes": {"used": {"value": false, "score": 0.002736210823059082}, "created": {"value": false, "score": 0.00010031461715698242}, "shared": {"value": false, "score": 4.172325134277344e-07}}, "documentContextAttributes": {"used": {"value": false, "score": 0.21819311380386353}, "created": {"value": false, "score": 0.0009237527847290039}, "shared": {"value": false, "score": 3.159046173095703e-06}}}, {"type": "software", "software-type": "software", "software-name": {"rawForm": "RelSearch", "normalizedForm": "RelSearch", "offsetStart": 15, "offsetEnd": 24}, "context": "We demonstrate RelSearch over two real-world datasets, a 6M edges subset of YAGO3, and a 18M edges subset of DBPedia. ", "mentionContextAttributes": {"used": {"value": true, "score": 0.9999818205833435}, "created": {"value": false, "score": 5.65648078918457e-05}, "shared": {"value": false, "score": 1.7881393432617188e-07}}, "documentContextAttributes": {"used": {"value": true, "score": 0.9999818205833435}, "created": {"value": true, "score": 0.9997398853302002}, "shared": {"value": false, "score": 3.159046173095703e-06}}}, {"type": "software", "software-type": "software", "wikidataId": "Q54871", "wikipediaExternalRef": 2574343, "lang": "en", "confidence": 0.9146, "software-name": {"rawForm": "SPARQL", "normalizedForm": "SPARQL", "wikidataId": "Q54871", "wikipediaExternalRef": 2574343, "lang": "en", "confidence": 0.9146, "offsetStart": 20, "offsetEnd": 26}, "context": "RelSearch extends a SPARQL parser to incorporate the CTP atoms.", "mentionContextAttributes": {"used": {"value": false, "score": 5.418062210083008e-05}, "created": {"value": false, "score": 0.0002982616424560547}, "shared": {"value": false, "score": 2.980232238769531e-07}}, "documentContextAttributes": {"used": {"value": false, "score": 0.21819311380386353}, "created": {"value": false, "score": 0.0009237527847290039}, "shared": {"value": false, "score": 3.159046173095703e-06}}}, {"type": "software", "software-type": "software", "software-name": {"rawForm": "RelSearch", "normalizedForm": "RelSearch", "offsetStart": 20, "offsetEnd": 29}, "context": "Going beyond paths, RelSearch combines SPARQL's expressive power with the ability to return trees connecting an arbitrary number of node sets, traversing edges in any direction, independent of a scoring function.", "mentionContextAttributes": {"used": {"value": false, "score": 6.967782974243164e-05}, "created": {"value": false, "score": 0.0009237527847290039}, "shared": {"value": false, "score": 2.980232238769531e-07}}, "documentContextAttributes": {"used": {"value": true, "score": 0.9999818205833435}, "created": {"value": true, "score": 0.9997398853302002}, "shared": {"value": false, "score": 3.159046173095703e-06}}}, {"type": "software", "software-type": "software", "wikidataId": "Q54871", "wikipediaExternalRef": 2574343, "lang": "en", "confidence": 0.9146, "software-name": {"rawForm": "SPARQL", "normalizedForm": "SPARQL", "wikidataId": "Q54871", "wikipediaExternalRef": 2574343, "lang": "en", "confidence": 0.9146, "offsetStart": 23, "offsetEnd": 29}, "context": "2 Framework: extending SPARQL for connection search SPARQL queries may contain BGPs and/or Property Path Queries (PPQs).", "mentionContextAttributes": {"used": {"value": false, "score": 0.0005606412887573242}, "created": {"value": false, "score": 4.202127456665039e-05}, "shared": {"value": false, "score": 1.7881393432617188e-07}}, "documentContextAttributes": {"used": {"value": false, "score": 0.21819311380386353}, "created": {"value": false, "score": 0.0009237527847290039}, "shared": {"value": false, "score": 3.159046173095703e-06}}}, {"type": "software", "software-type": "software", "wikidataId": "Q54871", "wikipediaExternalRef": 2574343, "lang": "en", "confidence": 0.9146, "software-name": {"rawForm": "SPARQL", "normalizedForm": "SPARQL", "wikidataId": "Q54871", "wikipediaExternalRef": 2574343, "lang": "en", "confidence": 0.9146, "offsetStart": 25, "offsetEnd": 31}, "context": "KGs can be queried using SPARQL, with Basic Graph Patterns (BGPs) at its core. ", "mentionContextAttributes": {"used": {"value": false, "score": 0.02301812171936035}, "created": {"value": false, "score": 1.5914440155029297e-05}, "shared": {"value": false, "score": 1.7881393432617188e-07}}, "documentContextAttributes": {"used": {"value": false, "score": 0.21819311380386353}, "created": {"value": false, "score": 0.0009237527847290039}, "shared": {"value": false, "score": 3.159046173095703e-06}}}, {"type": "software", "software-type": "software", "wikidataId": "Q54871", "wikipediaExternalRef": 2574343, "lang": "en", "confidence": 0.9146, "software-name": {"rawForm": "SPARQL", "normalizedForm": "SPARQL", "wikidataId": "Q54871", "wikipediaExternalRef": 2574343, "lang": "en", "confidence": 0.9146, "offsetStart": 26, "offsetEnd": 32}, "context": "RelSearch (i) extends the SPARQL syntax to support Connecting Tree Patterns (CTPs) alongside BGPs, (ii) efficiently executes the extended queries, and (iii) allows users to customize results by freely choosing the scoring function to use for ranking CTP results (thus, the extended query results), and several filters on their results.", "mentionContextAttributes": {"used": {"value": false, "score": 0.00015282630920410156}, "created": {"value": false, "score": 0.000906825065612793}, "shared": {"value": false, "score": 3.159046173095703e-06}}, "documentContextAttributes": {"used": {"value": false, "score": 0.21819311380386353}, "created": {"value": false, "score": 0.0009237527847290039}, "shared": {"value": false, "score": 3.159046173095703e-06}}}, {"type": "software", "software-type": "software", "software-name": {"rawForm": "RelSearch", "normalizedForm": "RelSearch", "offsetStart": 29, "offsetEnd": 38}, "context": "On the KG shown at left, the RelSearch screenshot in Fig. 1 also shows a sample connecting tree, matching the variable ?w.", "mentionContextAttributes": {"used": {"value": true, "score": 0.6594846844673157}, "created": {"value": false, "score": 2.8014183044433594e-06}, "shared": {"value": false, "score": 1.0132789611816406e-06}}, "documentContextAttributes": {"used": {"value": true, "score": 0.9999818205833435}, "created": {"value": true, "score": 0.9997398853302002}, "shared": {"value": false, "score": 3.159046173095703e-06}}}, {"type": "software", "software-type": "software", "software-name": {"rawForm": "RelSearch", "normalizedForm": "RelSearch", "offsetStart": 30, "offsetEnd": 39}, "context": "We propose to demonstrate the RelSearch system, enabling users to explore a KG, even when they cannot specify the exact labels or structure of these connections. ", "mentionContextAttributes": {"used": {"value": false, "score": 7.969141006469727e-05}, "created": {"value": true, "score": 0.9997398853302002}, "shared": {"value": false, "score": 5.364418029785156e-07}}, "documentContextAttributes": {"used": {"value": true, "score": 0.9999818205833435}, "created": {"value": true, "score": 0.9997398853302002}, "shared": {"value": false, "score": 3.159046173095703e-06}}}, {"type": "software", "software-type": "software", "wikidataId": "Q54871", "wikipediaExternalRef": 2574343, "lang": "en", "confidence": 0.9146, "software-name": {"rawForm": "SPARQL", "normalizedForm": "SPARQL", "wikidataId": "Q54871", "wikipediaExternalRef": 2574343, "lang": "en", "confidence": 0.9146, "offsetStart": 37, "offsetEnd": 43}, "context": "Current graph query languages, e.g., SPARQL, do not support expressing such a query, which is however useful when combining some criteria users have in mind (\"US entrepreneurs\", etc.) with graph structure discovery.", "mentionContextAttributes": {"used": {"value": false, "score": 4.571676254272461e-05}, "created": {"value": false, "score": 0.0006209015846252441}, "shared": {"value": false, "score": 1.6093254089355469e-06}}, "documentContextAttributes": {"used": {"value": false, "score": 0.21819311380386353}, "created": {"value": false, "score": 0.0009237527847290039}, "shared": {"value": false, "score": 3.159046173095703e-06}}}, {"type": "software", "software-type": "software", "wikidataId": "Q54871", "wikipediaExternalRef": 2574343, "lang": "en", "confidence": 0.9146, "software-name": {"rawForm": "SPARQL", "normalizedForm": "SPARQL", "wikidataId": "Q54871", "wikipediaExternalRef": 2574343, "lang": "en", "confidence": 0.9146, "offsetStart": 39, "offsetEnd": 45}, "context": "Going beyond paths, RelSearch combines SPARQL's expressive power with the ability to return trees connecting an arbitrary number of node sets, traversing edges in any direction, independent of a scoring function.", "mentionContextAttributes": {"used": {"value": false, "score": 6.967782974243164e-05}, "created": {"value": false, "score": 0.0009237527847290039}, "shared": {"value": false, "score": 2.980232238769531e-07}}, "documentContextAttributes": {"used": {"value": false, "score": 0.21819311380386353}, "created": {"value": false, "score": 0.0009237527847290039}, "shared": {"value": false, "score": 3.159046173095703e-06}}}, {"type": "software", "software-type": "software", "wikidataId": "Q54871", "wikipediaExternalRef": 2574343, "lang": "en", "confidence": 0.9146, "software-name": {"rawForm": "SPARQL", "normalizedForm": "SPARQL", "wikidataId": "Q54871", "wikipediaExternalRef": 2574343, "lang": "en", "confidence": 0.9146, "offsetStart": 50, "offsetEnd": 56}, "context": "Extended Query An extended query (EQ) consists of SPARQL BGPs, PPQs and/or CTPs.", "mentionContextAttributes": {"used": {"value": false, "score": 0.003889143466949463}, "created": {"value": false, "score": 1.4543533325195312e-05}, "shared": {"value": false, "score": 2.384185791015625e-07}}, "documentContextAttributes": {"used": {"value": false, "score": 0.21819311380386353}, "created": {"value": false, "score": 0.0009237527847290039}, "shared": {"value": false, "score": 3.159046173095703e-06}}}, {"type": "software", "software-type": "software", "wikidataId": "Q54871", "wikipediaExternalRef": 2574343, "lang": "en", "confidence": 0.9146, "software-name": {"rawForm": "SPARQL", "normalizedForm": "SPARQL", "wikidataId": "Q54871", "wikipediaExternalRef": 2574343, "lang": "en", "confidence": 0.9146, "offsetStart": 52, "offsetEnd": 58}, "context": "2 Framework: extending SPARQL for connection search SPARQL queries may contain BGPs and/or Property Path Queries (PPQs).", "mentionContextAttributes": {"used": {"value": false, "score": 0.0005607008934020996}, "created": {"value": false, "score": 4.1961669921875e-05}, "shared": {"value": false, "score": 1.1920928955078125e-07}}, "documentContextAttributes": {"used": {"value": false, "score": 0.21819311380386353}, "created": {"value": false, "score": 0.0009237527847290039}, "shared": {"value": false, "score": 3.159046173095703e-06}}}, {"type": "software", "software-type": "software", "wikidataId": "Q192490", "wikipediaExternalRef": 23824, "lang": "en", "confidence": 0.9154, "software-name": {"rawForm": "PostgreSQL", "normalizedForm": "PostgreSQL", "wikidataId": "Q192490", "wikipediaExternalRef": 23824, "lang": "en", "confidence": 0.9154, "offsetStart": 74, "offsetEnd": 84}, "context": "RelSearch relies on the ConnectionLens [3] system for storing the KG in a PostgreSQL table graph(gID, s, p, o), heavily indexed. ", "mentionContextAttributes": {"used": {"value": false, "score": 0.04925626516342163}, "created": {"value": false, "score": 4.887580871582031e-06}, "shared": {"value": false, "score": 1.1920928955078125e-07}}, "documentContextAttributes": {"used": {"value": false, "score": 0.04925626516342163}, "created": {"value": false, "score": 4.887580871582031e-06}, "shared": {"value": false, "score": 1.1920928955078125e-07}}}, {"type": "software", "software-type": "software", "wikidataId": "Q54871", "wikipediaExternalRef": 2574343, "lang": "en", "confidence": 0.9146, "software-name": {"rawForm": "SPARQL", "normalizedForm": "SPARQL", "wikidataId": "Q54871", "wikipediaExternalRef": 2574343, "lang": "en", "confidence": 0.9146, "offsetStart": 142, "offsetEnd": 148}, "context": "(i) When a g i variable from a CTP appears also in some BGPs and/or PPQs, the respective seed set S i is formed of all the nodes that (as per SPARQL semantics) match, simultaneously, the respective BGPs and PPQs.", "mentionContextAttributes": {"used": {"value": false, "score": 0.21819311380386353}, "created": {"value": false, "score": 1.0371208190917969e-05}, "shared": {"value": false, "score": 3.5762786865234375e-07}}, "documentContextAttributes": {"used": {"value": false, "score": 0.21819311380386353}, "created": {"value": false, "score": 0.0009237527847290039}, "shared": {"value": false, "score": 3.159046173095703e-06}}}, {"type": "software", "software-type": "software", "wikidataId": "Q192490", "wikipediaExternalRef": 23824, "lang": "en", "confidence": 0.8658, "software-name": {"rawForm": "Postgres", "normalizedForm": "Postgres", "wikidataId": "Q192490", "wikipediaExternalRef": 23824, "lang": "en", "confidence": 0.8658, "offsetStart": 152, "offsetEnd": 160}, "context": "The query execution engine is implemented in Java 11; the CTP evaluation algorithms [2] are integrated within ConnectionLens; BGPs are evaluated within Postgres.", "mentionContextAttributes": {"used": {"value": true, "score": 0.7949857115745544}, "created": {"value": false, "score": 0.00010538101196289062}, "shared": {"value": false, "score": 1.1920928955078125e-07}}, "documentContextAttributes": {"used": {"value": true, "score": 0.7949857115745544}, "created": {"value": false, "score": 0.00010538101196289062}, "shared": {"value": false, "score": 1.1920928955078125e-07}}}], "references": [], "runtime": 125203, "id": "30efa923fa97b98fc75833f634293e9ca46f3c21", "metadata": {"id": "30efa923fa97b98fc75833f634293e9ca46f3c21"}, "original_file_path": "../../datalake/Samuel/SOFTware-Sync/data/xml_not_sofctied/hal-04102807.grobid.tei.xml", "file_name": "hal-04102807.grobid.tei.xml"}