{"application": "software-mentions", "version": "0.8.0", "date": "2024-04-15T07:15+0000", "md5": "D288D4DD368211E42CEC98D056BBD17F", "mentions": [{"type": "software", "software-type": "software", "software-name": {"rawForm": "signSGD", "normalizedForm": "signSGD", "offsetStart": 3, "offsetEnd": 13}, "context": "In signSGD [8], all the clients calculate the stochastic gradient based on a single mini-batch and then send the sign vector of this gradient to the server. ", "mentionContextAttributes": {"used": {"value": false, "score": 0.0031709671020507812}, "created": {"value": false, "score": 5.662441253662109e-06}, "shared": {"value": false, "score": 1.7881393432617188e-07}}, "documentContextAttributes": {"used": {"value": false, "score": 0.00700300931930542}, "created": {"value": false, "score": 0.0005747079849243164}, "shared": {"value": false, "score": 1.0132789611816406e-06}}}, {"type": "software", "software-type": "software", "wikidataId": "Q28470421", "wikipediaExternalRef": 51650259, "lang": "en", "confidence": 0.7419, "software-name": {"rawForm": "Keras", "normalizedForm": "Keras", "wikidataId": "Q28470421", "wikipediaExternalRef": 51650259, "lang": "en", "confidence": 0.7419, "offsetStart": 7, "offsetEnd": 12}, "version": {"rawForm": "2.2.0", "normalizedForm": "2.2.0", "offsetStart": 13, "offsetEnd": 23}, "context": "We use Keras 2.2.0 [13] with a TensorFlow backend 1.12.0 [1] and NumPy 1.14.3 [34] to implement our models and experiments. ", "mentionContextAttributes": {"used": {"value": true, "score": 0.9867458343505859}, "created": {"value": false, "score": 0.00016379356384277344}, "shared": {"value": false, "score": 1.7881393432617188e-07}}, "documentContextAttributes": {"used": {"value": true, "score": 0.9867458343505859}, "created": {"value": false, "score": 0.00016379356384277344}, "shared": {"value": false, "score": 1.7881393432617188e-07}}, "references": [{"label": "[13]", "normalizedForm": "[13]", "refKey": 13, "offsetStart": 24279, "offsetEnd": 24283}]}, {"type": "software", "software-type": "software", "software-name": {"rawForm": "signSGD", "normalizedForm": "signSGD", "offsetStart": 12, "offsetEnd": 19}, "context": "However, in signSGD, all clients start with the same initialized common model and the server sends the same aggregated model update to every client at each round.", "mentionContextAttributes": {"used": {"value": false, "score": 0.000901341438293457}, "created": {"value": false, "score": 7.50422477722168e-05}, "shared": {"value": false, "score": 1.0132789611816406e-06}}, "documentContextAttributes": {"used": {"value": false, "score": 0.00700300931930542}, "created": {"value": false, "score": 0.0005747079849243164}, "shared": {"value": false, "score": 1.0132789611816406e-06}}}, {"type": "software", "software-type": "software", "software-name": {"rawForm": "signSGD", "normalizedForm": "signSGD", "offsetStart": 13, "offsetEnd": 20}, "context": "In contrast, signSGD always performs one local SGD iteration with a single mini-batch at every client.", "mentionContextAttributes": {"used": {"value": false, "score": 0.0006657242774963379}, "created": {"value": false, "score": 1.8894672393798828e-05}, "shared": {"value": false, "score": 2.980232238769531e-07}}, "documentContextAttributes": {"used": {"value": false, "score": 0.00700300931930542}, "created": {"value": false, "score": 0.0005747079849243164}, "shared": {"value": false, "score": 1.0132789611816406e-06}}}, {"type": "software", "software-type": "software", "wikidataId": "Q21447895", "wikipediaExternalRef": 48508507, "lang": "en", "confidence": 0.9154, "software-name": {"rawForm": "TensorFlow", "normalizedForm": "TensorFlow", "wikidataId": "Q21447895", "wikipediaExternalRef": 48508507, "lang": "en", "confidence": 0.9154, "offsetStart": 31, "offsetEnd": 41}, "version": {"rawForm": "1.12.0", "normalizedForm": "1.12.0", "offsetStart": 50, "offsetEnd": 60}, "context": "We use Keras 2.2.0 [13] with a TensorFlow backend 1.12.0 [1] and NumPy 1.14.3 [34] to implement our models and experiments. ", "mentionContextAttributes": {"used": {"value": true, "score": 0.9867458343505859}, "created": {"value": false, "score": 0.00016379356384277344}, "shared": {"value": false, "score": 1.7881393432617188e-07}}, "documentContextAttributes": {"used": {"value": true, "score": 0.9867458343505859}, "created": {"value": false, "score": 0.00016379356384277344}, "shared": {"value": false, "score": 1.7881393432617188e-07}}, "references": [{"label": "[1]", "normalizedForm": "[1]", "refKey": 1, "offsetStart": 24317, "offsetEnd": 24320}]}, {"type": "software", "software-type": "software", "software-name": {"rawForm": "signSGD", "normalizedForm": "signSGD", "offsetStart": 50, "offsetEnd": 57}, "context": "\u2022 As all the clients participate at each round in signSGD, the server only transfers the sign of the aggregated signs to the clients in every round.", "mentionContextAttributes": {"used": {"value": false, "score": 0.006823480129241943}, "created": {"value": false, "score": 1.8894672393798828e-05}, "shared": {"value": false, "score": 5.364418029785156e-07}}, "documentContextAttributes": {"used": {"value": false, "score": 0.00700300931930542}, "created": {"value": false, "score": 0.0005747079849243164}, "shared": {"value": false, "score": 1.0132789611816406e-06}}}, {"type": "software", "software-type": "software", "wikidataId": "Q381", "wikipediaExternalRef": 990298, "lang": "en", "confidence": 0.8775, "software-name": {"rawForm": "Ubuntu", "normalizedForm": "Ubuntu", "wikidataId": "Q381", "wikipediaExternalRef": 990298, "lang": "en", "confidence": 0.8775, "offsetStart": 51, "offsetEnd": 57}, "version": {"rawForm": ".04", "normalizedForm": ".04", "offsetStart": 60, "offsetEnd": 63}, "context": "Our experiments were performed on a server running Ubuntu 18.04 LTS equipped with a Intel(R) Xeon(R) Silver 4114 CPU @ 2.20GHz, 192GB RAM, and two NVIDIA Quadro P5000 GPU card of 16 Go each. ", "mentionContextAttributes": {"used": {"value": true, "score": 0.9999153017997742}, "created": {"value": false, "score": 0.01847320795059204}, "shared": {"value": false, "score": 4.172325134277344e-07}}, "documentContextAttributes": {"used": {"value": true, "score": 0.9999153017997742}, "created": {"value": false, "score": 0.01847320795059204}, "shared": {"value": false, "score": 4.172325134277344e-07}}}, {"type": "software", "software-type": "software", "software-name": {"rawForm": "signSGD", "normalizedForm": "signSGD", "offsetStart": 54, "offsetEnd": 61}, "context": "The main differences between our scheme (FL-SIGN) and signSGD are as follows:", "mentionContextAttributes": {"used": {"value": false, "score": 0.00700300931930542}, "created": {"value": false, "score": 0.0005747079849243164}, "shared": {"value": false, "score": 2.980232238769531e-07}}, "documentContextAttributes": {"used": {"value": false, "score": 0.00700300931930542}, "created": {"value": false, "score": 0.0005747079849243164}, "shared": {"value": false, "score": 1.0132789611816406e-06}}}, {"type": "software", "software-type": "software", "wikidataId": "Q197520", "wikipediaExternalRef": 381782, "lang": "en", "confidence": 0.9088, "software-name": {"rawForm": "NumPy", "normalizedForm": "NumPy", "wikidataId": "Q197520", "wikipediaExternalRef": 381782, "lang": "en", "confidence": 0.9088, "offsetStart": 65, "offsetEnd": 70}, "context": "We use Keras 2.2.0 [13] with a TensorFlow backend 1.12.0 [1] and NumPy 1.14.3 [34] to implement our models and experiments. ", "mentionContextAttributes": {"used": {"value": true, "score": 0.9867458939552307}, "created": {"value": false, "score": 0.00016379356384277344}, "shared": {"value": false, "score": 1.1920928955078125e-07}}, "documentContextAttributes": {"used": {"value": true, "score": 0.9867458939552307}, "created": {"value": false, "score": 0.00016379356384277344}, "shared": {"value": false, "score": 1.1920928955078125e-07}}, "references": [{"label": "[34]", "normalizedForm": "[34]", "refKey": 34, "offsetStart": 24338, "offsetEnd": 24342}]}], "references": [{"refKey": 13, "tei": "<biblStruct xml:id=\"b13\">\n\t<monogr>\n\t\t<author>\n\t\t\t<persName><forename type=\"first\">Fran\u00e7ois</forename><surname>Chollet</surname></persName>\n\t\t</author>\n\t\t<title level=\"m\">Keras</title>\n\t\t<imprint>\n\t\t\t<date>2015</date>\n\t\t</imprint>\n\t</monogr>\n</biblStruct>\n"}, {"refKey": 1, "tei": "<biblStruct xml:id=\"b1\">\n\t<monogr>\n\t\t<author>\n\t\t\t<persName><forename type=\"first\">Mart\u00edn</forename><surname>Abadi</surname></persName>\n\t\t</author>\n\t\t<title level=\"m\">TensorFlow: Large-Scale Machine Learning on Heterogeneous Systems</title>\n\t\t<imprint>\n\t\t\t<date>2015</date>\n\t\t</imprint>\n\t</monogr>\n</biblStruct>\n"}, {"refKey": 34, "tei": "<biblStruct xml:id=\"b34\">\n\t<monogr>\n\t\t<author>\n\t\t\t<persName><forename type=\"first\">Travis</forename><forename type=\"middle\">E</forename><surname>Oliphant</surname></persName>\n\t\t</author>\n\t\t<title level=\"m\">A guide to NumPy</title>\n\t\t<imprint>\n\t\t\t<publisher>Trelgol Publishing USA</publisher>\n\t\t\t<date>2006</date>\n\t\t\t<biblScope unit=\"volume\">1</biblScope>\n\t\t</imprint>\n\t</monogr>\n</biblStruct>\n"}], "runtime": 48660, "id": "df991332a9ba4425eb5efef16013ccaec7b50f3d", "metadata": {"id": "df991332a9ba4425eb5efef16013ccaec7b50f3d"}, "original_file_path": "../../datalake/Samuel/SOFTware-Sync/data/xml_not_sofctied/hal-03160473.grobid.tei.xml", "file_name": "hal-03160473.grobid.tei.xml"}