{"application": "software-mentions", "version": "0.8.0", "date": "2024-04-15T07:27+0000", "md5": "0A4BFBCFF4CF7FA76C06DBB6648AFD49", "mentions": [{"type": "software", "software-type": "software", "software-name": {"rawForm": "Kaldi toolkit", "normalizedForm": "Kaldi toolkit", "offsetStart": 31, "offsetEnd": 48}, "context": "The ASR system is based on the Kaldi toolkit [15]. ", "mentionContextAttributes": {"used": {"value": false, "score": 0.03517758846282959}, "created": {"value": false, "score": 5.233287811279297e-05}, "shared": {"value": false, "score": 2.384185791015625e-07}}, "documentContextAttributes": {"used": {"value": false, "score": 0.03517758846282959}, "created": {"value": false, "score": 5.233287811279297e-05}, "shared": {"value": false, "score": 2.384185791015625e-07}}}], "references": [], "runtime": 76500, "id": "4b063bfb78ce07d421599f6eed8e9d97d43224d8", "metadata": {"id": "4b063bfb78ce07d421599f6eed8e9d97d43224d8"}, "original_file_path": "../../datalake/Samuel/SOFTware-Sync/data/xml_not_sofctied/hal-03539741.grobid.tei.xml", "file_name": "hal-03539741.grobid.tei.xml"}