{"application": "software-mentions", "version": "0.8.0", "date": "2024-04-12T15:40+0000", "md5": "4EA2B22A69E142D76BFE4C31740B938E", "mentions": [{"type": "software", "software-type": "software", "wikidataId": "Q40984", "wikipediaExternalRef": 424589, "lang": "en", "confidence": 0.9152, "software-name": {"rawForm": "Skype", "normalizedForm": "Skype", "wikidataId": "Q40984", "wikipediaExternalRef": 424589, "lang": "en", "confidence": 0.9152, "offsetStart": 99, "offsetEnd": 104}, "context": "But one can imagine an unlimited number of possibilities, such as having a Whatsapp call talk to a Skype one. ", "mentionContextAttributes": {"used": {"value": false, "score": 0.00010573863983154297}, "created": {"value": false, "score": 0.0006091594696044922}, "shared": {"value": false, "score": 1.0728836059570312e-06}}, "documentContextAttributes": {"used": {"value": false, "score": 0.00010573863983154297}, "created": {"value": false, "score": 0.0006091594696044922}, "shared": {"value": false, "score": 1.0728836059570312e-06}}}], "references": [], "runtime": 63751, "id": "52215bfdb8146cacdef873121b4bd9513edcdcbb", "metadata": {"id": "52215bfdb8146cacdef873121b4bd9513edcdcbb"}, "original_file_path": "../../datalake/Samuel/SOFTware-Sync/data/xml_files/hal-02066516.grobid.tei.xml", "file_name": "hal-02066516.grobid.tei.xml"}