{"application": "software-mentions", "version": "0.8.0", "date": "2024-04-15T07:21+0000", "md5": "B3C1F1D486A2F6BCB7BA7933C6A38F66", "mentions": [{"type": "software", "software-type": "software", "software-name": {"rawForm": "API", "normalizedForm": "API", "offsetStart": 3, "offsetEnd": 6}, "context": "An API allowing to test the different view configurations on both languages is available online 7 .", "mentionContextAttributes": {"used": {"value": false, "score": 6.22868537902832e-05}, "created": {"value": false, "score": 0.008175492286682129}, "shared": {"value": false, "score": 0.07486063241958618}}, "documentContextAttributes": {"used": {"value": false, "score": 6.22868537902832e-05}, "created": {"value": false, "score": 0.008175492286682129}, "shared": {"value": false, "score": 0.07486063241958618}}}, {"type": "software", "software-type": "software", "software-name": {"rawForm": "kmeans", "normalizedForm": "kmeans", "offsetStart": 3, "offsetEnd": 9}, "context": "As kmeans only allows feature sets as input, here k-medoids is used to evaluate the performances of the proposed single-view configurations relying on similarity matrices. ", "mentionContextAttributes": {"used": {"value": false, "score": 0.0878828763961792}, "created": {"value": false, "score": 1.1980533599853516e-05}, "shared": {"value": false, "score": 1.7881393432617188e-07}}, "documentContextAttributes": {"used": {"value": true, "score": 0.9892468452453613}, "created": {"value": false, "score": 1.1980533599853516e-05}, "shared": {"value": false, "score": 1.7881393432617188e-07}}, "references": [{"label": "[58]", "normalizedForm": "[58]", "refKey": 58}]}, {"type": "software", "software-type": "software", "software-name": {"rawForm": "mBERT", "normalizedForm": "mBERT", "offsetStart": 6, "offsetEnd": 11}, "context": "{mUSE/mBERT-PRO/mUSE-PRO} and {mBERT-PRO/mUSE-PRO} are respectively ranked at the second and the third position.", "mentionContextAttributes": {"used": {"value": true, "score": 0.7257405519485474}, "created": {"value": false, "score": 5.185604095458984e-06}, "shared": {"value": false, "score": 2.980232238769531e-07}}, "documentContextAttributes": {"used": {"value": true, "score": 0.9999553561210632}, "created": {"value": false, "score": 0.03137016296386719}, "shared": {"value": true, "score": 0.9892666339874268}}}, {"type": "software", "software-type": "software", "software-name": {"rawForm": "mUSE", "normalizedForm": "mUSE", "offsetStart": 11, "offsetEnd": 15}, "context": "Concerning mUSE, it relies on the USE [54] (Universal Sentence Encoder) architecture and is originally pre-trained on Wikipedia, web news, web question-answer pages and discussion forums and augmented with the Stanford Natural Language Inference (SNLI) corpus translated to 15 languages.", "mentionContextAttributes": {"used": {"value": false, "score": 0.20389652252197266}, "created": {"value": false, "score": 0.0031359195709228516}, "shared": {"value": false, "score": 1.3709068298339844e-06}}, "documentContextAttributes": {"used": {"value": true, "score": 0.9999553561210632}, "created": {"value": false, "score": 0.06920713186264038}, "shared": {"value": false, "score": 1.3709068298339844e-06}}}, {"type": "software", "software-type": "software", "software-name": {"rawForm": "mBERT", "normalizedForm": "mBERT", "offsetStart": 11, "offsetEnd": 16}, "context": "In detail, mBERT relies on the transformer model BERT [13] (Bidirectional Encoder Representations from Transformers) and is pre-trained on a large corpus of multilingual data. ", "mentionContextAttributes": {"used": {"value": false, "score": 0.006308853626251221}, "created": {"value": false, "score": 3.606081008911133e-05}, "shared": {"value": false, "score": 1.7881393432617188e-07}}, "documentContextAttributes": {"used": {"value": true, "score": 0.9999553561210632}, "created": {"value": false, "score": 0.03137016296386719}, "shared": {"value": true, "score": 0.9892666339874268}}}, {"type": "software", "software-type": "software", "software-name": {"rawForm": "mBERT", "normalizedForm": "mBERT", "offsetStart": 14, "offsetEnd": 19}, "context": "Indeed, {mUSE/mBERT-PRO/mUSE-PRO/mUSE-NET} outperforms all the other models reaching the best balance considering all the evaluation metrics on both languages.", "mentionContextAttributes": {"used": {"value": false, "score": 0.0009947419166564941}, "created": {"value": false, "score": 1.817941665649414e-05}, "shared": {"value": false, "score": 2.980232238769531e-07}}, "documentContextAttributes": {"used": {"value": true, "score": 0.9999553561210632}, "created": {"value": false, "score": 0.03137016296386719}, "shared": {"value": true, "score": 0.9892666339874268}}}, {"type": "software", "software-type": "software", "software-name": {"rawForm": "mUSE", "normalizedForm": "mUSE", "offsetStart": 16, "offsetEnd": 20}, "context": "Conversely, the mUSE model used in this study, also released by HuggingFace6 , allows to generate directly sentence embeddings.", "mentionContextAttributes": {"used": {"value": false, "score": 8.672475814819336e-05}, "created": {"value": false, "score": 0.06920713186264038}, "shared": {"value": false, "score": 2.980232238769531e-07}}, "documentContextAttributes": {"used": {"value": true, "score": 0.9999553561210632}, "created": {"value": false, "score": 0.06920713186264038}, "shared": {"value": false, "score": 1.3709068298339844e-06}}}, {"type": "software", "software-type": "software", "software-name": {"rawForm": "mUSE", "normalizedForm": "mUSE", "offsetStart": 16, "offsetEnd": 20}, "context": "{mUSE/mBERT-PRO/mUSE-PRO} and {mBERT-PRO/mUSE-PRO} are respectively ranked at the second and the third position.", "mentionContextAttributes": {"used": {"value": true, "score": 0.7257405519485474}, "created": {"value": false, "score": 5.185604095458984e-06}, "shared": {"value": false, "score": 2.980232238769531e-07}}, "documentContextAttributes": {"used": {"value": true, "score": 0.9999553561210632}, "created": {"value": false, "score": 0.06920713186264038}, "shared": {"value": false, "score": 1.3709068298339844e-06}}}, {"type": "software", "software-type": "software", "software-name": {"rawForm": "mBERT", "normalizedForm": "mBERT", "offsetStart": 17, "offsetEnd": 22}, "context": "In detail, {mUSE/mBERT-PRO/mUSE-PRO/mUSE-NET} outperforms the other methods on both the purity score and the NMI score.", "mentionContextAttributes": {"used": {"value": false, "score": 0.0014609694480895996}, "created": {"value": false, "score": 1.2099742889404297e-05}, "shared": {"value": false, "score": 1.7881393432617188e-07}}, "documentContextAttributes": {"used": {"value": true, "score": 0.9999553561210632}, "created": {"value": false, "score": 0.03137016296386719}, "shared": {"value": true, "score": 0.9892666339874268}}}, {"type": "software", "software-type": "software", "software-name": {"rawForm": "mBERT", "normalizedForm": "mBERT", "offsetStart": 22, "offsetEnd": 27}, "context": "Here, the pre-trained mBERT model used is publicly available on HuggingFace 5 .", "mentionContextAttributes": {"used": {"value": false, "score": 0.41618525981903076}, "created": {"value": false, "score": 0.03137016296386719}, "shared": {"value": false, "score": 0.09074640274047852}}, "documentContextAttributes": {"used": {"value": true, "score": 0.9999553561210632}, "created": {"value": false, "score": 0.03137016296386719}, "shared": {"value": true, "score": 0.9892666339874268}}}, {"type": "software", "software-type": "software", "software-name": {"rawForm": "mBERT", "normalizedForm": "mBERT", "offsetStart": 23, "offsetEnd": 28}, "context": "https://huggingface.co/mBERT-base-multilingual-uncased Date of access: 5th October 2021.", "mentionContextAttributes": {"used": {"value": false, "score": 0.0002224445343017578}, "created": {"value": false, "score": 4.547834396362305e-05}, "shared": {"value": true, "score": 0.9892666339874268}}, "documentContextAttributes": {"used": {"value": true, "score": 0.9999553561210632}, "created": {"value": false, "score": 0.03137016296386719}, "shared": {"value": true, "score": 0.9892666339874268}}}, {"type": "software", "software-type": "software", "software-name": {"rawForm": "mUSE", "normalizedForm": "mUSE", "offsetStart": 24, "offsetEnd": 28}, "context": "Indeed, {mUSE/mBERT-PRO/mUSE-PRO/mUSE-NET} outperforms all the other models reaching the best balance considering all the evaluation metrics on both languages.", "mentionContextAttributes": {"used": {"value": false, "score": 0.0009947419166564941}, "created": {"value": false, "score": 1.817941665649414e-05}, "shared": {"value": false, "score": 2.980232238769531e-07}}, "documentContextAttributes": {"used": {"value": true, "score": 0.9999553561210632}, "created": {"value": false, "score": 0.06920713186264038}, "shared": {"value": false, "score": 1.3709068298339844e-06}}}, {"type": "software", "software-type": "software", "software-name": {"rawForm": "mUSE", "normalizedForm": "mUSE", "offsetStart": 27, "offsetEnd": 31}, "context": "In detail, {mUSE/mBERT-PRO/mUSE-PRO/mUSE-NET} outperforms the other methods on both the purity score and the NMI score.", "mentionContextAttributes": {"used": {"value": false, "score": 0.0014609694480895996}, "created": {"value": false, "score": 1.2099742889404297e-05}, "shared": {"value": false, "score": 1.7881393432617188e-07}}, "documentContextAttributes": {"used": {"value": true, "score": 0.9999553561210632}, "created": {"value": false, "score": 0.06920713186264038}, "shared": {"value": false, "score": 1.3709068298339844e-06}}}, {"type": "software", "software-type": "software", "software-name": {"rawForm": "mBERT", "normalizedForm": "mBERT", "offsetStart": 29, "offsetEnd": 34}, "context": "More particularly, the {mUSE/mBERT-PRO/mUSE-PRO/mUSE-NET} model outperforms all the other models reaching the best balance considering all the evaluation metrics on both languages.", "mentionContextAttributes": {"used": {"value": false, "score": 0.0008662939071655273}, "created": {"value": false, "score": 4.929304122924805e-05}, "shared": {"value": false, "score": 2.980232238769531e-07}}, "documentContextAttributes": {"used": {"value": true, "score": 0.9999553561210632}, "created": {"value": false, "score": 0.03137016296386719}, "shared": {"value": true, "score": 0.9892666339874268}}}, {"type": "software", "software-type": "software", "software-name": {"rawForm": "mUSE", "normalizedForm": "mUSE", "offsetStart": 33, "offsetEnd": 37}, "context": "Indeed, {mUSE/mBERT-PRO/mUSE-PRO/mUSE-NET} outperforms all the other models reaching the best balance considering all the evaluation metrics on both languages.", "mentionContextAttributes": {"used": {"value": false, "score": 0.0009947419166564941}, "created": {"value": false, "score": 1.817941665649414e-05}, "shared": {"value": false, "score": 2.980232238769531e-07}}, "documentContextAttributes": {"used": {"value": true, "score": 0.9999553561210632}, "created": {"value": false, "score": 0.06920713186264038}, "shared": {"value": false, "score": 1.3709068298339844e-06}}}, {"type": "software", "software-type": "software", "software-name": {"rawForm": "mUSE", "normalizedForm": "mUSE", "offsetStart": 36, "offsetEnd": 40}, "context": "In detail, {mUSE/mBERT-PRO/mUSE-PRO/mUSE-NET} outperforms the other methods on both the purity score and the NMI score.", "mentionContextAttributes": {"used": {"value": false, "score": 0.0014609694480895996}, "created": {"value": false, "score": 1.2099742889404297e-05}, "shared": {"value": false, "score": 1.7881393432617188e-07}}, "documentContextAttributes": {"used": {"value": true, "score": 0.9999553561210632}, "created": {"value": false, "score": 0.06920713186264038}, "shared": {"value": false, "score": 1.3709068298339844e-06}}}, {"type": "software", "software-type": "software", "software-name": {"rawForm": "mUSE", "normalizedForm": "mUSE", "offsetStart": 37, "offsetEnd": 41}, "context": "Concerning the ARI score, {mBERT-PRO/mUSE-PRO} achieves the best performances providing the most similar partitioning in comparison to the ground-truth communities considering the frequency of occurrence of agreements over the total pairs.", "mentionContextAttributes": {"used": {"value": false, "score": 0.1419452428817749}, "created": {"value": false, "score": 8.404254913330078e-06}, "shared": {"value": false, "score": 1.7881393432617188e-07}}, "documentContextAttributes": {"used": {"value": true, "score": 0.9999553561210632}, "created": {"value": false, "score": 0.06920713186264038}, "shared": {"value": false, "score": 1.3709068298339844e-06}}}, {"type": "software", "software-type": "software", "software-name": {"rawForm": "mUSE", "normalizedForm": "mUSE", "offsetStart": 39, "offsetEnd": 43}, "context": "More particularly, the {mUSE/mBERT-PRO/mUSE-PRO/mUSE-NET} model outperforms all the other models reaching the best balance considering all the evaluation metrics on both languages.", "mentionContextAttributes": {"used": {"value": false, "score": 0.0008662939071655273}, "created": {"value": false, "score": 4.929304122924805e-05}, "shared": {"value": false, "score": 2.980232238769531e-07}}, "documentContextAttributes": {"used": {"value": true, "score": 0.9999553561210632}, "created": {"value": false, "score": 0.06920713186264038}, "shared": {"value": false, "score": 1.3709068298339844e-06}}}, {"type": "software", "software-type": "software", "software-name": {"rawForm": "mUSE", "normalizedForm": "mUSE", "offsetStart": 41, "offsetEnd": 45}, "context": "{mUSE/mBERT-PRO/mUSE-PRO} and {mBERT-PRO/mUSE-PRO} are respectively ranked at the second and the third position.", "mentionContextAttributes": {"used": {"value": true, "score": 0.7257405519485474}, "created": {"value": false, "score": 5.185604095458984e-06}, "shared": {"value": false, "score": 2.980232238769531e-07}}, "documentContextAttributes": {"used": {"value": true, "score": 0.9999553561210632}, "created": {"value": false, "score": 0.06920713186264038}, "shared": {"value": false, "score": 1.3709068298339844e-06}}}, {"type": "software", "software-type": "software", "software-name": {"rawForm": "mBERT", "normalizedForm": "mBERT", "offsetStart": 41, "offsetEnd": 46}, "context": "In addition, despite the fact that {mUSE/mBERT-PRO/mUSE-PRO/mUSE-NET} provides the best balance considering both languages and metrics, performances vary throughout the configurations.", "mentionContextAttributes": {"used": {"value": false, "score": 0.0037176012992858887}, "created": {"value": false, "score": 6.258487701416016e-06}, "shared": {"value": false, "score": 4.172325134277344e-07}}, "documentContextAttributes": {"used": {"value": true, "score": 0.9999553561210632}, "created": {"value": false, "score": 0.03137016296386719}, "shared": {"value": true, "score": 0.9892666339874268}}}, {"type": "software", "software-type": "software", "software-name": {"rawForm": "mUSE", "normalizedForm": "mUSE", "offsetStart": 45, "offsetEnd": 49}, "context": "For instance, to get the best ARI {mBERT-PRO/mUSE-PRO} has to be preferred in French and {mUSE/mBERT-PRO/mUSE-PRO/mUSE-NET} in English.", "mentionContextAttributes": {"used": {"value": false, "score": 0.12429845333099365}, "created": {"value": false, "score": 1.2218952178955078e-05}, "shared": {"value": false, "score": 5.364418029785156e-07}}, "documentContextAttributes": {"used": {"value": true, "score": 0.9999553561210632}, "created": {"value": false, "score": 0.06920713186264038}, "shared": {"value": false, "score": 1.3709068298339844e-06}}}, {"type": "software", "software-type": "software", "software-name": {"rawForm": "mUSE", "normalizedForm": "mUSE", "offsetStart": 48, "offsetEnd": 52}, "context": "More particularly, the {mUSE/mBERT-PRO/mUSE-PRO/mUSE-NET} model outperforms all the other models reaching the best balance considering all the evaluation metrics on both languages.", "mentionContextAttributes": {"used": {"value": false, "score": 0.0008662939071655273}, "created": {"value": false, "score": 4.929304122924805e-05}, "shared": {"value": false, "score": 2.980232238769531e-07}}, "documentContextAttributes": {"used": {"value": true, "score": 0.9999553561210632}, "created": {"value": false, "score": 0.06920713186264038}, "shared": {"value": false, "score": 1.3709068298339844e-06}}}, {"type": "software", "software-type": "software", "software-name": {"rawForm": "mUSE", "normalizedForm": "mUSE", "offsetStart": 51, "offsetEnd": 55}, "context": "In addition, despite the fact that {mUSE/mBERT-PRO/mUSE-PRO/mUSE-NET} provides the best balance considering both languages and metrics, performances vary throughout the configurations.", "mentionContextAttributes": {"used": {"value": false, "score": 0.0037176012992858887}, "created": {"value": false, "score": 6.258487701416016e-06}, "shared": {"value": false, "score": 4.172325134277344e-07}}, "documentContextAttributes": {"used": {"value": true, "score": 0.9999553561210632}, "created": {"value": false, "score": 0.06920713186264038}, "shared": {"value": false, "score": 1.3709068298339844e-06}}}, {"type": "software", "software-type": "software", "software-name": {"rawForm": "mBERT", "normalizedForm": "mBERT", "offsetStart": 57, "offsetEnd": 62}, "context": "The post hoc Nemenyi test allows to establish that {mUSE/mBERT-PRO/mUSE-PRO/mBERT-NET} outperforms the other models w.r.t. the purity score, {mBERT-PRO/mUSE-PRO} regarding the ARI score and {SC view mUSE} w.r.t. the NMI score.", "mentionContextAttributes": {"used": {"value": true, "score": 0.9847583174705505}, "created": {"value": false, "score": 1.4901161193847656e-06}, "shared": {"value": false, "score": 4.172325134277344e-07}}, "documentContextAttributes": {"used": {"value": true, "score": 0.9999553561210632}, "created": {"value": false, "score": 0.03137016296386719}, "shared": {"value": true, "score": 0.9892666339874268}}}, {"type": "software", "software-type": "software", "software-name": {"rawForm": "mUSE", "normalizedForm": "mUSE", "offsetStart": 60, "offsetEnd": 64}, "context": "In addition, despite the fact that {mUSE/mBERT-PRO/mUSE-PRO/mUSE-NET} provides the best balance considering both languages and metrics, performances vary throughout the configurations.", "mentionContextAttributes": {"used": {"value": false, "score": 0.0037176012992858887}, "created": {"value": false, "score": 6.258487701416016e-06}, "shared": {"value": false, "score": 4.172325134277344e-07}}, "documentContextAttributes": {"used": {"value": true, "score": 0.9999553561210632}, "created": {"value": false, "score": 0.06920713186264038}, "shared": {"value": false, "score": 1.3709068298339844e-06}}}, {"type": "software", "software-type": "software", "software-name": {"rawForm": "Scikit-learn", "normalizedForm": "Scikit-learn", "offsetStart": 66, "offsetEnd": 78}, "context": "All these state-of-the art clustering techniques are based on the Scikit-learn implementation. ", "mentionContextAttributes": {"used": {"value": false, "score": 0.017704486846923828}, "created": {"value": false, "score": 0.03696441650390625}, "shared": {"value": false, "score": 2.980232238769531e-07}}, "documentContextAttributes": {"used": {"value": false, "score": 0.017704486846923828}, "created": {"value": false, "score": 0.03696441650390625}, "shared": {"value": false, "score": 2.980232238769531e-07}}}, {"type": "software", "software-type": "software", "software-name": {"rawForm": "mUSE", "normalizedForm": "mUSE", "offsetStart": 67, "offsetEnd": 71}, "context": "The post hoc Nemenyi test allows to establish that {mUSE/mBERT-PRO/mUSE-PRO/mBERT-NET} outperforms the other models w.r.t. the purity score, {mBERT-PRO/mUSE-PRO} regarding the ARI score and {SC view mUSE} w.r.t. the NMI score.", "mentionContextAttributes": {"used": {"value": true, "score": 0.9847583174705505}, "created": {"value": false, "score": 1.4901161193847656e-06}, "shared": {"value": false, "score": 4.172325134277344e-07}}, "documentContextAttributes": {"used": {"value": true, "score": 0.9999553561210632}, "created": {"value": false, "score": 0.06920713186264038}, "shared": {"value": false, "score": 1.3709068298339844e-06}}}, {"type": "software", "software-type": "software", "software-name": {"rawForm": "mBERT", "normalizedForm": "mBERT", "offsetStart": 76, "offsetEnd": 81}, "context": "The post hoc Nemenyi test allows to establish that {mUSE/mBERT-PRO/mUSE-PRO/mBERT-NET} outperforms the other models w.r.t. the purity score, {mBERT-PRO/mUSE-PRO} regarding the ARI score and {SC view mUSE} w.r.t. the NMI score.", "mentionContextAttributes": {"used": {"value": true, "score": 0.9847583174705505}, "created": {"value": false, "score": 1.4901161193847656e-06}, "shared": {"value": false, "score": 4.172325134277344e-07}}, "documentContextAttributes": {"used": {"value": true, "score": 0.9999553561210632}, "created": {"value": false, "score": 0.03137016296386719}, "shared": {"value": true, "score": 0.9892666339874268}}}, {"type": "software", "software-type": "software", "software-name": {"rawForm": "mBERT", "normalizedForm": "mBERT", "offsetStart": 78, "offsetEnd": 83}, "context": "Considering all the metrics, the post hoc Nemenyi test establishes that {mUSE/mBERT-PRO/mUSE-PRO/mUSE-NET} outperforms other models followed by {mBERT-PRO/mUSE-PRO/mBERT-NET} and {mBERT-PRO/mUSE-PRO/mBERT-NET/mUSE-NET}.", "mentionContextAttributes": {"used": {"value": true, "score": 0.995850682258606}, "created": {"value": false, "score": 1.8477439880371094e-06}, "shared": {"value": false, "score": 8.940696716308594e-07}}, "documentContextAttributes": {"used": {"value": true, "score": 0.9999553561210632}, "created": {"value": false, "score": 0.03137016296386719}, "shared": {"value": true, "score": 0.9892666339874268}}}, {"type": "software", "software-type": "software", "software-name": {"rawForm": "mBERT", "normalizedForm": "mBERT", "offsetStart": 78, "offsetEnd": 83}, "context": "Considering all the metrics, the post hoc Nemenyi test establishes that {mUSE/mBERT-PRO/mUSE-PRO} outperforms the other models followed by {mBERT-PRO/mUSE-PRO} and {mUSE/mBERT-PRO/mUSE-PRO/mBERT-NET/mUSE-NET}.", "mentionContextAttributes": {"used": {"value": true, "score": 0.9964191317558289}, "created": {"value": false, "score": 1.8477439880371094e-06}, "shared": {"value": false, "score": 6.556510925292969e-07}}, "documentContextAttributes": {"used": {"value": true, "score": 0.9999553561210632}, "created": {"value": false, "score": 0.03137016296386719}, "shared": {"value": true, "score": 0.9892666339874268}}}, {"type": "software", "software-type": "software", "software-name": {"rawForm": "mUSE", "normalizedForm": "mUSE", "offsetStart": 79, "offsetEnd": 83}, "context": "Furthermore, the majority of the configurations relying on data views based on mUSE achieves better performances considering both the baseline clustering methods and the MVSC-CEV algorithm.", "mentionContextAttributes": {"used": {"value": false, "score": 0.00032782554626464844}, "created": {"value": false, "score": 0.00011771917343139648}, "shared": {"value": false, "score": 2.980232238769531e-07}}, "documentContextAttributes": {"used": {"value": true, "score": 0.9999553561210632}, "created": {"value": false, "score": 0.06920713186264038}, "shared": {"value": false, "score": 1.3709068298339844e-06}}}, {"type": "software", "software-type": "software", "software-name": {"rawForm": "mBERT", "normalizedForm": "mBERT", "offsetStart": 80, "offsetEnd": 85}, "context": "To do that, we exploit two well-known multilingual pre-trained language models: mBERT (multilingual BERT) [13] and mUSE (multilingual Universal Sentence Encoder) [14], from which syntactic, semantic and relationship information is derived.", "mentionContextAttributes": {"used": {"value": false, "score": 0.18008959293365479}, "created": {"value": false, "score": 0.003683149814605713}, "shared": {"value": false, "score": 2.980232238769531e-07}}, "documentContextAttributes": {"used": {"value": true, "score": 0.9999553561210632}, "created": {"value": false, "score": 0.03137016296386719}, "shared": {"value": true, "score": 0.9892666339874268}}}, {"type": "software", "software-type": "software", "software-name": {"rawForm": "mBERT", "normalizedForm": "mBERT", "offsetStart": 81, "offsetEnd": 86}, "context": "From empirical studies we conducted on the hate speech target community corpora, mBERT (multilingual BERT) and mUSE (multilingual Universal Sentence Encoder) achieved better performances.", "mentionContextAttributes": {"used": {"value": true, "score": 0.9999553561210632}, "created": {"value": false, "score": 0.00025773048400878906}, "shared": {"value": false, "score": 2.980232238769531e-07}}, "documentContextAttributes": {"used": {"value": true, "score": 0.9999553561210632}, "created": {"value": false, "score": 0.03137016296386719}, "shared": {"value": true, "score": 0.9892666339874268}}}, {"type": "software", "software-type": "software", "software-name": {"rawForm": "mBERT", "normalizedForm": "mBERT", "offsetStart": 85, "offsetEnd": 90}, "context": "Fig. 4: Hate speech target community network relying on a 2-views configuration (the mBERT view and the mUSE view).", "mentionContextAttributes": {"used": {"value": true, "score": 0.6770319938659668}, "created": {"value": false, "score": 2.0563602447509766e-05}, "shared": {"value": false, "score": 2.980232238769531e-07}}, "documentContextAttributes": {"used": {"value": true, "score": 0.9999553561210632}, "created": {"value": false, "score": 0.03137016296386719}, "shared": {"value": true, "score": 0.9892666339874268}}}, {"type": "software", "software-type": "software", "software-name": {"rawForm": "mUSE", "normalizedForm": "mUSE", "offsetStart": 88, "offsetEnd": 92}, "context": "Considering all the metrics, the post hoc Nemenyi test establishes that {mUSE/mBERT-PRO/mUSE-PRO/mUSE-NET} outperforms other models followed by {mBERT-PRO/mUSE-PRO/mBERT-NET} and {mBERT-PRO/mUSE-PRO/mBERT-NET/mUSE-NET}.", "mentionContextAttributes": {"used": {"value": true, "score": 0.995850682258606}, "created": {"value": false, "score": 1.8477439880371094e-06}, "shared": {"value": false, "score": 8.940696716308594e-07}}, "documentContextAttributes": {"used": {"value": true, "score": 0.9999553561210632}, "created": {"value": false, "score": 0.06920713186264038}, "shared": {"value": false, "score": 1.3709068298339844e-06}}}, {"type": "software", "software-type": "software", "software-name": {"rawForm": "mUSE", "normalizedForm": "mUSE", "offsetStart": 88, "offsetEnd": 92}, "context": "Considering all the metrics, the post hoc Nemenyi test establishes that {mUSE/mBERT-PRO/mUSE-PRO} outperforms the other models followed by {mBERT-PRO/mUSE-PRO} and {mUSE/mBERT-PRO/mUSE-PRO/mBERT-NET/mUSE-NET}.", "mentionContextAttributes": {"used": {"value": true, "score": 0.9964191317558289}, "created": {"value": false, "score": 1.8477439880371094e-06}, "shared": {"value": false, "score": 6.556510925292969e-07}}, "documentContextAttributes": {"used": {"value": true, "score": 0.9999553561210632}, "created": {"value": false, "score": 0.06920713186264038}, "shared": {"value": false, "score": 1.3709068298339844e-06}}}, {"type": "software", "software-type": "software", "software-name": {"rawForm": "mUSE", "normalizedForm": "mUSE", "offsetStart": 90, "offsetEnd": 94}, "context": "In this example, the consensus partition is obtained computing eigenvectors common to the mUSE view and the following affinity matrices: mBERT-PRO, mUSE-PRO and mUSE-NET.", "mentionContextAttributes": {"used": {"value": true, "score": 0.7110139727592468}, "created": {"value": false, "score": 2.205371856689453e-06}, "shared": {"value": false, "score": 2.980232238769531e-07}}, "documentContextAttributes": {"used": {"value": true, "score": 0.9999553561210632}, "created": {"value": false, "score": 0.06920713186264038}, "shared": {"value": false, "score": 1.3709068298339844e-06}}}, {"type": "software", "software-type": "software", "software-name": {"rawForm": "mBERT", "normalizedForm": "mBERT", "offsetStart": 95, "offsetEnd": 100}, "context": "For instance, to get the best ARI {mBERT-PRO/mUSE-PRO} has to be preferred in French and {mUSE/mBERT-PRO/mUSE-PRO/mUSE-NET} in English.", "mentionContextAttributes": {"used": {"value": false, "score": 0.12429845333099365}, "created": {"value": false, "score": 1.2218952178955078e-05}, "shared": {"value": false, "score": 5.364418029785156e-07}}, "documentContextAttributes": {"used": {"value": true, "score": 0.9999553561210632}, "created": {"value": false, "score": 0.03137016296386719}, "shared": {"value": true, "score": 0.9892666339874268}}}, {"type": "software", "software-type": "software", "software-name": {"rawForm": "mUSE", "normalizedForm": "mUSE", "offsetStart": 97, "offsetEnd": 101}, "context": "Considering all the metrics, the post hoc Nemenyi test establishes that {mUSE/mBERT-PRO/mUSE-PRO/mUSE-NET} outperforms other models followed by {mBERT-PRO/mUSE-PRO/mBERT-NET} and {mBERT-PRO/mUSE-PRO/mBERT-NET/mUSE-NET}.", "mentionContextAttributes": {"used": {"value": true, "score": 0.995850682258606}, "created": {"value": false, "score": 1.8477439880371094e-06}, "shared": {"value": false, "score": 8.940696716308594e-07}}, "documentContextAttributes": {"used": {"value": true, "score": 0.9999553561210632}, "created": {"value": false, "score": 0.06920713186264038}, "shared": {"value": false, "score": 1.3709068298339844e-06}}}, {"type": "software", "software-type": "software", "software-name": {"rawForm": "mUSE", "normalizedForm": "mUSE", "offsetStart": 104, "offsetEnd": 108}, "context": "Fig. 4: Hate speech target community network relying on a 2-views configuration (the mBERT view and the mUSE view).", "mentionContextAttributes": {"used": {"value": true, "score": 0.6770319938659668}, "created": {"value": false, "score": 2.0563602447509766e-05}, "shared": {"value": false, "score": 2.980232238769531e-07}}, "documentContextAttributes": {"used": {"value": true, "score": 0.9999553561210632}, "created": {"value": false, "score": 0.06920713186264038}, "shared": {"value": false, "score": 1.3709068298339844e-06}}}, {"type": "software", "software-type": "software", "software-name": {"rawForm": "mUSE", "normalizedForm": "mUSE", "offsetStart": 105, "offsetEnd": 109}, "context": "For instance, to get the best ARI {mBERT-PRO/mUSE-PRO} has to be preferred in French and {mUSE/mBERT-PRO/mUSE-PRO/mUSE-NET} in English.", "mentionContextAttributes": {"used": {"value": false, "score": 0.12429845333099365}, "created": {"value": false, "score": 1.2218952178955078e-05}, "shared": {"value": false, "score": 5.364418029785156e-07}}, "documentContextAttributes": {"used": {"value": true, "score": 0.9999553561210632}, "created": {"value": false, "score": 0.06920713186264038}, "shared": {"value": false, "score": 1.3709068298339844e-06}}}, {"type": "software", "software-type": "software", "software-name": {"rawForm": "mUSE", "normalizedForm": "mUSE", "offsetStart": 111, "offsetEnd": 115}, "context": "From empirical studies we conducted on the hate speech target community corpora, mBERT (multilingual BERT) and mUSE (multilingual Universal Sentence Encoder) achieved better performances. ", "mentionContextAttributes": {"used": {"value": true, "score": 0.9999553561210632}, "created": {"value": false, "score": 0.00025773048400878906}, "shared": {"value": false, "score": 2.980232238769531e-07}}, "documentContextAttributes": {"used": {"value": true, "score": 0.9999553561210632}, "created": {"value": false, "score": 0.06920713186264038}, "shared": {"value": false, "score": 1.3709068298339844e-06}}}, {"type": "software", "software-type": "software", "software-name": {"rawForm": "mUSE", "normalizedForm": "mUSE", "offsetStart": 114, "offsetEnd": 118}, "context": "For instance, to get the best ARI {mBERT-PRO/mUSE-PRO} has to be preferred in French and {mUSE/mBERT-PRO/mUSE-PRO/mUSE-NET} in English.", "mentionContextAttributes": {"used": {"value": false, "score": 0.12429845333099365}, "created": {"value": false, "score": 1.2218952178955078e-05}, "shared": {"value": false, "score": 5.364418029785156e-07}}, "documentContextAttributes": {"used": {"value": true, "score": 0.9999553561210632}, "created": {"value": false, "score": 0.06920713186264038}, "shared": {"value": false, "score": 1.3709068298339844e-06}}}, {"type": "software", "software-type": "software", "software-name": {"rawForm": "mUSE", "normalizedForm": "mUSE", "offsetStart": 115, "offsetEnd": 119}, "context": "To do that, we exploit two well-known multilingual pre-trained language models: mBERT (multilingual BERT) [13] and mUSE (multilingual Universal Sentence Encoder) [14], from which syntactic, semantic and relationship information is derived.", "mentionContextAttributes": {"used": {"value": false, "score": 0.18009048700332642}, "created": {"value": false, "score": 0.003683149814605713}, "shared": {"value": false, "score": 2.980232238769531e-07}}, "documentContextAttributes": {"used": {"value": true, "score": 0.9999553561210632}, "created": {"value": false, "score": 0.06920713186264038}, "shared": {"value": false, "score": 1.3709068298339844e-06}}}, {"type": "software", "software-type": "software", "software-name": {"rawForm": "mBERT", "normalizedForm": "mBERT", "offsetStart": 123, "offsetEnd": 128}, "context": "For each language, we explore the partitioning resulting from the best balance model identified in Section 6, namely {mUSE/mBERT-PRO/mUSE-PRO/mUSE-NET}.", "mentionContextAttributes": {"used": {"value": true, "score": 0.5201144814491272}, "created": {"value": false, "score": 0.0001074671745300293}, "shared": {"value": false, "score": 1.7881393432617188e-07}}, "documentContextAttributes": {"used": {"value": true, "score": 0.9999553561210632}, "created": {"value": false, "score": 0.03137016296386719}, "shared": {"value": true, "score": 0.9892666339874268}}}, {"type": "software", "software-type": "software", "software-name": {"rawForm": "mUSE", "normalizedForm": "mUSE", "offsetStart": 133, "offsetEnd": 137}, "context": "For each language, we explore the partitioning resulting from the best balance model identified in Section 6, namely {mUSE/mBERT-PRO/mUSE-PRO/mUSE-NET}.", "mentionContextAttributes": {"used": {"value": true, "score": 0.5201144814491272}, "created": {"value": false, "score": 0.0001074671745300293}, "shared": {"value": false, "score": 1.7881393432617188e-07}}, "documentContextAttributes": {"used": {"value": true, "score": 0.9999553561210632}, "created": {"value": false, "score": 0.06920713186264038}, "shared": {"value": false, "score": 1.3709068298339844e-06}}}, {"type": "software", "software-type": "software", "software-name": {"rawForm": "mBERT", "normalizedForm": "mBERT", "offsetStart": 137, "offsetEnd": 142}, "context": "In this example, the consensus partition is obtained computing eigenvectors common to the mUSE view and the following affinity matrices: mBERT-PRO, mUSE-PRO and mUSE-NET.", "mentionContextAttributes": {"used": {"value": true, "score": 0.7110139727592468}, "created": {"value": false, "score": 2.205371856689453e-06}, "shared": {"value": false, "score": 2.980232238769531e-07}}, "documentContextAttributes": {"used": {"value": true, "score": 0.9999553561210632}, "created": {"value": false, "score": 0.03137016296386719}, "shared": {"value": true, "score": 0.9892666339874268}}}, {"type": "software", "software-type": "software", "software-name": {"rawForm": "mUSE", "normalizedForm": "mUSE", "offsetStart": 142, "offsetEnd": 146}, "context": "For each language, we explore the partitioning resulting from the best balance model identified in Section 6, namely {mUSE/mBERT-PRO/mUSE-PRO/mUSE-NET}.", "mentionContextAttributes": {"used": {"value": true, "score": 0.5201144814491272}, "created": {"value": false, "score": 0.0001074671745300293}, "shared": {"value": false, "score": 1.7881393432617188e-07}}, "documentContextAttributes": {"used": {"value": true, "score": 0.9999553561210632}, "created": {"value": false, "score": 0.06920713186264038}, "shared": {"value": false, "score": 1.3709068298339844e-06}}}, {"type": "software", "software-type": "software", "software-name": {"rawForm": "kmeans", "normalizedForm": "kmeans", "offsetStart": 147, "offsetEnd": 153}, "context": "To evaluate the advantages of mixing multiple data views, we compare the MvSC clustering algorithm against three well-known clustering techniques: kmeans [58], k-medoids [59] and spectral clustering [60].", "mentionContextAttributes": {"used": {"value": true, "score": 0.9892468452453613}, "created": {"value": false, "score": 6.377696990966797e-06}, "shared": {"value": false, "score": 1.7881393432617188e-07}}, "documentContextAttributes": {"used": {"value": true, "score": 0.9892468452453613}, "created": {"value": false, "score": 1.1980533599853516e-05}, "shared": {"value": false, "score": 1.7881393432617188e-07}}, "references": [{"label": "[58]", "normalizedForm": "[58]", "refKey": 58, "offsetStart": 32186, "offsetEnd": 32190}]}, {"type": "software", "software-type": "software", "software-name": {"rawForm": "mUSE", "normalizedForm": "mUSE", "offsetStart": 148, "offsetEnd": 152}, "context": "In this example, the consensus partition is obtained computing eigenvectors common to the mUSE view and the following affinity matrices: mBERT-PRO, mUSE-PRO and mUSE-NET.", "mentionContextAttributes": {"used": {"value": true, "score": 0.7110139727592468}, "created": {"value": false, "score": 2.205371856689453e-06}, "shared": {"value": false, "score": 2.980232238769531e-07}}, "documentContextAttributes": {"used": {"value": true, "score": 0.9999553561210632}, "created": {"value": false, "score": 0.06920713186264038}, "shared": {"value": false, "score": 1.3709068298339844e-06}}}, {"type": "software", "software-type": "software", "software-name": {"rawForm": "mUSE", "normalizedForm": "mUSE", "offsetStart": 150, "offsetEnd": 154}, "context": "Considering all the metrics, the post hoc Nemenyi test establishes that {mUSE/mBERT-PRO/mUSE-PRO} outperforms the other models followed by {mBERT-PRO/mUSE-PRO} and {mUSE/mBERT-PRO/mUSE-PRO/mBERT-NET/mUSE-NET}.", "mentionContextAttributes": {"used": {"value": true, "score": 0.9964191317558289}, "created": {"value": false, "score": 1.8477439880371094e-06}, "shared": {"value": false, "score": 6.556510925292969e-07}}, "documentContextAttributes": {"used": {"value": true, "score": 0.9999553561210632}, "created": {"value": false, "score": 0.06920713186264038}, "shared": {"value": false, "score": 1.3709068298339844e-06}}}, {"type": "software", "software-type": "software", "software-name": {"rawForm": "mUSE", "normalizedForm": "mUSE", "offsetStart": 152, "offsetEnd": 156}, "context": "The post hoc Nemenyi test allows to establish that {mUSE/mBERT-PRO/mUSE-PRO/mBERT-NET} outperforms the other models w.r.t. the purity score, {mBERT-PRO/mUSE-PRO} regarding the ARI score and {SC view mUSE} w.r.t. the NMI score.", "mentionContextAttributes": {"used": {"value": true, "score": 0.9847583174705505}, "created": {"value": false, "score": 1.4901161193847656e-06}, "shared": {"value": false, "score": 4.172325134277344e-07}}, "documentContextAttributes": {"used": {"value": true, "score": 0.9999553561210632}, "created": {"value": false, "score": 0.06920713186264038}, "shared": {"value": false, "score": 1.3709068298339844e-06}}}, {"type": "software", "software-type": "software", "software-name": {"rawForm": "mUSE", "normalizedForm": "mUSE", "offsetStart": 155, "offsetEnd": 159}, "context": "Considering all the metrics, the post hoc Nemenyi test establishes that {mUSE/mBERT-PRO/mUSE-PRO/mUSE-NET} outperforms other models followed by {mBERT-PRO/mUSE-PRO/mBERT-NET} and {mBERT-PRO/mUSE-PRO/mBERT-NET/mUSE-NET}.", "mentionContextAttributes": {"used": {"value": true, "score": 0.995850682258606}, "created": {"value": false, "score": 1.8477439880371094e-06}, "shared": {"value": false, "score": 8.940696716308594e-07}}, "documentContextAttributes": {"used": {"value": true, "score": 0.9999553561210632}, "created": {"value": false, "score": 0.06920713186264038}, "shared": {"value": false, "score": 1.3709068298339844e-06}}}, {"type": "software", "software-type": "software", "software-name": {"rawForm": "mUSE", "normalizedForm": "mUSE", "offsetStart": 161, "offsetEnd": 165}, "context": "In this example, the consensus partition is obtained computing eigenvectors common to the mUSE view and the following affinity matrices: mBERT-PRO, mUSE-PRO and mUSE-NET.", "mentionContextAttributes": {"used": {"value": true, "score": 0.7110139727592468}, "created": {"value": false, "score": 2.205371856689453e-06}, "shared": {"value": false, "score": 2.980232238769531e-07}}, "documentContextAttributes": {"used": {"value": true, "score": 0.9999553561210632}, "created": {"value": false, "score": 0.06920713186264038}, "shared": {"value": false, "score": 1.3709068298339844e-06}}}, {"type": "software", "software-type": "software", "software-name": {"rawForm": "mBERT", "normalizedForm": "mBERT", "offsetStart": 164, "offsetEnd": 169}, "context": "Considering all the metrics, the post hoc Nemenyi test establishes that {mUSE/mBERT-PRO/mUSE-PRO/mUSE-NET} outperforms other models followed by {mBERT-PRO/mUSE-PRO/mBERT-NET} and {mBERT-PRO/mUSE-PRO/mBERT-NET/mUSE-NET}.", "mentionContextAttributes": {"used": {"value": true, "score": 0.995850682258606}, "created": {"value": false, "score": 1.8477439880371094e-06}, "shared": {"value": false, "score": 8.940696716308594e-07}}, "documentContextAttributes": {"used": {"value": true, "score": 0.9999553561210632}, "created": {"value": false, "score": 0.03137016296386719}, "shared": {"value": true, "score": 0.9892666339874268}}}, {"type": "software", "software-type": "software", "software-name": {"rawForm": "mBERT", "normalizedForm": "mBERT", "offsetStart": 170, "offsetEnd": 175}, "context": "Considering all the metrics, the post hoc Nemenyi test establishes that {mUSE/mBERT-PRO/mUSE-PRO} outperforms the other models followed by {mBERT-PRO/mUSE-PRO} and {mUSE/mBERT-PRO/mUSE-PRO/mBERT-NET/mUSE-NET}.", "mentionContextAttributes": {"used": {"value": true, "score": 0.9964191317558289}, "created": {"value": false, "score": 1.8477439880371094e-06}, "shared": {"value": false, "score": 6.556510925292969e-07}}, "documentContextAttributes": {"used": {"value": true, "score": 0.9999553561210632}, "created": {"value": false, "score": 0.03137016296386719}, "shared": {"value": true, "score": 0.9892666339874268}}}, {"type": "software", "software-type": "software", "software-name": {"rawForm": "mBERT", "normalizedForm": "mBERT", "offsetStart": 175, "offsetEnd": 180}, "context": "Concerning each evaluation metric, the post hoc Nemenyi test, allowing to evaluate the consistency of the ranking of each model throughout all the iterations, ranks the {mUSE/mBERT-PRO/mUSE-PRO/mUSE-NET} and {mBERT-PRO/mUSE-PRO/mBERT-NET} configurations respectively at the first and the second position.", "mentionContextAttributes": {"used": {"value": true, "score": 0.9565787315368652}, "created": {"value": false, "score": 1.7285346984863281e-06}, "shared": {"value": false, "score": 1.0132789611816406e-06}}, "documentContextAttributes": {"used": {"value": true, "score": 0.9999553561210632}, "created": {"value": false, "score": 0.03137016296386719}, "shared": {"value": true, "score": 0.9892666339874268}}}, {"type": "software", "software-type": "software", "software-name": {"rawForm": "mUSE", "normalizedForm": "mUSE", "offsetStart": 180, "offsetEnd": 184}, "context": "Considering all the metrics, the post hoc Nemenyi test establishes that {mUSE/mBERT-PRO/mUSE-PRO} outperforms the other models followed by {mBERT-PRO/mUSE-PRO} and {mUSE/mBERT-PRO/mUSE-PRO/mBERT-NET/mUSE-NET}.", "mentionContextAttributes": {"used": {"value": true, "score": 0.9964191317558289}, "created": {"value": false, "score": 1.8477439880371094e-06}, "shared": {"value": false, "score": 6.556510925292969e-07}}, "documentContextAttributes": {"used": {"value": true, "score": 0.9999553561210632}, "created": {"value": false, "score": 0.06920713186264038}, "shared": {"value": false, "score": 1.3709068298339844e-06}}}, {"type": "software", "software-type": "software", "software-name": {"rawForm": "mUSE", "normalizedForm": "mUSE", "offsetStart": 185, "offsetEnd": 189}, "context": "Concerning each evaluation metric, the post hoc Nemenyi test, allowing to evaluate the consistency of the ranking of each model throughout all the iterations, ranks the {mUSE/mBERT-PRO/mUSE-PRO/mUSE-NET} and {mBERT-PRO/mUSE-PRO/mBERT-NET} configurations respectively at the first and the second position.", "mentionContextAttributes": {"used": {"value": true, "score": 0.9565787315368652}, "created": {"value": false, "score": 1.7285346984863281e-06}, "shared": {"value": false, "score": 1.0132789611816406e-06}}, "documentContextAttributes": {"used": {"value": true, "score": 0.9999553561210632}, "created": {"value": false, "score": 0.06920713186264038}, "shared": {"value": false, "score": 1.3709068298339844e-06}}}, {"type": "software", "software-type": "software", "software-name": {"rawForm": "mBERT", "normalizedForm": "mBERT", "offsetStart": 189, "offsetEnd": 194}, "context": "Considering all the metrics, the post hoc Nemenyi test establishes that {mUSE/mBERT-PRO/mUSE-PRO} outperforms the other models followed by {mBERT-PRO/mUSE-PRO} and {mUSE/mBERT-PRO/mUSE-PRO/mBERT-NET/mUSE-NET}.", "mentionContextAttributes": {"used": {"value": true, "score": 0.9964191317558289}, "created": {"value": false, "score": 1.8477439880371094e-06}, "shared": {"value": false, "score": 6.556510925292969e-07}}, "documentContextAttributes": {"used": {"value": true, "score": 0.9999553561210632}, "created": {"value": false, "score": 0.03137016296386719}, "shared": {"value": true, "score": 0.9892666339874268}}}, {"type": "software", "software-type": "software", "software-name": {"rawForm": "mUSE", "normalizedForm": "mUSE", "offsetStart": 190, "offsetEnd": 194}, "context": "Considering all the metrics, the post hoc Nemenyi test establishes that {mUSE/mBERT-PRO/mUSE-PRO/mUSE-NET} outperforms other models followed by {mBERT-PRO/mUSE-PRO/mBERT-NET} and {mBERT-PRO/mUSE-PRO/mBERT-NET/mUSE-NET}.", "mentionContextAttributes": {"used": {"value": true, "score": 0.995850682258606}, "created": {"value": false, "score": 1.8477439880371094e-06}, "shared": {"value": false, "score": 8.940696716308594e-07}}, "documentContextAttributes": {"used": {"value": true, "score": 0.9999553561210632}, "created": {"value": false, "score": 0.06920713186264038}, "shared": {"value": false, "score": 1.3709068298339844e-06}}}, {"type": "software", "software-type": "software", "software-name": {"rawForm": "mUSE", "normalizedForm": "mUSE", "offsetStart": 193, "offsetEnd": 197}, "context": "English/French corpus performance -Concerning the English corpus, most of the configurations relying on the MVSC-CEV algorithm outperforms the baseline clustering techniques, except the {mBERT/mUSE/mUSE-PRO} configuration w.r.t. the ARI score.", "mentionContextAttributes": {"used": {"value": false, "score": 0.038802146911621094}, "created": {"value": false, "score": 5.662441253662109e-06}, "shared": {"value": false, "score": 1.7881393432617188e-07}}, "documentContextAttributes": {"used": {"value": true, "score": 0.9999553561210632}, "created": {"value": false, "score": 0.06920713186264038}, "shared": {"value": false, "score": 1.3709068298339844e-06}}}, {"type": "software", "software-type": "software", "software-name": {"rawForm": "mUSE", "normalizedForm": "mUSE", "offsetStart": 194, "offsetEnd": 198}, "context": "Concerning each evaluation metric, the post hoc Nemenyi test, allowing to evaluate the consistency of the ranking of each model throughout all the iterations, ranks the {mUSE/mBERT-PRO/mUSE-PRO/mUSE-NET} and {mBERT-PRO/mUSE-PRO/mBERT-NET} configurations respectively at the first and the second position.", "mentionContextAttributes": {"used": {"value": true, "score": 0.9565787315368652}, "created": {"value": false, "score": 1.7285346984863281e-06}, "shared": {"value": false, "score": 1.0132789611816406e-06}}, "documentContextAttributes": {"used": {"value": true, "score": 0.9999553561210632}, "created": {"value": false, "score": 0.06920713186264038}, "shared": {"value": false, "score": 1.3709068298339844e-06}}}, {"type": "software", "software-type": "software", "software-name": {"rawForm": "mUSE", "normalizedForm": "mUSE", "offsetStart": 198, "offsetEnd": 202}, "context": "English/French corpus performance -Concerning the English corpus, most of the configurations relying on the MVSC-CEV algorithm outperforms the baseline clustering techniques, except the {mBERT/mUSE/mUSE-PRO} configuration w.r.t. the ARI score.", "mentionContextAttributes": {"used": {"value": false, "score": 0.038802146911621094}, "created": {"value": false, "score": 5.662441253662109e-06}, "shared": {"value": false, "score": 1.7881393432617188e-07}}, "documentContextAttributes": {"used": {"value": true, "score": 0.9999553561210632}, "created": {"value": false, "score": 0.06920713186264038}, "shared": {"value": false, "score": 1.3709068298339844e-06}}}, {"type": "software", "software-type": "software", "software-name": {"rawForm": "mUSE", "normalizedForm": "mUSE", "offsetStart": 199, "offsetEnd": 203}, "context": "Considering all the metrics, the post hoc Nemenyi test establishes that {mUSE/mBERT-PRO/mUSE-PRO} outperforms the other models followed by {mBERT-PRO/mUSE-PRO} and {mUSE/mBERT-PRO/mUSE-PRO/mBERT-NET/mUSE-NET}.", "mentionContextAttributes": {"used": {"value": true, "score": 0.9964190721511841}, "created": {"value": false, "score": 1.7881393432617188e-06}, "shared": {"value": false, "score": 5.960464477539062e-07}}, "documentContextAttributes": {"used": {"value": true, "score": 0.9999553561210632}, "created": {"value": false, "score": 0.06920713186264038}, "shared": {"value": false, "score": 1.3709068298339844e-06}}}, {"type": "software", "software-type": "software", "software-name": {"rawForm": "mBERT", "normalizedForm": "mBERT", "offsetStart": 199, "offsetEnd": 204}, "context": "Considering all the metrics, the post hoc Nemenyi test establishes that {mUSE/mBERT-PRO/mUSE-PRO/mUSE-NET} outperforms other models followed by {mBERT-PRO/mUSE-PRO/mBERT-NET} and {mBERT-PRO/mUSE-PRO/mBERT-NET/mUSE-NET}.", "mentionContextAttributes": {"used": {"value": true, "score": 0.995850682258606}, "created": {"value": false, "score": 1.7881393432617188e-06}, "shared": {"value": false, "score": 8.344650268554688e-07}}, "documentContextAttributes": {"used": {"value": true, "score": 0.9999553561210632}, "created": {"value": false, "score": 0.03137016296386719}, "shared": {"value": true, "score": 0.9892666339874268}}}, {"type": "software", "software-type": "software", "software-name": {"rawForm": "mUSE", "normalizedForm": "mUSE", "offsetStart": 209, "offsetEnd": 213}, "context": "Considering all the metrics, the post hoc Nemenyi test establishes that {mUSE/mBERT-PRO/mUSE-PRO/mUSE-NET} outperforms other models followed by {mBERT-PRO/mUSE-PRO/mBERT-NET} and {mBERT-PRO/mUSE-PRO/mBERT-NET/mUSE-NET}.", "mentionContextAttributes": {"used": {"value": true, "score": 0.995850682258606}, "created": {"value": false, "score": 1.7881393432617188e-06}, "shared": {"value": false, "score": 8.344650268554688e-07}}, "documentContextAttributes": {"used": {"value": true, "score": 0.9999553561210632}, "created": {"value": false, "score": 0.06920713186264038}, "shared": {"value": false, "score": 1.3709068298339844e-06}}}, {"type": "software", "software-type": "software", "software-name": {"rawForm": "mUSE", "normalizedForm": "mUSE", "offsetStart": 219, "offsetEnd": 223}, "context": "Concerning each evaluation metric, the post hoc Nemenyi test, allowing to evaluate the consistency of the ranking of each model throughout all the iterations, ranks the {mUSE/mBERT-PRO/mUSE-PRO/mUSE-NET} and {mBERT-PRO/mUSE-PRO/mBERT-NET} configurations respectively at the first and the second position.", "mentionContextAttributes": {"used": {"value": true, "score": 0.9565788507461548}, "created": {"value": false, "score": 1.6689300537109375e-06}, "shared": {"value": false, "score": 9.5367431640625e-07}}, "documentContextAttributes": {"used": {"value": true, "score": 0.9999553561210632}, "created": {"value": false, "score": 0.06920713186264038}, "shared": {"value": false, "score": 1.3709068298339844e-06}}}, {"type": "software", "software-type": "software", "software-name": {"rawForm": "mBERT", "normalizedForm": "mBERT", "offsetStart": 228, "offsetEnd": 233}, "context": "Concerning each evaluation metric, the post hoc Nemenyi test, allowing to evaluate the consistency of the ranking of each model throughout all the iterations, ranks the {mUSE/mBERT-PRO/mUSE-PRO/mUSE-NET} and {mBERT-PRO/mUSE-PRO/mBERT-NET} configurations respectively at the first and the second position.", "mentionContextAttributes": {"used": {"value": true, "score": 0.9565788507461548}, "created": {"value": false, "score": 1.6689300537109375e-06}, "shared": {"value": false, "score": 9.5367431640625e-07}}, "documentContextAttributes": {"used": {"value": true, "score": 0.9999553561210632}, "created": {"value": false, "score": 0.03137016296386719}, "shared": {"value": true, "score": 0.9892666339874268}}}, {"type": "software", "software-type": "software", "software-name": {"rawForm": "mUSE", "normalizedForm": "mUSE", "offsetStart": 239, "offsetEnd": 243}, "context": "In French, the majority of the data view configurations combined to the MVSC-CEV algorithm achieves good performances as well as the baseline clustering techniques relying on the feature set and the projection affinity matrix derived from mUSE.", "mentionContextAttributes": {"used": {"value": false, "score": 0.00029909610748291016}, "created": {"value": false, "score": 1.5974044799804688e-05}, "shared": {"value": false, "score": 1.1920928955078125e-07}}, "documentContextAttributes": {"used": {"value": true, "score": 0.9999553561210632}, "created": {"value": false, "score": 0.06920713186264038}, "shared": {"value": false, "score": 1.3709068298339844e-06}}}], "references": [{"refKey": 58, "tei": "<biblStruct xml:id=\"b58\">\n\t<analytic>\n\t\t<title level=\"a\" type=\"main\">Some observations about aims and methods in the teaching of building construction</title>\n\t\t<author>\n\t\t\t<persName><forename type=\"first\">J</forename><surname>Macqueen</surname></persName>\n\t\t</author>\n\t\t<idno type=\"DOI\">10.1080/03057874980000051</idno>\n\t</analytic>\n\t<monogr>\n\t\t<title level=\"j\">The Vocational Aspect of Education</title>\n\t\t<title level=\"j\" type=\"abbrev\">The Vocational Aspect of Education</title>\n\t\t<idno type=\"ISSN\">0305-7879</idno>\n\t\t<imprint>\n\t\t\t<biblScope unit=\"volume\">1</biblScope>\n\t\t\t<biblScope unit=\"issue\">2</biblScope>\n\t\t\t<biblScope unit=\"page\" from=\"156\" to=\"168\" />\n\t\t\t<date type=\"published\" when=\"1949-05\">1967</date>\n\t\t\t<publisher>Informa UK Limited</publisher>\n\t\t</imprint>\n\t</monogr>\n</biblStruct>\n"}], "runtime": 82825, "id": "8d62c28d6f4f5384be633d217f59a9019e128d79", "metadata": {"id": "8d62c28d6f4f5384be633d217f59a9019e128d79"}, "original_file_path": "../../datalake/Samuel/SOFTware-Sync/data/xml_not_sofctied/hal-04014977.grobid.tei.xml", "file_name": "hal-04014977.grobid.tei.xml"}