{"application": "software-mentions", "version": "0.8.0", "date": "2024-04-12T17:17+0000", "md5": "6B636D507B7EE6BC9D66A6ECCFC54236", "mentions": [{"type": "software", "software-type": "software", "software-name": {"rawForm": "NORIA", "normalizedForm": "NORIA", "offsetStart": 0, "offsetEnd": 10}, "context": "NORIA [92] extends RMLMapper in their MASSIF-RML [82] system, implemented at Orange, to construct RDF graphs for anomaly detection and incident management. ", "mentionContextAttributes": {"used": {"value": false, "score": 0.00013637542724609375}, "created": {"value": false, "score": 0.0005391836166381836}, "shared": {"value": false, "score": 1.7881393432617188e-07}}, "documentContextAttributes": {"used": {"value": false, "score": 0.00013637542724609375}, "created": {"value": false, "score": 0.0005391836166381836}, "shared": {"value": false, "score": 1.7881393432617188e-07}}}, {"type": "software", "software-type": "software", "software-name": {"rawForm": "InteGraph", "normalizedForm": "InteGraph", "offsetStart": 0, "offsetEnd": 14}, "context": "InteGraph [70] uses RML to construct RDF graphs in the soil ecology domain and CLARA [19] to construct RDF-star for educational modules, both using Morph-KGC. ", "mentionContextAttributes": {"used": {"value": true, "score": 0.5320694446563721}, "created": {"value": false, "score": 4.947185516357422e-06}, "shared": {"value": false, "score": 1.7881393432617188e-07}}, "documentContextAttributes": {"used": {"value": true, "score": 0.5320694446563721}, "created": {"value": false, "score": 4.947185516357422e-06}, "shared": {"value": false, "score": 1.7881393432617188e-07}}}, {"type": "software", "software-type": "software", "software-name": {"rawForm": "SPARQL-Generate", "normalizedForm": "SPARQL-Generate", "offsetStart": 0, "offsetEnd": 15}, "context": "SPARQL-Generate supports collection and containers, but they can only be placed as objects; embedded collections and containers are not allowed. ", "mentionContextAttributes": {"used": {"value": false, "score": 8.314847946166992e-05}, "created": {"value": false, "score": 2.7358531951904297e-05}, "shared": {"value": false, "score": 1.4901161193847656e-06}}, "documentContextAttributes": {"used": {"value": false, "score": 0.0018215775489807129}, "created": {"value": false, "score": 0.035451292991638184}, "shared": {"value": false, "score": 1.4901161193847656e-06}}}, {"type": "software", "software-type": "software", "software-name": {"rawForm": "SPARQL-Generate", "normalizedForm": "SPARQL-Generate", "offsetStart": 0, "offsetEnd": 20}, "context": "SPARQL-Generate [71] leverages the expressive power of the SPARQL query language and extends it with additional clauses to describe the input data. ", "mentionContextAttributes": {"used": {"value": false, "score": 0.000983893871307373}, "created": {"value": false, "score": 5.543231964111328e-06}, "shared": {"value": false, "score": 1.7881393432617188e-07}}, "documentContextAttributes": {"used": {"value": false, "score": 0.0018215775489807129}, "created": {"value": false, "score": 0.035451292991638184}, "shared": {"value": false, "score": 1.4901161193847656e-06}}}, {"type": "software", "software-type": "software", "software-name": {"rawForm": "SPARQL-Anything", "normalizedForm": "SPARQL-Anything", "offsetStart": 0, "offsetEnd": 20}, "context": "SPARQL-Anything [27] introduces Facade-X to override the SERVICE clause as its input data description. ", "mentionContextAttributes": {"used": {"value": false, "score": 0.0003000497817993164}, "created": {"value": false, "score": 9.119510650634766e-06}, "shared": {"value": false, "score": 1.7881393432617188e-07}}, "documentContextAttributes": {"used": {"value": false, "score": 0.0018215775489807129}, "created": {"value": true, "score": 0.6250567436218262}, "shared": {"value": false, "score": 5.364418029785156e-07}}, "references": [{"label": "[89]", "normalizedForm": "[89]", "refKey": 88}]}, {"type": "software", "software-type": "software", "software-name": {"rawForm": "RMLMapper", "normalizedForm": "RMLMapper", "offsetStart": 4, "offsetEnd": 17}, "context": "The RMLMapper [58], which was so far the RML reference implementation, currently supports the RML-Core and RML-IO modules. ", "mentionContextAttributes": {"used": {"value": false, "score": 0.047292232513427734}, "created": {"value": false, "score": 0.00016188621520996094}, "shared": {"value": false, "score": 2.980232238769531e-07}}, "documentContextAttributes": {"used": {"value": false, "score": 0.047292232513427734}, "created": {"value": false, "score": 0.0005391836166381836}, "shared": {"value": false, "score": 2.980232238769531e-07}}}, {"type": "software", "software-type": "software", "software-name": {"rawForm": "SDM-RDFizer", "normalizedForm": "SDM-RDFizer", "offsetStart": 4, "offsetEnd": 23}, "context": "The SDM-RDFizer [59,60] and Morph-KGC [25], two broadly-used RML processors, already integrate the generation of RDF-star with the RMLstar module in their systems. ", "mentionContextAttributes": {"used": {"value": false, "score": 0.004057109355926514}, "created": {"value": false, "score": 1.0311603546142578e-05}, "shared": {"value": false, "score": 1.7881393432617188e-07}}, "documentContextAttributes": {"used": {"value": false, "score": 0.004057109355926514}, "created": {"value": false, "score": 1.0311603546142578e-05}, "shared": {"value": false, "score": 1.7881393432617188e-07}}}, {"type": "software", "software-type": "software", "software-name": {"rawForm": "Gather Map", "normalizedForm": "Gather Map", "offsetStart": 5, "offsetEnd": 15}, "context": "If a Gather Map is an empty Expression Map, a new blank node is created for the head node of each generated collection or container (the first cons-pair in the case of a collection).", "mentionContextAttributes": {"used": {"value": false, "score": 0.002742469310760498}, "created": {"value": false, "score": 7.897615432739258e-05}, "shared": {"value": false, "score": 5.364418029785156e-07}}, "documentContextAttributes": {"used": {"value": true, "score": 0.9999040961265564}, "created": {"value": false, "score": 0.021560370922088623}, "shared": {"value": false, "score": 1.0132789611816406e-06}}}, {"type": "software", "software-type": "software", "software-name": {"rawForm": "SPARQL-Generate", "normalizedForm": "SPARQL-Generate", "offsetStart": 5, "offsetEnd": 20}, "context": "Both SPARQL-Generate and SPARQL-Anything, offer limited support for data transformations, as they are bounded to the ones already provided by their corresponding implementations. ", "mentionContextAttributes": {"used": {"value": false, "score": 6.824731826782227e-05}, "created": {"value": false, "score": 5.8591365814208984e-05}, "shared": {"value": false, "score": 2.980232238769531e-07}}, "documentContextAttributes": {"used": {"value": false, "score": 0.0018215775489807129}, "created": {"value": false, "score": 0.035451292991638184}, "shared": {"value": false, "score": 1.4901161193847656e-06}}}, {"type": "software", "software-type": "software", "software-name": {"rawForm": "SPARQL", "normalizedForm": "SPARQL", "offsetStart": 6, "offsetEnd": 12}, "context": "While SPARQL allows custom functions, these are implementation-dependent. ", "mentionContextAttributes": {"used": {"value": false, "score": 5.2988529205322266e-05}, "created": {"value": false, "score": 0.00035703182220458984}, "shared": {"value": false, "score": 8.940696716308594e-07}}, "documentContextAttributes": {"used": {"value": false, "score": 0.24791473150253296}, "created": {"value": false, "score": 0.035451292991638184}, "shared": {"value": false, "score": 8.940696716308594e-07}}}, {"type": "software", "software-type": "software", "software-name": {"rawForm": "SPARQL-Generate", "normalizedForm": "SPARQL-Generate", "offsetStart": 6, "offsetEnd": 21}, "context": "While SPARQL-Generate describes input data and its access, it does not consider the specification of target formats as the new RML ontology does. ", "mentionContextAttributes": {"used": {"value": false, "score": 0.00013208389282226562}, "created": {"value": false, "score": 0.00012201070785522461}, "shared": {"value": false, "score": 2.980232238769531e-07}}, "documentContextAttributes": {"used": {"value": false, "score": 0.0018215775489807129}, "created": {"value": false, "score": 0.035451292991638184}, "shared": {"value": false, "score": 1.4901161193847656e-06}}}, {"type": "software", "software-type": "software", "software-name": {"rawForm": "Morph-KGC", "normalizedForm": "Morph-KGC", "offsetStart": 14, "offsetEnd": 23}, "context": "Additionally, Morph-KGC also supports transformation functions using the RML-FNML module. ", "mentionContextAttributes": {"used": {"value": false, "score": 0.00012093782424926758}, "created": {"value": false, "score": 4.6312808990478516e-05}, "shared": {"value": false, "score": 2.980232238769531e-07}}, "documentContextAttributes": {"used": {"value": false, "score": 0.004057109355926514}, "created": {"value": false, "score": 4.6312808990478516e-05}, "shared": {"value": false, "score": 2.980232238769531e-07}}}, {"type": "software", "software-type": "software", "software-name": {"rawForm": "Gather Map", "normalizedForm": "Gather Map", "offsetStart": 14, "offsetEnd": 24}, "context": "By default, a Gather Map shall not yield empty containers and collections; the predicate rml:allowEmptyListAndContainer must be set to true to preserve them 11 .", "mentionContextAttributes": {"used": {"value": false, "score": 0.0021750330924987793}, "created": {"value": false, "score": 4.589557647705078e-06}, "shared": {"value": false, "score": 5.364418029785156e-07}}, "documentContextAttributes": {"used": {"value": true, "score": 0.9999040961265564}, "created": {"value": false, "score": 0.021560370922088623}, "shared": {"value": false, "score": 1.0132789611816406e-06}}}, {"type": "software", "software-type": "software", "software-name": {"rawForm": "Gather Map", "normalizedForm": "Gather Map", "offsetStart": 17, "offsetEnd": 27}, "context": "We specified the Gather Map (rml:GatherMap) as a Term Map with 2 mandatory properties: (i) rml:gather to specify the list of Term Maps used for the generation of a collection or container, and (ii) rml:gatherAs to indicate what is generated (one of the rdf:List, rdf:Bag, rdf:Seq, and rdf:Alt). ", "mentionContextAttributes": {"used": {"value": true, "score": 0.9999040961265564}, "created": {"value": false, "score": 2.3245811462402344e-06}, "shared": {"value": false, "score": 1.0132789611816406e-06}}, "documentContextAttributes": {"used": {"value": true, "score": 0.9999040961265564}, "created": {"value": false, "score": 0.021560370922088623}, "shared": {"value": false, "score": 1.0132789611816406e-06}}}, {"type": "software", "software-type": "software", "software-name": {"rawForm": "SPARQL", "normalizedForm": "SPARQL", "offsetStart": 18, "offsetEnd": 24}, "context": "It implements all SPARQL and SPARQL-star features, including the generation of RDF-star graphs.", "mentionContextAttributes": {"used": {"value": false, "score": 0.0004521012306213379}, "created": {"value": false, "score": 0.0015105009078979492}, "shared": {"value": false, "score": 2.980232238769531e-07}}, "documentContextAttributes": {"used": {"value": false, "score": 0.24791473150253296}, "created": {"value": false, "score": 0.035451292991638184}, "shared": {"value": false, "score": 8.940696716308594e-07}}}, {"type": "software", "software-type": "software", "software-name": {"rawForm": "SPARQL-Anything", "normalizedForm": "SPARQL-Anything", "offsetStart": 18, "offsetEnd": 33}, "context": "To overcome this, SPARQL-Anything proposes a bespoke function fx:bnode that ensures that the same blank node identifiers are returned for the same input. ", "mentionContextAttributes": {"used": {"value": false, "score": 5.799531936645508e-05}, "created": {"value": true, "score": 0.6250567436218262}, "shared": {"value": false, "score": 1.7881393432617188e-07}}, "documentContextAttributes": {"used": {"value": false, "score": 0.0018215775489807129}, "created": {"value": true, "score": 0.6250567436218262}, "shared": {"value": false, "score": 5.364418029785156e-07}}, "references": [{"label": "[89]", "normalizedForm": "[89]", "refKey": 88}]}, {"type": "software", "software-type": "software", "software-name": {"rawForm": "RMLMapper", "normalizedForm": "RMLMapper", "offsetStart": 19, "offsetEnd": 28}, "context": "NORIA [92] extends RMLMapper in their MASSIF-RML [82] system, implemented at Orange, to construct RDF graphs for anomaly detection and incident management.", "mentionContextAttributes": {"used": {"value": false, "score": 0.00013637542724609375}, "created": {"value": false, "score": 0.0005391836166381836}, "shared": {"value": false, "score": 1.7881393432617188e-07}}, "documentContextAttributes": {"used": {"value": false, "score": 0.047292232513427734}, "created": {"value": false, "score": 0.0005391836166381836}, "shared": {"value": false, "score": 2.980232238769531e-07}}}, {"type": "software", "software-type": "software", "software-name": {"rawForm": "Gather Map", "normalizedForm": "Gather Map", "offsetStart": 24, "offsetEnd": 34}, "context": "Listing 6: The use of a Gather Map to generate a list of terms.", "mentionContextAttributes": {"used": {"value": false, "score": 0.32667088508605957}, "created": {"value": false, "score": 0.00010520219802856445}, "shared": {"value": false, "score": 2.980232238769531e-07}}, "documentContextAttributes": {"used": {"value": true, "score": 0.9999040961265564}, "created": {"value": false, "score": 0.021560370922088623}, "shared": {"value": false, "score": 1.0132789611816406e-06}}}, {"type": "software", "software-type": "software", "software-name": {"rawForm": "SPARQL-Anything", "normalizedForm": "SPARQL-Anything", "offsetStart": 25, "offsetEnd": 40}, "context": "Both SPARQL-Generate and SPARQL-Anything, offer limited support for data transformations, as they are bounded to the ones already provided by their corresponding implementations. ", "mentionContextAttributes": {"used": {"value": false, "score": 6.824731826782227e-05}, "created": {"value": false, "score": 5.8591365814208984e-05}, "shared": {"value": false, "score": 2.980232238769531e-07}}, "documentContextAttributes": {"used": {"value": false, "score": 0.0018215775489807129}, "created": {"value": true, "score": 0.6250567436218262}, "shared": {"value": false, "score": 5.364418029785156e-07}}, "references": [{"label": "[89]", "normalizedForm": "[89]", "refKey": 88}]}, {"type": "software", "software-type": "software", "software-name": {"rawForm": "Morph-KGC", "normalizedForm": "Morph-KGC", "offsetStart": 28, "offsetEnd": 41}, "context": "The SDM-RDFizer [59,60] and Morph-KGC [25], two broadly-used RML processors, already integrate the generation of RDF-star with the RMLstar module in their systems. ", "mentionContextAttributes": {"used": {"value": false, "score": 0.004057109355926514}, "created": {"value": false, "score": 1.0311603546142578e-05}, "shared": {"value": false, "score": 1.7881393432617188e-07}}, "documentContextAttributes": {"used": {"value": false, "score": 0.004057109355926514}, "created": {"value": false, "score": 4.6312808990478516e-05}, "shared": {"value": false, "score": 2.980232238769531e-07}}}, {"type": "software", "software-type": "software", "software-name": {"rawForm": "SPARQL", "normalizedForm": "SPARQL", "offsetStart": 29, "offsetEnd": 35}, "context": "It implements all SPARQL and SPARQL-star features, including the generation of RDF-star graphs.", "mentionContextAttributes": {"used": {"value": false, "score": 0.0004521012306213379}, "created": {"value": false, "score": 0.0015105009078979492}, "shared": {"value": false, "score": 2.980232238769531e-07}}, "documentContextAttributes": {"used": {"value": false, "score": 0.24791473150253296}, "created": {"value": false, "score": 0.035451292991638184}, "shared": {"value": false, "score": 8.940696716308594e-07}}}, {"type": "software", "software-type": "software", "software-name": {"rawForm": "Apache Jena", "normalizedForm": "Apache Jena", "offsetStart": 29, "offsetEnd": 40}, "context": "Last, despite developed over Apache Jena, which already supports RDF-star and SPARQL-star, the GENERATE clause proposed by SPARQL-Generate, does not support RDF-star graph construction at the moment. ", "mentionContextAttributes": {"used": {"value": false, "score": 0.000540614128112793}, "created": {"value": false, "score": 0.035451292991638184}, "shared": {"value": false, "score": 2.980232238769531e-07}}, "documentContextAttributes": {"used": {"value": false, "score": 0.009423375129699707}, "created": {"value": false, "score": 0.035451292991638184}, "shared": {"value": false, "score": 2.980232238769531e-07}}}, {"type": "software", "software-type": "software", "software-name": {"rawForm": "NORSE", "normalizedForm": "NORSE", "offsetStart": 33, "offsetEnd": 38}, "context": "These sources are described with NORSE, a tailored vocabulary for this implementation that allows including RML source descriptions inside queries.", "mentionContextAttributes": {"used": {"value": false, "score": 0.023805081844329834}, "created": {"value": false, "score": 0.06521552801132202}, "shared": {"value": false, "score": 4.172325134277344e-07}}, "documentContextAttributes": {"used": {"value": false, "score": 0.023805081844329834}, "created": {"value": false, "score": 0.06521552801132202}, "shared": {"value": false, "score": 5.364418029785156e-07}}}, {"type": "software", "software-type": "software", "software-name": {"rawForm": "MASSIF", "normalizedForm": "MASSIF", "offsetStart": 38, "offsetEnd": 44}, "publisher": {"rawForm": "Orange", "normalizedForm": "Orange", "offsetStart": 77, "offsetEnd": 83}, "context": "NORIA [92] extends RMLMapper in their MASSIF-RML [82] system, implemented at Orange, to construct RDF graphs for anomaly detection and incident management. ", "mentionContextAttributes": {"used": {"value": false, "score": 0.00013637542724609375}, "created": {"value": false, "score": 0.0005391836166381836}, "shared": {"value": false, "score": 1.7881393432617188e-07}}, "documentContextAttributes": {"used": {"value": false, "score": 0.00013637542724609375}, "created": {"value": false, "score": 0.0005391836166381836}, "shared": {"value": false, "score": 1.7881393432617188e-07}}, "references": [{"label": "[82]", "normalizedForm": "[82]", "refKey": 81, "offsetStart": 31900, "offsetEnd": 31904}, {"label": "[82]", "normalizedForm": "[82]", "refKey": 81, "offsetStart": 31900, "offsetEnd": 31904}]}, {"type": "software", "software-type": "software", "wikidataId": "Q283647", "wikipediaExternalRef": 12783, "lang": "en", "confidence": 0.7238, "software-name": {"rawForm": "GZip", "normalizedForm": "GZip", "wikidataId": "Q283647", "wikipediaExternalRef": 12783, "lang": "en", "confidence": 0.7238, "offsetStart": 44, "offsetEnd": 48}, "context": "An output file in Turtle serialization with GZip compression is described with VoID.", "mentionContextAttributes": {"used": {"value": false, "score": 0.008411765098571777}, "created": {"value": false, "score": 0.004859745502471924}, "shared": {"value": false, "score": 6.556510925292969e-07}}, "documentContextAttributes": {"used": {"value": true, "score": 0.9866957664489746}, "created": {"value": false, "score": 0.004859745502471924}, "shared": {"value": false, "score": 2.3245811462402344e-06}}}, {"type": "software", "software-type": "software", "software-name": {"rawForm": "Graph Map", "normalizedForm": "Graph Map", "offsetStart": 44, "offsetEnd": 53}, "context": "Subject Map, Predicate Map, Object Map, and Graph Map are subclasses of rr:TermMap, which define how to generate RDF terms. ", "mentionContextAttributes": {"used": {"value": false, "score": 0.0016606450080871582}, "created": {"value": false, "score": 7.301568984985352e-05}, "shared": {"value": false, "score": 2.980232238769531e-07}}, "documentContextAttributes": {"used": {"value": false, "score": 0.00530320405960083}, "created": {"value": false, "score": 8.755922317504883e-05}, "shared": {"value": false, "score": 6.556510925292969e-07}}}, {"type": "software", "software-type": "software", "software-name": {"rawForm": "SQL", "normalizedForm": "SQL", "offsetStart": 45, "offsetEnd": 48}, "context": "Therefore, an R2RML processor should have an SQL connection to the input RDB where the tables reside and a base IRI used to resolve the relative IRIs produced by the R2RML mapping rules.", "mentionContextAttributes": {"used": {"value": false, "score": 0.45983052253723145}, "created": {"value": false, "score": 2.0444393157958984e-05}, "shared": {"value": false, "score": 2.980232238769531e-07}}, "documentContextAttributes": {"used": {"value": false, "score": 0.45983052253723145}, "created": {"value": false, "score": 0.00013065338134765625}, "shared": {"value": false, "score": 1.9073486328125e-06}}}, {"type": "software", "software-type": "software", "software-name": {"rawForm": "SPARQL", "normalizedForm": "SPARQL", "offsetStart": 59, "offsetEnd": 65}, "context": "SPARQL-Generate [71] leverages the expressive power of the SPARQL query language and extends it with additional clauses to describe the input data.", "mentionContextAttributes": {"used": {"value": false, "score": 0.000983893871307373}, "created": {"value": false, "score": 5.543231964111328e-06}, "shared": {"value": false, "score": 1.7881393432617188e-07}}, "documentContextAttributes": {"used": {"value": false, "score": 0.24791473150253296}, "created": {"value": false, "score": 0.035451292991638184}, "shared": {"value": false, "score": 8.940696716308594e-07}}}, {"type": "software", "software-type": "software", "software-name": {"rawForm": "SPARQL", "normalizedForm": "SPARQL", "offsetStart": 70, "offsetEnd": 76}, "context": "More recently, Stadler et al. [89] present an approach that processes SPARQL CONSTRUCT queries translated from RML mappings.", "mentionContextAttributes": {"used": {"value": false, "score": 2.5093555450439453e-05}, "created": {"value": false, "score": 0.035260140895843506}, "shared": {"value": false, "score": 2.980232238769531e-07}}, "documentContextAttributes": {"used": {"value": false, "score": 0.24791473150253296}, "created": {"value": false, "score": 0.035451292991638184}, "shared": {"value": false, "score": 8.940696716308594e-07}}}, {"type": "software", "software-type": "software", "software-name": {"rawForm": "Widoco", "normalizedForm": "Widoco", "offsetStart": 77, "offsetEnd": 87}, "context": "Each repository contains the ontology file, its documentation (created using Widoco [52]), requirements, associated SHACL shapes, and the module's specification. ", "mentionContextAttributes": {"used": {"value": false, "score": 0.06086325645446777}, "created": {"value": false, "score": 1.8298625946044922e-05}, "shared": {"value": false, "score": 8.940696716308594e-07}}, "documentContextAttributes": {"used": {"value": false, "score": 0.06086325645446777}, "created": {"value": false, "score": 1.8298625946044922e-05}, "shared": {"value": false, "score": 8.940696716308594e-07}}}, {"type": "software", "software-type": "software", "software-name": {"rawForm": "SPARQL", "normalizedForm": "SPARQL", "offsetStart": 78, "offsetEnd": 84}, "context": "Last, despite developed over Apache Jena, which already supports RDF-star and SPARQL-star, the GENERATE clause proposed by SPARQL-Generate, does not support RDF-star graph construction at the moment.", "mentionContextAttributes": {"used": {"value": false, "score": 0.000540614128112793}, "created": {"value": false, "score": 0.035451292991638184}, "shared": {"value": false, "score": 2.980232238769531e-07}}, "documentContextAttributes": {"used": {"value": false, "score": 0.24791473150253296}, "created": {"value": false, "score": 0.035451292991638184}, "shared": {"value": false, "score": 8.940696716308594e-07}}}, {"type": "software", "software-type": "software", "software-name": {"rawForm": "CLARA", "normalizedForm": "CLARA", "offsetStart": 79, "offsetEnd": 89}, "context": "InteGraph [70] uses RML to construct RDF graphs in the soil ecology domain and CLARA [19] to construct RDF-star for educational modules, both using Morph-KGC. ", "mentionContextAttributes": {"used": {"value": true, "score": 0.5320684313774109}, "created": {"value": false, "score": 4.947185516357422e-06}, "shared": {"value": false, "score": 1.7881393432617188e-07}}, "documentContextAttributes": {"used": {"value": true, "score": 0.5320684313774109}, "created": {"value": false, "score": 4.947185516357422e-06}, "shared": {"value": false, "score": 1.7881393432617188e-07}}}, {"type": "software", "software-type": "software", "software-name": {"rawForm": "Graph Map", "normalizedForm": "Graph Map", "offsetStart": 80, "offsetEnd": 89}, "context": "The Logical Target can be optionally specified in any Term Map e.g., Subject or Graph Map.", "mentionContextAttributes": {"used": {"value": false, "score": 0.00530320405960083}, "created": {"value": false, "score": 8.755922317504883e-05}, "shared": {"value": false, "score": 6.556510925292969e-07}}, "documentContextAttributes": {"used": {"value": false, "score": 0.00530320405960083}, "created": {"value": false, "score": 8.755922317504883e-05}, "shared": {"value": false, "score": 6.556510925292969e-07}}}, {"type": "software", "software-type": "software", "wikidataId": "Q283647", "wikipediaExternalRef": 12783, "lang": "en", "confidence": 0.7238, "software-name": {"rawForm": "GZip", "normalizedForm": "GZip", "wikidataId": "Q283647", "wikipediaExternalRef": 12783, "lang": "en", "confidence": 0.7238, "offsetStart": 84, "offsetEnd": 88}, "context": "A Logical Target is also used to export the resulting triples to a Turtle file with GZip compression (lines 7-12).", "mentionContextAttributes": {"used": {"value": true, "score": 0.9866957664489746}, "created": {"value": false, "score": 1.9729137420654297e-05}, "shared": {"value": false, "score": 2.980232238769531e-07}}, "documentContextAttributes": {"used": {"value": true, "score": 0.9866957664489746}, "created": {"value": false, "score": 0.004859745502471924}, "shared": {"value": false, "score": 2.3245811462402344e-06}}}, {"type": "software", "software-type": "software", "software-name": {"rawForm": "SQL", "normalizedForm": "SQL", "offsetStart": 88, "offsetEnd": 91}, "context": "It delegates data transformations and joins to the storage layer, by using operators in SQL queries.", "mentionContextAttributes": {"used": {"value": false, "score": 0.004450976848602295}, "created": {"value": false, "score": 2.866983413696289e-05}, "shared": {"value": false, "score": 1.7881393432617188e-07}}, "documentContextAttributes": {"used": {"value": false, "score": 0.45983052253723145}, "created": {"value": false, "score": 0.00013065338134765625}, "shared": {"value": false, "score": 1.9073486328125e-06}}}, {"type": "software", "software-type": "software", "software-name": {"rawForm": "SPARQL", "normalizedForm": "SPARQL", "offsetStart": 94, "offsetEnd": 100}, "context": "Hence, this approach completely relies on the expressiveness of RML features while leveraging SPARQL implementations.", "mentionContextAttributes": {"used": {"value": false, "score": 5.40614128112793e-05}, "created": {"value": false, "score": 0.0005332231521606445}, "shared": {"value": false, "score": 2.980232238769531e-07}}, "documentContextAttributes": {"used": {"value": false, "score": 0.24791473150253296}, "created": {"value": false, "score": 0.035451292991638184}, "shared": {"value": false, "score": 8.940696716308594e-07}}}, {"type": "software", "software-type": "software", "software-name": {"rawForm": "Apache Jena", "normalizedForm": "Apache Jena", "offsetStart": 98, "offsetEnd": 109}, "context": "RDF-star quickly gained popularity, leading to its adoption by a wide range of systems [4] (e.g., Apache Jena [24], Oxigraph [78]) and the formation of the RDF-star Working Group [5].", "mentionContextAttributes": {"used": {"value": false, "score": 0.009423375129699707}, "created": {"value": false, "score": 0.00031280517578125}, "shared": {"value": false, "score": 2.980232238769531e-07}}, "documentContextAttributes": {"used": {"value": false, "score": 0.009423375129699707}, "created": {"value": false, "score": 0.035451292991638184}, "shared": {"value": false, "score": 2.980232238769531e-07}}}, {"type": "software", "software-type": "software", "software-name": {"rawForm": "Gather Map", "normalizedForm": "Gather Map", "offsetStart": 99, "offsetEnd": 109}, "context": "Based on these requirements, the RML-CC module was introduced which consists of a new concept, the Gather Map rml:GatherMap, two mandatory properties (rml:gather and rml:gatherAs) and two optional properties. ", "mentionContextAttributes": {"used": {"value": false, "score": 0.0002200603485107422}, "created": {"value": false, "score": 0.021560370922088623}, "shared": {"value": false, "score": 2.980232238769531e-07}}, "documentContextAttributes": {"used": {"value": true, "score": 0.9999040961265564}, "created": {"value": false, "score": 0.021560370922088623}, "shared": {"value": false, "score": 1.0132789611816406e-06}}}, {"type": "software", "software-type": "software", "software-name": {"rawForm": "SPARQL", "normalizedForm": "SPARQL", "offsetStart": 118, "offsetEnd": 124}, "context": "Despite the expressive power of these languages, the systems implementing them need to provide a complete support for SPARQL and extend the language with new clauses or modify the semantics of existing ones to support the construction of RDF graphs.", "mentionContextAttributes": {"used": {"value": false, "score": 9.375810623168945e-05}, "created": {"value": false, "score": 0.0007655620574951172}, "shared": {"value": false, "score": 7.748603820800781e-07}}, "documentContextAttributes": {"used": {"value": false, "score": 0.24791473150253296}, "created": {"value": false, "score": 0.035451292991638184}, "shared": {"value": false, "score": 8.940696716308594e-07}}}, {"type": "software", "software-type": "software", "software-name": {"rawForm": "SPARQL-Generate", "normalizedForm": "SPARQL-Generate", "offsetStart": 123, "offsetEnd": 138}, "context": "Last, despite developed over Apache Jena, which already supports RDF-star and SPARQL-star, the GENERATE clause proposed by SPARQL-Generate, does not support RDF-star graph construction at the moment. ", "mentionContextAttributes": {"used": {"value": false, "score": 0.000540614128112793}, "created": {"value": false, "score": 0.035451292991638184}, "shared": {"value": false, "score": 2.980232238769531e-07}}, "documentContextAttributes": {"used": {"value": false, "score": 0.0018215775489807129}, "created": {"value": false, "score": 0.035451292991638184}, "shared": {"value": false, "score": 1.4901161193847656e-06}}}, {"type": "software", "software-type": "software", "software-name": {"rawForm": "SPARQL", "normalizedForm": "SPARQL", "offsetStart": 138, "offsetEnd": 144}, "context": "Both Source and Target consider the re-use of existing vocabularies to incorporate additional features to access data, such as DCAT [74], SPARQL-SD [101], VoID [23], D2RQ [36], and CSVW [93].", "mentionContextAttributes": {"used": {"value": false, "score": 0.000531315803527832}, "created": {"value": false, "score": 2.5570392608642578e-05}, "shared": {"value": false, "score": 2.980232238769531e-07}}, "documentContextAttributes": {"used": {"value": false, "score": 0.24791473150253296}, "created": {"value": false, "score": 0.035451292991638184}, "shared": {"value": false, "score": 8.940696716308594e-07}}}, {"type": "software", "software-type": "software", "software-name": {"rawForm": "SPARQL-Generate", "normalizedForm": "SPARQL-Generate", "offsetStart": 174, "offsetEnd": 193}, "context": "Apart from the RDF-based languages that considerably influence the RML ontology (see Section 3), we highlight here the popular alternatives that rely on the syntax of query (SPARQL-Generate [71], SPARQL-Anything [27], NORSE [89]), constraint (e.g., ShExML [51]) or data-serialisation (e.g., D-REPR [100]) languages. ", "mentionContextAttributes": {"used": {"value": false, "score": 0.0018215775489807129}, "created": {"value": false, "score": 3.516674041748047e-06}, "shared": {"value": false, "score": 5.364418029785156e-07}}, "documentContextAttributes": {"used": {"value": false, "score": 0.0018215775489807129}, "created": {"value": false, "score": 0.035451292991638184}, "shared": {"value": false, "score": 1.4901161193847656e-06}}}, {"type": "software", "software-type": "software", "software-name": {"rawForm": "SQL", "normalizedForm": "SQL", "offsetStart": 193, "offsetEnd": 196}, "context": "The Source specifies how a data source is accessed by leveraging existing specifications; and indicates when values should be considered NULL (rml:null) and a query if needed (rml:query) e.g., SQL or SPARQL query.", "mentionContextAttributes": {"used": {"value": false, "score": 0.0014553666114807129}, "created": {"value": false, "score": 6.014108657836914e-05}, "shared": {"value": false, "score": 7.748603820800781e-07}}, "documentContextAttributes": {"used": {"value": false, "score": 0.45983052253723145}, "created": {"value": false, "score": 0.00013065338134765625}, "shared": {"value": false, "score": 1.9073486328125e-06}}}, {"type": "software", "software-type": "software", "software-name": {"rawForm": "SPARQL-Anything", "normalizedForm": "SPARQL-Anything", "offsetStart": 196, "offsetEnd": 215}, "context": "Apart from the RDF-based languages that considerably influence the RML ontology (see Section 3), we highlight here the popular alternatives that rely on the syntax of query (SPARQL-Generate [71], SPARQL-Anything [27], NORSE [89]), constraint (e.g., ShExML [51]) or data-serialisation (e.g., D-REPR [100]) languages. ", "mentionContextAttributes": {"used": {"value": false, "score": 0.0018215775489807129}, "created": {"value": false, "score": 3.516674041748047e-06}, "shared": {"value": false, "score": 5.364418029785156e-07}}, "documentContextAttributes": {"used": {"value": false, "score": 0.0018215775489807129}, "created": {"value": true, "score": 0.6250567436218262}, "shared": {"value": false, "score": 5.364418029785156e-07}}, "references": [{"label": "[89]", "normalizedForm": "[89]", "refKey": 88, "offsetStart": 33532, "offsetEnd": 33536}]}, {"type": "software", "software-type": "software", "wikidataId": "Q283647", "wikipediaExternalRef": 12783, "lang": "en", "confidence": 0.7238, "software-name": {"rawForm": "GZip", "normalizedForm": "GZip", "wikidataId": "Q283647", "wikipediaExternalRef": 12783, "lang": "en", "confidence": 0.7238, "offsetStart": 199, "offsetEnd": 203}, "context": "The Target is similar to the Source, indicating how the output target can be accessed, and has 2 properties: (i) rml:compression to specify if the RDF output will be compressed and, if so, how e.g., GZip, and (ii) rml:encoding to define the encoding e.g., UTF-8.", "mentionContextAttributes": {"used": {"value": false, "score": 0.003627300262451172}, "created": {"value": false, "score": 2.086162567138672e-06}, "shared": {"value": false, "score": 2.3245811462402344e-06}}, "documentContextAttributes": {"used": {"value": true, "score": 0.9866957664489746}, "created": {"value": false, "score": 0.004859745502471924}, "shared": {"value": false, "score": 2.3245811462402344e-06}}}, {"type": "software", "software-type": "software", "software-name": {"rawForm": "SPARQL", "normalizedForm": "SPARQL", "offsetStart": 200, "offsetEnd": 206}, "context": "The Source specifies how a data source is accessed by leveraging existing specifications; and indicates when values should be considered NULL (rml:null) and a query if needed (rml:query) e.g., SQL or SPARQL query.", "mentionContextAttributes": {"used": {"value": false, "score": 0.0014553666114807129}, "created": {"value": false, "score": 6.014108657836914e-05}, "shared": {"value": false, "score": 7.748603820800781e-07}}, "documentContextAttributes": {"used": {"value": false, "score": 0.24791473150253296}, "created": {"value": false, "score": 0.035451292991638184}, "shared": {"value": false, "score": 8.940696716308594e-07}}}, {"type": "software", "software-type": "software", "software-name": {"rawForm": "NORSE", "normalizedForm": "NORSE", "offsetStart": 218, "offsetEnd": 227}, "context": "Apart from the RDF-based languages that considerably influence the RML ontology (see Section 3), we highlight here the popular alternatives that rely on the syntax of query (SPARQL-Generate [71], SPARQL-Anything [27], NORSE [89]), constraint (e.g., ShExML [51]) or data-serialisation (e.g., D-REPR [100]) languages. ", "mentionContextAttributes": {"used": {"value": false, "score": 0.0018215775489807129}, "created": {"value": false, "score": 3.516674041748047e-06}, "shared": {"value": false, "score": 5.364418029785156e-07}}, "documentContextAttributes": {"used": {"value": false, "score": 0.023805081844329834}, "created": {"value": false, "score": 0.06521552801132202}, "shared": {"value": false, "score": 5.364418029785156e-07}}}, {"type": "software", "software-type": "software", "software-name": {"rawForm": "SPARQL", "normalizedForm": "SPARQL", "offsetStart": 221, "offsetEnd": 227}, "context": "A more concrete description of the data sources and their access, e.g., RDBs, files, Web APIs, etc. was later proposed [50], relying on well-known vocabularies to describe the data sources, e.g., DCAT [74], VOID [23], or SPARQL-SD [101] and further extended [96] to also describe the output RDF (sub)graphs.", "mentionContextAttributes": {"used": {"value": false, "score": 0.24791473150253296}, "created": {"value": false, "score": 1.0073184967041016e-05}, "shared": {"value": false, "score": 5.364418029785156e-07}}, "documentContextAttributes": {"used": {"value": false, "score": 0.24791473150253296}, "created": {"value": false, "score": 0.035451292991638184}, "shared": {"value": false, "score": 8.940696716308594e-07}}}, {"type": "software", "software-type": "software", "software-name": {"rawForm": "SQL", "normalizedForm": "SQL", "offsetStart": 274, "offsetEnd": 277}, "context": "However, not all data formats can leverage similar operators, e.g., JSON does not have a formal specification to describe its data transformation, nor do all formats' operators cover the same data transformations, e.g., XPath offers a different set of operators compared to SQL. ", "mentionContextAttributes": {"used": {"value": false, "score": 0.00018924474716186523}, "created": {"value": false, "score": 0.00013065338134765625}, "shared": {"value": false, "score": 1.9073486328125e-06}}, "documentContextAttributes": {"used": {"value": false, "score": 0.45983052253723145}, "created": {"value": false, "score": 0.00013065338134765625}, "shared": {"value": false, "score": 1.9073486328125e-06}}}], "references": [{"refKey": 88, "tei": "<biblStruct xml:id=\"b88\">\n\t<analytic>\n\t\t<title level=\"a\" type=\"main\">Scaling rml and sparql-based knowledge graph construction with apache spark</title>\n\t\t<author>\n\t\t\t<persName><forename type=\"first\">C</forename><surname>Stadler</surname></persName>\n\t\t</author>\n\t\t<author>\n\t\t\t<persName><forename type=\"first\">L</forename><surname>B\u00fchmann</surname></persName>\n\t\t</author>\n\t\t<author>\n\t\t\t<persName><forename type=\"first\">L</forename><forename type=\"middle\">P</forename><surname>Meyer</surname></persName>\n\t\t</author>\n\t\t<author>\n\t\t\t<persName><forename type=\"first\">M</forename><surname>Martin</surname></persName>\n\t\t</author>\n\t</analytic>\n\t<monogr>\n\t\t<title level=\"m\">Proceedings of the 4th International Workshop on Knowledge Graph Construction</title>\n\t\t<title level=\"s\">CEUR Workshop Proceedings</title>\n\t\t<meeting>the 4th International Workshop on Knowledge Graph Construction</meeting>\n\t\t<imprint>\n\t\t\t<date>2023</date>\n\t\t</imprint>\n\t</monogr>\n</biblStruct>\n"}, {"refKey": 81, "tei": "<biblStruct xml:id=\"b81\">\n\t<monogr>\n\t\t<author>\n\t\t\t<persName><forename type=\"first\">M</forename><surname>Ranaivoson</surname></persName>\n\t\t</author>\n\t\t<author>\n\t\t\t<persName><forename type=\"first\">L</forename><surname>Tailhardat</surname></persName>\n\t\t</author>\n\t\t<author>\n\t\t\t<persName><forename type=\"first\">Y</forename><surname>Chabot</surname></persName>\n\t\t</author>\n\t\t<author>\n\t\t\t<persName><forename type=\"first\">R</forename><surname>Troncy</surname></persName>\n\t\t</author>\n\t\t<title level=\"m\">SMASSIF-RML: a Semantic Web stream processing solution with declarative data mapping capability based on a modified version of the RMLMapper-java tool and extensions to the StreamingMASSIF framework</title>\n\t\t<imprint>\n\t\t\t<date>2023</date>\n\t\t</imprint>\n\t</monogr>\n</biblStruct>\n"}], "runtime": 69091, "id": "491429c23179884e9c4e95024265e304545f94b8", "metadata": {"id": "491429c23179884e9c4e95024265e304545f94b8"}, "original_file_path": "../../datalake/Samuel/SOFTware-Sync/data/xml_not_sofctied/hal-04201661.grobid.tei.xml", "file_name": "hal-04201661.grobid.tei.xml"}