{"application": "software-mentions", "version": "0.8.0", "date": "2024-04-12T15:38+0000", "md5": "3FF3CD8061C0F4BACE12B439C9356D51", "mentions": [{"type": "software", "software-type": "software", "wikidataId": "Q465", "wikipediaExternalRef": 11865154, "lang": "en", "confidence": 0.9107, "software-name": {"rawForm": "DBpedia", "normalizedForm": "DBpedia", "wikidataId": "Q465", "wikipediaExternalRef": 11865154, "lang": "en", "confidence": 0.9107, "offsetStart": 0, "offsetEnd": 7}, "context": "DBpedia employs Semantic Web standards and structures Wikimedia project data with the Resource Description Framework (RDF).", "mentionContextAttributes": {"used": {"value": false, "score": 0.33116841316223145}, "created": {"value": false, "score": 4.7147274017333984e-05}, "shared": {"value": false, "score": 6.020069122314453e-06}}, "documentContextAttributes": {"used": {"value": true, "score": 0.9999374747276306}, "created": {"value": true, "score": 0.9998626708984375}, "shared": {"value": true, "score": 0.9556888937950134}}}, {"type": "software", "software-type": "software", "wikidataId": "Q465", "wikipediaExternalRef": 11865154, "lang": "en", "confidence": 0.9107, "software-name": {"rawForm": "DBpedia", "normalizedForm": "DBpedia", "wikidataId": "Q465", "wikipediaExternalRef": 11865154, "lang": "en", "confidence": 0.9107, "offsetStart": 0, "offsetEnd": 7}, "context": "DBpedia is a crowd-sourced extraction of structured data from Wikimedia projects http://dbpedia.org", "mentionContextAttributes": {"used": {"value": false, "score": 0.02738851308822632}, "created": {"value": false, "score": 0.00010877847671508789}, "shared": {"value": true, "score": 0.9556888937950134}}, "documentContextAttributes": {"used": {"value": true, "score": 0.9999374747276306}, "created": {"value": true, "score": 0.9998626708984375}, "shared": {"value": true, "score": 0.9556888937950134}}}, {"type": "software", "software-type": "software", "wikidataId": "Q54871", "wikipediaExternalRef": 2574343, "lang": "en", "confidence": 0.7837, "software-name": {"rawForm": "SPARQL", "normalizedForm": "SPARQL", "wikidataId": "Q54871", "wikipediaExternalRef": 2574343, "lang": "en", "confidence": 0.7837, "offsetStart": 4, "offsetEnd": 10}, "version": {"rawForm": "1.1", "normalizedForm": "1.1"}, "context": "The SPARQL query in Listing 1 allowed to extract a list of medical subjects from DBpedia considered relatively relevant to the issue of hospitalization since approximately 198 subjects out of 285 were annotated in this way by experts.", "mentionContextAttributes": {"used": {"value": true, "score": 0.9999117255210876}, "created": {"value": false, "score": 5.662441253662109e-06}, "shared": {"value": false, "score": 1.7881393432617188e-07}}, "documentContextAttributes": {"used": {"value": true, "score": 0.9999494552612305}, "created": {"value": false, "score": 0.001537919044494629}, "shared": {"value": false, "score": 1.1920928955078125e-06}}}, {"type": "software", "software-type": "software", "wikidataId": "Q465", "wikipediaExternalRef": 11865154, "lang": "en", "confidence": 0.9107, "software-name": {"rawForm": "DBpedia", "normalizedForm": "DBpedia", "wikidataId": "Q465", "wikipediaExternalRef": 11865154, "lang": "en", "confidence": 0.9107, "offsetStart": 20, "offsetEnd": 27}, "context": "In order to improve DBpedia Spotlight's detection capabilities, words or abbreviated expressions within medical reports are added to text fields using a symbolic approach, with rules and dictionaries.", "mentionContextAttributes": {"used": {"value": false, "score": 0.00523453950881958}, "created": {"value": false, "score": 0.0001747608184814453}, "shared": {"value": false, "score": 2.980232238769531e-07}}, "documentContextAttributes": {"used": {"value": true, "score": 0.9999374747276306}, "created": {"value": true, "score": 0.9998626708984375}, "shared": {"value": true, "score": 0.9556888937950134}}}, {"type": "software", "software-type": "software", "wikidataId": "Q465", "wikipediaExternalRef": 11865154, "lang": "en", "confidence": 0.9107, "software-name": {"rawForm": "DBpedia", "normalizedForm": "DBpedia", "wikidataId": "Q465", "wikipediaExternalRef": 11865154, "lang": "en", "confidence": 0.9107, "offsetStart": 20, "offsetEnd": 27}, "context": "Subjects label from DBpedia are considered as a token in a textual message.", "mentionContextAttributes": {"used": {"value": false, "score": 0.00828641653060913}, "created": {"value": false, "score": 0.0001385211944580078}, "shared": {"value": false, "score": 4.172325134277344e-07}}, "documentContextAttributes": {"used": {"value": true, "score": 0.9999374747276306}, "created": {"value": true, "score": 0.9998626708984375}, "shared": {"value": true, "score": 0.9556888937950134}}}, {"type": "software", "software-type": "software", "wikidataId": "Q465", "wikipediaExternalRef": 11865154, "lang": "en", "confidence": 0.9107, "software-name": {"rawForm": "DBpedia", "normalizedForm": "DBpedia", "wikidataId": "Q465", "wikipediaExternalRef": 11865154, "lang": "en", "confidence": 0.9107, "offsetStart": 32, "offsetEnd": 39}, "context": "The intuition behind the use of DBpedia is that general knowledge is only available on general repositories, and the way knowledge is structured differs from specialized referentials.", "mentionContextAttributes": {"used": {"value": false, "score": 0.0002486705780029297}, "created": {"value": false, "score": 5.251169204711914e-05}, "shared": {"value": false, "score": 4.172325134277344e-07}}, "documentContextAttributes": {"used": {"value": true, "score": 0.9999374747276306}, "created": {"value": true, "score": 0.9998626708984375}, "shared": {"value": true, "score": 0.9556888937950134}}}, {"type": "software", "software-type": "software", "wikidataId": "Q54871", "wikipediaExternalRef": 2574343, "lang": "en", "confidence": 0.7837, "software-name": {"rawForm": "SPARQL", "normalizedForm": "SPARQL", "wikidataId": "Q54871", "wikipediaExternalRef": 2574343, "lang": "en", "confidence": 0.7837, "offsetStart": 47, "offsetEnd": 53}, "version": {"rawForm": "1.1", "normalizedForm": "1.1"}, "context": "This involves calling two SERVICE clauses in a SPARQL query,4 each one implementing a constraint according to the structure of the French and English chapter it remotely queries.", "mentionContextAttributes": {"used": {"value": false, "score": 0.004030346870422363}, "created": {"value": false, "score": 1.531839370727539e-05}, "shared": {"value": false, "score": 1.7881393432617188e-07}}, "documentContextAttributes": {"used": {"value": true, "score": 0.9999494552612305}, "created": {"value": false, "score": 0.001537919044494629}, "shared": {"value": false, "score": 1.1920928955078125e-06}}}, {"type": "software", "software-type": "software", "wikidataId": "Q465", "wikipediaExternalRef": 11865154, "lang": "en", "confidence": 0.9107, "software-name": {"rawForm": "DBpedia", "normalizedForm": "DBpedia", "wikidataId": "Q465", "wikipediaExternalRef": 11865154, "lang": "en", "confidence": 0.9107, "offsetStart": 47, "offsetEnd": 54}, "context": "We propose a semi-supervised approach based on DBpedia to extract medical subjects from EMRs and evaluate the impact of augmenting the features used to represent EMRs with these subjects in the task of predicting hospitalization.", "mentionContextAttributes": {"used": {"value": false, "score": 0.0002186298370361328}, "created": {"value": true, "score": 0.9997832775115967}, "shared": {"value": false, "score": 2.980232238769531e-07}}, "documentContextAttributes": {"used": {"value": true, "score": 0.9999374747276306}, "created": {"value": true, "score": 0.9998626708984375}, "shared": {"value": true, "score": 0.9556888937950134}}}, {"type": "software", "software-type": "software", "wikidataId": "Q465", "wikipediaExternalRef": 11865154, "lang": "en", "confidence": 0.9107, "software-name": {"rawForm": "DBpedia", "normalizedForm": "DBpedia", "wikidataId": "Q465", "wikipediaExternalRef": 11865154, "lang": "en", "confidence": 0.9107, "offsetStart": 50, "offsetEnd": 57}, "context": "As future work, we plan to train our own model of DBpedia Spotlight in order to further avoid noise with named entities from other domains.", "mentionContextAttributes": {"used": {"value": false, "score": 0.00013256072998046875}, "created": {"value": true, "score": 0.9998202323913574}, "shared": {"value": false, "score": 4.172325134277344e-07}}, "documentContextAttributes": {"used": {"value": true, "score": 0.9999374747276306}, "created": {"value": true, "score": 0.9998626708984375}, "shared": {"value": true, "score": 0.9556888937950134}}}, {"type": "software", "software-type": "software", "wikidataId": "Q465", "wikipediaExternalRef": 11865154, "lang": "en", "confidence": 0.9107, "software-name": {"rawForm": "DBpedia", "normalizedForm": "DBpedia", "wikidataId": "Q465", "wikipediaExternalRef": 11865154, "lang": "en", "confidence": 0.9107, "offsetStart": 53, "offsetEnd": 60}, "context": "Our contributions are in the automatic extraction of DBpedia subjects and injection of the latter into EMRs representation, the coupling with a feature selection method to select relevant resources towards hospitalization risks, the selection and evaluation of subjects by both human and machine annotators.", "mentionContextAttributes": {"used": {"value": false, "score": 0.00032699108123779297}, "created": {"value": true, "score": 0.9932111501693726}, "shared": {"value": false, "score": 2.980232238769531e-07}}, "documentContextAttributes": {"used": {"value": true, "score": 0.9999374747276306}, "created": {"value": true, "score": 0.9998626708984375}, "shared": {"value": true, "score": 0.9556888937950134}}}, {"type": "software", "software-type": "software", "wikidataId": "Q465", "wikipediaExternalRef": 11865154, "lang": "en", "confidence": 0.9052, "software-name": {"rawForm": "DBpedia Spotlight", "normalizedForm": "DBpedia Spotlight", "wikidataId": "Q465", "wikipediaExternalRef": 11865154, "lang": "en", "confidence": 0.9052, "offsetStart": 59, "offsetEnd": 80}, "context": "This is performed by an instance of the semantic annotator DBpedia Spotlight [8] that was deployed locally and pretrained with a French model. ", "mentionContextAttributes": {"used": {"value": true, "score": 0.8789234161376953}, "created": {"value": false, "score": 0.0002410411834716797}, "shared": {"value": false, "score": 1.7881393432617188e-07}}, "documentContextAttributes": {"used": {"value": true, "score": 0.9801268577575684}, "created": {"value": false, "score": 0.0015379786491394043}, "shared": {"value": false, "score": 1.2516975402832031e-06}}}, {"type": "software", "software-type": "software", "wikidataId": "Q465", "wikipediaExternalRef": 11865154, "lang": "en", "confidence": 0.9107, "software-name": {"rawForm": "DBpedia", "normalizedForm": "DBpedia", "wikidataId": "Q465", "wikipediaExternalRef": 11865154, "lang": "en", "confidence": 0.9107, "offsetStart": 62, "offsetEnd": 69}, "context": "However, given the amount of general information available on DBpedia, it is challenging to filter knowledge specific to the healthcare domain.", "mentionContextAttributes": {"used": {"value": false, "score": 6.407499313354492e-05}, "created": {"value": false, "score": 0.0005094408988952637}, "shared": {"value": false, "score": 5.364418029785156e-07}}, "documentContextAttributes": {"used": {"value": true, "score": 0.9999374747276306}, "created": {"value": true, "score": 0.9998626708984375}, "shared": {"value": true, "score": 0.9556888937950134}}}, {"type": "software", "software-type": "software", "wikidataId": "Q465", "wikipediaExternalRef": 11865154, "lang": "en", "confidence": 0.9107, "software-name": {"rawForm": "DBpedia", "normalizedForm": "DBpedia", "wikidataId": "Q465", "wikipediaExternalRef": 11865154, "lang": "en", "confidence": 0.9107, "offsetStart": 62, "offsetEnd": 69}, "context": "In this paper, we have presented a method to extract from the DBpedia knowledge base, subjects related to the medical domain.", "mentionContextAttributes": {"used": {"value": false, "score": 9.459257125854492e-05}, "created": {"value": true, "score": 0.9998626708984375}, "shared": {"value": false, "score": 2.980232238769531e-07}}, "documentContextAttributes": {"used": {"value": true, "score": 0.9999374747276306}, "created": {"value": true, "score": 0.9998626708984375}, "shared": {"value": true, "score": 0.9556888937950134}}}, {"type": "software", "software-type": "software", "wikidataId": "Q465", "wikipediaExternalRef": 11865154, "lang": "en", "confidence": 0.9107, "software-name": {"rawForm": "DBpedia", "normalizedForm": "DBpedia", "wikidataId": "Q465", "wikipediaExternalRef": 11865154, "lang": "en", "confidence": 0.9107, "offsetStart": 69, "offsetEnd": 76}, "context": "One of the weaknesses of this approach is that a knowledge base like DBpedia may be incomplete (incompleteness of properties dcterms:subjects, owl:sameAs and rdf:type), which would justify in order to obtain better results to proceed to the content curation of such knowledge base.", "mentionContextAttributes": {"used": {"value": false, "score": 0.0001061558723449707}, "created": {"value": false, "score": 0.0001004338264465332}, "shared": {"value": false, "score": 2.980232238769531e-07}}, "documentContextAttributes": {"used": {"value": true, "score": 0.9999374747276306}, "created": {"value": true, "score": 0.9998626708984375}, "shared": {"value": true, "score": 0.9556888937950134}}}, {"type": "software", "software-type": "software", "wikidataId": "Q465", "wikipediaExternalRef": 11865154, "lang": "en", "confidence": 0.9107, "software-name": {"rawForm": "DBpedia", "normalizedForm": "DBpedia", "wikidataId": "Q465", "wikipediaExternalRef": 11865154, "lang": "en", "confidence": 0.9107, "offsetStart": 72, "offsetEnd": 79}, "context": "\u2022 baseline: represents our basis of comparison where no enrichment with DBpedia concepts is made on EMR data, i.e., only text data in the form of bag-of-words: V i \u2022 \u03b1: refers to an enrichment of V i with the labels of concepts automatically extracted from the DBpedia knowledge base:", "mentionContextAttributes": {"used": {"value": false, "score": 0.19390857219696045}, "created": {"value": false, "score": 2.4437904357910156e-06}, "shared": {"value": false, "score": 4.172325134277344e-07}}, "documentContextAttributes": {"used": {"value": true, "score": 0.9999374747276306}, "created": {"value": true, "score": 0.9998626708984375}, "shared": {"value": true, "score": 0.9556888937950134}}}, {"type": "software", "software-type": "software", "wikidataId": "Q17064545", "wikipediaExternalRef": 40008429, "lang": "en", "confidence": 0.6255, "software-name": {"rawForm": "libsvm", "normalizedForm": "libsvm", "wikidataId": "Q17064545", "wikipediaExternalRef": 40008429, "lang": "en", "confidence": 0.6255, "offsetStart": 73, "offsetEnd": 79}, "context": "\u2022 SVC, C-Support Vector Classifier, which implementation is based on the libsvm implementation [5]: The regularization coefficient C, the kernel used by the algorithm and the gamma coefficient of the kernel. ", "mentionContextAttributes": {"used": {"value": false, "score": 0.06072676181793213}, "created": {"value": false, "score": 0.00029671192169189453}, "shared": {"value": false, "score": 1.7881393432617188e-07}}, "documentContextAttributes": {"used": {"value": false, "score": 0.06072676181793213}, "created": {"value": false, "score": 0.00029671192169189453}, "shared": {"value": false, "score": 1.7881393432617188e-07}}}, {"type": "software", "software-type": "software", "wikidataId": "Q465", "wikipediaExternalRef": 11865154, "lang": "en", "confidence": 0.9107, "software-name": {"rawForm": "DBpedia", "normalizedForm": "DBpedia", "wikidataId": "Q465", "wikipediaExternalRef": 11865154, "lang": "en", "confidence": 0.9107, "offsetStart": 81, "offsetEnd": 88}, "context": "The SPARQL query in Listing 1 allowed to extract a list of medical subjects from DBpedia considered relatively relevant to the issue of hospitalization since approximately 198 subjects out of 285 were annotated in this way by experts.", "mentionContextAttributes": {"used": {"value": true, "score": 0.9999117255210876}, "created": {"value": false, "score": 5.662441253662109e-06}, "shared": {"value": false, "score": 1.7881393432617188e-07}}, "documentContextAttributes": {"used": {"value": true, "score": 0.9999374747276306}, "created": {"value": true, "score": 0.9998626708984375}, "shared": {"value": true, "score": 0.9556888937950134}}}, {"type": "software", "software-type": "software", "wikidataId": "Q465", "wikipediaExternalRef": 11865154, "lang": "en", "confidence": 0.9107, "software-name": {"rawForm": "DBpedia", "normalizedForm": "DBpedia", "wikidataId": "Q465", "wikipediaExternalRef": 11865154, "lang": "en", "confidence": 0.9107, "offsetStart": 84, "offsetEnd": 91}, "context": "For instance the abbreviation \"ic\" which means \"heart failure\" is not recognized by DBpedia Spotlight, but is correctly identified by our rule-based approach. ", "mentionContextAttributes": {"used": {"value": false, "score": 0.0011574625968933105}, "created": {"value": false, "score": 0.00012177228927612305}, "shared": {"value": false, "score": 2.980232238769531e-07}}, "documentContextAttributes": {"used": {"value": true, "score": 0.9999374747276306}, "created": {"value": true, "score": 0.9998626708984375}, "shared": {"value": true, "score": 0.9556888937950134}}}, {"type": "software", "software-type": "software", "wikidataId": "Q465", "wikipediaExternalRef": 11865154, "lang": "en", "confidence": 0.9107, "software-name": {"rawForm": "DBpedia", "normalizedForm": "DBpedia", "wikidataId": "Q465", "wikipediaExternalRef": 11865154, "lang": "en", "confidence": 0.9107, "offsetStart": 87, "offsetEnd": 94}, "context": "In our case study, we extract subjects related to hospitalization using knowledge from DBpedia and EMRs.", "mentionContextAttributes": {"used": {"value": true, "score": 0.9665759205818176}, "created": {"value": false, "score": 0.06783849000930786}, "shared": {"value": false, "score": 4.172325134277344e-07}}, "documentContextAttributes": {"used": {"value": true, "score": 0.9999374747276306}, "created": {"value": true, "score": 0.9998626708984375}, "shared": {"value": true, "score": 0.9556888937950134}}}, {"type": "software", "software-type": "software", "wikidataId": "Q465", "wikipediaExternalRef": 11865154, "lang": "en", "confidence": 0.9107, "software-name": {"rawForm": "DBpedia", "normalizedForm": "DBpedia", "wikidataId": "Q465", "wikipediaExternalRef": 11865154, "lang": "en", "confidence": 0.9107, "offsetStart": 88, "offsetEnd": 95}, "context": "We intend here to study the same kind of impact but from a more general repository like DBpedia and on a domain-specific prediction task: we also propose a method to select relevant domain knowledge in order to boost hospitalization prediction.", "mentionContextAttributes": {"used": {"value": false, "score": 0.00010782480239868164}, "created": {"value": true, "score": 0.9995896220207214}, "shared": {"value": false, "score": 4.172325134277344e-07}}, "documentContextAttributes": {"used": {"value": true, "score": 0.9999374747276306}, "created": {"value": true, "score": 0.9998626708984375}, "shared": {"value": true, "score": 0.9556888937950134}}}, {"type": "software", "software-type": "software", "wikidataId": "Q465", "wikipediaExternalRef": 11865154, "lang": "en", "confidence": 0.9107, "software-name": {"rawForm": "DBpedia", "normalizedForm": "DBpedia", "wikidataId": "Q465", "wikipediaExternalRef": 11865154, "lang": "en", "confidence": 0.9107, "offsetStart": 93, "offsetEnd": 100}, "context": "Compared to [11], this paper explores in more depth the impact of knowledge enrichment using DBpedia while relying on the same prediction method.", "mentionContextAttributes": {"used": {"value": false, "score": 7.039308547973633e-05}, "created": {"value": false, "score": 0.007558166980743408}, "shared": {"value": false, "score": 1.7881393432617188e-07}}, "documentContextAttributes": {"used": {"value": true, "score": 0.9999374747276306}, "created": {"value": true, "score": 0.9998626708984375}, "shared": {"value": true, "score": 0.9556888937950134}}}, {"type": "software", "software-type": "software", "wikidataId": "Q465", "wikipediaExternalRef": 11865154, "lang": "en", "confidence": 0.9107, "software-name": {"rawForm": "DBpedia", "normalizedForm": "DBpedia", "wikidataId": "Q465", "wikipediaExternalRef": 11865154, "lang": "en", "confidence": 0.9107, "offsetStart": 96, "offsetEnd": 103}, "context": "The second part of the query (lines 31-41) checks that the identified resources from the French DBpedia have for its English equivalent (owl:sameAs) at least one of the following types (rdf:type) 6 : dbo:Disease, dbo:Bacteria, yago:WikicatViruses, yago:WikicatRetroviruses, yago:WikicatSurgicalProcedures, yago:WikicatSurgicalRemovalProcedures.", "mentionContextAttributes": {"used": {"value": true, "score": 0.9755234122276306}, "created": {"value": false, "score": 2.562999725341797e-06}, "shared": {"value": false, "score": 8.940696716308594e-07}}, "documentContextAttributes": {"used": {"value": true, "score": 0.9999374747276306}, "created": {"value": true, "score": 0.9998626708984375}, "shared": {"value": true, "score": 0.9556888937950134}}}, {"type": "software", "software-type": "software", "wikidataId": "Q465", "wikipediaExternalRef": 11865154, "lang": "en", "confidence": 0.9107, "software-name": {"rawForm": "DBpedia", "normalizedForm": "DBpedia", "wikidataId": "Q465", "wikipediaExternalRef": 11865154, "lang": "en", "confidence": 0.9107, "offsetStart": 102, "offsetEnd": 109}, "context": "The first step of our approach consists in recognizing named entities from the medical domain part of DBpedia within French texts contained in EMRs.", "mentionContextAttributes": {"used": {"value": false, "score": 0.00020766258239746094}, "created": {"value": true, "score": 0.9241807460784912}, "shared": {"value": false, "score": 1.7881393432617188e-07}}, "documentContextAttributes": {"used": {"value": true, "score": 0.9999374747276306}, "created": {"value": true, "score": 0.9998626708984375}, "shared": {"value": true, "score": 0.9556888937950134}}}, {"type": "software", "software-type": "software", "wikidataId": "Q465", "wikipediaExternalRef": 11865154, "lang": "en", "confidence": 0.9107, "software-name": {"rawForm": "DBpedia", "normalizedForm": "DBpedia", "wikidataId": "Q465", "wikipediaExternalRef": 11865154, "lang": "en", "confidence": 0.9107, "offsetStart": 103, "offsetEnd": 110}, "context": "In [11], we studied the contributions of different knowledge graphs (ATC, ICPC-2, NDF-RT, Wikidata and DBpedia) for hospitalization prediction.", "mentionContextAttributes": {"used": {"value": true, "score": 0.9998030662536621}, "created": {"value": false, "score": 0.0005613565444946289}, "shared": {"value": false, "score": 1.7881393432617188e-07}}, "documentContextAttributes": {"used": {"value": true, "score": 0.9999374747276306}, "created": {"value": true, "score": 0.9998626708984375}, "shared": {"value": true, "score": 0.9556888937950134}}}, {"type": "software", "software-type": "software", "wikidataId": "Q465", "wikipediaExternalRef": 11865154, "lang": "en", "confidence": 0.9107, "software-name": {"rawForm": "DBpedia", "normalizedForm": "DBpedia", "wikidataId": "Q465", "wikipediaExternalRef": 11865154, "lang": "en", "confidence": 0.9107, "offsetStart": 105, "offsetEnd": 112}, "context": "Two general practitioners and one biologist have independently annotated the 285 subjects extracted from DBpedia.", "mentionContextAttributes": {"used": {"value": true, "score": 0.9999374747276306}, "created": {"value": false, "score": 0.00046449899673461914}, "shared": {"value": false, "score": 1.7881393432617188e-07}}, "documentContextAttributes": {"used": {"value": true, "score": 0.9999374747276306}, "created": {"value": true, "score": 0.9998626708984375}, "shared": {"value": true, "score": 0.9556888937950134}}}, {"type": "software", "software-type": "software", "wikidataId": "Q465", "wikipediaExternalRef": 11865154, "lang": "en", "confidence": 0.9052, "software-name": {"rawForm": "DBpedia Spotlight", "normalizedForm": "DBpedia Spotlight", "wikidataId": "Q465", "wikipediaExternalRef": 11865154, "lang": "en", "confidence": 0.9052, "offsetStart": 107, "offsetEnd": 124}, "context": "The creation of vector representations was done on the HP EliteBook and on this same machine were deployed DBpedia Spotlight and Corese Semantic Web Factory [7],7 a software platform for the Semantic Web that implements RDF, RDFS, SPARQL 1.1 Query & Update, and OWL RL.", "mentionContextAttributes": {"used": {"value": true, "score": 0.9801268577575684}, "created": {"value": false, "score": 0.0015379786491394043}, "shared": {"value": false, "score": 1.2516975402832031e-06}}, "documentContextAttributes": {"used": {"value": true, "score": 0.9801268577575684}, "created": {"value": false, "score": 0.0015379786491394043}, "shared": {"value": false, "score": 1.2516975402832031e-06}}}, {"type": "software", "software-type": "software", "wikidataId": "Q1026367", "wikipediaExternalRef": 33490859, "lang": "en", "confidence": 0.7138, "software-name": {"rawForm": "Scikit-Learn", "normalizedForm": "Scikit-Learn", "wikidataId": "Q1026367", "wikipediaExternalRef": 33490859, "lang": "en", "confidence": 0.7138, "offsetStart": 109, "offsetEnd": 121}, "context": "We performed the hospitalization prediction task with different state of the art algorithms available in the Scikit-Learn library [18]. ", "mentionContextAttributes": {"used": {"value": true, "score": 0.9999921917915344}, "created": {"value": false, "score": 0.0002611875534057617}, "shared": {"value": false, "score": 1.7881393432617188e-07}}, "documentContextAttributes": {"used": {"value": true, "score": 0.9999921917915344}, "created": {"value": false, "score": 0.0002611875534057617}, "shared": {"value": false, "score": 1.7881393432617188e-07}}, "references": [{"label": "[18]", "normalizedForm": "[18]", "refKey": 18, "offsetStart": 20657, "offsetEnd": 20661}]}, {"type": "software", "software-type": "software", "wikidataId": "Q465", "wikipediaExternalRef": 11865154, "lang": "en", "confidence": 0.9107, "software-name": {"rawForm": "DBpedia", "normalizedForm": "DBpedia", "wikidataId": "Q465", "wikipediaExternalRef": 11865154, "lang": "en", "confidence": 0.9107, "offsetStart": 114, "offsetEnd": 121}, "context": "The first constraint requires that the identified resources belong to the medical domain of the French chapter of DBpedia.", "mentionContextAttributes": {"used": {"value": true, "score": 0.8965661525726318}, "created": {"value": false, "score": 0.0002014636993408203}, "shared": {"value": false, "score": 7.748603820800781e-07}}, "documentContextAttributes": {"used": {"value": true, "score": 0.9999374747276306}, "created": {"value": true, "score": 0.9998626708984375}, "shared": {"value": true, "score": 0.9556888937950134}}}, {"type": "software", "software-type": "software", "wikidataId": "Q465", "wikipediaExternalRef": 11865154, "lang": "en", "confidence": 0.9107, "software-name": {"rawForm": "DBpedia", "normalizedForm": "DBpedia", "wikidataId": "Q465", "wikipediaExternalRef": 11865154, "lang": "en", "confidence": 0.9107, "offsetStart": 115, "offsetEnd": 122}, "context": "From the URIs of the identified resources, the first part of the query (lines 9-29) accesses the French chapter of DBpedia to check that the value of their property dcterms:subject5 belongs to one of the hierarchies of SKOS concepts (skos:broader, skos:narrower) having for roots the French terms for disease, health, medical genetics, medicine, urgency, treatment, anatomy, addiction and bacteria.", "mentionContextAttributes": {"used": {"value": true, "score": 0.9968699216842651}, "created": {"value": false, "score": 3.874301910400391e-06}, "shared": {"value": false, "score": 7.748603820800781e-07}}, "documentContextAttributes": {"used": {"value": true, "score": 0.9999374747276306}, "created": {"value": true, "score": 0.9998626708984375}, "shared": {"value": true, "score": 0.9556888937950134}}}, {"type": "software", "software-type": "software", "wikidataId": "Q465", "wikipediaExternalRef": 11865154, "lang": "en", "confidence": 0.9052, "software-name": {"rawForm": "DBpedia Spotlight", "normalizedForm": "DBpedia Spotlight", "wikidataId": "Q465", "wikipediaExternalRef": 11865154, "lang": "en", "confidence": 0.9052, "offsetStart": 128, "offsetEnd": 145}, "context": "3 To ensure that the retrieved entities belong to the medical domain, we enforce two constraints on the resources identified by DBpedia Spotlight. ", "mentionContextAttributes": {"used": {"value": true, "score": 0.8703979849815369}, "created": {"value": false, "score": 0.00029981136322021484}, "shared": {"value": false, "score": 2.980232238769531e-07}}, "documentContextAttributes": {"used": {"value": true, "score": 0.9801268577575684}, "created": {"value": false, "score": 0.0015379786491394043}, "shared": {"value": false, "score": 1.2516975402832031e-06}}}, {"type": "software", "software-type": "software", "software-name": {"rawForm": "Corese Semantic Web Factory", "normalizedForm": "Corese Semantic Web Factory", "offsetStart": 129, "offsetEnd": 159}, "context": "The creation of vector representations was done on the HP EliteBook and on this same machine were deployed DBpedia Spotlight and Corese Semantic Web Factory [7],7 a software platform for the Semantic Web that implements RDF, RDFS, SPARQL 1.1 Query & Update, and OWL RL.", "mentionContextAttributes": {"used": {"value": true, "score": 0.9801268577575684}, "created": {"value": false, "score": 0.0015379786491394043}, "shared": {"value": false, "score": 1.2516975402832031e-06}}, "documentContextAttributes": {"used": {"value": true, "score": 0.9801268577575684}, "created": {"value": false, "score": 0.0015379786491394043}, "shared": {"value": false, "score": 1.2516975402832031e-06}}}, {"type": "software", "software-type": "software", "wikidataId": "Q465", "wikipediaExternalRef": 11865154, "lang": "en", "confidence": 0.9107, "software-name": {"rawForm": "DBpedia", "normalizedForm": "DBpedia", "wikidataId": "Q465", "wikipediaExternalRef": 11865154, "lang": "en", "confidence": 0.9107, "offsetStart": 133, "offsetEnd": 140}, "context": "In this paper we extract entities that help predict the hospitalization of patients from their electronic medical records and linked DBpedia1 entities.", "mentionContextAttributes": {"used": {"value": true, "score": 0.9925389289855957}, "created": {"value": true, "score": 0.9998304843902588}, "shared": {"value": false, "score": 2.980232238769531e-07}}, "documentContextAttributes": {"used": {"value": true, "score": 0.9999374747276306}, "created": {"value": true, "score": 0.9998626708984375}, "shared": {"value": true, "score": 0.9556888937950134}}}, {"type": "software", "software-type": "software", "wikidataId": "Q465", "wikipediaExternalRef": 11865154, "lang": "en", "confidence": 0.9107, "software-name": {"rawForm": "DBpedia", "normalizedForm": "DBpedia", "wikidataId": "Q465", "wikipediaExternalRef": 11865154, "lang": "en", "confidence": 0.9107, "offsetStart": 149, "offsetEnd": 156}, "context": "To decide on the optimal vector representation of a patient's EMR, we considered further filtering the list of the labels of concepts extracted from DBpedia, depending on their relevancy for the targeted prediction task.", "mentionContextAttributes": {"used": {"value": true, "score": 0.9999005794525146}, "created": {"value": false, "score": 9.59634780883789e-05}, "shared": {"value": false, "score": 1.1920928955078125e-07}}, "documentContextAttributes": {"used": {"value": true, "score": 0.9999374747276306}, "created": {"value": true, "score": 0.9998626708984375}, "shared": {"value": true, "score": 0.9556888937950134}}}, {"type": "software", "software-type": "software", "wikidataId": "Q465", "wikipediaExternalRef": 11865154, "lang": "en", "confidence": 0.9107, "software-name": {"rawForm": "DBpedia", "normalizedForm": "DBpedia", "wikidataId": "Q465", "wikipediaExternalRef": 11865154, "lang": "en", "confidence": 0.9107, "offsetStart": 150, "offsetEnd": 157}, "context": "Let C i = {c i 1 , c i 2 , ..., c i m } be the bag of concepts for the i t h patient resulting from the extraction of labels of concepts belonging to DBpedia after analysis of his consultations from semi-structured data such as text fields listing drugs, pathologies, and unstructured data from free texts such as observations.", "mentionContextAttributes": {"used": {"value": true, "score": 0.9998162388801575}, "created": {"value": false, "score": 2.5033950805664062e-06}, "shared": {"value": false, "score": 2.384185791015625e-07}}, "documentContextAttributes": {"used": {"value": true, "score": 0.9999374747276306}, "created": {"value": true, "score": 0.9998626708984375}, "shared": {"value": true, "score": 0.9556888937950134}}}, {"type": "software", "software-type": "software", "wikidataId": "Q465", "wikipediaExternalRef": 11865154, "lang": "en", "confidence": 0.9107, "software-name": {"rawForm": "DBpedia", "normalizedForm": "DBpedia", "wikidataId": "Q465", "wikipediaExternalRef": 11865154, "lang": "en", "confidence": 0.9107, "offsetStart": 159, "offsetEnd": 166}, "context": "However, the adopted approach involves domain specific knowledge graphs, while general resources like EMRs require general repositories such as, for instance, DBpedia.", "mentionContextAttributes": {"used": {"value": false, "score": 7.045269012451172e-05}, "created": {"value": false, "score": 0.0013260841369628906}, "shared": {"value": false, "score": 2.384185791015625e-07}}, "documentContextAttributes": {"used": {"value": true, "score": 0.9999374747276306}, "created": {"value": true, "score": 0.9998626708984375}, "shared": {"value": true, "score": 0.9556888937950134}}}, {"type": "software", "software-type": "software", "wikidataId": "Q54871", "wikipediaExternalRef": 2574343, "lang": "en", "confidence": 0.7837, "software-name": {"rawForm": "SPARQL", "normalizedForm": "SPARQL", "wikidataId": "Q54871", "wikipediaExternalRef": 2574343, "lang": "en", "confidence": 0.7837, "offsetStart": 231, "offsetEnd": 237}, "version": {"rawForm": "1.1", "normalizedForm": "1.1", "offsetStart": 238, "offsetEnd": 241}, "context": "The creation of vector representations was done on the HP EliteBook and on this same machine were deployed DBpedia Spotlight and Corese Semantic Web Factory [7],7 a software platform for the Semantic Web that implements RDF, RDFS, SPARQL 1.1 Query & Update, and OWL RL.", "mentionContextAttributes": {"used": {"value": true, "score": 0.9801268577575684}, "created": {"value": false, "score": 0.001537919044494629}, "shared": {"value": false, "score": 1.1920928955078125e-06}}, "documentContextAttributes": {"used": {"value": true, "score": 0.9999494552612305}, "created": {"value": false, "score": 0.001537919044494629}, "shared": {"value": false, "score": 1.1920928955078125e-06}}}, {"type": "software", "software-type": "software", "wikidataId": "Q208218", "wikipediaExternalRef": 475153, "lang": "en", "confidence": 0.5025, "software-name": {"rawForm": "Update", "normalizedForm": "Update", "wikidataId": "Q208218", "wikipediaExternalRef": 475153, "lang": "en", "confidence": 0.5025, "offsetStart": 250, "offsetEnd": 256}, "context": "The creation of vector representations was done on the HP EliteBook and on this same machine were deployed DBpedia Spotlight and Corese Semantic Web Factory [7],7 a software platform for the Semantic Web that implements RDF, RDFS, SPARQL 1.1 Query & Update, and OWL RL.", "mentionContextAttributes": {"used": {"value": true, "score": 0.9801268577575684}, "created": {"value": false, "score": 0.001537919044494629}, "shared": {"value": false, "score": 1.1920928955078125e-06}}, "documentContextAttributes": {"used": {"value": true, "score": 0.9801268577575684}, "created": {"value": false, "score": 0.001537919044494629}, "shared": {"value": false, "score": 1.1920928955078125e-06}}}, {"type": "software", "software-type": "software", "wikidataId": "Q54871", "wikipediaExternalRef": 2574343, "lang": "en", "confidence": 0.7837, "software-name": {"rawForm": "SPARQL", "normalizedForm": "SPARQL", "wikidataId": "Q54871", "wikipediaExternalRef": 2574343, "lang": "en", "confidence": 0.7837, "offsetStart": 258, "offsetEnd": 264}, "version": {"rawForm": "1.1", "normalizedForm": "1.1"}, "context": "On average, 198 subjects were annotated by experts as relevant to the study of patients' hospitalization risks, respectively 217 and 181 for the general practitioners and 196 for the biologist among the 285 subjects proposed with the extraction based on the SPARQL query displayed in Section 3.1.", "mentionContextAttributes": {"used": {"value": true, "score": 0.9999494552612305}, "created": {"value": false, "score": 3.814697265625e-06}, "shared": {"value": false, "score": 2.384185791015625e-07}}, "documentContextAttributes": {"used": {"value": true, "score": 0.9999494552612305}, "created": {"value": false, "score": 0.001537919044494629}, "shared": {"value": false, "score": 1.1920928955078125e-06}}}, {"type": "software", "software-type": "software", "wikidataId": "Q465", "wikipediaExternalRef": 11865154, "lang": "en", "confidence": 0.9107, "software-name": {"rawForm": "DBpedia", "normalizedForm": "DBpedia", "wikidataId": "Q465", "wikipediaExternalRef": 11865154, "lang": "en", "confidence": 0.9107, "offsetStart": 261, "offsetEnd": 268}, "context": "\u2022 baseline: represents our basis of comparison where no enrichment with DBpedia concepts is made on EMR data, i.e., only text data in the form of bag-of-words: V i \u2022 \u03b1: refers to an enrichment of V i with the labels of concepts automatically extracted from the DBpedia knowledge base:", "mentionContextAttributes": {"used": {"value": false, "score": 0.19390851259231567}, "created": {"value": false, "score": 2.384185791015625e-06}, "shared": {"value": false, "score": 3.5762786865234375e-07}}, "documentContextAttributes": {"used": {"value": true, "score": 0.9999374747276306}, "created": {"value": true, "score": 0.9998626708984375}, "shared": {"value": true, "score": 0.9556888937950134}}}], "references": [{"refKey": 18, "tei": "<biblStruct xml:id=\"b18\">\n\t<analytic>\n\t\t<title level=\"a\" type=\"main\">Scikit-learn: Machine Learning in Python</title>\n\t\t<author>\n\t\t\t<persName><forename type=\"first\">F</forename><surname>Pedregosa</surname></persName>\n\t\t</author>\n\t\t<author>\n\t\t\t<persName><forename type=\"first\">G</forename><surname>Varoquaux</surname></persName>\n\t\t</author>\n\t\t<author>\n\t\t\t<persName><forename type=\"first\">A</forename><surname>Gramfort</surname></persName>\n\t\t</author>\n\t\t<author>\n\t\t\t<persName><forename type=\"first\">V</forename><surname>Michel</surname></persName>\n\t\t</author>\n\t\t<author>\n\t\t\t<persName><forename type=\"first\">B</forename><surname>Thirion</surname></persName>\n\t\t</author>\n\t\t<author>\n\t\t\t<persName><forename type=\"first\">O</forename><surname>Grisel</surname></persName>\n\t\t</author>\n\t\t<author>\n\t\t\t<persName><forename type=\"first\">M</forename><surname>Blondel</surname></persName>\n\t\t</author>\n\t\t<author>\n\t\t\t<persName><forename type=\"first\">P</forename><surname>Prettenhofer</surname></persName>\n\t\t</author>\n\t\t<author>\n\t\t\t<persName><forename type=\"first\">R</forename><surname>Weiss</surname></persName>\n\t\t</author>\n\t\t<author>\n\t\t\t<persName><forename type=\"first\">V</forename><surname>Dubourg</surname></persName>\n\t\t</author>\n\t\t<author>\n\t\t\t<persName><forename type=\"first\">J</forename><surname>Vanderplas</surname></persName>\n\t\t</author>\n\t\t<author>\n\t\t\t<persName><forename type=\"first\">A</forename><surname>Passos</surname></persName>\n\t\t</author>\n\t\t<author>\n\t\t\t<persName><forename type=\"first\">D</forename><surname>Cournapeau</surname></persName>\n\t\t</author>\n\t\t<author>\n\t\t\t<persName><forename type=\"first\">M</forename><surname>Brucher</surname></persName>\n\t\t</author>\n\t\t<author>\n\t\t\t<persName><forename type=\"first\">M</forename><surname>Perrot</surname></persName>\n\t\t</author>\n\t\t<author>\n\t\t\t<persName><forename type=\"first\">E</forename><surname>Duchesnay</surname></persName>\n\t\t</author>\n\t</analytic>\n\t<monogr>\n\t\t<title level=\"j\">Journal of Machine Learning Research</title>\n\t\t<imprint>\n\t\t\t<biblScope unit=\"volume\">12</biblScope>\n\t\t\t<biblScope unit=\"page\">2830</biblScope>\n\t\t\t<date>2011. 2011</date>\n\t\t</imprint>\n\t</monogr>\n</biblStruct>\n"}], "runtime": 89408, "id": "1a2b66bfdad364c4d883003b12c0a0eb0afd67ef", "metadata": {"id": "1a2b66bfdad364c4d883003b12c0a0eb0afd67ef"}, "original_file_path": "../../datalake/Samuel/SOFTware-Sync/data/xml_files/hal-02389918.grobid.tei.xml", "file_name": "hal-02389918.grobid.tei.xml"}