{"application": "software-mentions", "version": "0.8.0", "date": "2024-04-12T16:16+0000", "md5": "94DB2A1218D26622485A4AAD77784BC3", "mentions": [{"type": "software", "software-type": "software", "software-name": {"rawForm": "LifeJoin", "normalizedForm": "LifeJoin", "offsetStart": 9, "offsetEnd": 17}, "context": "Overall, LifeJoin is significantly worse in accuracy.", "mentionContextAttributes": {"used": {"value": false, "score": 0.0005106329917907715}, "created": {"value": false, "score": 1.710653305053711e-05}, "shared": {"value": false, "score": 1.7881393432617188e-07}}, "documentContextAttributes": {"used": {"value": true, "score": 0.9988657236099243}, "created": {"value": true, "score": 0.9995989203453064}, "shared": {"value": false, "score": 7.748603820800781e-07}}, "references": [{"label": "[19]", "normalizedForm": "[19]", "refKey": 19}]}, {"type": "software", "software-type": "software", "software-name": {"rawForm": "LifeJoin", "normalizedForm": "LifeJoin", "offsetStart": 15, "offsetEnd": 23}, "context": "We implemented LifeJoin as additional methods in our system. ", "mentionContextAttributes": {"used": {"value": false, "score": 7.027387619018555e-05}, "created": {"value": true, "score": 0.9995989203453064}, "shared": {"value": false, "score": 2.980232238769531e-07}}, "documentContextAttributes": {"used": {"value": true, "score": 0.9988657236099243}, "created": {"value": true, "score": 0.9995989203453064}, "shared": {"value": false, "score": 7.748603820800781e-07}}, "references": [{"label": "[19]", "normalizedForm": "[19]", "refKey": 19}]}, {"type": "software", "software-type": "software", "software-name": {"rawForm": "LifeJoin", "normalizedForm": "LifeJoin", "offsetStart": 23, "offsetEnd": 31}, "context": "Besides, both Aide and LifeJoin assume noise-free conditions and cannot handle label noise.", "mentionContextAttributes": {"used": {"value": false, "score": 0.00019931793212890625}, "created": {"value": false, "score": 1.9252300262451172e-05}, "shared": {"value": false, "score": 7.748603820800781e-07}}, "documentContextAttributes": {"used": {"value": true, "score": 0.9988657236099243}, "created": {"value": true, "score": 0.9995989203453064}, "shared": {"value": false, "score": 7.748603820800781e-07}}, "references": [{"label": "[19]", "normalizedForm": "[19]", "refKey": 19}]}, {"type": "software", "software-type": "software", "software-name": {"rawForm": "LifeJoin", "normalizedForm": "LifeJoin", "offsetStart": 27, "offsetEnd": 35}, "context": "The closest to our work is LifeJoin [19], which we compared in Section 6.2.", "mentionContextAttributes": {"used": {"value": true, "score": 0.9988657236099243}, "created": {"value": false, "score": 4.369020462036133e-05}, "shared": {"value": false, "score": 2.980232238769531e-07}}, "documentContextAttributes": {"used": {"value": true, "score": 0.9988657236099243}, "created": {"value": true, "score": 0.9995989203453064}, "shared": {"value": false, "score": 7.748603820800781e-07}}, "references": [{"label": "[19]", "normalizedForm": "[19]", "refKey": 19, "offsetStart": 106213, "offsetEnd": 106217}]}, {"type": "software", "software-type": "software", "software-name": {"rawForm": "LifeJoin", "normalizedForm": "LifeJoin", "offsetStart": 31, "offsetEnd": 39}, "context": "(2) For the 4D query, Aide and LifeJoin drop to below 10% in accuracy, while our system achieves 99% within 140 iterations.", "mentionContextAttributes": {"used": {"value": false, "score": 0.02698749303817749}, "created": {"value": false, "score": 4.690885543823242e-05}, "shared": {"value": false, "score": 1.7881393432617188e-07}}, "documentContextAttributes": {"used": {"value": true, "score": 0.9988657236099243}, "created": {"value": true, "score": 0.9995989203453064}, "shared": {"value": false, "score": 7.748603820800781e-07}}, "references": [{"label": "[19]", "normalizedForm": "[19]", "refKey": 19}]}, {"type": "software", "software-type": "software", "software-name": {"rawForm": "LifeJoin", "normalizedForm": "LifeJoin", "offsetStart": 56, "offsetEnd": 64}, "context": "But it differs in the SVM implementation from our work: LifeJoin proposed a hybrid approach that utilizes program synthesis to generate a number of interest functions (each function can be treated as a weak learner and the group forms an ensemble), and uses an SVM to find the weights for the generated functions. ", "mentionContextAttributes": {"used": {"value": false, "score": 5.167722702026367e-05}, "created": {"value": true, "score": 0.9754215478897095}, "shared": {"value": false, "score": 4.172325134277344e-07}}, "documentContextAttributes": {"used": {"value": true, "score": 0.9988657236099243}, "created": {"value": true, "score": 0.9995989203453064}, "shared": {"value": false, "score": 7.748603820800781e-07}}, "references": [{"label": "[19]", "normalizedForm": "[19]", "refKey": 19}]}, {"type": "software", "software-type": "software", "software-name": {"rawForm": "LifeJoin", "normalizedForm": "LifeJoin", "offsetStart": 77, "offsetEnd": 85}, "context": "(1) For the 2D query, our system outperforms Aide, which further outperforms LifeJoin.", "mentionContextAttributes": {"used": {"value": false, "score": 0.07902055978775024}, "created": {"value": false, "score": 9.459257125854492e-05}, "shared": {"value": false, "score": 4.172325134277344e-07}}, "documentContextAttributes": {"used": {"value": true, "score": 0.9988657236099243}, "created": {"value": true, "score": 0.9995989203453064}, "shared": {"value": false, "score": 7.748603820800781e-07}}, "references": [{"label": "[19]", "normalizedForm": "[19]", "refKey": 19}]}, {"type": "software", "software-type": "software", "software-name": {"rawForm": "LifeJoin", "normalizedForm": "LifeJoin", "offsetStart": 81, "offsetEnd": 94}, "context": "We next compare our system to two state-of-the-art exploreby-example systems: 1) LifeJoin [19] uses SVM for classification and active learning for seeking the next example for labeling. ", "mentionContextAttributes": {"used": {"value": false, "score": 0.00025975704193115234}, "created": {"value": false, "score": 0.001797497272491455}, "shared": {"value": false, "score": 1.7881393432617188e-07}}, "documentContextAttributes": {"used": {"value": true, "score": 0.9988657236099243}, "created": {"value": true, "score": 0.9995989203453064}, "shared": {"value": false, "score": 7.748603820800781e-07}}, "references": [{"label": "[19]", "normalizedForm": "[19]", "refKey": 19}]}, {"type": "software", "software-type": "software", "software-name": {"rawForm": "PostgreSQL", "normalizedForm": "PostgreSQL", "offsetStart": 115, "offsetEnd": 125}, "context": "We implemented all of our proposed techniques in a Pythonbased prototype for data exploration, which connects to a PostgreSQL database. ", "mentionContextAttributes": {"used": {"value": false, "score": 4.9591064453125e-05}, "created": {"value": true, "score": 0.9998959302902222}, "shared": {"value": false, "score": 2.384185791015625e-07}}, "documentContextAttributes": {"used": {"value": false, "score": 4.9591064453125e-05}, "created": {"value": true, "score": 0.9998959302902222}, "shared": {"value": false, "score": 2.384185791015625e-07}}}, {"type": "software", "software-type": "software", "software-name": {"rawForm": "LifeJoin", "normalizedForm": "LifeJoin", "offsetStart": 145, "offsetEnd": 153}, "context": "The previous results showed that in the noise-free cases, (1) AL-SVM outperforms AL-KNN + , AL-KNN -and AS, (2) the alternative systems Aide and LifeJoin are greatly inferior to DSM F and they are often defeated by AL-SVM.", "mentionContextAttributes": {"used": {"value": true, "score": 0.9317911267280579}, "created": {"value": false, "score": 2.2649765014648438e-06}, "shared": {"value": false, "score": 2.384185791015625e-07}}, "documentContextAttributes": {"used": {"value": true, "score": 0.9988657236099243}, "created": {"value": true, "score": 0.9995989203453064}, "shared": {"value": false, "score": 7.748603820800781e-07}}, "references": [{"label": "[19]", "normalizedForm": "[19]", "refKey": 19}]}, {"type": "software", "software-type": "software", "software-name": {"rawForm": "scikit-learn", "normalizedForm": "scikit-learn", "offsetStart": 149, "offsetEnd": 161}, "context": "The new distance estimation method mainly consists of three steps: 1) Collect border points: We run a k-nearest neighbors algorithm (provided by the scikit-learn library 5 ) on the entire dataset and collect the examples whose neighbors contain at least t (t \u2265 1) examples(s) from the other class. ", "mentionContextAttributes": {"used": {"value": false, "score": 0.028455793857574463}, "created": {"value": false, "score": 0.005887210369110107}, "shared": {"value": false, "score": 2.384185791015625e-07}}, "documentContextAttributes": {"used": {"value": false, "score": 0.028455793857574463}, "created": {"value": false, "score": 0.005887210369110107}, "shared": {"value": false, "score": 2.384185791015625e-07}}}, {"type": "software", "software-type": "software", "software-name": {"rawForm": "LifeJoin", "normalizedForm": "LifeJoin", "offsetStart": 180, "offsetEnd": 188}, "context": "In this section, we evaluate our techniques and compare to recent active learning algorithms [13,28], active search [33], and explore-by-example systems including Aide [23,24] and LifeJoin [19].", "mentionContextAttributes": {"used": {"value": false, "score": 0.04443228244781494}, "created": {"value": false, "score": 0.0007306933403015137}, "shared": {"value": false, "score": 1.1920928955078125e-07}}, "documentContextAttributes": {"used": {"value": true, "score": 0.9988657236099243}, "created": {"value": true, "score": 0.9995989203453064}, "shared": {"value": false, "score": 7.748603820800781e-07}}, "references": [{"label": "[19]", "normalizedForm": "[19]", "refKey": 19, "offsetStart": 82248, "offsetEnd": 82252}]}, {"type": "software", "software-type": "software", "software-name": {"rawForm": "LifeJoin", "normalizedForm": "LifeJoin", "offsetStart": 194, "offsetEnd": 202}, "context": "For these queries, DSM F significantly outperforms learning methods including Active Learning (AL) [13,28] and Active Search [33], as well as recent explore-by-example systems, Aide [23,24] and LifeJoin [19].", "mentionContextAttributes": {"used": {"value": false, "score": 0.0004127621650695801}, "created": {"value": false, "score": 4.410743713378906e-06}, "shared": {"value": false, "score": 1.1920928955078125e-07}}, "documentContextAttributes": {"used": {"value": true, "score": 0.9988657236099243}, "created": {"value": true, "score": 0.9995989203453064}, "shared": {"value": false, "score": 7.748603820800781e-07}}, "references": [{"label": "[19]", "normalizedForm": "[19]", "refKey": 19, "offsetStart": 12737, "offsetEnd": 12741}]}, {"type": "software", "software-type": "software", "software-name": {"rawForm": "LifeJoin", "normalizedForm": "LifeJoin", "offsetStart": 227, "offsetEnd": 235}, "context": "Our main results include the following: (1) In the absence of label noise, our algorithm significantly outperforms active learning [13,28], active search [33], and existing explore-by-example systems including Aide [23,24] and LifeJoin [19], in accuracy and convergence speed.", "mentionContextAttributes": {"used": {"value": false, "score": 0.027113378047943115}, "created": {"value": false, "score": 0.004874169826507568}, "shared": {"value": false, "score": 2.384185791015625e-07}}, "documentContextAttributes": {"used": {"value": true, "score": 0.9988657236099243}, "created": {"value": true, "score": 0.9995989203453064}, "shared": {"value": false, "score": 7.748603820800781e-07}}, "references": [{"label": "[19]", "normalizedForm": "[19]", "refKey": 19, "offsetStart": 113091, "offsetEnd": 113095}]}, {"type": "software", "software-type": "software", "software-name": {"rawForm": "getUserLabel", "normalizedForm": "getUserLabel", "offsetStart": 264, "offsetEnd": 276}, "context": "Therefore, we use a sampling ratio, \u03b3, to alternate between the sampling methods, S D and Algorithm 1 Dual-Space Algorithm for Convex Queries Input: database D, initial labeled data set D 0 , accuracy threshold \u03bb, sampling ratio \u03b3, unlabeled pool size m 1: D lu \u2190 getUserLabel(x) 28: until accu \u2265 \u03bb or reachedMaxNum() 29: finalRetrieval(D, (R + , R -), classif ier) S V . ", "mentionContextAttributes": {"used": {"value": true, "score": 0.9999618530273438}, "created": {"value": false, "score": 1.1920928955078125e-06}, "shared": {"value": false, "score": 3.5762786865234375e-07}}, "documentContextAttributes": {"used": {"value": true, "score": 0.9999618530273438}, "created": {"value": false, "score": 1.1920928955078125e-06}, "shared": {"value": false, "score": 3.5762786865234375e-07}}}], "references": [{"refKey": 19, "tei": "<biblStruct xml:id=\"b19\">\n\t<analytic>\n\t\t<title level=\"a\" type=\"main\">Using program synthesis for social recommendations</title>\n\t\t<author>\n\t\t\t<persName><forename type=\"first\">Alvin</forename><surname>Cheung</surname></persName>\n\t\t</author>\n\t\t<author>\n\t\t\t<persName><forename type=\"first\">Armando</forename><surname>Solar-Lezama</surname></persName>\n\t\t</author>\n\t\t<author>\n\t\t\t<persName><forename type=\"first\">Samuel</forename><surname>Madden</surname></persName>\n\t\t</author>\n\t\t<idno type=\"DOI\">10.1145/2396761.2398507</idno>\n\t</analytic>\n\t<monogr>\n\t\t<title level=\"m\">Proceedings of the 21st ACM international conference on Information and knowledge management</title>\n\t\t<meeting>the 21st ACM international conference on Information and knowledge management</meeting>\n\t\t<imprint>\n\t\t\t<publisher>ACM</publisher>\n\t\t\t<date type=\"published\" when=\"2012-10-29\">2012</date>\n\t\t\t<biblScope unit=\"page\">1736</biblScope>\n\t\t</imprint>\n\t</monogr>\n</biblStruct>\n"}], "runtime": 79879, "id": "32ef2c955449bce58d0b20f9ffa4a2d9bf4b5eb7", "metadata": {"id": "32ef2c955449bce58d0b20f9ffa4a2d9bf4b5eb7"}, "original_file_path": "../../datalake/Samuel/SOFTware-Sync/data/xml_files/hal-04414815.grobid.tei.xml", "file_name": "hal-04414815.grobid.tei.xml"}