{"application": "software-mentions", "version": "0.8.0", "date": "2024-04-12T16:14+0000", "md5": "0B36228305C0AED283B06D6F80D6E341", "mentions": [{"type": "software", "software-type": "software", "software-name": {"rawForm": "NTNMerged", "normalizedForm": "NTNMerged", "offsetStart": 7, "offsetEnd": 16}, "context": "IV) in NTNMerged that is the ontology containing the largest number of individuals (see Table V). ", "mentionContextAttributes": {"used": {"value": true, "score": 0.9999599456787109}, "created": {"value": false, "score": 7.62939453125e-06}, "shared": {"value": false, "score": 1.1920928955078125e-07}}, "documentContextAttributes": {"used": {"value": true, "score": 0.9999599456787109}, "created": {"value": false, "score": 0.0004678964614868164}, "shared": {"value": false, "score": 2.384185791015625e-07}}}, {"type": "software", "software-type": "software", "software-name": {"rawForm": "NTNMerged", "normalizedForm": "NTNMerged", "offsetStart": 73, "offsetEnd": 82}, "context": "\u2022 The metric Combination metrics (r) discovers more rules than RARD from NTNMerged, but fewer from the Financial and Biopax KBs. ", "mentionContextAttributes": {"used": {"value": true, "score": 0.8634312152862549}, "created": {"value": false, "score": 7.867813110351562e-06}, "shared": {"value": false, "score": 1.1920928955078125e-07}}, "documentContextAttributes": {"used": {"value": true, "score": 0.9999599456787109}, "created": {"value": false, "score": 0.0004678964614868164}, "shared": {"value": false, "score": 2.384185791015625e-07}}}, {"type": "software", "software-type": "software", "software-name": {"rawForm": "NTNMerged", "normalizedForm": "NTNMerged", "offsetStart": 94, "offsetEnd": 103}, "context": "Another reason is that the number of individuals in Financial and Biopax is less than that of NTNMerged.", "mentionContextAttributes": {"used": {"value": false, "score": 0.1395290493965149}, "created": {"value": false, "score": 0.00010132789611816406}, "shared": {"value": false, "score": 2.384185791015625e-07}}, "documentContextAttributes": {"used": {"value": true, "score": 0.9999599456787109}, "created": {"value": false, "score": 0.0004678964614868164}, "shared": {"value": false, "score": 2.384185791015625e-07}}}, {"type": "software", "software-type": "software", "software-name": {"rawForm": "NTNMerged", "normalizedForm": "NTNMerged", "offsetStart": 241, "offsetEnd": 250}, "context": "The EDMAR algorithm is applied to the same publicly available ontologies used in [15]: Financial, 3 describing the banking domain; Biological Pathways Exchange (BioPAX), 4describing biological pathway data; and New Testament Names Ontology (NTNMerged), 5 describing named entities in the New Testament.", "mentionContextAttributes": {"used": {"value": true, "score": 0.6933849453926086}, "created": {"value": false, "score": 0.0004678964614868164}, "shared": {"value": false, "score": 2.384185791015625e-07}}, "documentContextAttributes": {"used": {"value": true, "score": 0.9999599456787109}, "created": {"value": false, "score": 0.0004678964614868164}, "shared": {"value": false, "score": 2.384185791015625e-07}}}], "references": [], "runtime": 31551, "id": "96a0d7818b405a6366512d32467342aec4c8f420", "metadata": {"id": "96a0d7818b405a6366512d32467342aec4c8f420"}, "original_file_path": "../../datalake/Samuel/SOFTware-Sync/data/xml_files/hal-02084977.grobid.tei.xml", "file_name": "hal-02084977.grobid.tei.xml"}