{"application": "software-mentions", "version": "0.8.0", "date": "2024-04-12T17:16+0000", "md5": "414AB00EB41BC6B7A98F361489B3CACA", "mentions": [{"type": "software", "software-type": "software", "software-name": {"rawForm": "STAR", "normalizedForm": "STAR", "offsetStart": 0, "offsetEnd": 9}, "context": "STAR [28] uses the RDF graph taxonomy to reduce the search space. ", "mentionContextAttributes": {"used": {"value": false, "score": 0.04141509532928467}, "created": {"value": false, "score": 2.384185791015625e-06}, "shared": {"value": false, "score": 1.1920928955078125e-07}}, "documentContextAttributes": {"used": {"value": false, "score": 0.04141509532928467}, "created": {"value": false, "score": 2.384185791015625e-06}, "shared": {"value": false, "score": 1.1920928955078125e-07}}}, {"type": "software", "software-type": "software", "software-name": {"rawForm": "ObjectRank", "normalizedForm": "ObjectRank", "offsetStart": 0, "offsetEnd": 15}, "context": "ObjectRank [12] assumes availability of a schema graph. ", "mentionContextAttributes": {"used": {"value": false, "score": 0.00017756223678588867}, "created": {"value": false, "score": 1.5497207641601562e-06}, "shared": {"value": false, "score": 2.384185791015625e-07}}, "documentContextAttributes": {"used": {"value": false, "score": 0.00017756223678588867}, "created": {"value": false, "score": 1.5497207641601562e-06}, "shared": {"value": false, "score": 2.384185791015625e-07}}}], "references": [], "runtime": 72993, "id": "da91f95dfb347ee0b28ca345f02793458ac87a65", "metadata": {"id": "da91f95dfb347ee0b28ca345f02793458ac87a65"}, "original_file_path": "../../datalake/Samuel/SOFTware-Sync/data/xml_not_sofctied/hal-04199455.grobid.tei.xml", "file_name": "hal-04199455.grobid.tei.xml"}