{"application": "software-mentions", "version": "0.8.0", "date": "2024-04-12T17:02+0000", "md5": "EE4F4B2E346BA5989AC48774358339F6", "mentions": [{"type": "software", "software-type": "software", "software-name": {"rawForm": "FTBNER", "normalizedForm": "FTBNER", "offsetStart": 0, "offsetEnd": 6}, "context": "FTBNER consists of sentences annotated with named entities. ", "mentionContextAttributes": {"used": {"value": false, "score": 0.031072020530700684}, "created": {"value": false, "score": 0.015636146068572998}, "shared": {"value": false, "score": 2.980232238769531e-07}}, "documentContextAttributes": {"used": {"value": true, "score": 0.999986469745636}, "created": {"value": false, "score": 0.015636146068572998}, "shared": {"value": false, "score": 2.980232238769531e-07}}, "references": [{"label": "[41]", "normalizedForm": "[41]", "refKey": 41}]}, {"type": "software", "software-type": "software", "software-name": {"rawForm": "conlleval", "normalizedForm": "conlleval", "offsetStart": 0, "offsetEnd": 9}, "context": "conlleval evaluates exact matches, i.e., both the text segment of the proposed entity and its type, need to match \"gold standard\" annotation, to be considered correct. ", "mentionContextAttributes": {"used": {"value": false, "score": 0.00028002262115478516}, "created": {"value": false, "score": 1.627206802368164e-05}, "shared": {"value": false, "score": 2.980232238769531e-07}}, "documentContextAttributes": {"used": {"value": true, "score": 0.9999960064888}, "created": {"value": false, "score": 1.627206802368164e-05}, "shared": {"value": false, "score": 2.980232238769531e-07}}}, {"type": "software", "software-type": "implicit", "software-name": {"rawForm": "script", "normalizedForm": "script", "offsetStart": 4, "offsetEnd": 10}, "context": "The script https://www.clips.uantwerpen.be/conll2002/ner/ ", "mentionContextAttributes": {"used": {"value": false, "score": 0.00016069412231445312}, "created": {"value": false, "score": 7.146596908569336e-05}, "shared": {"value": true, "score": 0.9699797034263611}}, "documentContextAttributes": {"used": {"value": false, "score": 0.00016069412231445312}, "created": {"value": false, "score": 7.146596908569336e-05}, "shared": {"value": true, "score": 0.9699797034263611}}}, {"type": "software", "software-type": "software", "software-name": {"rawForm": "Ambiverse", "normalizedForm": "Ambiverse", "offsetStart": 8, "offsetEnd": 17}, "context": "In each Ambiverse module, the CAS object containing the document receives new annotations, which are used by the next module. ", "mentionContextAttributes": {"used": {"value": false, "score": 0.02291947603225708}, "created": {"value": false, "score": 5.2869319915771484e-05}, "shared": {"value": false, "score": 4.172325134277344e-07}}, "documentContextAttributes": {"used": {"value": true, "score": 0.9997966289520264}, "created": {"value": true, "score": 0.9966779947280884}, "shared": {"value": false, "score": 5.364418029785156e-07}}}, {"type": "software", "software-type": "software", "wikidataId": "Q192490", "wikipediaExternalRef": 23824, "lang": "en", "confidence": 0.9154, "software-name": {"rawForm": "PostgreSQL", "normalizedForm": "PostgreSQL", "wikidataId": "Q192490", "wikipediaExternalRef": 23824, "lang": "en", "confidence": 0.9154, "offsetStart": 18, "offsetEnd": 28}, "version": {"rawForm": "12.4", "normalizedForm": "12.4"}, "context": "Storing the graph PostgreSQL dominates the loading time in the absence of extraction, or when using SNER. ", "mentionContextAttributes": {"used": {"value": false, "score": 0.002222120761871338}, "created": {"value": false, "score": 4.112720489501953e-06}, "shared": {"value": false, "score": 1.7881393432617188e-07}}, "documentContextAttributes": {"used": {"value": true, "score": 0.9991586804389954}, "created": {"value": false, "score": 0.006234169006347656}, "shared": {"value": false, "score": 0.00017070770263671875}}}, {"type": "software", "software-type": "implicit", "software-name": {"rawForm": "code", "normalizedForm": "code", "offsetStart": 25, "offsetEnd": 29}, "context": "It also comprises Python code (6.300 lines) which implements entity extraction (Section 4) and content extraction from PDF documents to JSON (see [8]), tasks for which the most suitable libraries are in Python.", "mentionContextAttributes": {"used": {"value": false, "score": 0.010077953338623047}, "created": {"value": false, "score": 0.00019979476928710938}, "shared": {"value": false, "score": 5.364418029785156e-07}}, "documentContextAttributes": {"used": {"value": false, "score": 0.010077953338623047}, "created": {"value": false, "score": 0.00019979476928710938}, "shared": {"value": false, "score": 5.364418029785156e-07}}}, {"type": "software", "software-type": "software", "software-name": {"rawForm": "FTBNER", "normalizedForm": "FTBNER", "offsetStart": 35, "offsetEnd": 41}, "context": "For evaluation, we used the entire FTBNER dataset [41].", "mentionContextAttributes": {"used": {"value": true, "score": 0.999986469745636}, "created": {"value": false, "score": 1.9669532775878906e-06}, "shared": {"value": false, "score": 1.7881393432617188e-07}}, "documentContextAttributes": {"used": {"value": true, "score": 0.999986469745636}, "created": {"value": false, "score": 0.015636146068572998}, "shared": {"value": false, "score": 2.980232238769531e-07}}, "references": [{"label": "[41]", "normalizedForm": "[41]", "refKey": 41, "offsetStart": 65255, "offsetEnd": 65259}]}, {"type": "software", "software-type": "software", "software-name": {"rawForm": "Ambiverse", "normalizedForm": "Ambiverse", "offsetStart": 35, "offsetEnd": 44}, "context": "For what concerns the second task, Ambiverse takes an input text and passes it through a text processing pipeline consisting of tokenization (separating words), part-of-speech (POS) tagging, which identifies nouns, verbs, etc., NER, and finally NED. ", "mentionContextAttributes": {"used": {"value": false, "score": 0.013692796230316162}, "created": {"value": false, "score": 3.55839729309082e-05}, "shared": {"value": false, "score": 5.364418029785156e-07}}, "documentContextAttributes": {"used": {"value": true, "score": 0.9997966289520264}, "created": {"value": true, "score": 0.9966779947280884}, "shared": {"value": false, "score": 5.364418029785156e-07}}}, {"type": "software", "software-type": "software", "software-name": {"rawForm": "Mediapart", "normalizedForm": "Mediapart", "offsetStart": 39, "offsetEnd": 48}, "context": "We crawled the French online newspaper Mediapart and obtained 256 articles for the search keywords \"corona, chloroquine, covid\" (256 documents), and 886 for \"economie, chomage, crise, budget\" (1142 documents and 18.4 MB overall). ", "mentionContextAttributes": {"used": {"value": true, "score": 0.999934732913971}, "created": {"value": false, "score": 6.884336471557617e-05}, "shared": {"value": false, "score": 8.940696716308594e-07}}, "documentContextAttributes": {"used": {"value": true, "score": 0.999934732913971}, "created": {"value": false, "score": 6.884336471557617e-05}, "shared": {"value": false, "score": 8.940696716308594e-07}}}, {"type": "software", "software-type": "software", "software-name": {"rawForm": "conlleval", "normalizedForm": "conlleval", "offsetStart": 46, "offsetEnd": 55}, "context": "To get an aggregated, single quality measure, conlleval computes the micro-average precision, recall, and F 1-score over all recognized entity instances, of all named-entity types.", "mentionContextAttributes": {"used": {"value": true, "score": 0.5091885328292847}, "created": {"value": false, "score": 8.761882781982422e-06}, "shared": {"value": false, "score": 2.980232238769531e-07}}, "documentContextAttributes": {"used": {"value": true, "score": 0.9999960064888}, "created": {"value": false, "score": 1.627206802368164e-05}, "shared": {"value": false, "score": 2.980232238769531e-07}}}, {"type": "software", "software-type": "software", "wikidataId": "Q192490", "wikipediaExternalRef": 23824, "lang": "en", "confidence": 0.9154, "software-name": {"rawForm": "PostgreSQL", "normalizedForm": "PostgreSQL", "wikidataId": "Q192490", "wikipediaExternalRef": 23824, "lang": "en", "confidence": 0.9154, "offsetStart": 48, "offsetEnd": 58}, "version": {"rawForm": "12.4", "normalizedForm": "12.4"}, "context": "The DBMS used to store our graphs (Figure 2) is PostgreSQL, accessed through JDBC. ", "mentionContextAttributes": {"used": {"value": true, "score": 0.9942070841789246}, "created": {"value": false, "score": 1.615285873413086e-05}, "shared": {"value": false, "score": 0.00017070770263671875}}, "documentContextAttributes": {"used": {"value": true, "score": 0.9991586804389954}, "created": {"value": false, "score": 0.006234169006347656}, "shared": {"value": false, "score": 0.00017070770263671875}}}, {"type": "software", "software-type": "software", "software-name": {"rawForm": "FTBNER", "normalizedForm": "FTBNER", "offsetStart": 49, "offsetEnd": 55}, "context": "Thus we evaluate the module's performance on the FTBNER dataset previously introduced. ", "mentionContextAttributes": {"used": {"value": true, "score": 0.9994581937789917}, "created": {"value": false, "score": 0.006716489791870117}, "shared": {"value": false, "score": 1.7881393432617188e-07}}, "documentContextAttributes": {"used": {"value": true, "score": 0.999986469745636}, "created": {"value": false, "score": 0.015636146068572998}, "shared": {"value": false, "score": 2.980232238769531e-07}}, "references": [{"label": "[41]", "normalizedForm": "[41]", "refKey": 41}]}, {"type": "software", "software-type": "software", "software-name": {"rawForm": "Ambiverse", "normalizedForm": "Ambiverse", "offsetStart": 49, "offsetEnd": 58}, "context": "Text and annotations are stored and processed in Ambiverse using the UIMA standard 6 . ", "mentionContextAttributes": {"used": {"value": true, "score": 0.9939658045768738}, "created": {"value": false, "score": 9.119510650634766e-06}, "shared": {"value": false, "score": 1.7881393432617188e-07}}, "documentContextAttributes": {"used": {"value": true, "score": 0.9997966289520264}, "created": {"value": true, "score": 0.9966779947280884}, "shared": {"value": false, "score": 5.364418029785156e-07}}}, {"type": "software", "software-type": "software", "software-name": {"rawForm": "Ambiverse", "normalizedForm": "Ambiverse", "offsetStart": 56, "offsetEnd": 65}, "context": "We built our NED module based on AIDA [26], part of the Ambiverse4 framework; AIDA maps entities to resources in YAGO 3 [35] and Wikidata [47].", "mentionContextAttributes": {"used": {"value": false, "score": 0.36816656589508057}, "created": {"value": false, "score": 0.4105883240699768}, "shared": {"value": false, "score": 2.980232238769531e-07}}, "documentContextAttributes": {"used": {"value": true, "score": 0.9997966289520264}, "created": {"value": true, "score": 0.9966779947280884}, "shared": {"value": false, "score": 5.364418029785156e-07}}}, {"type": "software", "software-type": "software", "software-name": {"rawForm": "Ambiverse", "normalizedForm": "Ambiverse", "offsetStart": 59, "offsetEnd": 68}, "context": "The performance is comparable with the one reported by the Ambiverse authors for English.", "mentionContextAttributes": {"used": {"value": true, "score": 0.9825366735458374}, "created": {"value": false, "score": 3.55839729309082e-05}, "shared": {"value": false, "score": 4.172325134277344e-07}}, "documentContextAttributes": {"used": {"value": true, "score": 0.9997966289520264}, "created": {"value": true, "score": 0.9966779947280884}, "shared": {"value": false, "score": 5.364418029785156e-07}}}, {"type": "software", "software-type": "software", "software-name": {"rawForm": "Ambiverse", "normalizedForm": "Ambiverse", "offsetStart": 61, "offsetEnd": 70}, "context": "For the first task, in collaboration with the maintainers of Ambiverse5 , we built a new dataset for French, containing the information required for AIDA.", "mentionContextAttributes": {"used": {"value": false, "score": 0.0012433528900146484}, "created": {"value": true, "score": 0.9966779947280884}, "shared": {"value": false, "score": 1.7881393432617188e-07}}, "documentContextAttributes": {"used": {"value": true, "score": 0.9997966289520264}, "created": {"value": true, "score": 0.9966779947280884}, "shared": {"value": false, "score": 5.364418029785156e-07}}}, {"type": "software", "software-type": "software", "software-name": {"rawForm": "Ambiverse", "normalizedForm": "Ambiverse", "offsetStart": 68, "offsetEnd": 77}, "context": "Our work consisted of (i) adding support for French (not present in Ambiverse), and (ii) integrating our own NER module (Section 4) within the Ambiverse framework.", "mentionContextAttributes": {"used": {"value": false, "score": 0.08889156579971313}, "created": {"value": true, "score": 0.9734204411506653}, "shared": {"value": false, "score": 2.980232238769531e-07}}, "documentContextAttributes": {"used": {"value": true, "score": 0.9997966289520264}, "created": {"value": true, "score": 0.9966779947280884}, "shared": {"value": false, "score": 5.364418029785156e-07}}}, {"type": "software", "software-type": "software", "software-name": {"rawForm": "Ambiverse", "normalizedForm": "Ambiverse", "offsetStart": 70, "offsetEnd": 79}, "context": "To integrate our Flair-based extractor (Section 4), we deployed a new Ambiverse processing pipeline, to which we pass as input both the input text and the extracted entities.", "mentionContextAttributes": {"used": {"value": true, "score": 0.9565852284431458}, "created": {"value": true, "score": 0.9965932369232178}, "shared": {"value": false, "score": 1.7881393432617188e-07}}, "documentContextAttributes": {"used": {"value": true, "score": 0.9997966289520264}, "created": {"value": true, "score": 0.9966779947280884}, "shared": {"value": false, "score": 5.364418029785156e-07}}}, {"type": "software", "software-type": "software", "software-name": {"rawForm": "conlleval", "normalizedForm": "conlleval", "offsetStart": 73, "offsetEnd": 82}, "context": "We measured the precision, recall, and F 1-score of each model using the conlleval evaluation script, previously used for such tasks 10 .", "mentionContextAttributes": {"used": {"value": true, "score": 0.9999960064888}, "created": {"value": false, "score": 9.119510650634766e-06}, "shared": {"value": false, "score": 1.7881393432617188e-07}}, "documentContextAttributes": {"used": {"value": true, "score": 0.9999960064888}, "created": {"value": false, "score": 1.627206802368164e-05}, "shared": {"value": false, "score": 2.980232238769531e-07}}}, {"type": "software", "software-type": "software", "software-name": {"rawForm": "Ambiverse", "normalizedForm": "Ambiverse", "offsetStart": 74, "offsetEnd": 83}, "context": "We deployed the latter on a dedicated Inria server, adapting the original Ambiverse code to our new pipeline introduced in Section 5; the disambiguator consists of 842 Java classes.", "mentionContextAttributes": {"used": {"value": true, "score": 0.9337936043739319}, "created": {"value": true, "score": 0.9322789311408997}, "shared": {"value": false, "score": 2.980232238769531e-07}}, "documentContextAttributes": {"used": {"value": true, "score": 0.9997966289520264}, "created": {"value": true, "score": 0.9966779947280884}, "shared": {"value": false, "score": 5.364418029785156e-07}}}, {"type": "software", "software-type": "software", "wikidataId": "Q192490", "wikipediaExternalRef": 23824, "lang": "en", "confidence": 0.9154, "software-name": {"rawForm": "PostgreSQL", "normalizedForm": "PostgreSQL", "wikidataId": "Q192490", "wikipediaExternalRef": 23824, "lang": "en", "confidence": 0.9154, "offsetStart": 82, "offsetEnd": 92}, "version": {"rawForm": "12.4", "normalizedForm": "12.4"}, "context": "In other cases, we allowed node labels to approximately match a keyword (based on PostgreSQL' stemming and string pattern matching); such keywords are shown in italic in the table. ", "mentionContextAttributes": {"used": {"value": true, "score": 0.9991586804389954}, "created": {"value": false, "score": 0.0013785958290100098}, "shared": {"value": false, "score": 2.980232238769531e-07}}, "documentContextAttributes": {"used": {"value": true, "score": 0.9991586804389954}, "created": {"value": false, "score": 0.006234169006347656}, "shared": {"value": false, "score": 0.00017070770263671875}}}, {"type": "software", "software-type": "software", "software-name": {"rawForm": "SNER", "normalizedForm": "SNER", "offsetStart": 90, "offsetEnd": 94}, "context": "While Flair is slower, its results are qualitatively much better than those obtained with SNER (see Section 11.2.2 below). ", "mentionContextAttributes": {"used": {"value": false, "score": 0.024585425853729248}, "created": {"value": false, "score": 2.5212764739990234e-05}, "shared": {"value": false, "score": 1.7881393432617188e-07}}, "documentContextAttributes": {"used": {"value": true, "score": 0.8941109776496887}, "created": {"value": false, "score": 2.5212764739990234e-05}, "shared": {"value": false, "score": 1.7881393432617188e-07}}}, {"type": "software", "software-type": "software", "software-name": {"rawForm": "Ambiverse", "normalizedForm": "Ambiverse", "offsetStart": 99, "offsetEnd": 108}, "context": "The performance for English has been measured on the CoNLL-YAGO dataset [26], by the developers of Ambiverse. ", "mentionContextAttributes": {"used": {"value": true, "score": 0.9997966289520264}, "created": {"value": false, "score": 1.615285873413086e-05}, "shared": {"value": false, "score": 1.7881393432617188e-07}}, "documentContextAttributes": {"used": {"value": true, "score": 0.9997966289520264}, "created": {"value": true, "score": 0.9966779947280884}, "shared": {"value": false, "score": 5.364418029785156e-07}}}, {"type": "software", "software-type": "software", "software-name": {"rawForm": "SNER", "normalizedForm": "SNER", "offsetStart": 100, "offsetEnd": 104}, "context": "Storing the graph PostgreSQL dominates the loading time in the absence of extraction, or when using SNER. ", "mentionContextAttributes": {"used": {"value": false, "score": 0.002222120761871338}, "created": {"value": false, "score": 4.112720489501953e-06}, "shared": {"value": false, "score": 1.7881393432617188e-07}}, "documentContextAttributes": {"used": {"value": true, "score": 0.8941109776496887}, "created": {"value": false, "score": 2.5212764739990234e-05}, "shared": {"value": false, "score": 1.7881393432617188e-07}}}, {"type": "software", "software-type": "software", "software-name": {"rawForm": "SNER", "normalizedForm": "SNER", "offsetStart": 106, "offsetEnd": 110}, "context": "In Figure 7, we load the triples using several configurations: without any entity extraction (NONE); with SNER entity extraction, without and then with disambiguation; with FLAIR entity extraction, without and then with disambiguation.", "mentionContextAttributes": {"used": {"value": true, "score": 0.8941109776496887}, "created": {"value": false, "score": 7.748603820800781e-06}, "shared": {"value": false, "score": 1.1920928955078125e-07}}, "documentContextAttributes": {"used": {"value": true, "score": 0.8941109776496887}, "created": {"value": false, "score": 2.5212764739990234e-05}, "shared": {"value": false, "score": 1.7881393432617188e-07}}}, {"type": "software", "software-type": "software", "software-name": {"rawForm": "Ambiverse", "normalizedForm": "Ambiverse", "offsetStart": 143, "offsetEnd": 152}, "context": "Our work consisted of (i) adding support for French (not present in Ambiverse), and (ii) integrating our own NER module (Section 4) within the Ambiverse framework.", "mentionContextAttributes": {"used": {"value": false, "score": 0.08889150619506836}, "created": {"value": true, "score": 0.9734203815460205}, "shared": {"value": false, "score": 2.384185791015625e-07}}, "documentContextAttributes": {"used": {"value": true, "score": 0.9997966289520264}, "created": {"value": true, "score": 0.9966779947280884}, "shared": {"value": false, "score": 5.364418029785156e-07}}}, {"type": "software", "software-type": "software", "wikidataId": "Q192490", "wikipediaExternalRef": 23824, "lang": "en", "confidence": 0.9154, "software-name": {"rawForm": "PostgreSQL", "normalizedForm": "PostgreSQL", "wikidataId": "Q192490", "wikipediaExternalRef": 23824, "lang": "en", "confidence": 0.9154, "offsetStart": 164, "offsetEnd": 174}, "version": {"rawForm": "12.4", "normalizedForm": "12.4", "offsetStart": 175, "offsetEnd": 179}, "context": "For our experiments, we used a regular server from 2016, equipped with 2x10-core Intel Xeon E5-2640 (Broadwell) CPUs clocked at 2.40GHz, and 128GB DRAM, which uses PostgreSQL 12.4 to store the graph content in a set of tables. ", "mentionContextAttributes": {"used": {"value": true, "score": 0.9783832430839539}, "created": {"value": false, "score": 0.006234169006347656}, "shared": {"value": false, "score": 1.5497207641601562e-06}}, "documentContextAttributes": {"used": {"value": true, "score": 0.9991586804389954}, "created": {"value": false, "score": 0.006234169006347656}, "shared": {"value": false, "score": 0.00017070770263671875}}}], "references": [{"refKey": 41, "tei": "<biblStruct xml:id=\"b41\">\n\t<monogr>\n\t\t<author>\n\t\t\t<persName><forename type=\"first\">B</forename><surname>Sagot</surname></persName>\n\t\t</author>\n\t\t<author>\n\t\t\t<persName><forename type=\"first\">M</forename><surname>Richard</surname></persName>\n\t\t</author>\n\t\t<author>\n\t\t\t<persName><forename type=\"first\">R</forename><surname>Stern</surname></persName>\n\t\t</author>\n\t\t<title level=\"m\">Referential named entity annotation of the Paris 7 French TreeBank)</title>\n\t\t<imprint>\n\t\t\t<publisher>TALN</publisher>\n\t\t\t<date>2012</date>\n\t\t</imprint>\n\t</monogr>\n</biblStruct>\n"}], "runtime": 96633, "id": "a1f3fb6e1ecd1c7eb48a8a4e1502b36c271135f7", "metadata": {"id": "a1f3fb6e1ecd1c7eb48a8a4e1502b36c271135f7"}, "original_file_path": "../../datalake/Samuel/SOFTware-Sync/data/xml_not_sofctied/hal-03150441.grobid.tei.xml", "file_name": "hal-03150441.grobid.tei.xml"}