{"application": "software-mentions", "version": "0.8.0", "date": "2024-04-12T16:09+0000", "md5": "BE3400A3876111D03B84D1CB8825DBC0", "mentions": [{"type": "software", "software-type": "software", "software-name": {"rawForm": "DBpedia spotlight", "normalizedForm": "DBpedia spotlight", "offsetStart": 51, "offsetEnd": 68}, "context": "Finally, the comparison with the experiments using DBpedia spotlight for NER confirms that the introduction of domain knowledge in the recommendation process is beneficial and helps enhance the performance of the system even when one cannot rely on a high-quality NER method.", "mentionContextAttributes": {"used": {"value": false, "score": 0.31880855560302734}, "created": {"value": false, "score": 7.021427154541016e-05}, "shared": {"value": false, "score": 2.384185791015625e-07}}, "documentContextAttributes": {"used": {"value": true, "score": 0.9994334578514099}, "created": {"value": false, "score": 0.039170682430267334}, "shared": {"value": false, "score": 2.384185791015625e-07}}, "references": [{"label": "[10]", "normalizedForm": "[10]", "refKey": 10}]}, {"type": "software", "software-type": "software", "software-name": {"rawForm": "DBpedia spotlight", "normalizedForm": "DBpedia spotlight", "offsetStart": 82, "offsetEnd": 102}, "context": "Table IV presents the results on dataset A when named entities are extracted with DBpedia spotlight [9], [10].", "mentionContextAttributes": {"used": {"value": true, "score": 0.9632707834243774}, "created": {"value": false, "score": 2.86102294921875e-06}, "shared": {"value": false, "score": 1.1920928955078125e-07}}, "documentContextAttributes": {"used": {"value": true, "score": 0.9994334578514099}, "created": {"value": false, "score": 0.039170682430267334}, "shared": {"value": false, "score": 2.384185791015625e-07}}, "references": [{"label": "[10]", "normalizedForm": "[10]", "refKey": 10, "offsetStart": 11463, "offsetEnd": 11467}]}, {"type": "software", "software-type": "software", "software-name": {"rawForm": "DBpedia spotlight", "normalizedForm": "DBpedia spotlight", "offsetStart": 247, "offsetEnd": 264}, "context": "In order to evaluate to what extent the performance of our proposed approach depends on the method adopted to automatically annotate the descriptions of the service requests and providers, we conducted some additional experiments in which we used DBpedia spotlight 6 for NER. ", "mentionContextAttributes": {"used": {"value": true, "score": 0.9994334578514099}, "created": {"value": false, "score": 0.039170682430267334}, "shared": {"value": false, "score": 1.1920928955078125e-07}}, "documentContextAttributes": {"used": {"value": true, "score": 0.9994334578514099}, "created": {"value": false, "score": 0.039170682430267334}, "shared": {"value": false, "score": 2.384185791015625e-07}}, "references": [{"label": "[10]", "normalizedForm": "[10]", "refKey": 10}]}], "references": [{"refKey": 10, "tei": "<biblStruct xml:id=\"b10\">\n\t<analytic>\n\t\t<title level=\"a\" type=\"main\">Improving efficiency and accuracy in multilingual entity extraction</title>\n\t\t<author>\n\t\t\t<persName><forename type=\"first\">Joachim</forename><surname>Daiber</surname></persName>\n\t\t</author>\n\t\t<author>\n\t\t\t<persName><forename type=\"first\">Max</forename><surname>Jakob</surname></persName>\n\t\t</author>\n\t\t<author>\n\t\t\t<persName><forename type=\"first\">Chris</forename><surname>Hokamp</surname></persName>\n\t\t</author>\n\t\t<author>\n\t\t\t<persName><forename type=\"first\">Pablo</forename><forename type=\"middle\">N</forename><surname>Mendes</surname></persName>\n\t\t</author>\n\t\t<idno type=\"DOI\">10.1145/2506182.2506198</idno>\n\t</analytic>\n\t<monogr>\n\t\t<title level=\"m\">Proceedings of the 9th International Conference on Semantic Systems</title>\n\t\t<meeting>the 9th International Conference on Semantic Systems</meeting>\n\t\t<imprint>\n\t\t\t<publisher>ACM</publisher>\n\t\t\t<date type=\"published\" when=\"2013-09-04\">2013</date>\n\t\t</imprint>\n\t</monogr>\n</biblStruct>\n"}], "runtime": 75754, "id": "a09327292ecf3d8d704260e0bb29fa0a011cf28d", "metadata": {"id": "a09327292ecf3d8d704260e0bb29fa0a011cf28d"}, "original_file_path": "../../datalake/Samuel/SOFTware-Sync/data/xml_files/hal-02996442.grobid.tei.xml", "file_name": "hal-02996442.grobid.tei.xml"}