{"application": "software-mentions", "version": "0.8.0", "date": "2024-04-12T17:15+0000", "md5": "BC119007604A38BA1F6BBDC9A7CEEB05", "mentions": [{"type": "software", "software-type": "software", "software-name": {"rawForm": "Kepler", "normalizedForm": "Kepler", "offsetStart": 0, "offsetEnd": 10}, "context": "Kepler [2] manages a persistent cache of intermediate data in the cloud, but does not take data transfers from remote servers into account. ", "mentionContextAttributes": {"used": {"value": false, "score": 0.0013613104820251465}, "created": {"value": false, "score": 2.294778823852539e-05}, "shared": {"value": false, "score": 2.980232238769531e-07}}, "documentContextAttributes": {"used": {"value": false, "score": 0.0013613104820251465}, "created": {"value": false, "score": 2.294778823852539e-05}, "shared": {"value": false, "score": 2.980232238769531e-07}}}, {"type": "software", "software-type": "software", "software-name": {"rawForm": "VisTrails", "normalizedForm": "VisTrails", "offsetStart": 0, "offsetEnd": 13}, "context": "VisTrails [4] automatically makes the intermediate data persistent with the workflow definition. ", "mentionContextAttributes": {"used": {"value": false, "score": 0.0010786652565002441}, "created": {"value": false, "score": 2.086162567138672e-06}, "shared": {"value": false, "score": 1.7881393432617188e-07}}, "documentContextAttributes": {"used": {"value": false, "score": 0.0010786652565002441}, "created": {"value": false, "score": 2.7239322662353516e-05}, "shared": {"value": false, "score": 2.980232238769531e-07}}}, {"type": "software", "software-type": "software", "software-name": {"rawForm": "OpenAlea", "normalizedForm": "OpenAlea", "offsetStart": 3, "offsetEnd": 11}, "context": "In OpenAlea, this is provided by a lazy evaluation technique, i.e. the intermediate data is simply kept in memory after the execution of a workflow. ", "mentionContextAttributes": {"used": {"value": false, "score": 0.00048297643661499023}, "created": {"value": false, "score": 0.00011819601058959961}, "shared": {"value": false, "score": 1.7881393432617188e-07}}, "documentContextAttributes": {"used": {"value": true, "score": 0.6281790137290955}, "created": {"value": true, "score": 0.9994322061538696}, "shared": {"value": false, "score": 2.384185791015625e-07}}}, {"type": "software", "software-type": "software", "software-name": {"rawForm": "VisTrails", "normalizedForm": "VisTrails", "offsetStart": 20, "offsetEnd": 29}, "context": "With a plugin [20], VisTrails allows SWf execution in HPC environments, but does not benefit from reusing intermediate data. ", "mentionContextAttributes": {"used": {"value": false, "score": 4.571676254272461e-05}, "created": {"value": false, "score": 2.7239322662353516e-05}, "shared": {"value": false, "score": 2.980232238769531e-07}}, "documentContextAttributes": {"used": {"value": false, "score": 0.0010786652565002441}, "created": {"value": false, "score": 2.7239322662353516e-05}, "shared": {"value": false, "score": 2.980232238769531e-07}}}, {"type": "software", "software-type": "software", "software-name": {"rawForm": "OpenAlea", "normalizedForm": "OpenAlea", "offsetStart": 35, "offsetEnd": 43}, "context": "We implemented our solution in the OpenAlea system and performed extensive experiments on real data with the Phenomenal workflow, with 11 Terabytes of raw data. ", "mentionContextAttributes": {"used": {"value": false, "score": 0.04384458065032959}, "created": {"value": true, "score": 0.9842271208763123}, "shared": {"value": false, "score": 1.7881393432617188e-07}}, "documentContextAttributes": {"used": {"value": true, "score": 0.6281790137290955}, "created": {"value": true, "score": 0.9994322061538696}, "shared": {"value": false, "score": 2.384185791015625e-07}}}, {"type": "software", "software-type": "software", "software-name": {"rawForm": "OpenAlea Phenomenal", "normalizedForm": "OpenAlea Phenomenal", "offsetStart": 36, "offsetEnd": 55}, "context": "For this purpose, we developped the OpenAlea Phenomenal software package [3]. ", "mentionContextAttributes": {"used": {"value": false, "score": 7.110834121704102e-05}, "created": {"value": true, "score": 0.9999174475669861}, "shared": {"value": false, "score": 1.4722347259521484e-05}}, "documentContextAttributes": {"used": {"value": false, "score": 7.110834121704102e-05}, "created": {"value": true, "score": 0.9999174475669861}, "shared": {"value": false, "score": 1.4722347259521484e-05}}}, {"type": "software", "software-type": "software", "software-name": {"rawForm": "OpenAlea", "normalizedForm": "OpenAlea", "offsetStart": 48, "offsetEnd": 56}, "context": "We evaluated our solution by implementing it in OpenAlea and performing extensive experiments on real data with a complex data-intensive application in plant phenotyping.", "mentionContextAttributes": {"used": {"value": false, "score": 0.08290350437164307}, "created": {"value": true, "score": 0.9994322061538696}, "shared": {"value": false, "score": 1.7881393432617188e-07}}, "documentContextAttributes": {"used": {"value": true, "score": 0.6281790137290955}, "created": {"value": true, "score": 0.9994322061538696}, "shared": {"value": false, "score": 2.384185791015625e-07}}}, {"type": "software", "software-type": "software", "software-name": {"rawForm": "OpenAlea", "normalizedForm": "OpenAlea", "offsetStart": 52, "offsetEnd": 60}, "context": "We evaluated our solution by implementing it in the OpenAlea system and performing extensive experiments on real data with a data-intensive application in plant phenotyping. ", "mentionContextAttributes": {"used": {"value": false, "score": 0.15725362300872803}, "created": {"value": true, "score": 0.9985740184783936}, "shared": {"value": false, "score": 1.7881393432617188e-07}}, "documentContextAttributes": {"used": {"value": true, "score": 0.6281790137290955}, "created": {"value": true, "score": 0.9994322061538696}, "shared": {"value": false, "score": 2.384185791015625e-07}}}, {"type": "software", "software-type": "software", "software-name": {"rawForm": "OpenAlea", "normalizedForm": "OpenAlea", "offsetStart": 61, "offsetEnd": 69}, "context": "We implemented the Phenomenal workflow (see Section 2) using OpenAlea and deployed it on the different nodes using the Conda multi-OS package manager. ", "mentionContextAttributes": {"used": {"value": true, "score": 0.6281790137290955}, "created": {"value": false, "score": 0.44193601608276367}, "shared": {"value": false, "score": 1.1920928955078125e-07}}, "documentContextAttributes": {"used": {"value": true, "score": 0.6281790137290955}, "created": {"value": true, "score": 0.9994322061538696}, "shared": {"value": false, "score": 2.384185791015625e-07}}}, {"type": "software", "software-type": "software", "software-name": {"rawForm": "Cassandra", "normalizedForm": "Cassandra", "offsetStart": 69, "offsetEnd": 78}, "url": {"rawForm": "https://cassandra.apache. org", "normalizedForm": "https://cassandra.apache. org"}, "context": "The metadata repositories are stored on the same node (N2) using the Cassandra key-value store.", "mentionContextAttributes": {"used": {"value": true, "score": 0.9269943237304688}, "created": {"value": false, "score": 3.5762786865234375e-06}, "shared": {"value": false, "score": 2.384185791015625e-07}}, "documentContextAttributes": {"used": {"value": true, "score": 0.9269943237304688}, "created": {"value": false, "score": 0.013242185115814209}, "shared": {"value": false, "score": 0.0011295676231384277}}}, {"type": "software", "software-type": "software", "software-name": {"rawForm": "OpenAlea", "normalizedForm": "OpenAlea", "offsetStart": 73, "offsetEnd": 81}, "context": "Some examples of such SWfMS are Swift/T, Pegasus, SciCumulus, Kepler and OpenAlea, the latter being widely used in plant science for simulation and analysis.", "mentionContextAttributes": {"used": {"value": false, "score": 7.033348083496094e-05}, "created": {"value": false, "score": 0.0003522634506225586}, "shared": {"value": false, "score": 2.384185791015625e-07}}, "documentContextAttributes": {"used": {"value": true, "score": 0.6281790137290955}, "created": {"value": true, "score": 0.9994322061538696}, "shared": {"value": false, "score": 2.384185791015625e-07}}}, {"type": "software", "software-type": "software", "software-name": {"rawForm": "CacheScore", "normalizedForm": "CacheScore", "offsetStart": 77, "offsetEnd": 87}, "context": "Based on this data compression ratio, a cache provisioning score, denoted by CacheScore, is defined. ", "mentionContextAttributes": {"used": {"value": false, "score": 0.07234060764312744}, "created": {"value": false, "score": 1.811981201171875e-05}, "shared": {"value": false, "score": 2.384185791015625e-07}}, "documentContextAttributes": {"used": {"value": false, "score": 0.4882810115814209}, "created": {"value": false, "score": 1.811981201171875e-05}, "shared": {"value": false, "score": 2.384185791015625e-07}}}, {"type": "software", "software-type": "software", "software-name": {"rawForm": "CacheScore", "normalizedForm": "CacheScore", "offsetStart": 88, "offsetEnd": 98}, "context": "Then, during each task t execution, the task manager calls the cache manager to compute CacheScore(t).", "mentionContextAttributes": {"used": {"value": false, "score": 0.4882810115814209}, "created": {"value": false, "score": 1.4901161193847656e-05}, "shared": {"value": false, "score": 1.1920928955078125e-07}}, "documentContextAttributes": {"used": {"value": false, "score": 0.4882810115814209}, "created": {"value": false, "score": 1.811981201171875e-05}, "shared": {"value": false, "score": 2.384185791015625e-07}}}, {"type": "software", "software-type": "software", "software-name": {"rawForm": "Cassandra", "normalizedForm": "Cassandra", "offsetStart": 98, "offsetEnd": 107}, "url": {"rawForm": "https://cassandra.apache. org", "normalizedForm": "https://cassandra.apache. org", "offsetStart": 109, "offsetEnd": 138}, "context": "A good solution for implementing these metadata repositories is a modern key-value store, such as Cassandra (https://cassandra.apache. org), which provides efficient key-based access, scalability and fault-tolerance through replication in a shared-nothing cluster.", "mentionContextAttributes": {"used": {"value": false, "score": 4.184246063232422e-05}, "created": {"value": false, "score": 0.013242185115814209}, "shared": {"value": false, "score": 0.0011295676231384277}}, "documentContextAttributes": {"used": {"value": true, "score": 0.9269943237304688}, "created": {"value": false, "score": 0.013242185115814209}, "shared": {"value": false, "score": 0.0011295676231384277}}}, {"type": "software", "software-type": "software", "software-name": {"rawForm": "Yarn", "normalizedForm": "Yarn", "offsetStart": 159, "offsetEnd": 163}, "context": "There are three kinds of nodes, master, compute and data nodes, which are all mapped to cluster nodes at configuration time, e.g. using a cluster manager like Yarn ( http://hadoop.apache.org). ", "mentionContextAttributes": {"used": {"value": false, "score": 0.004040539264678955}, "created": {"value": false, "score": 0.00014317035675048828}, "shared": {"value": false, "score": 7.987022399902344e-06}}, "documentContextAttributes": {"used": {"value": false, "score": 0.004040539264678955}, "created": {"value": false, "score": 0.00014317035675048828}, "shared": {"value": false, "score": 7.987022399902344e-06}}}], "references": [], "runtime": 34374, "id": "8f0b3ba79fc5fe114a4b8f50090f65c690c69565", "metadata": {"id": "8f0b3ba79fc5fe114a4b8f50090f65c690c69565"}, "original_file_path": "../../datalake/Samuel/SOFTware-Sync/data/xml_not_sofctied/hal-02174445.grobid.tei.xml", "file_name": "hal-02174445.grobid.tei.xml"}