{"application": "software-mentions", "version": "0.8.0", "date": "2024-04-12T17:16+0000", "md5": "E38CC8A17846613C3483B6B235E391FC", "mentions": [{"type": "software", "software-type": "software", "software-name": {"rawForm": "Code", "normalizedForm": "Code", "offsetStart": 0, "offsetEnd": 4}, "context": "Code Ocean [37]. ", "mentionContextAttributes": {"used": {"value": true, "score": 0.9993670582771301}, "created": {"value": false, "score": 5.060434341430664e-05}, "shared": {"value": false, "score": 5.364418029785156e-07}}, "documentContextAttributes": {"used": {"value": true, "score": 0.9993670582771301}, "created": {"value": false, "score": 0.3665330410003662}, "shared": {"value": false, "score": 0.06844699382781982}}, "references": [{"label": "[37]", "normalizedForm": "[37]", "refKey": 36, "offsetStart": 14029, "offsetEnd": 14033}]}, {"type": "software", "software-type": "software", "software-name": {"rawForm": "Code", "normalizedForm": "Code", "offsetStart": 0, "offsetEnd": 4}, "context": "Code Ocean provides scalable compute and storage resources hosted on Amazon Web Services. ", "mentionContextAttributes": {"used": {"value": false, "score": 8.314847946166992e-05}, "created": {"value": false, "score": 0.0013203620910644531}, "shared": {"value": false, "score": 0.06844699382781982}}, "documentContextAttributes": {"used": {"value": true, "score": 0.9993670582771301}, "created": {"value": false, "score": 0.3665330410003662}, "shared": {"value": false, "score": 0.06844699382781982}}, "references": [{"label": "[37]", "normalizedForm": "[37]", "refKey": 36}]}, {"type": "software", "software-type": "software", "software-name": {"rawForm": "Kaggle", "normalizedForm": "Kaggle", "offsetStart": 0, "offsetEnd": 6}, "context": "Kaggle is a subsidiary of Google and, like Colab, it provides free access to GPUs as well as a repository of community-published (more than 10.3 million users) datasets (more than 50K public datasets) and code (e.g., machine learning code) with more than 400K public notebooks. ", "mentionContextAttributes": {"used": {"value": false, "score": 0.0004699826240539551}, "created": {"value": false, "score": 0.004907786846160889}, "shared": {"value": false, "score": 0.01567065715789795}}, "documentContextAttributes": {"used": {"value": true, "score": 0.9802776575088501}, "created": {"value": false, "score": 0.34171605110168457}, "shared": {"value": false, "score": 0.01567065715789795}}, "references": [{"label": "[21]", "normalizedForm": "[21]", "refKey": 20}]}, {"type": "software", "software-type": "software", "software-name": {"rawForm": "Kaggle", "normalizedForm": "Kaggle", "offsetStart": 0, "offsetEnd": 6}, "context": "Kaggle is integrated with AI Hub and is popular in the data science and machine learning communities. ", "mentionContextAttributes": {"used": {"value": false, "score": 4.762411117553711e-05}, "created": {"value": false, "score": 0.005502164363861084}, "shared": {"value": false, "score": 8.940696716308594e-07}}, "documentContextAttributes": {"used": {"value": true, "score": 0.9802776575088501}, "created": {"value": false, "score": 0.34171605110168457}, "shared": {"value": false, "score": 0.01567065715789795}}, "references": [{"label": "[21]", "normalizedForm": "[21]", "refKey": 20}]}, {"type": "software", "software-type": "software", "software-name": {"rawForm": "Kaggle", "normalizedForm": "Kaggle", "offsetStart": 0, "offsetEnd": 6}, "context": "Kaggle is also well-known for promoting Community Competitions in machine learning at no cost. ", "mentionContextAttributes": {"used": {"value": false, "score": 0.00021576881408691406}, "created": {"value": false, "score": 0.34171605110168457}, "shared": {"value": false, "score": 1.1324882507324219e-06}}, "documentContextAttributes": {"used": {"value": true, "score": 0.9802776575088501}, "created": {"value": false, "score": 0.34171605110168457}, "shared": {"value": false, "score": 0.01567065715789795}}, "references": [{"label": "[21]", "normalizedForm": "[21]", "refKey": 20}]}, {"type": "software", "software-type": "software", "software-name": {"rawForm": "E2Clab", "normalizedForm": "E2Clab", "offsetStart": 0, "offsetEnd": 6}, "context": "E2Clab [53] is an open-source framework (available at [6]) that implements a rigorous methodology (illustrated in Figure 3) for designing experiments with real-world workloads on the Edge-to-Cloud Continuum.", "mentionContextAttributes": {"used": {"value": false, "score": 9.065866470336914e-05}, "created": {"value": false, "score": 0.2187519669532776}, "shared": {"value": false, "score": 0.0008091330528259277}}, "documentContextAttributes": {"used": {"value": true, "score": 0.6050313711166382}, "created": {"value": true, "score": 0.9828186631202698}, "shared": {"value": false, "score": 0.0008091330528259277}}, "references": [{"label": "[53]", "normalizedForm": "[53]", "refKey": 53, "offsetStart": 10952, "offsetEnd": 10956}]}, {"type": "software", "software-type": "software", "software-name": {"rawForm": "E2Clab", "normalizedForm": "E2Clab", "offsetStart": 0, "offsetEnd": 6}, "context": "E2Clab sits on top of EnOSlib [36] to enforce the experiment configurations on testbeds.", "mentionContextAttributes": {"used": {"value": false, "score": 0.0017265677452087402}, "created": {"value": false, "score": 7.325410842895508e-05}, "shared": {"value": false, "score": 1.7881393432617188e-07}}, "documentContextAttributes": {"used": {"value": true, "score": 0.6050313711166382}, "created": {"value": true, "score": 0.9828186631202698}, "shared": {"value": false, "score": 0.0008091330528259277}}, "references": [{"label": "[53]", "normalizedForm": "[53]", "refKey": 53}]}, {"type": "software", "software-type": "software", "wikidataId": "Q9366", "wikipediaExternalRef": 12431, "lang": "en", "confidence": 0.7949, "software-name": {"rawForm": "Google", "normalizedForm": "Google", "wikidataId": "Q9366", "wikipediaExternalRef": 12431, "lang": "en", "confidence": 0.7949, "offsetStart": 0, "offsetEnd": 6}, "context": "Google Colab [18].", "mentionContextAttributes": {"used": {"value": true, "score": 0.6892978549003601}, "created": {"value": false, "score": 3.49879264831543e-05}, "shared": {"value": false, "score": 5.364418029785156e-07}}, "documentContextAttributes": {"used": {"value": true, "score": 0.6892978549003601}, "created": {"value": false, "score": 0.010153591632843018}, "shared": {"value": false, "score": 0.42029863595962524}}, "references": [{"label": "[18]", "normalizedForm": "[18]", "refKey": 17, "offsetStart": 11948, "offsetEnd": 11952}]}, {"type": "software", "software-type": "software", "software-name": {"rawForm": "E2Clab", "normalizedForm": "E2Clab", "offsetStart": 0, "offsetEnd": 6}, "context": "E2Clab abstracts all the complexities of deploying and executing experiments across various testbeds.", "mentionContextAttributes": {"used": {"value": false, "score": 8.672475814819336e-05}, "created": {"value": false, "score": 0.015259861946105957}, "shared": {"value": false, "score": 2.980232238769531e-07}}, "documentContextAttributes": {"used": {"value": true, "score": 0.6050313711166382}, "created": {"value": true, "score": 0.9828186631202698}, "shared": {"value": false, "score": 0.0008091330528259277}}, "references": [{"label": "[53]", "normalizedForm": "[53]", "refKey": 53}]}, {"type": "software", "software-type": "software", "software-name": {"rawForm": "Kaggle", "normalizedForm": "Kaggle", "offsetStart": 0, "offsetEnd": 10}, "context": "Kaggle [21]. ", "mentionContextAttributes": {"used": {"value": true, "score": 0.9802776575088501}, "created": {"value": false, "score": 2.4616718292236328e-05}, "shared": {"value": false, "score": 5.364418029785156e-07}}, "documentContextAttributes": {"used": {"value": true, "score": 0.9802776575088501}, "created": {"value": false, "score": 0.34171605110168457}, "shared": {"value": false, "score": 0.01567065715789795}}, "references": [{"label": "[21]", "normalizedForm": "[21]", "refKey": 20}]}, {"type": "software", "software-type": "software", "software-name": {"rawForm": "JupyterLab", "normalizedForm": "JupyterLab", "offsetStart": 0, "offsetEnd": 10}, "context": "JupyterLab refers to a web-based user interface providing mainly: notebook, terminal, text editor, file browser, and rich outputs.", "mentionContextAttributes": {"used": {"value": false, "score": 7.599592208862305e-05}, "created": {"value": false, "score": 0.004107415676116943}, "shared": {"value": false, "score": 0.012181460857391357}}, "documentContextAttributes": {"used": {"value": false, "score": 0.02245938777923584}, "created": {"value": true, "score": 0.9828186631202698}, "shared": {"value": false, "score": 0.012181460857391357}}}, {"type": "software", "software-type": "software", "wikidataId": "Q2659957", "wikipediaExternalRef": 11322015, "lang": "en", "confidence": 0.8307, "software-name": {"rawForm": "Jupyter", "normalizedForm": "Jupyter", "wikidataId": "Q2659957", "wikipediaExternalRef": 11322015, "lang": "en", "confidence": 0.8307, "offsetStart": 4, "offsetEnd": 11}, "context": "The Jupyter project consists of JupyterHub, JupyterLab, and notebooks.", "mentionContextAttributes": {"used": {"value": false, "score": 0.0031741857528686523}, "created": {"value": false, "score": 0.008646607398986816}, "shared": {"value": false, "score": 0.0042417049407958984}}, "documentContextAttributes": {"used": {"value": true, "score": 0.6050313711166382}, "created": {"value": false, "score": 0.4870779514312744}, "shared": {"value": false, "score": 0.42029863595962524}}}, {"type": "software", "software-type": "software", "software-name": {"rawForm": "JupyterLab", "normalizedForm": "JupyterLab", "offsetStart": 4, "offsetEnd": 14}, "context": "The JupyterLab is packaged with code, data, environment configurations, and experiment results. ", "mentionContextAttributes": {"used": {"value": false, "score": 0.00038486719131469727}, "created": {"value": false, "score": 0.0013214349746704102}, "shared": {"value": false, "score": 2.980232238769531e-07}}, "documentContextAttributes": {"used": {"value": false, "score": 0.02245938777923584}, "created": {"value": true, "score": 0.9828186631202698}, "shared": {"value": false, "score": 0.012181460857391357}}}, {"type": "software", "software-type": "software", "software-name": {"rawForm": "JupyterLab", "normalizedForm": "JupyterLab", "offsetStart": 4, "offsetEnd": 14}, "context": "The JupyterLab service is set up with the E2Clab framework as the experimental methodology.", "mentionContextAttributes": {"used": {"value": false, "score": 0.00043636560440063477}, "created": {"value": false, "score": 0.39459580183029175}, "shared": {"value": false, "score": 1.7285346984863281e-06}}, "documentContextAttributes": {"used": {"value": false, "score": 0.02245938777923584}, "created": {"value": true, "score": 0.9828186631202698}, "shared": {"value": false, "score": 0.012181460857391357}}}, {"type": "software", "software-type": "software", "wikidataId": "Q2659957", "wikipediaExternalRef": 11322015, "lang": "en", "confidence": 0.8307, "software-name": {"rawForm": "Jupyter", "normalizedForm": "Jupyter", "wikidataId": "Q2659957", "wikipediaExternalRef": 11322015, "lang": "en", "confidence": 0.8307, "offsetStart": 8, "offsetEnd": 15}, "context": "Through Jupyter notebooks and the E2Clab configuration files, the authors describe and explain the experiment design choices such as the layers (e.g., Edge and Cloud), the services (e.g., the Edge client and the Cloud server), the network constraints, and the application workflow execution.", "mentionContextAttributes": {"used": {"value": false, "score": 0.18350714445114136}, "created": {"value": false, "score": 0.002994537353515625}, "shared": {"value": false, "score": 4.172325134277344e-07}}, "documentContextAttributes": {"used": {"value": true, "score": 0.6050313711166382}, "created": {"value": false, "score": 0.4870779514312744}, "shared": {"value": false, "score": 0.42029863595962524}}}, {"type": "software", "software-type": "software", "software-name": {"rawForm": "Code", "normalizedForm": "Code", "offsetStart": 9, "offsetEnd": 13}, "context": "Finally, Code Ocean provides a public Capsule Repository [9] with more than 1K research capsules.", "mentionContextAttributes": {"used": {"value": false, "score": 6.908178329467773e-05}, "created": {"value": false, "score": 6.586313247680664e-05}, "shared": {"value": false, "score": 4.172325134277344e-07}}, "documentContextAttributes": {"used": {"value": true, "score": 0.9993670582771301}, "created": {"value": false, "score": 0.3665330410003662}, "shared": {"value": false, "score": 0.06844699382781982}}, "references": [{"label": "[37]", "normalizedForm": "[37]", "refKey": 36}]}, {"type": "software", "software-type": "software", "wikidataId": "Q2659957", "wikipediaExternalRef": 11322015, "lang": "en", "confidence": 0.8307, "software-name": {"rawForm": "Jupyter", "normalizedForm": "Jupyter", "wikidataId": "Q2659957", "wikipediaExternalRef": 11322015, "lang": "en", "confidence": 0.8307, "offsetStart": 12, "offsetEnd": 19}, "context": "open-source Jupyter notebook format [19], and come with the most popular AI libraries and frameworks installed (e.g., Scikit-Learn [50], TensorFlow [31], PyTorch [49], etc.) and allow users to run python code through the browser.", "mentionContextAttributes": {"used": {"value": false, "score": 0.0009027719497680664}, "created": {"value": false, "score": 3.93986701965332e-05}, "shared": {"value": false, "score": 0.00039643049240112305}}, "documentContextAttributes": {"used": {"value": true, "score": 0.6050313711166382}, "created": {"value": false, "score": 0.4870779514312744}, "shared": {"value": false, "score": 0.42029863595962524}}}, {"type": "software", "software-type": "software", "software-name": {"rawForm": "JupyterLab", "normalizedForm": "JupyterLab", "offsetStart": 13, "offsetEnd": 23}, "context": "Furthermore, JupyterLab is set up with the E2Clab framework as an experimental methodology.", "mentionContextAttributes": {"used": {"value": false, "score": 0.00011247396469116211}, "created": {"value": true, "score": 0.9828186631202698}, "shared": {"value": false, "score": 1.3709068298339844e-06}}, "documentContextAttributes": {"used": {"value": false, "score": 0.02245938777923584}, "created": {"value": true, "score": 0.9828186631202698}, "shared": {"value": false, "score": 0.012181460857391357}}}, {"type": "software", "software-type": "software", "software-name": {"rawForm": "JupyterLab", "normalizedForm": "JupyterLab", "offsetStart": 15, "offsetEnd": 25}, "context": "We also extend JupyterLab to allow users to easily share their experiments in Trovi.", "mentionContextAttributes": {"used": {"value": false, "score": 0.00034999847412109375}, "created": {"value": true, "score": 0.968621551990509}, "shared": {"value": false, "score": 0.0042228102684021}}, "documentContextAttributes": {"used": {"value": false, "score": 0.02245938777923584}, "created": {"value": true, "score": 0.9828186631202698}, "shared": {"value": false, "score": 0.012181460857391357}}}, {"type": "software", "software-type": "software", "wikidataId": "Q2659957", "wikipediaExternalRef": 11322015, "lang": "en", "confidence": 0.8307, "software-name": {"rawForm": "Jupyter", "normalizedForm": "Jupyter", "wikidataId": "Q2659957", "wikipediaExternalRef": 11322015, "lang": "en", "confidence": 0.8307, "offsetStart": 16, "offsetEnd": 23}, "context": "This is done in Jupyter notebooks by combining text (explaining the configurations) followed by executable code (E2Clab files).", "mentionContextAttributes": {"used": {"value": true, "score": 0.6050313711166382}, "created": {"value": false, "score": 2.664327621459961e-05}, "shared": {"value": false, "score": 4.172325134277344e-07}}, "documentContextAttributes": {"used": {"value": true, "score": 0.6050313711166382}, "created": {"value": false, "score": 0.4870779514312744}, "shared": {"value": false, "score": 0.42029863595962524}}}, {"type": "software", "software-type": "software", "wikidataId": "Q9366", "wikipediaExternalRef": 12431, "lang": "en", "confidence": 0.7949, "software-name": {"rawForm": "Google", "normalizedForm": "Google", "wikidataId": "Q9366", "wikipediaExternalRef": 12431, "lang": "en", "confidence": 0.7949, "offsetStart": 20, "offsetEnd": 26}, "context": "KheOps differs from Google Colab, Kaggle, and Code Ocean mainly regarding the features presented in Table 2 (limitations) such as the access to heterogeneous Edge-to-Cloud resources; access to large-scale infrastructures; and supporting the experiment repeatability and reproducibility on the same hardware setup and replicability in different infrastructures. ", "mentionContextAttributes": {"used": {"value": false, "score": 0.00016021728515625}, "created": {"value": false, "score": 0.00047212839126586914}, "shared": {"value": false, "score": 2.682209014892578e-06}}, "documentContextAttributes": {"used": {"value": true, "score": 0.6892978549003601}, "created": {"value": false, "score": 0.010153591632843018}, "shared": {"value": false, "score": 0.42029863595962524}}, "references": [{"label": "[18]", "normalizedForm": "[18]", "refKey": 17}]}, {"type": "software", "software-type": "software", "software-name": {"rawForm": "Git", "normalizedForm": "Git", "offsetStart": 21, "offsetEnd": 24}, "context": "Its integration with Git allows users to save changes on capsules and then commit them with just one click. ", "mentionContextAttributes": {"used": {"value": false, "score": 7.969141006469727e-05}, "created": {"value": false, "score": 0.0034044981002807617}, "shared": {"value": false, "score": 1.8477439880371094e-06}}, "documentContextAttributes": {"used": {"value": false, "score": 7.969141006469727e-05}, "created": {"value": false, "score": 0.0034044981002807617}, "shared": {"value": false, "score": 1.8477439880371094e-06}}}, {"type": "software", "software-type": "software", "software-name": {"rawForm": "E2Clab", "normalizedForm": "E2Clab", "offsetStart": 21, "offsetEnd": 27}, "context": "In addition, through E2Clab User-Defined Services, users can define their own services (e.g., the Edge client and the Cloud server) with the desired deployment logic (e.g., mapping the services to the physical machines/devices; installing required software and packages; etc.).", "mentionContextAttributes": {"used": {"value": false, "score": 0.00035512447357177734}, "created": {"value": false, "score": 0.0017107725143432617}, "shared": {"value": false, "score": 0.00010055303573608398}}, "documentContextAttributes": {"used": {"value": true, "score": 0.6050313711166382}, "created": {"value": true, "score": 0.9828186631202698}, "shared": {"value": false, "score": 0.0008091330528259277}}, "references": [{"label": "[53]", "normalizedForm": "[53]", "refKey": 53}]}, {"type": "software", "software-type": "software", "wikidataId": "Q2659957", "wikipediaExternalRef": 11322015, "lang": "en", "confidence": 0.8307, "software-name": {"rawForm": "Jupyter", "normalizedForm": "Jupyter", "wikidataId": "Q2659957", "wikipediaExternalRef": 11322015, "lang": "en", "confidence": 0.8307, "offsetStart": 21, "offsetEnd": 28}, "context": "In this work, we use Jupyter notebooks for packaging research artifacts due to its wider compatibility with operating systems and programming languages, and the community support.", "mentionContextAttributes": {"used": {"value": false, "score": 0.04844403266906738}, "created": {"value": false, "score": 0.4870779514312744}, "shared": {"value": false, "score": 6.556510925292969e-07}}, "documentContextAttributes": {"used": {"value": true, "score": 0.6050313711166382}, "created": {"value": false, "score": 0.4870779514312744}, "shared": {"value": false, "score": 0.42029863595962524}}}, {"type": "software", "software-type": "software", "wikidataId": "Q9366", "wikipediaExternalRef": 12431, "lang": "en", "confidence": 0.7949, "software-name": {"rawForm": "Google", "normalizedForm": "Google", "wikidataId": "Q9366", "wikipediaExternalRef": 12431, "lang": "en", "confidence": 0.7949, "offsetStart": 26, "offsetEnd": 32}, "context": "Kaggle is a subsidiary of Google and, like Colab, it provides free access to GPUs as well as a repository of community-published (more than 10.3 million users) datasets (more than 50K public datasets) and code (e.g., machine learning code) with more than 400K public notebooks.", "mentionContextAttributes": {"used": {"value": false, "score": 0.0004699826240539551}, "created": {"value": false, "score": 0.004907786846160889}, "shared": {"value": false, "score": 0.01567065715789795}}, "documentContextAttributes": {"used": {"value": true, "score": 0.6892978549003601}, "created": {"value": false, "score": 0.010153591632843018}, "shared": {"value": false, "score": 0.42029863595962524}}, "references": [{"label": "[18]", "normalizedForm": "[18]", "refKey": 17}]}, {"type": "software", "software-type": "software", "software-name": {"rawForm": "JupyterLab", "normalizedForm": "JupyterLab", "offsetStart": 29, "offsetEnd": 39}, "context": "Next, the Spawner spawns the JupyterLab server (step 3) and then it downloads experimental artifacts such as notebooks, code, and datasets, among others (step 4).", "mentionContextAttributes": {"used": {"value": false, "score": 0.02245938777923584}, "created": {"value": false, "score": 0.00012117624282836914}, "shared": {"value": false, "score": 2.980232238769531e-07}}, "documentContextAttributes": {"used": {"value": false, "score": 0.02245938777923584}, "created": {"value": true, "score": 0.9828186631202698}, "shared": {"value": false, "score": 0.012181460857391357}}}, {"type": "software", "software-type": "software", "software-name": {"rawForm": "Compute Capsule", "normalizedForm": "Compute Capsule", "offsetStart": 29, "offsetEnd": 44}, "context": "It introduces the concept of Compute Capsule, which refers to Docker [14] containers composed of code, data, environments, and results. ", "mentionContextAttributes": {"used": {"value": false, "score": 5.179643630981445e-05}, "created": {"value": false, "score": 0.08522719144821167}, "shared": {"value": false, "score": 1.7881393432617188e-07}}, "documentContextAttributes": {"used": {"value": false, "score": 5.179643630981445e-05}, "created": {"value": false, "score": 0.08522719144821167}, "shared": {"value": false, "score": 1.7881393432617188e-07}}}, {"type": "software", "software-type": "software", "software-name": {"rawForm": "Kaggle", "normalizedForm": "Kaggle", "offsetStart": 30, "offsetEnd": 36}, "context": "Repositories like Trovi [28], Kaggle [21], Code Ocean Explorer [9], AI Hub [7], GitHub [4], and Zenodo [5] allow users to store versioned and citeable (e.g., through a DOI: Digital Object Identifier) artifacts such as code, datasets, or Jupyter notebooks, among others.", "mentionContextAttributes": {"used": {"value": false, "score": 0.0006893277168273926}, "created": {"value": false, "score": 2.6047229766845703e-05}, "shared": {"value": false, "score": 2.0444393157958984e-05}}, "documentContextAttributes": {"used": {"value": true, "score": 0.9802776575088501}, "created": {"value": false, "score": 0.34171605110168457}, "shared": {"value": false, "score": 0.01567065715789795}}, "references": [{"label": "[21]", "normalizedForm": "[21]", "refKey": 20, "offsetStart": 8146, "offsetEnd": 8150}]}, {"type": "software", "software-type": "software", "software-name": {"rawForm": "E2Clab", "normalizedForm": "E2Clab", "offsetStart": 32, "offsetEnd": 38}, "context": "High-level features provided by E2Clab are: (i) reproducible experiments; (ii) mapping application parts (Edge, Fog and Cloud/HPC) and physical testbeds; (iii) experiment variation and transparent scaling of scenarios; (iv) defining Edge-to-Cloud network constraints; (v) experiment deployment, execution and monitoring (e.g., on Grid'5000, Chameleon, and FIT IoT LAB); and (vi) workflow optimization.", "mentionContextAttributes": {"used": {"value": false, "score": 0.0045999884605407715}, "created": {"value": false, "score": 0.00019550323486328125}, "shared": {"value": false, "score": 1.2516975402832031e-06}}, "documentContextAttributes": {"used": {"value": true, "score": 0.6050313711166382}, "created": {"value": true, "score": 0.9828186631202698}, "shared": {"value": false, "score": 0.0008091330528259277}}, "references": [{"label": "[53]", "normalizedForm": "[53]", "refKey": 53}]}, {"type": "software", "software-type": "software", "wikidataId": "Q207240", "wikipediaExternalRef": 34499, "lang": "en", "confidence": 0.7445, "software-name": {"rawForm": "zlib", "normalizedForm": "zlib", "wikidataId": "Q207240", "wikipediaExternalRef": 34499, "lang": "en", "confidence": 0.7445, "offsetStart": 32, "offsetEnd": 41}, "context": "On the Edge devices, we use the zlib [24] Python library to compress images. ", "mentionContextAttributes": {"used": {"value": true, "score": 0.9964490532875061}, "created": {"value": false, "score": 4.470348358154297e-06}, "shared": {"value": false, "score": 1.7881393432617188e-07}}, "documentContextAttributes": {"used": {"value": true, "score": 0.9971668124198914}, "created": {"value": false, "score": 1.531839370727539e-05}, "shared": {"value": false, "score": 1.7881393432617188e-07}}}, {"type": "software", "software-type": "software", "software-name": {"rawForm": "E2Clab", "normalizedForm": "E2Clab", "offsetStart": 34, "offsetEnd": 40}, "context": "Through Jupyter notebooks and the E2Clab configuration files, the authors describe and explain the experiment design choices such as the layers (e.g., Edge and Cloud), the services (e.g., the Edge client and the Cloud server), the network constraints, and the application workflow execution.", "mentionContextAttributes": {"used": {"value": false, "score": 0.18350714445114136}, "created": {"value": false, "score": 0.002994537353515625}, "shared": {"value": false, "score": 4.172325134277344e-07}}, "documentContextAttributes": {"used": {"value": true, "score": 0.6050313711166382}, "created": {"value": true, "score": 0.9828186631202698}, "shared": {"value": false, "score": 0.0008091330528259277}}, "references": [{"label": "[53]", "normalizedForm": "[53]", "refKey": 53}]}, {"type": "software", "software-type": "software", "software-name": {"rawForm": "Kaggle", "normalizedForm": "Kaggle", "offsetStart": 34, "offsetEnd": 40}, "context": "KheOps differs from Google Colab, Kaggle, and Code Ocean mainly regarding the features presented in Table 2 (limitations) such as the access to heterogeneous Edge-to-Cloud resources; access to large-scale infrastructures; and supporting the experiment repeatability and reproducibility on the same hardware setup and replicability in different infrastructures.", "mentionContextAttributes": {"used": {"value": false, "score": 0.00016021728515625}, "created": {"value": false, "score": 0.00047212839126586914}, "shared": {"value": false, "score": 2.682209014892578e-06}}, "documentContextAttributes": {"used": {"value": true, "score": 0.9802776575088501}, "created": {"value": false, "score": 0.34171605110168457}, "shared": {"value": false, "score": 0.01567065715789795}}, "references": [{"label": "[21]", "normalizedForm": "[21]", "refKey": 20}]}, {"type": "software", "software-type": "software", "software-name": {"rawForm": "JupyterLab", "normalizedForm": "JupyterLab", "offsetStart": 35, "offsetEnd": 45}, "context": "KheOps core elements (i.e., Trovi, JupyterLab, E2Clab) exhibit several features that make it a promising environment for advancing Computing Continuum research through reproducible and replicable experiments.", "mentionContextAttributes": {"used": {"value": false, "score": 0.00010198354721069336}, "created": {"value": false, "score": 0.009081363677978516}, "shared": {"value": false, "score": 5.364418029785156e-07}}, "documentContextAttributes": {"used": {"value": false, "score": 0.02245938777923584}, "created": {"value": true, "score": 0.9828186631202698}, "shared": {"value": false, "score": 0.012181460857391357}}}, {"type": "software", "software-type": "software", "wikidataId": "Q2659957", "wikipediaExternalRef": 11322015, "lang": "en", "confidence": 0.8307, "software-name": {"rawForm": "Jupyter", "normalizedForm": "Jupyter", "wikidataId": "Q2659957", "wikipediaExternalRef": 11322015, "lang": "en", "confidence": 0.8307, "offsetStart": 37, "offsetEnd": 44}, "context": "JupyterHub aims to serve Cloud-based Jupyter notebooks for multiple users.", "mentionContextAttributes": {"used": {"value": false, "score": 6.788969039916992e-05}, "created": {"value": false, "score": 0.021298706531524658}, "shared": {"value": false, "score": 0.0003383159637451172}}, "documentContextAttributes": {"used": {"value": true, "score": 0.6050313711166382}, "created": {"value": false, "score": 0.4870779514312744}, "shared": {"value": false, "score": 0.42029863595962524}}}, {"type": "software", "software-type": "software", "software-name": {"rawForm": "E2Clab", "normalizedForm": "E2Clab", "offsetStart": 42, "offsetEnd": 48}, "context": "The JupyterLab service is set up with the E2Clab framework as the experimental methodology. ", "mentionContextAttributes": {"used": {"value": false, "score": 0.00043636560440063477}, "created": {"value": false, "score": 0.39459580183029175}, "shared": {"value": false, "score": 1.7285346984863281e-06}}, "documentContextAttributes": {"used": {"value": true, "score": 0.6050313711166382}, "created": {"value": true, "score": 0.9828186631202698}, "shared": {"value": false, "score": 0.0008091330528259277}}, "references": [{"label": "[53]", "normalizedForm": "[53]", "refKey": 53}]}, {"type": "software", "software-type": "software", "software-name": {"rawForm": "Code", "normalizedForm": "Code", "offsetStart": 43, "offsetEnd": 47}, "context": "Repositories like Trovi [28], Kaggle [21], Code Ocean Explorer [9], AI Hub [7], GitHub [4], and Zenodo [5] allow users to store versioned and citeable (e.g., through a DOI: Digital Object Identifier) artifacts such as code, datasets, or Jupyter notebooks, among others.", "mentionContextAttributes": {"used": {"value": false, "score": 0.0006893277168273926}, "created": {"value": false, "score": 2.6047229766845703e-05}, "shared": {"value": false, "score": 2.0444393157958984e-05}}, "documentContextAttributes": {"used": {"value": true, "score": 0.9993670582771301}, "created": {"value": false, "score": 0.3665330410003662}, "shared": {"value": false, "score": 0.06844699382781982}}, "references": [{"label": "[37]", "normalizedForm": "[37]", "refKey": 36}]}, {"type": "software", "software-type": "software", "software-name": {"rawForm": "E2Clab", "normalizedForm": "E2Clab", "offsetStart": 43, "offsetEnd": 49}, "context": "Furthermore, JupyterLab is set up with the E2Clab framework as an experimental methodology.", "mentionContextAttributes": {"used": {"value": false, "score": 0.00011247396469116211}, "created": {"value": true, "score": 0.9828186631202698}, "shared": {"value": false, "score": 1.3709068298339844e-06}}, "documentContextAttributes": {"used": {"value": true, "score": 0.6050313711166382}, "created": {"value": true, "score": 0.9828186631202698}, "shared": {"value": false, "score": 0.0008091330528259277}}, "references": [{"label": "[53]", "normalizedForm": "[53]", "refKey": 53}]}, {"type": "software", "software-type": "software", "wikidataId": "Q2659957", "wikipediaExternalRef": 11322015, "lang": "en", "confidence": 0.8307, "software-name": {"rawForm": "Jupyter", "normalizedForm": "Jupyter", "wikidataId": "Q2659957", "wikipediaExternalRef": 11322015, "lang": "en", "confidence": 0.8307, "offsetStart": 43, "offsetEnd": 50}, "context": "The most popular open-source solutions are Jupyter notebooks [45] and Apache Zeppelin [8].", "mentionContextAttributes": {"used": {"value": false, "score": 9.101629257202148e-05}, "created": {"value": false, "score": 8.255243301391602e-05}, "shared": {"value": false, "score": 1.1324882507324219e-06}}, "documentContextAttributes": {"used": {"value": true, "score": 0.6050313711166382}, "created": {"value": false, "score": 0.4870779514312744}, "shared": {"value": false, "score": 0.42029863595962524}}}, {"type": "software", "software-type": "software", "software-name": {"rawForm": "Git", "normalizedForm": "Git", "offsetStart": 44, "offsetEnd": 47}, "context": "Capsules provide ready-to-use tools such as Git, Jupyter, RStudio, among others. ", "mentionContextAttributes": {"used": {"value": false, "score": 4.273653030395508e-05}, "created": {"value": false, "score": 0.00038498640060424805}, "shared": {"value": false, "score": 4.172325134277344e-07}}, "documentContextAttributes": {"used": {"value": false, "score": 7.969141006469727e-05}, "created": {"value": false, "score": 0.0034044981002807617}, "shared": {"value": false, "score": 1.8477439880371094e-06}}}, {"type": "software", "software-type": "software", "software-name": {"rawForm": "Kaggle", "normalizedForm": "Kaggle", "offsetStart": 44, "offsetEnd": 50}, "context": "The main differences [20] between Colab and Kaggle are: (1) Kaggle allows collaboration with other users on its Web site, while Colab allows collaboration with anyone using the notebook link; (2) Kaggle has a lot of data sets that users can use directly (e.g., notebooks already set up with Kaggle databases [22]), while in Colab setting up notebooks with Google Drive [11] or managing files [10] (e.g., to load data sets, files, and images) requires extra work; and (3) Kaggle creates a history of notebook commits that we can be reviewed.", "mentionContextAttributes": {"used": {"value": false, "score": 0.08078879117965698}, "created": {"value": false, "score": 1.150369644165039e-05}, "shared": {"value": false, "score": 7.450580596923828e-06}}, "documentContextAttributes": {"used": {"value": true, "score": 0.9802776575088501}, "created": {"value": false, "score": 0.34171605110168457}, "shared": {"value": false, "score": 0.01567065715789795}}, "references": [{"label": "[21]", "normalizedForm": "[21]", "refKey": 20}]}, {"type": "software", "software-type": "software", "software-name": {"rawForm": "JupyterLab", "normalizedForm": "JupyterLab", "offsetStart": 44, "offsetEnd": 54}, "context": "The Jupyter project consists of JupyterHub, JupyterLab, and notebooks.", "mentionContextAttributes": {"used": {"value": false, "score": 0.0031741857528686523}, "created": {"value": false, "score": 0.008646607398986816}, "shared": {"value": false, "score": 0.0042417049407958984}}, "documentContextAttributes": {"used": {"value": false, "score": 0.02245938777923584}, "created": {"value": true, "score": 0.9828186631202698}, "shared": {"value": false, "score": 0.012181460857391357}}}, {"type": "software", "software-type": "software", "software-name": {"rawForm": "Code Ocean", "normalizedForm": "Code Ocean", "offsetStart": 46, "offsetEnd": 56}, "context": "KheOps differs from Google Colab, Kaggle, and Code Ocean mainly regarding the features presented in Table 2 (limitations) such as the access to heterogeneous Edge-to-Cloud resources; access to large-scale infrastructures; and supporting the experiment repeatability and reproducibility on the same hardware setup and replicability in different infrastructures. ", "mentionContextAttributes": {"used": {"value": false, "score": 0.00016021728515625}, "created": {"value": false, "score": 0.00047212839126586914}, "shared": {"value": false, "score": 2.682209014892578e-06}}, "documentContextAttributes": {"used": {"value": false, "score": 0.00016021728515625}, "created": {"value": false, "score": 0.00047212839126586914}, "shared": {"value": false, "score": 2.682209014892578e-06}}}, {"type": "software", "software-type": "software", "software-name": {"rawForm": "E2Clab", "normalizedForm": "E2Clab", "offsetStart": 47, "offsetEnd": 53}, "context": "KheOps core elements (i.e., Trovi, JupyterLab, E2Clab) exhibit several features that make it a promising environment for advancing Computing Continuum research through reproducible and replicable experiments.", "mentionContextAttributes": {"used": {"value": false, "score": 0.00010198354721069336}, "created": {"value": false, "score": 0.009081363677978516}, "shared": {"value": false, "score": 5.364418029785156e-07}}, "documentContextAttributes": {"used": {"value": true, "score": 0.6050313711166382}, "created": {"value": true, "score": 0.9828186631202698}, "shared": {"value": false, "score": 0.0008091330528259277}}, "references": [{"label": "[53]", "normalizedForm": "[53]", "refKey": 53}]}, {"type": "software", "software-type": "software", "wikidataId": "Q2659957", "wikipediaExternalRef": 11322015, "lang": "en", "confidence": 0.8307, "software-name": {"rawForm": "Jupyter", "normalizedForm": "Jupyter", "wikidataId": "Q2659957", "wikipediaExternalRef": 11322015, "lang": "en", "confidence": 0.8307, "offsetStart": 49, "offsetEnd": 56}, "context": "Capsules provide ready-to-use tools such as Git, Jupyter, RStudio, among others. ", "mentionContextAttributes": {"used": {"value": false, "score": 4.273653030395508e-05}, "created": {"value": false, "score": 0.00038498640060424805}, "shared": {"value": false, "score": 4.172325134277344e-07}}, "documentContextAttributes": {"used": {"value": true, "score": 0.6050313711166382}, "created": {"value": false, "score": 0.4870779514312744}, "shared": {"value": false, "score": 0.42029863595962524}}}, {"type": "software", "software-type": "implicit", "software-name": {"rawForm": "library", "normalizedForm": "library", "offsetStart": 49, "offsetEnd": 56}, "language": {"rawForm": "Python", "normalizedForm": "Python", "wikidataId": "Q28865", "offsetStart": 52, "offsetEnd": 58}, "context": "On the Edge devices, we use the zlib [24] Python library to compress images. ", "mentionContextAttributes": {"used": {"value": true, "score": 0.9964490532875061}, "created": {"value": false, "score": 4.470348358154297e-06}, "shared": {"value": false, "score": 1.7881393432617188e-07}}, "documentContextAttributes": {"used": {"value": true, "score": 0.9964490532875061}, "created": {"value": false, "score": 4.470348358154297e-06}, "shared": {"value": false, "score": 1.7881393432617188e-07}}}, {"type": "software", "software-type": "software", "wikidataId": "Q2659957", "wikipediaExternalRef": 11322015, "lang": "en", "confidence": 0.8307, "software-name": {"rawForm": "Jupyter", "normalizedForm": "Jupyter", "wikidataId": "Q2659957", "wikipediaExternalRef": 11322015, "lang": "en", "confidence": 0.8307, "offsetStart": 50, "offsetEnd": 57}, "context": "Colab is popular because it allows users to share Jupyter notebooks without having to download, install, or run anything.", "mentionContextAttributes": {"used": {"value": false, "score": 8.064508438110352e-05}, "created": {"value": false, "score": 0.0016852021217346191}, "shared": {"value": false, "score": 0.10847681760787964}}, "documentContextAttributes": {"used": {"value": true, "score": 0.6050313711166382}, "created": {"value": false, "score": 0.4870779514312744}, "shared": {"value": false, "score": 0.42029863595962524}}}, {"type": "software", "software-type": "software", "software-name": {"rawForm": "E2Clab", "normalizedForm": "E2Clab", "offsetStart": 55, "offsetEnd": 61}, "context": "The definition of the experimental environment through E2Clab configuration files (e.g., layer_services.yaml,", "mentionContextAttributes": {"used": {"value": false, "score": 0.04720306396484375}, "created": {"value": false, "score": 0.00015473365783691406}, "shared": {"value": false, "score": 5.364418029785156e-07}}, "documentContextAttributes": {"used": {"value": true, "score": 0.6050313711166382}, "created": {"value": true, "score": 0.9828186631202698}, "shared": {"value": false, "score": 0.0008091330528259277}}, "references": [{"label": "[53]", "normalizedForm": "[53]", "refKey": 53}]}, {"type": "software", "software-type": "software", "software-name": {"rawForm": "RStudio", "normalizedForm": "RStudio", "offsetStart": 58, "offsetEnd": 65}, "context": "Capsules provide ready-to-use tools such as Git, Jupyter, RStudio, among others. ", "mentionContextAttributes": {"used": {"value": false, "score": 4.273653030395508e-05}, "created": {"value": false, "score": 0.00038498640060424805}, "shared": {"value": false, "score": 4.172325134277344e-07}}, "documentContextAttributes": {"used": {"value": false, "score": 4.273653030395508e-05}, "created": {"value": false, "score": 0.00038498640060424805}, "shared": {"value": false, "score": 4.172325134277344e-07}}}, {"type": "software", "software-type": "software", "software-name": {"rawForm": "Kaggle", "normalizedForm": "Kaggle", "offsetStart": 60, "offsetEnd": 66}, "context": "The main differences [20] between Colab and Kaggle are: (1) Kaggle allows collaboration with other users on its Web site, while Colab allows collaboration with anyone using the notebook link; (2) Kaggle has a lot of data sets that users can use directly (e.g., notebooks already set up with Kaggle databases [22]), while in Colab setting up notebooks with Google Drive [11] or managing files [10] (e.g., to load data sets, files, and images) requires extra work; and (3) Kaggle creates a history of notebook commits that we can be reviewed.", "mentionContextAttributes": {"used": {"value": false, "score": 0.08078879117965698}, "created": {"value": false, "score": 1.150369644165039e-05}, "shared": {"value": false, "score": 7.450580596923828e-06}}, "documentContextAttributes": {"used": {"value": true, "score": 0.9802776575088501}, "created": {"value": false, "score": 0.34171605110168457}, "shared": {"value": false, "score": 0.01567065715789795}}, "references": [{"label": "[21]", "normalizedForm": "[21]", "refKey": 20}]}, {"type": "software", "software-type": "software", "wikidataId": "Q2659957", "wikipediaExternalRef": 11322015, "lang": "en", "confidence": 0.8307, "software-name": {"rawForm": "Jupyter", "normalizedForm": "Jupyter", "wikidataId": "Q2659957", "wikipediaExternalRef": 11322015, "lang": "en", "confidence": 0.8307, "offsetStart": 63, "offsetEnd": 70}, "context": "Before running the experiments, the readers can go through the Jupyter notebook to understand What the experiment does (e.g., capture and compress images on Edge devices and then decompress the images and predict the animals on the Cloud server).", "mentionContextAttributes": {"used": {"value": false, "score": 0.05159574747085571}, "created": {"value": false, "score": 0.0002110004425048828}, "shared": {"value": false, "score": 5.364418029785156e-07}}, "documentContextAttributes": {"used": {"value": true, "score": 0.6050313711166382}, "created": {"value": false, "score": 0.4870779514312744}, "shared": {"value": false, "score": 0.42029863595962524}}}, {"type": "software", "software-type": "software", "software-name": {"rawForm": "JupyterLab", "normalizedForm": "JupyterLab", "offsetStart": 63, "offsetEnd": 73}, "context": "Next, in the experiment details web page, readers can launch a JupyterLab server with artifacts in just a single click (steps 2, 3, and 4 in Figure 4). ", "mentionContextAttributes": {"used": {"value": false, "score": 0.00010520219802856445}, "created": {"value": false, "score": 0.001607358455657959}, "shared": {"value": false, "score": 0.0006131529808044434}}, "documentContextAttributes": {"used": {"value": false, "score": 0.02245938777923584}, "created": {"value": true, "score": 0.9828186631202698}, "shared": {"value": false, "score": 0.012181460857391357}}}, {"type": "software", "software-type": "software", "wikidataId": "Q2659957", "wikipediaExternalRef": 11322015, "lang": "en", "confidence": 0.8307, "software-name": {"rawForm": "Jupyter", "normalizedForm": "Jupyter", "wikidataId": "Q2659957", "wikipediaExternalRef": 11322015, "lang": "en", "confidence": 0.8307, "offsetStart": 64, "offsetEnd": 71}, "context": "Finally, following the experiment instructions described in the Jupyter notebook, the readers deploy and execute the experiments on their testbeds, such as (but not limited to): the Chameleon Cloud and CHI@Edge (step 5 in Figure 4).", "mentionContextAttributes": {"used": {"value": false, "score": 0.13418608903884888}, "created": {"value": false, "score": 0.00022077560424804688}, "shared": {"value": false, "score": 1.7881393432617188e-07}}, "documentContextAttributes": {"used": {"value": true, "score": 0.6050313711166382}, "created": {"value": false, "score": 0.4870779514312744}, "shared": {"value": false, "score": 0.42029863595962524}}}, {"type": "software", "software-type": "software", "wikidataId": "Q2659957", "wikipediaExternalRef": 11322015, "lang": "en", "confidence": 0.8307, "software-name": {"rawForm": "Jupyter", "normalizedForm": "Jupyter", "wikidataId": "Q2659957", "wikipediaExternalRef": 11322015, "lang": "en", "confidence": 0.8307, "offsetStart": 66, "offsetEnd": 73}, "context": "This is a data science and AI platform that offers a customizable Jupyter notebook environment. ", "mentionContextAttributes": {"used": {"value": false, "score": 3.5822391510009766e-05}, "created": {"value": false, "score": 0.34112197160720825}, "shared": {"value": false, "score": 9.59634780883789e-06}}, "documentContextAttributes": {"used": {"value": true, "score": 0.6050313711166382}, "created": {"value": false, "score": 0.4870779514312744}, "shared": {"value": false, "score": 0.42029863595962524}}}, {"type": "software", "software-type": "software", "wikidataId": "Q2659957", "wikipediaExternalRef": 11322015, "lang": "en", "confidence": 0.8307, "software-name": {"rawForm": "Jupyter", "normalizedForm": "Jupyter", "wikidataId": "Q2659957", "wikipediaExternalRef": 11322015, "lang": "en", "confidence": 0.8307, "offsetStart": 66, "offsetEnd": 73}, "context": "Its GitHub integration allows users to quickly open GitHub-hosted Jupyter notebooks in Google Colab.", "mentionContextAttributes": {"used": {"value": false, "score": 0.00017881393432617188}, "created": {"value": false, "score": 0.0009045600891113281}, "shared": {"value": false, "score": 0.42029863595962524}}, "documentContextAttributes": {"used": {"value": true, "score": 0.6050313711166382}, "created": {"value": false, "score": 0.4870779514312744}, "shared": {"value": false, "score": 0.42029863595962524}}}, {"type": "software", "software-type": "software", "wikidataId": "Q207240", "wikipediaExternalRef": 34499, "lang": "en", "confidence": 0.7445, "software-name": {"rawForm": "zlib", "normalizedForm": "zlib", "wikidataId": "Q207240", "wikipediaExternalRef": 34499, "lang": "en", "confidence": 0.7445, "offsetStart": 67, "offsetEnd": 71}, "context": "On the Cloud server, we use an MQTT broker to receive images, then zlib to decompress images, and finally PyTorch to predict animals.", "mentionContextAttributes": {"used": {"value": true, "score": 0.9971668124198914}, "created": {"value": false, "score": 1.531839370727539e-05}, "shared": {"value": false, "score": 1.7881393432617188e-07}}, "documentContextAttributes": {"used": {"value": true, "score": 0.9971668124198914}, "created": {"value": false, "score": 1.531839370727539e-05}, "shared": {"value": false, "score": 1.7881393432617188e-07}}}, {"type": "software", "software-type": "software", "software-name": {"rawForm": "Apache Zeppelin", "normalizedForm": "Apache Zeppelin", "offsetStart": 70, "offsetEnd": 88}, "context": "The most popular open-source solutions are Jupyter notebooks [45] and Apache Zeppelin [8]. ", "mentionContextAttributes": {"used": {"value": false, "score": 9.101629257202148e-05}, "created": {"value": false, "score": 8.255243301391602e-05}, "shared": {"value": false, "score": 1.1324882507324219e-06}}, "documentContextAttributes": {"used": {"value": false, "score": 9.101629257202148e-05}, "created": {"value": false, "score": 8.255243301391602e-05}, "shared": {"value": false, "score": 1.1324882507324219e-06}}}, {"type": "software", "software-type": "software", "wikidataId": "Q2659957", "wikipediaExternalRef": 11322015, "lang": "en", "confidence": 0.8307, "software-name": {"rawForm": "Jupyter", "normalizedForm": "Jupyter", "wikidataId": "Q2659957", "wikipediaExternalRef": 11322015, "lang": "en", "confidence": 0.8307, "offsetStart": 74, "offsetEnd": 81}, "context": "Following our previous work [33] on integrating experiment workflows with Jupyter notebooks, we extend JupyterHub to authenticate users and to download (using the Trovi REST API) the experiment artifacts available at Trovi.", "mentionContextAttributes": {"used": {"value": false, "score": 0.00046771764755249023}, "created": {"value": false, "score": 0.43406999111175537}, "shared": {"value": false, "score": 0.0016118884086608887}}, "documentContextAttributes": {"used": {"value": true, "score": 0.6050313711166382}, "created": {"value": false, "score": 0.4870779514312744}, "shared": {"value": false, "score": 0.42029863595962524}}}, {"type": "software", "software-type": "software", "wikidataId": "Q2659957", "wikipediaExternalRef": 11322015, "lang": "en", "confidence": 0.8307, "software-name": {"rawForm": "Jupyter", "normalizedForm": "Jupyter", "wikidataId": "Q2659957", "wikipediaExternalRef": 11322015, "lang": "en", "confidence": 0.8307, "offsetStart": 76, "offsetEnd": 83}, "context": "Mainly used by the AI community (more than 50K users), it is a ready-to-use Jupyter notebook service. ", "mentionContextAttributes": {"used": {"value": false, "score": 0.0001392364501953125}, "created": {"value": false, "score": 0.00020194053649902344}, "shared": {"value": false, "score": 2.962350845336914e-05}}, "documentContextAttributes": {"used": {"value": true, "score": 0.6050313711166382}, "created": {"value": false, "score": 0.4870779514312744}, "shared": {"value": false, "score": 0.42029863595962524}}}, {"type": "software", "software-type": "software", "wikidataId": "Q9366", "wikipediaExternalRef": 12431, "lang": "en", "confidence": 0.7949, "software-name": {"rawForm": "Google", "normalizedForm": "Google", "wikidataId": "Q9366", "wikipediaExternalRef": 12431, "lang": "en", "confidence": 0.7949, "offsetStart": 81, "offsetEnd": 87}, "context": "Closer solutions to KheOps, but without focusing on the Computing Continuum, are Google Colab [18], Kaggle [21], and Code Ocean [37] as presented in Section 3.", "mentionContextAttributes": {"used": {"value": false, "score": 9.006261825561523e-05}, "created": {"value": false, "score": 0.010153591632843018}, "shared": {"value": false, "score": 1.7881393432617188e-07}}, "documentContextAttributes": {"used": {"value": true, "score": 0.6892978549003601}, "created": {"value": false, "score": 0.010153591632843018}, "shared": {"value": false, "score": 0.42029863595962524}}, "references": [{"label": "[18]", "normalizedForm": "[18]", "refKey": 17, "offsetStart": 35806, "offsetEnd": 35810}, {"label": "[21]", "normalizedForm": "[21]", "refKey": 20, "offsetStart": 35819, "offsetEnd": 35823}]}, {"type": "software", "software-type": "software", "wikidataId": "Q9366", "wikipediaExternalRef": 12431, "lang": "en", "confidence": 0.7949, "software-name": {"rawForm": "Google", "normalizedForm": "Google", "wikidataId": "Q9366", "wikipediaExternalRef": 12431, "lang": "en", "confidence": 0.7949, "offsetStart": 87, "offsetEnd": 93}, "context": "Its GitHub integration allows users to quickly open GitHub-hosted Jupyter notebooks in Google Colab.", "mentionContextAttributes": {"used": {"value": false, "score": 0.00017881393432617188}, "created": {"value": false, "score": 0.0009045600891113281}, "shared": {"value": false, "score": 0.42029863595962524}}, "documentContextAttributes": {"used": {"value": true, "score": 0.6892978549003601}, "created": {"value": false, "score": 0.010153591632843018}, "shared": {"value": false, "score": 0.42029863595962524}}, "references": [{"label": "[18]", "normalizedForm": "[18]", "refKey": 17}]}, {"type": "software", "software-type": "software", "software-name": {"rawForm": "Code", "normalizedForm": "Code", "offsetStart": 91, "offsetEnd": 95}, "context": "Designed according to FAIR [57] (i.e., Findable, Accessible, Interoperable, and Reusable), Code Ocean aims to make scientific work reproducible. ", "mentionContextAttributes": {"used": {"value": false, "score": 4.559755325317383e-05}, "created": {"value": false, "score": 0.3665330410003662}, "shared": {"value": false, "score": 4.172325134277344e-07}}, "documentContextAttributes": {"used": {"value": true, "score": 0.9993670582771301}, "created": {"value": false, "score": 0.3665330410003662}, "shared": {"value": false, "score": 0.06844699382781982}}, "references": [{"label": "[37]", "normalizedForm": "[37]", "refKey": 36}]}, {"type": "software", "software-type": "software", "software-name": {"rawForm": "E2Clab", "normalizedForm": "E2Clab", "offsetStart": 93, "offsetEnd": 99}, "context": "KheOps provides access to IoT/Edge devices and Cloud/HPC resources at large-scale, using the E2Clab methodology.", "mentionContextAttributes": {"used": {"value": false, "score": 6.574392318725586e-05}, "created": {"value": false, "score": 8.934736251831055e-05}, "shared": {"value": false, "score": 8.940696716308594e-07}}, "documentContextAttributes": {"used": {"value": true, "score": 0.6050313711166382}, "created": {"value": true, "score": 0.9828186631202698}, "shared": {"value": false, "score": 0.0008091330528259277}}, "references": [{"label": "[53]", "normalizedForm": "[53]", "refKey": 53}]}, {"type": "software", "software-type": "software", "software-name": {"rawForm": "Kaggle", "normalizedForm": "Kaggle", "offsetStart": 100, "offsetEnd": 106}, "context": "Closer solutions to KheOps, but without focusing on the Computing Continuum, are Google Colab [18], Kaggle [21], and Code Ocean [37] as presented in Section 3.", "mentionContextAttributes": {"used": {"value": false, "score": 9.006261825561523e-05}, "created": {"value": false, "score": 0.010153591632843018}, "shared": {"value": false, "score": 1.7881393432617188e-07}}, "documentContextAttributes": {"used": {"value": true, "score": 0.9802776575088501}, "created": {"value": false, "score": 0.34171605110168457}, "shared": {"value": false, "score": 0.01567065715789795}}, "references": [{"label": "[21]", "normalizedForm": "[21]", "refKey": 20, "offsetStart": 35819, "offsetEnd": 35823}]}, {"type": "software", "software-type": "software", "wikidataId": "Q47509047", "wikipediaExternalRef": 54022970, "lang": "en", "confidence": 0.7826, "software-name": {"rawForm": "PyTorch", "normalizedForm": "PyTorch", "wikidataId": "Q47509047", "wikipediaExternalRef": 54022970, "lang": "en", "confidence": 0.7826, "offsetStart": 106, "offsetEnd": 113}, "context": "On the Cloud server, we use an MQTT broker to receive images, then zlib to decompress images, and finally PyTorch to predict animals.", "mentionContextAttributes": {"used": {"value": true, "score": 0.9971668124198914}, "created": {"value": false, "score": 1.531839370727539e-05}, "shared": {"value": false, "score": 1.7881393432617188e-07}}, "documentContextAttributes": {"used": {"value": true, "score": 0.9971668124198914}, "created": {"value": false, "score": 3.93986701965332e-05}, "shared": {"value": false, "score": 0.00039643049240112305}}}, {"type": "software", "software-type": "software", "software-name": {"rawForm": "E2Clab", "normalizedForm": "E2Clab", "offsetStart": 113, "offsetEnd": 119}, "context": "This is done in Jupyter notebooks by combining text (explaining the configurations) followed by executable code (E2Clab files).", "mentionContextAttributes": {"used": {"value": true, "score": 0.6050313711166382}, "created": {"value": false, "score": 2.664327621459961e-05}, "shared": {"value": false, "score": 4.172325134277344e-07}}, "documentContextAttributes": {"used": {"value": true, "score": 0.6050313711166382}, "created": {"value": true, "score": 0.9828186631202698}, "shared": {"value": false, "score": 0.0008091330528259277}}, "references": [{"label": "[53]", "normalizedForm": "[53]", "refKey": 53}]}, {"type": "software", "software-type": "software", "wikidataId": "Q2659957", "wikipediaExternalRef": 11322015, "lang": "en", "confidence": 0.8307, "software-name": {"rawForm": "Jupyter", "normalizedForm": "Jupyter", "wikidataId": "Q2659957", "wikipediaExternalRef": 11322015, "lang": "en", "confidence": 0.8307, "offsetStart": 116, "offsetEnd": 123}, "context": "It provides simplified abstractions for systematically defining and explaining the experimental environment through Jupyter notebooks (e.g., infrastructures, services, network, and workflow execution); provides access to heterogeneous computing resources from the IoT/Edge to the Cloud/HPC; and allows researchers to easily find and share the experiment artifacts in the Trovi portal.", "mentionContextAttributes": {"used": {"value": false, "score": 6.35981559753418e-05}, "created": {"value": false, "score": 0.39235788583755493}, "shared": {"value": false, "score": 6.973743438720703e-06}}, "documentContextAttributes": {"used": {"value": true, "score": 0.6050313711166382}, "created": {"value": false, "score": 0.4870779514312744}, "shared": {"value": false, "score": 0.42029863595962524}}}, {"type": "software", "software-type": "software", "software-name": {"rawForm": "Code", "normalizedForm": "Code", "offsetStart": 117, "offsetEnd": 121}, "context": "Closer solutions to KheOps, but without focusing on the Computing Continuum, are Google Colab [18], Kaggle [21], and Code Ocean [37] as presented in Section 3.", "mentionContextAttributes": {"used": {"value": false, "score": 9.006261825561523e-05}, "created": {"value": false, "score": 0.010153591632843018}, "shared": {"value": false, "score": 1.7881393432617188e-07}}, "documentContextAttributes": {"used": {"value": true, "score": 0.9993670582771301}, "created": {"value": false, "score": 0.3665330410003662}, "shared": {"value": false, "score": 0.06844699382781982}}, "references": [{"label": "[37]", "normalizedForm": "[37]", "refKey": 36, "offsetStart": 35840, "offsetEnd": 35844}]}, {"type": "software", "software-type": "software", "wikidataId": "Q1026367", "wikipediaExternalRef": 33490859, "lang": "en", "confidence": 0.7196, "software-name": {"rawForm": "Scikit-Learn", "normalizedForm": "Scikit-Learn", "wikidataId": "Q1026367", "wikipediaExternalRef": 33490859, "lang": "en", "confidence": 0.7196, "offsetStart": 118, "offsetEnd": 134}, "context": "open-source Jupyter notebook format [19], and come with the most popular AI libraries and frameworks installed (e.g., Scikit-Learn [50], TensorFlow [31], PyTorch [49], etc.) and allow users to run python code through the browser. ", "mentionContextAttributes": {"used": {"value": false, "score": 0.0009027719497680664}, "created": {"value": false, "score": 3.93986701965332e-05}, "shared": {"value": false, "score": 0.00039643049240112305}}, "documentContextAttributes": {"used": {"value": false, "score": 0.0009027719497680664}, "created": {"value": false, "score": 3.93986701965332e-05}, "shared": {"value": false, "score": 0.00039643049240112305}}}, {"type": "software", "software-type": "software", "software-name": {"rawForm": "JupyterLab", "normalizedForm": "JupyterLab", "offsetStart": 131, "offsetEnd": 141}, "context": "KheOps targets usability by allowing users to easily find experiment artifacts shared in Trovi and then to launch experiments in a JupyterLab server in just a few clicks.", "mentionContextAttributes": {"used": {"value": false, "score": 3.057718276977539e-05}, "created": {"value": false, "score": 0.0005911588668823242}, "shared": {"value": false, "score": 2.086162567138672e-06}}, "documentContextAttributes": {"used": {"value": false, "score": 0.02245938777923584}, "created": {"value": true, "score": 0.9828186631202698}, "shared": {"value": false, "score": 0.012181460857391357}}}, {"type": "software", "software-type": "software", "wikidataId": "Q21447895", "wikipediaExternalRef": 48508507, "lang": "en", "confidence": 0.9154, "software-name": {"rawForm": "TensorFlow", "normalizedForm": "TensorFlow", "wikidataId": "Q21447895", "wikipediaExternalRef": 48508507, "lang": "en", "confidence": 0.9154, "offsetStart": 137, "offsetEnd": 151}, "context": "open-source Jupyter notebook format [19], and come with the most popular AI libraries and frameworks installed (e.g., Scikit-Learn [50], TensorFlow [31], PyTorch [49], etc.) and allow users to run python code through the browser. ", "mentionContextAttributes": {"used": {"value": false, "score": 0.0009027719497680664}, "created": {"value": false, "score": 3.93986701965332e-05}, "shared": {"value": false, "score": 0.00039643049240112305}}, "documentContextAttributes": {"used": {"value": false, "score": 0.0009027719497680664}, "created": {"value": false, "score": 3.93986701965332e-05}, "shared": {"value": false, "score": 0.00039643049240112305}}}, {"type": "software", "software-type": "software", "wikidataId": "Q14579", "wikipediaExternalRef": 21347315, "lang": "en", "confidence": 0.857, "software-name": {"rawForm": "Linux", "normalizedForm": "Linux", "wikidataId": "Q14579", "wikipediaExternalRef": 21347315, "lang": "en", "confidence": 0.857, "offsetStart": 144, "offsetEnd": 149}, "context": "This is due to the different deployment approaches used by each testbed, for instance, in FIT IoT LAB the Raspberry Pi 3 board runs an embedded Linux that is built with Yocto [29], while CHI@Edge is based on Docker [14] containers. ", "mentionContextAttributes": {"used": {"value": false, "score": 0.009631335735321045}, "created": {"value": false, "score": 4.1425228118896484e-05}, "shared": {"value": false, "score": 4.172325134277344e-07}}, "documentContextAttributes": {"used": {"value": false, "score": 0.009631335735321045}, "created": {"value": false, "score": 4.1425228118896484e-05}, "shared": {"value": false, "score": 4.172325134277344e-07}}}, {"type": "software", "software-type": "software", "software-name": {"rawForm": "E2Clab", "normalizedForm": "E2Clab", "offsetStart": 150, "offsetEnd": 156}, "context": "(1) access to heterogeneous computing resources, from the IoT/Edge to the Cloud/HPC; (2) support for large-scale experimental evaluations; Listing 1: E2Clab: layers and services configuration.", "mentionContextAttributes": {"used": {"value": false, "score": 0.00037533044815063477}, "created": {"value": false, "score": 0.00012731552124023438}, "shared": {"value": false, "score": 4.172325134277344e-07}}, "documentContextAttributes": {"used": {"value": true, "score": 0.6050313711166382}, "created": {"value": true, "score": 0.9828186631202698}, "shared": {"value": false, "score": 0.0008091330528259277}}, "references": [{"label": "[53]", "normalizedForm": "[53]", "refKey": 53}]}, {"type": "software", "software-type": "software", "wikidataId": "Q47509047", "wikipediaExternalRef": 54022970, "lang": "en", "confidence": 0.9161, "software-name": {"rawForm": "PyTorch", "normalizedForm": "PyTorch", "wikidataId": "Q47509047", "wikipediaExternalRef": 54022970, "lang": "en", "confidence": 0.9161, "offsetStart": 154, "offsetEnd": 165}, "context": "open-source Jupyter notebook format [19], and come with the most popular AI libraries and frameworks installed (e.g., Scikit-Learn [50], TensorFlow [31], PyTorch [49], etc.) and allow users to run python code through the browser. ", "mentionContextAttributes": {"used": {"value": false, "score": 0.0009027719497680664}, "created": {"value": false, "score": 3.93986701965332e-05}, "shared": {"value": false, "score": 0.00039643049240112305}}, "documentContextAttributes": {"used": {"value": true, "score": 0.9971668124198914}, "created": {"value": false, "score": 3.93986701965332e-05}, "shared": {"value": false, "score": 0.00039643049240112305}}}, {"type": "software", "software-type": "software", "wikidataId": "Q2659957", "wikipediaExternalRef": 11322015, "lang": "en", "confidence": 0.8307, "software-name": {"rawForm": "Jupyter", "normalizedForm": "Jupyter", "wikidataId": "Q2659957", "wikipediaExternalRef": 11322015, "lang": "en", "confidence": 0.8307, "offsetStart": 169, "offsetEnd": 176}, "context": "Furthermore, Trovi provides a series of features to manage research artifacts such as: integration with GitHub and Zenodo; creating, packaging, and sharing artifacts as Jupyter notebooks with 500MB in total size by default; support for scientific testbeds like Chameleon, which allows users to re-launch the available artifacts on the testbed.", "mentionContextAttributes": {"used": {"value": false, "score": 5.8591365814208984e-05}, "created": {"value": false, "score": 0.05717688798904419}, "shared": {"value": false, "score": 0.00019860267639160156}}, "documentContextAttributes": {"used": {"value": true, "score": 0.6050313711166382}, "created": {"value": false, "score": 0.4870779514312744}, "shared": {"value": false, "score": 0.42029863595962524}}}, {"type": "software", "software-type": "software", "wikidataId": "Q152242", "wikipediaExternalRef": 34039193, "lang": "en", "confidence": 0.6051, "software-name": {"rawForm": "Yocto", "normalizedForm": "Yocto", "wikidataId": "Q152242", "wikipediaExternalRef": 34039193, "lang": "en", "confidence": 0.6051, "offsetStart": 169, "offsetEnd": 178}, "context": "This is due to the different deployment approaches used by each testbed, for instance, in FIT IoT LAB the Raspberry Pi 3 board runs an embedded Linux that is built with Yocto [29], while CHI@Edge is based on Docker [14] containers. ", "mentionContextAttributes": {"used": {"value": false, "score": 0.009631335735321045}, "created": {"value": false, "score": 4.1425228118896484e-05}, "shared": {"value": false, "score": 4.172325134277344e-07}}, "documentContextAttributes": {"used": {"value": false, "score": 0.009631335735321045}, "created": {"value": false, "score": 4.1425228118896484e-05}, "shared": {"value": false, "score": 4.172325134277344e-07}}}, {"type": "software", "software-type": "software", "software-name": {"rawForm": "E2Clab", "normalizedForm": "E2Clab", "offsetStart": 183, "offsetEnd": 189}, "context": "Their limitations are discussed in the next section and summarized in Table 2. Based on these findings and the specific Computing Continuum requirements, in this work we leverage the E2Clab methodology.", "mentionContextAttributes": {"used": {"value": false, "score": 0.005681872367858887}, "created": {"value": false, "score": 0.10207945108413696}, "shared": {"value": false, "score": 2.980232238769531e-07}}, "documentContextAttributes": {"used": {"value": true, "score": 0.6050313711166382}, "created": {"value": true, "score": 0.9828186631202698}, "shared": {"value": false, "score": 0.0008091330528259277}}, "references": [{"label": "[53]", "normalizedForm": "[53]", "refKey": 53}]}, {"type": "software", "software-type": "software", "software-name": {"rawForm": "Kaggle", "normalizedForm": "Kaggle", "offsetStart": 196, "offsetEnd": 202}, "context": "The main differences [20] between Colab and Kaggle are: (1) Kaggle allows collaboration with other users on its Web site, while Colab allows collaboration with anyone using the notebook link; (2) Kaggle has a lot of data sets that users can use directly (e.g., notebooks already set up with Kaggle databases [22]), while in Colab setting up notebooks with Google Drive [11] or managing files [10] (e.g., to load data sets, files, and images) requires extra work; and (3) Kaggle creates a history of notebook commits that we can be reviewed.", "mentionContextAttributes": {"used": {"value": false, "score": 0.08078879117965698}, "created": {"value": false, "score": 1.150369644165039e-05}, "shared": {"value": false, "score": 7.450580596923828e-06}}, "documentContextAttributes": {"used": {"value": true, "score": 0.9802776575088501}, "created": {"value": false, "score": 0.34171605110168457}, "shared": {"value": false, "score": 0.01567065715789795}}, "references": [{"label": "[21]", "normalizedForm": "[21]", "refKey": 20}]}, {"type": "software", "software-type": "software", "software-name": {"rawForm": "MobileNetV", "normalizedForm": "MobileNetV", "offsetStart": 196, "offsetEnd": 206}, "context": "Devices at the Edge transmit images (from the Snapshot Serengeti dataset [30] composed of millions of wildlife images collected annually) to the Cloud server that predicts animals using a trained MobileNetV3 Convolutional Neural Network model. ", "mentionContextAttributes": {"used": {"value": false, "score": 0.03399568796157837}, "created": {"value": false, "score": 2.390146255493164e-05}, "shared": {"value": false, "score": 5.364418029785156e-07}}, "documentContextAttributes": {"used": {"value": false, "score": 0.03399568796157837}, "created": {"value": false, "score": 2.390146255493164e-05}, "shared": {"value": false, "score": 5.364418029785156e-07}}}, {"type": "software", "software-type": "implicit", "software-name": {"rawForm": "code", "normalizedForm": "code", "offsetStart": 204, "offsetEnd": 208}, "context": "open-source Jupyter notebook format [19], and come with the most popular AI libraries and frameworks installed (e.g., Scikit-Learn [50], TensorFlow [31], PyTorch [49], etc.) and allow users to run python code through the browser. ", "mentionContextAttributes": {"used": {"value": false, "score": 0.0009027719497680664}, "created": {"value": false, "score": 3.93986701965332e-05}, "shared": {"value": false, "score": 0.00039643049240112305}}, "documentContextAttributes": {"used": {"value": false, "score": 0.0009027719497680664}, "created": {"value": false, "score": 3.93986701965332e-05}, "shared": {"value": false, "score": 0.00039643049240112305}}}, {"type": "software", "software-type": "software", "wikidataId": "Q2659957", "wikipediaExternalRef": 11322015, "lang": "en", "confidence": 0.8307, "software-name": {"rawForm": "Jupyter", "normalizedForm": "Jupyter", "wikidataId": "Q2659957", "wikipediaExternalRef": 11322015, "lang": "en", "confidence": 0.8307, "offsetStart": 237, "offsetEnd": 244}, "context": "Repositories like Trovi [28], Kaggle [21], Code Ocean Explorer [9], AI Hub [7], GitHub [4], and Zenodo [5] allow users to store versioned and citeable (e.g., through a DOI: Digital Object Identifier) artifacts such as code, datasets, or Jupyter notebooks, among others.", "mentionContextAttributes": {"used": {"value": false, "score": 0.0006893277168273926}, "created": {"value": false, "score": 2.6047229766845703e-05}, "shared": {"value": false, "score": 2.0444393157958984e-05}}, "documentContextAttributes": {"used": {"value": true, "score": 0.6050313711166382}, "created": {"value": false, "score": 0.4870779514312744}, "shared": {"value": false, "score": 0.42029863595962524}}}, {"type": "software", "software-type": "software", "software-name": {"rawForm": "JupyterLab", "normalizedForm": "JupyterLab", "offsetStart": 269, "offsetEnd": 279}, "context": "file (Listing 4) guides users to define the experiment workflow through three main steps: prepare (e.g., copy artifacts to remote nodes, install libraries, etc.), launch (e.g., execute the application parts), and finalize (e.g., backup results from remote nodes to the JupyterLab server).", "mentionContextAttributes": {"used": {"value": false, "score": 0.0030691027641296387}, "created": {"value": false, "score": 1.3709068298339844e-05}, "shared": {"value": false, "score": 4.76837158203125e-07}}, "documentContextAttributes": {"used": {"value": false, "score": 0.02245938777923584}, "created": {"value": true, "score": 0.9828186631202698}, "shared": {"value": false, "score": 0.012181460857391357}}}, {"type": "software", "software-type": "software", "software-name": {"rawForm": "Kaggle", "normalizedForm": "Kaggle", "offsetStart": 291, "offsetEnd": 297}, "context": "The main differences [20] between Colab and Kaggle are: (1) Kaggle allows collaboration with other users on its Web site, while Colab allows collaboration with anyone using the notebook link; (2) Kaggle has a lot of data sets that users can use directly (e.g., notebooks already set up with Kaggle databases [22]), while in Colab setting up notebooks with Google Drive [11] or managing files [10] (e.g., to load data sets, files, and images) requires extra work; and (3) Kaggle creates a history of notebook commits that we can be reviewed.", "mentionContextAttributes": {"used": {"value": false, "score": 0.08078873157501221}, "created": {"value": false, "score": 1.1444091796875e-05}, "shared": {"value": false, "score": 7.3909759521484375e-06}}, "documentContextAttributes": {"used": {"value": true, "score": 0.9802776575088501}, "created": {"value": false, "score": 0.34171605110168457}, "shared": {"value": false, "score": 0.01567065715789795}}, "references": [{"label": "[21]", "normalizedForm": "[21]", "refKey": 20}]}, {"type": "software", "software-type": "software", "software-name": {"rawForm": "Google Drive", "normalizedForm": "Google Drive", "offsetStart": 356, "offsetEnd": 373}, "context": "The main differences [20] between Colab and Kaggle are: (1) Kaggle allows collaboration with other users on its Web site, while Colab allows collaboration with anyone using the notebook link; (2) Kaggle has a lot of data sets that users can use directly (e.g., notebooks already set up with Kaggle databases [22]), while in Colab setting up notebooks with Google Drive [11] or managing files [10] (e.g., to load data sets, files, and images) requires extra work; and (3) Kaggle creates a history of notebook commits that we can be reviewed.", "mentionContextAttributes": {"used": {"value": false, "score": 0.08078873157501221}, "created": {"value": false, "score": 1.1444091796875e-05}, "shared": {"value": false, "score": 7.3909759521484375e-06}}, "documentContextAttributes": {"used": {"value": false, "score": 0.08078873157501221}, "created": {"value": false, "score": 1.1444091796875e-05}, "shared": {"value": false, "score": 7.3909759521484375e-06}}}, {"type": "software", "software-type": "software", "software-name": {"rawForm": "Kaggle", "normalizedForm": "Kaggle", "offsetStart": 471, "offsetEnd": 477}, "context": "The main differences [20] between Colab and Kaggle are: (1) Kaggle allows collaboration with other users on its Web site, while Colab allows collaboration with anyone using the notebook link; (2) Kaggle has a lot of data sets that users can use directly (e.g., notebooks already set up with Kaggle databases [22]), while in Colab setting up notebooks with Google Drive [11] or managing files [10] (e.g., to load data sets, files, and images) requires extra work; and (3) Kaggle creates a history of notebook commits that we can be reviewed.", "mentionContextAttributes": {"used": {"value": false, "score": 0.08078873157501221}, "created": {"value": false, "score": 1.1444091796875e-05}, "shared": {"value": false, "score": 7.3909759521484375e-06}}, "documentContextAttributes": {"used": {"value": true, "score": 0.9802776575088501}, "created": {"value": false, "score": 0.34171605110168457}, "shared": {"value": false, "score": 0.01567065715789795}}, "references": [{"label": "[21]", "normalizedForm": "[21]", "refKey": 20}]}], "references": [{"refKey": 36, "tei": "<biblStruct xml:id=\"b36\">\n\t<analytic>\n\t\t<title level=\"a\" type=\"main\">Computational Reproducibility via Containers in Social Psychology</title>\n\t\t<author>\n\t\t\t<persName><forename type=\"first\">April</forename><surname>Clyburne-Sherin</surname></persName>\n\t\t</author>\n\t\t<author>\n\t\t\t<persName><forename type=\"first\">Xu</forename><surname>Fei</surname></persName>\n\t\t\t<idno type=\"ORCID\">0000-0002-2546-7841</idno>\n\t\t</author>\n\t\t<author>\n\t\t\t<persName><forename type=\"first\">Seth</forename><forename type=\"middle\">Ariel</forename><surname>Green</surname></persName>\n\t\t\t<idno type=\"ORCID\">0000-0003-3909-1969</idno>\n\t\t</author>\n\t\t<idno type=\"DOI\">10.31234/osf.io/mf82t</idno>\n\t</analytic>\n\t<monogr>\n\t\t<title level=\"j\">Meta-psychology</title>\n\t\t<imprint>\n\t\t\t<biblScope unit=\"volume\">3</biblScope>\n\t\t\t<date type=\"published\" when=\"2018-02-16\">2019. 2019</date>\n\t\t\t<publisher>Center for Open Science</publisher>\n\t\t</imprint>\n\t</monogr>\n</biblStruct>\n"}, {"refKey": 20, "tei": "<biblStruct xml:id=\"b20\">\n\t<monogr>\n\t\t<title level=\"m\">Kaggle community</title>\n\t\t<imprint>\n\t\t\t<date>2023. Jan 19, 2023</date>\n\t\t</imprint>\n\t</monogr>\n</biblStruct>\n"}, {"refKey": 53, "tei": "<biblStruct xml:id=\"b53\">\n\t<analytic>\n\t\t<title level=\"a\" type=\"main\">E2Clab: Exploring the Computing Continuum through Repeatable, Replicable and Reproducible Edge-to-Cloud Experiments</title>\n\t\t<author>\n\t\t\t<persName><forename type=\"first\">Daniel</forename><surname>Rosendo</surname></persName>\n\t\t</author>\n\t\t<author>\n\t\t\t<persName><forename type=\"first\">Pedro</forename><surname>Silva</surname></persName>\n\t\t</author>\n\t\t<author>\n\t\t\t<persName><forename type=\"first\">Matthieu</forename><surname>Simonin</surname></persName>\n\t\t</author>\n\t\t<author>\n\t\t\t<persName><forename type=\"first\">Alexandru</forename><surname>Costan</surname></persName>\n\t\t</author>\n\t\t<author>\n\t\t\t<persName><forename type=\"first\">Gabriel</forename><surname>Antoniu</surname></persName>\n\t\t</author>\n\t\t<idno type=\"DOI\">10.1109/cluster49012.2020.00028</idno>\n\t</analytic>\n\t<monogr>\n\t\t<title level=\"m\">2020 IEEE International Conference on Cluster Computing (CLUSTER)</title>\n\t\t<imprint>\n\t\t\t<publisher>IEEE</publisher>\n\t\t\t<date type=\"published\" when=\"2020-09\">2020</date>\n\t\t\t<biblScope unit=\"page\">11</biblScope>\n\t\t</imprint>\n\t</monogr>\n</biblStruct>\n"}, {"refKey": 17, "tei": "<biblStruct xml:id=\"b17\">\n\t<monogr>\n\t\t<title level=\"m\">Google Colab</title>\n\t\t<imprint>\n\t\t\t<date>2023. Jan 17, 2023</date>\n\t\t</imprint>\n\t</monogr>\n</biblStruct>\n"}], "runtime": 92724, "id": "019241246717b3696b82418917dd2fa83cd636e4", "metadata": {"id": "019241246717b3696b82418917dd2fa83cd636e4"}, "original_file_path": "../../datalake/Samuel/SOFTware-Sync/data/xml_not_sofctied/hal-04157720.grobid.tei.xml", "file_name": "hal-04157720.grobid.tei.xml"}