{"application": "software-mentions", "version": "0.8.0", "date": "2024-04-12T16:08+0000", "md5": "5BC7099CAB51BAB8E63F008528D0008C", "mentions": [{"type": "software", "software-type": "software", "software-name": {"rawForm": "Glozz", "normalizedForm": "Glozz", "offsetStart": 4, "offsetEnd": 14}, "context": "The Glozz [22] environment for annotation and exploration of a corpus is based on a generic model that can conform (by instantiation) to any annotation paradigm. ", "mentionContextAttributes": {"used": {"value": false, "score": 0.00033724308013916016}, "created": {"value": false, "score": 0.00014781951904296875}, "shared": {"value": false, "score": 2.980232238769531e-07}}, "documentContextAttributes": {"used": {"value": false, "score": 0.00033724308013916016}, "created": {"value": false, "score": 0.00014781951904296875}, "shared": {"value": false, "score": 2.980232238769531e-07}}}, {"type": "software", "software-type": "software", "software-name": {"rawForm": "ANALEC", "normalizedForm": "ANALEC", "offsetStart": 4, "offsetEnd": 15}, "context": "The ANALEC [10] tool combines corpus annotation, visualization and query management. ", "mentionContextAttributes": {"used": {"value": false, "score": 8.64863395690918e-05}, "created": {"value": false, "score": 0.0006862282752990723}, "shared": {"value": false, "score": 1.7881393432617188e-07}}, "documentContextAttributes": {"used": {"value": false, "score": 8.64863395690918e-05}, "created": {"value": false, "score": 0.0006862282752990723}, "shared": {"value": false, "score": 1.7881393432617188e-07}}}, {"type": "software", "software-type": "software", "software-name": {"rawForm": "SenseMap", "normalizedForm": "SenseMap", "offsetStart": 4, "offsetEnd": 17}, "context": "The SenseMap [17] tool supports browser-based online sensemaking through analytic provenance. ", "mentionContextAttributes": {"used": {"value": false, "score": 3.463029861450195e-05}, "created": {"value": false, "score": 0.00014472007751464844}, "shared": {"value": false, "score": 2.980232238769531e-07}}, "documentContextAttributes": {"used": {"value": false, "score": 3.463029861450195e-05}, "created": {"value": false, "score": 0.00014472007751464844}, "shared": {"value": false, "score": 2.980232238769531e-07}}}, {"type": "software", "software-type": "software", "software-name": {"rawForm": "MGExplorer", "normalizedForm": "MGExplorer", "offsetStart": 14, "offsetEnd": 29}, "context": "Tools such as MGExplorer [15] and GraphTrail [5] represent the workflow through segment lines connecting different views of data, allowing users to understand the actions performed from one view to another.", "mentionContextAttributes": {"used": {"value": false, "score": 0.000156402587890625}, "created": {"value": false, "score": 1.3649463653564453e-05}, "shared": {"value": false, "score": 4.172325134277344e-07}}, "documentContextAttributes": {"used": {"value": true, "score": 0.9607857465744019}, "created": {"value": true, "score": 0.9856039881706238}, "shared": {"value": false, "score": 2.205371856689453e-06}}}, {"type": "software", "software-type": "software", "software-name": {"rawForm": "GraphTrail", "normalizedForm": "GraphTrail", "offsetStart": 34, "offsetEnd": 48}, "context": "Tools such as MGExplorer [15] and GraphTrail [5] represent the workflow through segment lines connecting different views of data, allowing users to understand the actions performed from one view to another.", "mentionContextAttributes": {"used": {"value": false, "score": 0.000156402587890625}, "created": {"value": false, "score": 1.3649463653564453e-05}, "shared": {"value": false, "score": 4.172325134277344e-07}}, "documentContextAttributes": {"used": {"value": false, "score": 0.000156402587890625}, "created": {"value": false, "score": 1.3649463653564453e-05}, "shared": {"value": false, "score": 4.172325134277344e-07}}}, {"type": "software", "software-type": "software", "software-name": {"rawForm": "MGExplorer", "normalizedForm": "MGExplorer", "offsetStart": 53, "offsetEnd": 67}, "context": "The approach is implemented as a plugin for the tool MGExplorer [15]. ", "mentionContextAttributes": {"used": {"value": false, "score": 4.595518112182617e-05}, "created": {"value": false, "score": 0.23051244020462036}, "shared": {"value": false, "score": 1.7881393432617188e-07}}, "documentContextAttributes": {"used": {"value": true, "score": 0.9607857465744019}, "created": {"value": true, "score": 0.9856039881706238}, "shared": {"value": false, "score": 2.205371856689453e-06}}}, {"type": "software", "software-type": "software", "software-name": {"rawForm": "MGExplporer", "normalizedForm": "MGExplporer", "offsetStart": 67, "offsetEnd": 78}, "context": "Whilst the plug-in developed is specific to the visualization tool MGExplporer, we consider that the steps described in the approach are generic enough and can be adapted to support the development of other annotating tools.", "mentionContextAttributes": {"used": {"value": false, "score": 9.328126907348633e-05}, "created": {"value": true, "score": 0.6297687292098999}, "shared": {"value": false, "score": 2.562999725341797e-06}}, "documentContextAttributes": {"used": {"value": false, "score": 9.328126907348633e-05}, "created": {"value": true, "score": 0.6297687292098999}, "shared": {"value": false, "score": 2.562999725341797e-06}}}, {"type": "software", "software-type": "software", "software-name": {"rawForm": "MGExplorer", "normalizedForm": "MGExplorer", "offsetStart": 83, "offsetEnd": 97}, "context": "Our approach is implemented as a plug-in embedded into a visualization tool called MGExplorer [15]. ", "mentionContextAttributes": {"used": {"value": false, "score": 5.1081180572509766e-05}, "created": {"value": true, "score": 0.9856039881706238}, "shared": {"value": false, "score": 2.205371856689453e-06}}, "documentContextAttributes": {"used": {"value": true, "score": 0.9607857465744019}, "created": {"value": true, "score": 0.9856039881706238}, "shared": {"value": false, "score": 2.205371856689453e-06}}}, {"type": "software", "software-type": "software", "wikidataId": "Q16982951", "wikipediaExternalRef": 17225756, "lang": "en", "confidence": 0.6836, "software-name": {"rawForm": "VisTrails", "normalizedForm": "VisTrails", "wikidataId": "Q16982951", "wikipediaExternalRef": 17225756, "lang": "en", "confidence": 0.6836, "offsetStart": 87, "offsetEnd": 100}, "context": "In visualization systems, these data are often represented through history trees as in VisTrails [3] which allows users to create, change, and compare visualizations by exploring the graphical representation of the exploration flow.", "mentionContextAttributes": {"used": {"value": false, "score": 0.0008693337440490723}, "created": {"value": false, "score": 0.0001157522201538086}, "shared": {"value": false, "score": 5.960464477539062e-07}}, "documentContextAttributes": {"used": {"value": false, "score": 0.0008693337440490723}, "created": {"value": false, "score": 0.0001157522201538086}, "shared": {"value": false, "score": 5.960464477539062e-07}}}, {"type": "software", "software-type": "software", "software-name": {"rawForm": "MGExplorer", "normalizedForm": "MGExplorer", "offsetStart": 91, "offsetEnd": 101}, "context": "The other classes at Fig. 3 refer to the model used to describe the components of the tool MGExplorer that is used to illustrate the approach. ", "mentionContextAttributes": {"used": {"value": true, "score": 0.9607857465744019}, "created": {"value": false, "score": 0.00018864870071411133}, "shared": {"value": false, "score": 1.1920928955078125e-07}}, "documentContextAttributes": {"used": {"value": true, "score": 0.9607857465744019}, "created": {"value": true, "score": 0.9856039881706238}, "shared": {"value": false, "score": 2.205371856689453e-06}}}, {"type": "software", "software-type": "software", "software-name": {"rawForm": "MGExplorer", "normalizedForm": "MGExplorer", "offsetStart": 93, "offsetEnd": 103}, "context": "Fig. 4 shows the mapping between the singleton class mge-annotation and the other classes of MGExplorer.", "mentionContextAttributes": {"used": {"value": true, "score": 0.9244953393936157}, "created": {"value": false, "score": 2.86102294921875e-06}, "shared": {"value": false, "score": 1.1920928955078125e-07}}, "documentContextAttributes": {"used": {"value": true, "score": 0.9607857465744019}, "created": {"value": true, "score": 0.9856039881706238}, "shared": {"value": false, "score": 2.205371856689453e-06}}}, {"type": "software", "software-type": "software", "software-name": {"rawForm": "Clus-terViz", "normalizedForm": "Clus-terViz", "offsetStart": 134, "offsetEnd": 145}, "context": "For instance, we further explore the collaboration between Michael Jackson and Pitbull using a different visualization technique, the Clus-terViz. ", "mentionContextAttributes": {"used": {"value": false, "score": 0.000689387321472168}, "created": {"value": true, "score": 0.8158865571022034}, "shared": {"value": false, "score": 2.384185791015625e-07}}, "documentContextAttributes": {"used": {"value": false, "score": 0.000689387321472168}, "created": {"value": true, "score": 0.8158865571022034}, "shared": {"value": false, "score": 2.384185791015625e-07}}}], "references": [], "runtime": 74882, "id": "5a0beba39012db7850f1cb6d8bba4baf9ba70412", "metadata": {"id": "5a0beba39012db7850f1cb6d8bba4baf9ba70412"}, "original_file_path": "../../datalake/Samuel/SOFTware-Sync/data/xml_files/hal-03779349.grobid.tei.xml", "file_name": "hal-03779349.grobid.tei.xml"}