{"application": "software-mentions", "version": "0.8.0", "date": "2024-04-12T17:22+0000", "md5": "49C7F58217AC1CA8BCA98F2D31356CCE", "mentions": [{"type": "software", "software-type": "software", "software-name": {"rawForm": "FactMinder", "normalizedForm": "FactMinder", "offsetStart": 0, "offsetEnd": 14}, "context": "FactMinder [7] uses an XML-RDF hybrid data model [8] to link the entities found in documents (web pages, etc.), hence in the claims made there, to these entity descriptions in a knowledge graph, in order to guide manual fact-checks. ", "mentionContextAttributes": {"used": {"value": false, "score": 0.07640713453292847}, "created": {"value": false, "score": 1.3947486877441406e-05}, "shared": {"value": false, "score": 2.384185791015625e-07}}, "documentContextAttributes": {"used": {"value": false, "score": 0.07640713453292847}, "created": {"value": false, "score": 1.3947486877441406e-05}, "shared": {"value": false, "score": 2.384185791015625e-07}}}, {"type": "software", "software-type": "software", "wikidataId": "Q14579", "wikipediaExternalRef": 21347315, "lang": "en", "confidence": 0.857, "software-name": {"rawForm": "Linux", "normalizedForm": "Linux", "wikidataId": "Q14579", "wikipediaExternalRef": 21347315, "lang": "en", "confidence": 0.857, "offsetStart": 22, "offsetEnd": 27}, "context": "We ran our tests on a Linux computer with an Intel Xeon CPU @ 2.67GHz, 4 Cores and 40GB RAM.", "mentionContextAttributes": {"used": {"value": true, "score": 0.9999815225601196}, "created": {"value": false, "score": 0.00609356164932251}, "shared": {"value": false, "score": 1.430511474609375e-06}}, "documentContextAttributes": {"used": {"value": true, "score": 0.9999815225601196}, "created": {"value": false, "score": 0.00609356164932251}, "shared": {"value": false, "score": 1.430511474609375e-06}}}], "references": [], "runtime": 18981, "id": "a8f43c707f13a6832a753a34ad272f7a0b556593", "metadata": {"id": "a8f43c707f13a6832a753a34ad272f7a0b556593"}, "original_file_path": "../../datalake/Samuel/SOFTware-Sync/data/xml_not_sofctied/hal-02057980.grobid.tei.xml", "file_name": "hal-02057980.grobid.tei.xml"}