{"application": "software-mentions", "version": "0.8.0", "date": "2024-04-12T17:13+0000", "md5": "EE7C030C62DC737B6EEE0D6A29C9643B", "mentions": [{"type": "software", "software-type": "software", "software-name": {"rawForm": "DeepCode", "normalizedForm": "DeepCode", "offsetStart": 17, "offsetEnd": 26}, "context": "Initiatives like DeepCode7 for code completion can use this work to improve their models. ", "mentionContextAttributes": {"used": {"value": false, "score": 4.8100948333740234e-05}, "created": {"value": false, "score": 0.013525128364562988}, "shared": {"value": false, "score": 5.364418029785156e-07}}, "documentContextAttributes": {"used": {"value": false, "score": 4.8100948333740234e-05}, "created": {"value": false, "score": 0.013525128364562988}, "shared": {"value": false, "score": 5.364418029785156e-07}}}, {"type": "software", "software-type": "software", "software-name": {"rawForm": "Corese", "normalizedForm": "Corese", "offsetStart": 27, "offsetEnd": 34}, "context": "A Semantic Web Engine like Corese6 , coded in Java, would use functionality implemented in Java. ", "mentionContextAttributes": {"used": {"value": false, "score": 0.0003173351287841797}, "created": {"value": false, "score": 0.006891191005706787}, "shared": {"value": false, "score": 4.231929779052734e-06}}, "documentContextAttributes": {"used": {"value": false, "score": 0.0003173351287841797}, "created": {"value": false, "score": 0.006891191005706787}, "shared": {"value": false, "score": 4.231929779052734e-06}}}, {"type": "software", "software-type": "software", "software-name": {"rawForm": "Corese", "normalizedForm": "Corese", "offsetStart": 34, "offsetEnd": 40}, "context": "For instance, a user working with Corese may send a request to the function catalog, asking for the Java implementation of functions alongside their query for data. ", "mentionContextAttributes": {"used": {"value": false, "score": 0.00011438131332397461}, "created": {"value": false, "score": 0.00012046098709106445}, "shared": {"value": false, "score": 1.7285346984863281e-06}}, "documentContextAttributes": {"used": {"value": false, "score": 0.0003173351287841797}, "created": {"value": false, "score": 0.006891191005706787}, "shared": {"value": false, "score": 4.231929779052734e-06}}}, {"type": "software", "software-type": "software", "software-name": {"rawForm": "CodeOntology", "normalizedForm": "CodeOntology", "offsetStart": 37, "offsetEnd": 49}, "context": "The work presented in [13] relies on CodeOntology for the implementation of a query answering system. ", "mentionContextAttributes": {"used": {"value": false, "score": 9.042024612426758e-05}, "created": {"value": true, "score": 0.9917689561843872}, "shared": {"value": false, "score": 1.7881393432617188e-07}}, "documentContextAttributes": {"used": {"value": true, "score": 0.9933916330337524}, "created": {"value": true, "score": 0.9917689561843872}, "shared": {"value": false, "score": 4.172325134277344e-07}}}, {"type": "software", "software-type": "software", "software-name": {"rawForm": "CodeOntology", "normalizedForm": "CodeOntology", "offsetStart": 51, "offsetEnd": 63}, "context": "Those functions are discovered and annotated using CodeOntology to describe their structure and DBpedia for semantics. ", "mentionContextAttributes": {"used": {"value": true, "score": 0.9933916330337524}, "created": {"value": false, "score": 0.12011581659317017}, "shared": {"value": false, "score": 1.7881393432617188e-07}}, "documentContextAttributes": {"used": {"value": true, "score": 0.9933916330337524}, "created": {"value": true, "score": 0.9917689561843872}, "shared": {"value": false, "score": 4.172325134277344e-07}}}, {"type": "software", "software-type": "software", "software-name": {"rawForm": "codeFile", "normalizedForm": "codeFile", "offsetStart": 72, "offsetEnd": 80}, "version": {"rawForm": "1", "normalizedForm": "1"}, "context": "For example, a code file archived on Software Heritage with the IRI swh:codeFile helps addressing the function fn using the IRI swh:codeFile fn 1 (instead of referencing fragments of code with no defined semantics). 1. Versioning: the version of the function, programming language, provenance. ", "mentionContextAttributes": {"used": {"value": false, "score": 0.0011579394340515137}, "created": {"value": false, "score": 4.827976226806641e-06}, "shared": {"value": false, "score": 1.341104507446289e-05}}, "documentContextAttributes": {"used": {"value": false, "score": 0.0011579394340515137}, "created": {"value": false, "score": 4.827976226806641e-06}, "shared": {"value": false, "score": 1.341104507446289e-05}}}, {"type": "software", "software-type": "software", "software-name": {"rawForm": "codeFile", "normalizedForm": "codeFile", "offsetStart": 132, "offsetEnd": 140}, "version": {"rawForm": "1", "normalizedForm": "1", "offsetStart": 144, "offsetEnd": 145}, "context": "For example, a code file archived on Software Heritage with the IRI swh:codeFile helps addressing the function fn using the IRI swh:codeFile fn 1 (instead of referencing fragments of code with no defined semantics). 1. Versioning: the version of the function, programming language, provenance. ", "mentionContextAttributes": {"used": {"value": false, "score": 0.0011579394340515137}, "created": {"value": false, "score": 4.827976226806641e-06}, "shared": {"value": false, "score": 1.341104507446289e-05}}, "documentContextAttributes": {"used": {"value": false, "score": 0.0011579394340515137}, "created": {"value": false, "score": 4.827976226806641e-06}, "shared": {"value": false, "score": 1.341104507446289e-05}}}, {"type": "software", "software-type": "software", "software-name": {"rawForm": "CodeOntology", "normalizedForm": "CodeOntology", "offsetStart": 158, "offsetEnd": 170}, "context": "Ontologies are defined to describe code either for a specific language, like the R ontology [10]; a specific paradigm, such as object-oriented languages with CodeOntology [11]; or independently of the used technology as done by [12].", "mentionContextAttributes": {"used": {"value": false, "score": 0.0006499886512756348}, "created": {"value": false, "score": 0.0002557039260864258}, "shared": {"value": false, "score": 4.172325134277344e-07}}, "documentContextAttributes": {"used": {"value": true, "score": 0.9933916330337524}, "created": {"value": true, "score": 0.9917689561843872}, "shared": {"value": false, "score": 4.172325134277344e-07}}}], "references": [], "runtime": 90530, "id": "6306d815a3d4f2882b814dbf4ad1275ff6b8c2ca", "metadata": {"id": "6306d815a3d4f2882b814dbf4ad1275ff6b8c2ca"}, "original_file_path": "../../datalake/Samuel/SOFTware-Sync/data/xml_not_sofctied/hal-03190617.grobid.tei.xml", "file_name": "hal-03190617.grobid.tei.xml"}