{"application": "software-mentions", "version": "0.8.0", "date": "2024-04-12T17:00+0000", "md5": "D541BB931D7294EA7632A7DF22E852FA", "mentions": [{"type": "software", "software-type": "software", "software-name": {"rawForm": "KartoGraphi", "normalizedForm": "KartoGraphi", "offsetStart": 42, "offsetEnd": 56}, "context": "Using the results of our experiments with KartoGraphi [4], we studied the vocabularies used in the descriptions that we were able to gather, as well as the elements proposed in VoID, DCAT, DCAT-AP and DataID. ", "mentionContextAttributes": {"used": {"value": true, "score": 0.9999432563781738}, "created": {"value": false, "score": 3.6597251892089844e-05}, "shared": {"value": false, "score": 1.1920928955078125e-07}}, "documentContextAttributes": {"used": {"value": true, "score": 0.9999432563781738}, "created": {"value": false, "score": 3.6597251892089844e-05}, "shared": {"value": false, "score": 4.76837158203125e-07}}}, {"type": "software", "software-type": "software", "software-name": {"rawForm": "IndeGx", "normalizedForm": "IndeGx", "offsetStart": 61, "offsetEnd": 67}, "context": "Figure 1 shows the number of KBs that returned a result when IndeGx tried to retrieve the different description features from 339 endpoints. ", "mentionContextAttributes": {"used": {"value": true, "score": 0.9999849796295166}, "created": {"value": false, "score": 1.823902130126953e-05}, "shared": {"value": false, "score": 1.1920928955078125e-07}}, "documentContextAttributes": {"used": {"value": true, "score": 0.9999849796295166}, "created": {"value": false, "score": 0.0011888742446899414}, "shared": {"value": false, "score": 2.384185791015625e-07}}}, {"type": "software", "software-type": "software", "software-name": {"rawForm": "KartoGraphi", "normalizedForm": "KartoGraphi", "offsetStart": 67, "offsetEnd": 81}, "context": "The results of this experimentation are represented graphically in KartoGraphi [4]. ", "mentionContextAttributes": {"used": {"value": true, "score": 0.9975910186767578}, "created": {"value": false, "score": 1.728534698486328e-05}, "shared": {"value": false, "score": 4.76837158203125e-07}}, "documentContextAttributes": {"used": {"value": true, "score": 0.9999432563781738}, "created": {"value": false, "score": 3.6597251892089844e-05}, "shared": {"value": false, "score": 4.76837158203125e-07}}}, {"type": "software", "software-type": "software", "software-name": {"rawForm": "IndeGx", "normalizedForm": "IndeGx", "offsetStart": 79, "offsetEnd": 85}, "context": "This service was motivated by the lack of dataset descriptions observed in the IndeGx framework experimentation and its visualization in the KartoGraphI website. ", "mentionContextAttributes": {"used": {"value": false, "score": 0.4924968481063843}, "created": {"value": false, "score": 0.0011888742446899414}, "shared": {"value": false, "score": 2.384185791015625e-07}}, "documentContextAttributes": {"used": {"value": true, "score": 0.9999849796295166}, "created": {"value": false, "score": 0.0011888742446899414}, "shared": {"value": false, "score": 2.384185791015625e-07}}}, {"type": "software", "software-type": "software", "wikidataId": "Q11354", "wikipediaExternalRef": 2581, "lang": "en", "confidence": 0.8046, "software-name": {"rawForm": "Apache", "normalizedForm": "Apache", "wikidataId": "Q11354", "wikipediaExternalRef": 2581, "lang": "en", "confidence": 0.8046, "offsetStart": 83, "offsetEnd": 89}, "version": {"rawForm": "2.0", "normalizedForm": "2.0", "offsetStart": 90, "offsetEnd": 93}, "context": "Metadatamatic is accessible online 1 and its code is available on GitHub under the Apache 2.0 open source license. ", "mentionContextAttributes": {"used": {"value": false, "score": 0.004143655300140381}, "created": {"value": false, "score": 0.00031113624572753906}, "shared": {"value": true, "score": 0.9723001718521118}}, "documentContextAttributes": {"used": {"value": false, "score": 0.004143655300140381}, "created": {"value": false, "score": 0.00031113624572753906}, "shared": {"value": true, "score": 0.9723001718521118}}}, {"type": "software", "software-type": "software", "software-name": {"rawForm": "IndeGx", "normalizedForm": "IndeGx", "offsetStart": 98, "offsetEnd": 104}, "context": "Metadatamatic converts the content of the web form into RDF, and utilises the previously proposed IndeGx framework [5] to extract KB descriptions from their content. ", "mentionContextAttributes": {"used": {"value": false, "score": 0.0007677078247070312}, "created": {"value": false, "score": 0.0011432170867919922}, "shared": {"value": false, "score": 2.384185791015625e-07}}, "documentContextAttributes": {"used": {"value": true, "score": 0.9999849796295166}, "created": {"value": false, "score": 0.0011888742446899414}, "shared": {"value": false, "score": 2.384185791015625e-07}}}], "references": [], "runtime": 4447, "id": "7eb45e2963fdc092e7e25717828b0bf6c442a787", "metadata": {"id": "7eb45e2963fdc092e7e25717828b0bf6c442a787"}, "original_file_path": "../../datalake/Samuel/SOFTware-Sync/data/xml_not_sofctied/hal-04171196.grobid.tei.xml", "file_name": "hal-04171196.grobid.tei.xml"}