{"application": "software-mentions", "version": "0.8.0", "date": "2024-04-12T15:51+0000", "md5": "DFD653C1E0686CF3BFED5314C5571258", "mentions": [{"type": "software", "software-type": "software", "software-name": {"rawForm": "DeepFM", "normalizedForm": "DeepFM", "offsetStart": 0, "offsetEnd": 6}, "context": "DeepFM combines the power of FM for recommendation and Deep Learning for feature learning. ", "mentionContextAttributes": {"used": {"value": false, "score": 9.971857070922852e-05}, "created": {"value": false, "score": 0.00031173229217529297}, "shared": {"value": false, "score": 4.172325134277344e-07}}, "documentContextAttributes": {"used": {"value": true, "score": 0.99996417760849}, "created": {"value": true, "score": 0.9988484978675842}, "shared": {"value": false, "score": 4.172325134277344e-07}}, "references": [{"label": "[7]", "normalizedForm": "[7]", "refKey": 7}]}, {"type": "software", "software-type": "software", "software-name": {"rawForm": "OntoSIDES", "normalizedForm": "OntoSIDES", "offsetStart": 0, "offsetEnd": 14}, "context": "OntoSIDES [13] is a knowledge graph that comprises a domain ontology represented in OWL and a set of factual statements about the entities on the SIDES platform, linking them to the ontology classes and properties. ", "mentionContextAttributes": {"used": {"value": false, "score": 0.011230647563934326}, "created": {"value": false, "score": 0.00010317564010620117}, "shared": {"value": false, "score": 4.172325134277344e-07}}, "documentContextAttributes": {"used": {"value": true, "score": 0.9999825358390808}, "created": {"value": true, "score": 0.9966727495193481}, "shared": {"value": false, "score": 1.1324882507324219e-06}}}, {"type": "software", "software-type": "software", "software-name": {"rawForm": "OntoSIDES", "normalizedForm": "OntoSIDES", "offsetStart": 4, "offsetEnd": 13}, "context": "The OntoSIDES knowledge graph was automatically generated from the relational database of the SIDES platform, and by enriching these data with the developed ontology.", "mentionContextAttributes": {"used": {"value": true, "score": 0.9991523623466492}, "created": {"value": false, "score": 0.0006627440452575684}, "shared": {"value": false, "score": 1.7881393432617188e-07}}, "documentContextAttributes": {"used": {"value": true, "score": 0.9999825358390808}, "created": {"value": true, "score": 0.9966727495193481}, "shared": {"value": false, "score": 1.1324882507324219e-06}}}, {"type": "software", "software-type": "software", "software-name": {"rawForm": "OntoSIDES", "normalizedForm": "OntoSIDES", "offsetStart": 4, "offsetEnd": 13}, "context": "The OntoSIDES graph currently includes the description of 569,762,878 answers to 1,797,180 questions related to 31 medical specialties and given by 173,533 students.", "mentionContextAttributes": {"used": {"value": false, "score": 0.10272693634033203}, "created": {"value": false, "score": 3.451108932495117e-05}, "shared": {"value": false, "score": 4.172325134277344e-07}}, "documentContextAttributes": {"used": {"value": true, "score": 0.9999825358390808}, "created": {"value": true, "score": 0.9966727495193481}, "shared": {"value": false, "score": 1.1324882507324219e-06}}}, {"type": "software", "software-type": "software", "software-name": {"rawForm": "DeepCTR", "normalizedForm": "DeepCTR", "offsetStart": 12, "offsetEnd": 20}, "context": "We used the DeepCTR5 Python implementation. ", "mentionContextAttributes": {"used": {"value": true, "score": 0.9999446272850037}, "created": {"value": false, "score": 5.835294723510742e-05}, "shared": {"value": false, "score": 2.980232238769531e-07}}, "documentContextAttributes": {"used": {"value": true, "score": 0.9999446272850037}, "created": {"value": false, "score": 5.835294723510742e-05}, "shared": {"value": true, "score": 0.9900209307670593}}}, {"type": "software", "software-type": "software", "software-name": {"rawForm": "OntoSIDES", "normalizedForm": "OntoSIDES", "offsetStart": 13, "offsetEnd": 22}, "context": "Based on the OntoSIDES knowledge graph, our aim is to predict the outcome of a student to a question, that is, the value related to an instance of sides:answer by property sides:has for result, which is equal to 1 if the student answered the question correctly, and 0 otherwise.", "mentionContextAttributes": {"used": {"value": false, "score": 0.3853963017463684}, "created": {"value": false, "score": 0.03484553098678589}, "shared": {"value": false, "score": 5.364418029785156e-07}}, "documentContextAttributes": {"used": {"value": true, "score": 0.9999825358390808}, "created": {"value": true, "score": 0.9966727495193481}, "shared": {"value": false, "score": 1.1324882507324219e-06}}}, {"type": "software", "software-type": "software", "software-name": {"rawForm": "OntoSIDES", "normalizedForm": "OntoSIDES", "offsetStart": 16, "offsetEnd": 25}, "context": "We describe the OntoSIDES knowledge graph in section 3. The features extracted or computed from the OntoSIDES knowledge graph to model students' learning are detailed in section 4. In section 5, we present the experiments performed in order to define our model, and we analyse the results of these experiments in section 5.2.", "mentionContextAttributes": {"used": {"value": true, "score": 0.9918291568756104}, "created": {"value": false, "score": 0.03472733497619629}, "shared": {"value": false, "score": 5.364418029785156e-07}}, "documentContextAttributes": {"used": {"value": true, "score": 0.9999825358390808}, "created": {"value": true, "score": 0.9966727495193481}, "shared": {"value": false, "score": 1.1324882507324219e-06}}}, {"type": "software", "software-type": "software", "software-name": {"rawForm": "OntoSIDES", "normalizedForm": "OntoSIDES", "offsetStart": 27, "offsetEnd": 36}, "context": "The current version of the OntoSIDES OWL ontology contains 52 classes and 50 properties, mainly describing universities, faculties, users (students, professors, and administrative staff), tests, questions and answers. ", "mentionContextAttributes": {"used": {"value": false, "score": 0.000324249267578125}, "created": {"value": false, "score": 0.00046688318252563477}, "shared": {"value": false, "score": 7.748603820800781e-07}}, "documentContextAttributes": {"used": {"value": true, "score": 0.9999825358390808}, "created": {"value": true, "score": 0.9966727495193481}, "shared": {"value": false, "score": 1.1324882507324219e-06}}}, {"type": "software", "software-type": "software", "software-name": {"rawForm": "DeepCTR", "normalizedForm": "DeepCTR", "offsetStart": 31, "offsetEnd": 38}, "context": "https://github.com/shenweichen/DeepCTR", "mentionContextAttributes": {"used": {"value": false, "score": 0.0002071857452392578}, "created": {"value": false, "score": 2.092123031616211e-05}, "shared": {"value": true, "score": 0.9900209307670593}}, "documentContextAttributes": {"used": {"value": true, "score": 0.9999446272850037}, "created": {"value": false, "score": 5.835294723510742e-05}, "shared": {"value": true, "score": 0.9900209307670593}}}, {"type": "software", "software-type": "software", "software-name": {"rawForm": "OntoSIDES", "normalizedForm": "OntoSIDES", "offsetStart": 32, "offsetEnd": 41}, "context": "Lastly, we hypothesize that the OntoSIDES graph topology may convey valuable knowledge to predict the answer of a student to a question.", "mentionContextAttributes": {"used": {"value": false, "score": 0.00024271011352539062}, "created": {"value": false, "score": 0.32239603996276855}, "shared": {"value": false, "score": 1.7881393432617188e-07}}, "documentContextAttributes": {"used": {"value": true, "score": 0.9999825358390808}, "created": {"value": true, "score": 0.9966727495193481}, "shared": {"value": false, "score": 1.1324882507324219e-06}}}, {"type": "software", "software-type": "software", "software-name": {"rawForm": "OntoSIDES", "normalizedForm": "OntoSIDES", "offsetStart": 40, "offsetEnd": 49}, "context": "To test this hypothesis, we queried the OntoSIDES knowledge graph to extract the text of the questions, i.e. the value of the property sides:has for textual content, and we computed their vector representation by using the state-of-the-art word embedding algorithm fastText [2].", "mentionContextAttributes": {"used": {"value": true, "score": 0.9999825358390808}, "created": {"value": false, "score": 3.4868717193603516e-05}, "shared": {"value": false, "score": 2.980232238769531e-07}}, "documentContextAttributes": {"used": {"value": true, "score": 0.9999825358390808}, "created": {"value": true, "score": 0.9966727495193481}, "shared": {"value": false, "score": 1.1324882507324219e-06}}}, {"type": "software", "software-type": "software", "software-name": {"rawForm": "OntoSIDES", "normalizedForm": "OntoSIDES", "offsetStart": 44, "offsetEnd": 53}, "context": "Being an RDF graph, it is possible to query OntoSIDES with the standard query language SPARQL. ", "mentionContextAttributes": {"used": {"value": false, "score": 0.005224823951721191}, "created": {"value": false, "score": 0.00020003318786621094}, "shared": {"value": false, "score": 2.980232238769531e-07}}, "documentContextAttributes": {"used": {"value": true, "score": 0.9999825358390808}, "created": {"value": true, "score": 0.9966727495193481}, "shared": {"value": false, "score": 1.1324882507324219e-06}}}, {"type": "software", "software-type": "software", "software-name": {"rawForm": "DeepFM", "normalizedForm": "DeepFM", "offsetStart": 47, "offsetEnd": 53}, "context": "The article compares the results obtained with DeepFM with the ones obtained using logistic regression and Vanilla FM, showing that it outperforms the other algorithms.", "mentionContextAttributes": {"used": {"value": true, "score": 0.9950456023216248}, "created": {"value": false, "score": 5.662441253662109e-06}, "shared": {"value": false, "score": 1.7881393432617188e-07}}, "documentContextAttributes": {"used": {"value": true, "score": 0.99996417760849}, "created": {"value": true, "score": 0.9988484978675842}, "shared": {"value": false, "score": 4.172325134277344e-07}}, "references": [{"label": "[7]", "normalizedForm": "[7]", "refKey": 7}]}, {"type": "software", "software-type": "software", "software-name": {"rawForm": "OntoSIDES", "normalizedForm": "OntoSIDES", "offsetStart": 58, "offsetEnd": 67}, "context": "-Can taking into account the knowledge graph structure of OntoSIDES improve the performance of the prediction of students answers to questions?", "mentionContextAttributes": {"used": {"value": false, "score": 0.0009455084800720215}, "created": {"value": false, "score": 0.0015730857849121094}, "shared": {"value": false, "score": 2.980232238769531e-07}}, "documentContextAttributes": {"used": {"value": true, "score": 0.9999825358390808}, "created": {"value": true, "score": 0.9966727495193481}, "shared": {"value": false, "score": 1.1324882507324219e-06}}}, {"type": "software", "software-type": "software", "software-name": {"rawForm": "OntoSIDES", "normalizedForm": "OntoSIDES", "offsetStart": 62, "offsetEnd": 71}, "context": "We adapted the learning models proposed in these works to the OntoSIDES knowledge graph, and extended them with calculated features and embeddings of graph nodes to exploit the knowledge captured in the OntoSIDES graph. ", "mentionContextAttributes": {"used": {"value": false, "score": 0.4249122142791748}, "created": {"value": true, "score": 0.9964885115623474}, "shared": {"value": false, "score": 2.980232238769531e-07}}, "documentContextAttributes": {"used": {"value": true, "score": 0.9999825358390808}, "created": {"value": true, "score": 0.9966727495193481}, "shared": {"value": false, "score": 1.1324882507324219e-06}}}, {"type": "software", "software-type": "software", "software-name": {"rawForm": "DeepFM", "normalizedForm": "DeepFM", "offsetStart": 80, "offsetEnd": 86}, "context": "As a result of our survey of related works (Section 2), we chose to rely on the DeepFM classification algorithm for our experiments.", "mentionContextAttributes": {"used": {"value": true, "score": 0.99996417760849}, "created": {"value": true, "score": 0.5661219358444214}, "shared": {"value": false, "score": 1.7881393432617188e-07}}, "documentContextAttributes": {"used": {"value": true, "score": 0.99996417760849}, "created": {"value": true, "score": 0.9988484978675842}, "shared": {"value": false, "score": 4.172325134277344e-07}}, "references": [{"label": "[7]", "normalizedForm": "[7]", "refKey": 7}]}, {"type": "software", "software-type": "software", "wikidataId": "Q54871", "wikipediaExternalRef": 2574343, "lang": "en", "confidence": 0.9098, "software-name": {"rawForm": "SPARQL", "normalizedForm": "SPARQL", "wikidataId": "Q54871", "wikipediaExternalRef": 2574343, "lang": "en", "confidence": 0.9098, "offsetStart": 87, "offsetEnd": 93}, "context": "Being an RDF graph, it is possible to query OntoSIDES with the standard query language SPARQL. ", "mentionContextAttributes": {"used": {"value": false, "score": 0.005224823951721191}, "created": {"value": false, "score": 0.00020003318786621094}, "shared": {"value": false, "score": 2.980232238769531e-07}}, "documentContextAttributes": {"used": {"value": false, "score": 0.005224823951721191}, "created": {"value": false, "score": 0.00020003318786621094}, "shared": {"value": false, "score": 2.980232238769531e-07}}}, {"type": "software", "software-type": "software", "software-name": {"rawForm": "OntoSIDES", "normalizedForm": "OntoSIDES", "offsetStart": 90, "offsetEnd": 99}, "context": "In this section, we describe the candidate features that we selected or computed from the OntoSIDES knowledge graph to build a student model.", "mentionContextAttributes": {"used": {"value": true, "score": 0.9568822383880615}, "created": {"value": true, "score": 0.9966727495193481}, "shared": {"value": false, "score": 1.7881393432617188e-07}}, "documentContextAttributes": {"used": {"value": true, "score": 0.9999825358390808}, "created": {"value": true, "score": 0.9966727495193481}, "shared": {"value": false, "score": 1.1324882507324219e-06}}}, {"type": "software", "software-type": "software", "software-name": {"rawForm": "DeepFM", "normalizedForm": "DeepFM", "offsetStart": 96, "offsetEnd": 102}, "context": "Table 1 shows the results of the evaluation of each model on the pediatrics subgraph, using the DeepFM algorithm.", "mentionContextAttributes": {"used": {"value": true, "score": 0.9998421669006348}, "created": {"value": false, "score": 3.796815872192383e-05}, "shared": {"value": false, "score": 1.7881393432617188e-07}}, "documentContextAttributes": {"used": {"value": true, "score": 0.99996417760849}, "created": {"value": true, "score": 0.9988484978675842}, "shared": {"value": false, "score": 4.172325134277344e-07}}, "references": [{"label": "[7]", "normalizedForm": "[7]", "refKey": 7}]}, {"type": "software", "software-type": "software", "software-name": {"rawForm": "OntoSIDES", "normalizedForm": "OntoSIDES", "offsetStart": 106, "offsetEnd": 115}, "context": "A first set of basic (or raw) features concerns the entities that can be extracted by simply querying the OntoSIDES knowledge graph, without further processing.", "mentionContextAttributes": {"used": {"value": false, "score": 0.008117258548736572}, "created": {"value": false, "score": 0.0006538033485412598}, "shared": {"value": false, "score": 1.7881393432617188e-07}}, "documentContextAttributes": {"used": {"value": true, "score": 0.9999825358390808}, "created": {"value": true, "score": 0.9966727495193481}, "shared": {"value": false, "score": 1.1324882507324219e-06}}}, {"type": "software", "software-type": "software", "software-name": {"rawForm": "OntoSIDES", "normalizedForm": "OntoSIDES", "offsetStart": 109, "offsetEnd": 118}, "context": "We also plan to extend our evaluation to questions and answers from other medical specialties present in the OntoSIDES graph.", "mentionContextAttributes": {"used": {"value": false, "score": 0.0024932026863098145}, "created": {"value": true, "score": 0.9168118238449097}, "shared": {"value": false, "score": 2.980232238769531e-07}}, "documentContextAttributes": {"used": {"value": true, "score": 0.9999825358390808}, "created": {"value": true, "score": 0.9966727495193481}, "shared": {"value": false, "score": 1.1324882507324219e-06}}}, {"type": "software", "software-type": "software", "software-name": {"rawForm": "DeepFM", "normalizedForm": "DeepFM", "offsetStart": 114, "offsetEnd": 120}, "context": "Finally, in [20], an approach similar to the previous one is presented, but based on Deep Factorization Machines (DeepFM) [7] as a classification algorithm.", "mentionContextAttributes": {"used": {"value": false, "score": 6.622076034545898e-05}, "created": {"value": false, "score": 0.0013720393180847168}, "shared": {"value": false, "score": 1.7881393432617188e-07}}, "documentContextAttributes": {"used": {"value": true, "score": 0.99996417760849}, "created": {"value": true, "score": 0.9988484978675842}, "shared": {"value": false, "score": 4.172325134277344e-07}}, "references": [{"label": "[7]", "normalizedForm": "[7]", "refKey": 7, "offsetStart": 9841, "offsetEnd": 9844}]}, {"type": "software", "software-type": "software", "software-name": {"rawForm": "OntoSIDES", "normalizedForm": "OntoSIDES", "offsetStart": 127, "offsetEnd": 136}, "context": "To sum up, our experiments show that the best student model combines a set of basic features obtained by directly querying the OntoSIDES knowledge graph -questions, attempts, wins, fails -, a set of additional features computed based on the basic ones -question difficulty, student ability (static and progressive) -, and the vector representations of the answers, questions and students nodes in the OntoSIDES knowledge graph, as well as the vector representation of questions' text despite a modest impact.", "mentionContextAttributes": {"used": {"value": true, "score": 0.9986143708229065}, "created": {"value": false, "score": 1.329183578491211e-05}, "shared": {"value": false, "score": 1.1324882507324219e-06}}, "documentContextAttributes": {"used": {"value": true, "score": 0.9999825358390808}, "created": {"value": true, "score": 0.9966727495193481}, "shared": {"value": false, "score": 1.1324882507324219e-06}}}, {"type": "software", "software-type": "software", "software-name": {"rawForm": "OntoSIDES", "normalizedForm": "OntoSIDES", "offsetStart": 128, "offsetEnd": 137}, "context": "When compared to the above-mentioned research works, the novelty of our model is that it exploits the knowledge captured in the OntoSIDES knowledge graph by means of text and graph embeddings of nodes.", "mentionContextAttributes": {"used": {"value": false, "score": 8.147954940795898e-05}, "created": {"value": true, "score": 0.6267686486244202}, "shared": {"value": false, "score": 2.980232238769531e-07}}, "documentContextAttributes": {"used": {"value": true, "score": 0.9999825358390808}, "created": {"value": true, "score": 0.9966727495193481}, "shared": {"value": false, "score": 1.1324882507324219e-06}}}, {"type": "software", "software-type": "software", "software-name": {"rawForm": "DeepFM", "normalizedForm": "DeepFM", "offsetStart": 134, "offsetEnd": 140}, "context": "In order to validate our model and assess its flexibility with respect to the considered medical specialty, we trained and tested the DeepFM learning algorithm on the sub-graph related to the cardiovascular answers, extracted as described in Section 5.1.", "mentionContextAttributes": {"used": {"value": true, "score": 0.9999383091926575}, "created": {"value": false, "score": 0.023623108863830566}, "shared": {"value": false, "score": 1.7881393432617188e-07}}, "documentContextAttributes": {"used": {"value": true, "score": 0.99996417760849}, "created": {"value": true, "score": 0.9988484978675842}, "shared": {"value": false, "score": 4.172325134277344e-07}}, "references": [{"label": "[7]", "normalizedForm": "[7]", "refKey": 7}]}, {"type": "software", "software-type": "software", "software-name": {"rawForm": "DeepFM", "normalizedForm": "DeepFM", "offsetStart": 143, "offsetEnd": 149}, "context": "Through experimentation and evaluation, we validated a new model that makes the most accurate predictions by considering these features in the DeepFM machine learning algorithm.", "mentionContextAttributes": {"used": {"value": false, "score": 0.009257018566131592}, "created": {"value": true, "score": 0.9988484978675842}, "shared": {"value": false, "score": 2.980232238769531e-07}}, "documentContextAttributes": {"used": {"value": true, "score": 0.99996417760849}, "created": {"value": true, "score": 0.9988484978675842}, "shared": {"value": false, "score": 4.172325134277344e-07}}, "references": [{"label": "[7]", "normalizedForm": "[7]", "refKey": 7}]}, {"type": "software", "software-type": "software", "software-name": {"rawForm": "DeepFM", "normalizedForm": "DeepFM", "offsetStart": 150, "offsetEnd": 156}, "context": "Our model was created on the basis of two state-of-the-art works on this domain: Knowledge Tracing Machines [20] and Deep Knowledge Tracing Machines (DeepFM) [7]. ", "mentionContextAttributes": {"used": {"value": false, "score": 0.002995729446411133}, "created": {"value": true, "score": 0.9739255309104919}, "shared": {"value": false, "score": 1.7881393432617188e-07}}, "documentContextAttributes": {"used": {"value": true, "score": 0.99996417760849}, "created": {"value": true, "score": 0.9988484978675842}, "shared": {"value": false, "score": 4.172325134277344e-07}}, "references": [{"label": "[7]", "normalizedForm": "[7]", "refKey": 7, "offsetStart": 4435, "offsetEnd": 4438}]}, {"type": "software", "software-type": "software", "software-name": {"rawForm": "OntoSIDES", "normalizedForm": "OntoSIDES", "offsetStart": 150, "offsetEnd": 159}, "context": "The model extends a state-ofthe-art approach to fit the specificity of medical data, and to take into account additional knowledge extracted from the OntoSIDES knowledge graph in the form of graph embeddings.", "mentionContextAttributes": {"used": {"value": false, "score": 4.4286251068115234e-05}, "created": {"value": false, "score": 0.05958455801010132}, "shared": {"value": false, "score": 1.7881393432617188e-07}}, "documentContextAttributes": {"used": {"value": true, "score": 0.9999825358390808}, "created": {"value": true, "score": 0.9966727495193481}, "shared": {"value": false, "score": 1.1324882507324219e-06}}}, {"type": "software", "software-type": "software", "software-name": {"rawForm": "OntoSIDES", "normalizedForm": "OntoSIDES", "offsetStart": 155, "offsetEnd": 164}, "context": "-How to model students' learning on the SIDES platform to predict their outcomes to medical questions? -Which set of features should be extracted from the OntoSIDES knowledge graph and considered for learning the student model? ", "mentionContextAttributes": {"used": {"value": false, "score": 0.03171265125274658}, "created": {"value": false, "score": 0.0048961639404296875}, "shared": {"value": false, "score": 2.980232238769531e-07}}, "documentContextAttributes": {"used": {"value": true, "score": 0.9999825358390808}, "created": {"value": true, "score": 0.9966727495193481}, "shared": {"value": false, "score": 1.1324882507324219e-06}}}, {"type": "software", "software-type": "software", "software-name": {"rawForm": "OntoSIDES", "normalizedForm": "OntoSIDES", "offsetStart": 203, "offsetEnd": 212}, "context": "We adapted the learning models proposed in these works to the OntoSIDES knowledge graph, and extended them with calculated features and embeddings of graph nodes to exploit the knowledge captured in the OntoSIDES graph. ", "mentionContextAttributes": {"used": {"value": false, "score": 0.4249122142791748}, "created": {"value": true, "score": 0.9964885115623474}, "shared": {"value": false, "score": 2.980232238769531e-07}}, "documentContextAttributes": {"used": {"value": true, "score": 0.9999825358390808}, "created": {"value": true, "score": 0.9966727495193481}, "shared": {"value": false, "score": 1.1324882507324219e-06}}}, {"type": "software", "software-type": "software", "software-name": {"rawForm": "OntoSIDES", "normalizedForm": "OntoSIDES", "offsetStart": 237, "offsetEnd": 246}, "context": "As part of the SIDES 3.0 project, existing data from the platform, such as annotated questions and students' learning traces, were converted into structured data expressed in RDF using the On-toSIDES OWL ontology [13], and stored in the OntoSIDES knowledge graph.", "mentionContextAttributes": {"used": {"value": true, "score": 0.9174743294715881}, "created": {"value": false, "score": 0.00037091970443725586}, "shared": {"value": false, "score": 4.172325134277344e-07}}, "documentContextAttributes": {"used": {"value": true, "score": 0.9999825358390808}, "created": {"value": true, "score": 0.9966727495193481}, "shared": {"value": false, "score": 1.1324882507324219e-06}}}, {"type": "software", "software-type": "software", "wikidataId": "Q29124045", "wikipediaExternalRef": 56283554, "lang": "en", "confidence": 0.4586, "software-name": {"rawForm": "fastText", "normalizedForm": "fastText", "wikidataId": "Q29124045", "wikipediaExternalRef": 56283554, "lang": "en", "confidence": 0.4586, "offsetStart": 265, "offsetEnd": 276}, "context": "To test this hypothesis, we queried the OntoSIDES knowledge graph to extract the text of the questions, i.e. the value of the property sides:has for textual content, and we computed their vector representation by using the state-of-the-art word embedding algorithm fastText [2]. ", "mentionContextAttributes": {"used": {"value": true, "score": 0.9999825358390808}, "created": {"value": false, "score": 3.4868717193603516e-05}, "shared": {"value": false, "score": 2.980232238769531e-07}}, "documentContextAttributes": {"used": {"value": true, "score": 0.9999825358390808}, "created": {"value": false, "score": 3.4868717193603516e-05}, "shared": {"value": false, "score": 2.980232238769531e-07}}}, {"type": "software", "software-type": "software", "software-name": {"rawForm": "DeepFM", "normalizedForm": "DeepFM", "offsetStart": 275, "offsetEnd": 281}, "context": "In particular, we have shown that considering the vector representations of answers, questions and students nodes had a positive impact on the prediction results: when these three features are used in conjunction, the accuracy and AUC measures of the predictions made by the DeepFM algorithm improved significantly.", "mentionContextAttributes": {"used": {"value": true, "score": 0.9998117089271545}, "created": {"value": false, "score": 0.009170889854431152}, "shared": {"value": false, "score": 3.5762786865234375e-07}}, "documentContextAttributes": {"used": {"value": true, "score": 0.99996417760849}, "created": {"value": true, "score": 0.9988484978675842}, "shared": {"value": false, "score": 4.172325134277344e-07}}, "references": [{"label": "[7]", "normalizedForm": "[7]", "refKey": 7}]}, {"type": "software", "software-type": "software", "software-name": {"rawForm": "OntoSIDES", "normalizedForm": "OntoSIDES", "offsetStart": 370, "offsetEnd": 379}, "context": "We have identified as the best model for our task the one based on Deep Knowledge Tracing Machines and relying on a rich set of features including state-of-the-art features such as wins, fails, questions' difficulties and students' abilities; textual information processed through NLP techniques (questions' text embeddings) and the structural knowledge provided by the OntoSIDES knowledge graph.", "mentionContextAttributes": {"used": {"value": false, "score": 0.014296233654022217}, "created": {"value": true, "score": 0.824400782585144}, "shared": {"value": false, "score": 4.76837158203125e-07}}, "documentContextAttributes": {"used": {"value": true, "score": 0.9999825358390808}, "created": {"value": true, "score": 0.9966727495193481}, "shared": {"value": false, "score": 1.1324882507324219e-06}}}, {"type": "software", "software-type": "software", "software-name": {"rawForm": "OntoSIDES", "normalizedForm": "OntoSIDES", "offsetStart": 401, "offsetEnd": 410}, "context": "To sum up, our experiments show that the best student model combines a set of basic features obtained by directly querying the OntoSIDES knowledge graph -questions, attempts, wins, fails -, a set of additional features computed based on the basic ones -question difficulty, student ability (static and progressive) -, and the vector representations of the answers, questions and students nodes in the OntoSIDES knowledge graph, as well as the vector representation of questions' text despite a modest impact.", "mentionContextAttributes": {"used": {"value": true, "score": 0.9986144304275513}, "created": {"value": false, "score": 1.3232231140136719e-05}, "shared": {"value": false, "score": 1.0728836059570312e-06}}, "documentContextAttributes": {"used": {"value": true, "score": 0.9999825358390808}, "created": {"value": true, "score": 0.9966727495193481}, "shared": {"value": false, "score": 1.1324882507324219e-06}}}], "references": [{"refKey": 7, "tei": "<biblStruct xml:id=\"b7\">\n\t<analytic>\n\t\t<title level=\"a\" type=\"main\">DeepFM: A Factorization-Machine based Neural Network for CTR Prediction</title>\n\t\t<author>\n\t\t\t<persName><forename type=\"first\">Huifeng</forename><surname>Guo</surname></persName>\n\t\t</author>\n\t\t<author>\n\t\t\t<persName><forename type=\"first\">Ruiming</forename><surname>Tang</surname></persName>\n\t\t</author>\n\t\t<author>\n\t\t\t<persName><forename type=\"first\">Yunming</forename><surname>Ye</surname></persName>\n\t\t</author>\n\t\t<author>\n\t\t\t<persName><forename type=\"first\">Zhenguo</forename><surname>Li</surname></persName>\n\t\t</author>\n\t\t<author>\n\t\t\t<persName><forename type=\"first\">Xiuqiang</forename><surname>He</surname></persName>\n\t\t</author>\n\t\t<idno type=\"DOI\">10.24963/ijcai.2017/239</idno>\n\t</analytic>\n\t<monogr>\n\t\t<title level=\"m\">Proceedings of the Twenty-Sixth International Joint Conference on Artificial Intelligence</title>\n\t\t<meeting>the Twenty-Sixth International Joint Conference on Artificial Intelligence</meeting>\n\t\t<imprint>\n\t\t\t<publisher>International Joint Conferences on Artificial Intelligence Organization</publisher>\n\t\t\t<date type=\"published\" when=\"2017-08\">Aug 2017</date>\n\t\t\t<biblScope unit=\"page\">1731</biblScope>\n\t\t</imprint>\n\t</monogr>\n</biblStruct>\n"}], "runtime": 39851, "id": "7e004bb57e469b649ae3b5a37d43c184bcfa519c", "metadata": {"id": "7e004bb57e469b649ae3b5a37d43c184bcfa519c"}, "original_file_path": "../../datalake/Samuel/SOFTware-Sync/data/xml_files/hal-02915414.grobid.tei.xml", "file_name": "hal-02915414.grobid.tei.xml"}