{"application": "software-mentions", "version": "0.8.0", "date": "2024-04-12T15:41+0000", "md5": "805576CF82A809B4D9A9EE56BEE893E5", "mentions": [{"type": "software", "software-type": "software", "wikidataId": "Q166142", "wikipediaExternalRef": 454746, "lang": "en", "confidence": 0.579, "software-name": {"rawForm": "Apps", "normalizedForm": "Apps", "wikidataId": "Q166142", "wikipediaExternalRef": 454746, "lang": "en", "confidence": 0.579, "offsetStart": 0, "offsetEnd": 4}, "context": "Apps.", "mentionContextAttributes": {"used": {"value": false, "score": 0.004642844200134277}, "created": {"value": false, "score": 0.0014550089836120605}, "shared": {"value": false, "score": 2.3245811462402344e-06}}, "documentContextAttributes": {"used": {"value": true, "score": 0.5565072298049927}, "created": {"value": true, "score": 0.9637064933776855}, "shared": {"value": false, "score": 2.3245811462402344e-06}}}, {"type": "software", "software-type": "software", "wikidataId": "Q166142", "wikipediaExternalRef": 454746, "lang": "en", "confidence": 0.579, "software-name": {"rawForm": "Apps", "normalizedForm": "Apps", "wikidataId": "Q166142", "wikipediaExternalRef": 454746, "lang": "en", "confidence": 0.579, "offsetStart": 4, "offsetEnd": 8}, "context": "For Apps requiring several computations, our leakage analysis still applies for each \ud835\udc50\ud835\udc5a\ud835\udc5d, but the total leak can be accumulated across the set of functions.", "mentionContextAttributes": {"used": {"value": false, "score": 0.012754559516906738}, "created": {"value": false, "score": 4.8220157623291016e-05}, "shared": {"value": false, "score": 2.980232238769531e-07}}, "documentContextAttributes": {"used": {"value": true, "score": 0.5565072298049927}, "created": {"value": true, "score": 0.9637064933776855}, "shared": {"value": false, "score": 2.3245811462402344e-06}}}, {"type": "software", "software-type": "software", "wikidataId": "Q381", "wikipediaExternalRef": 990298, "lang": "en", "confidence": 0.8775, "software-name": {"rawForm": "Ubuntu", "normalizedForm": "Ubuntu", "wikidataId": "Q381", "wikipediaExternalRef": 990298, "lang": "en", "confidence": 0.8775, "offsetStart": 8, "offsetEnd": 14}, "version": {"rawForm": "18.04", "normalizedForm": "18.04", "offsetStart": 15, "offsetEnd": 20}, "context": "It runs Ubuntu 18.04 (kernel 4.15.0-142) with the SGX DCAP driver v1.41. ", "mentionContextAttributes": {"used": {"value": true, "score": 0.8242935538291931}, "created": {"value": false, "score": 8.404254913330078e-06}, "shared": {"value": false, "score": 2.980232238769531e-07}}, "documentContextAttributes": {"used": {"value": true, "score": 0.8242935538291931}, "created": {"value": false, "score": 8.404254913330078e-06}, "shared": {"value": false, "score": 2.980232238769531e-07}}}, {"type": "software", "software-type": "software", "software-name": {"rawForm": "Ryoan", "normalizedForm": "Ryoan", "offsetStart": 13, "offsetEnd": 18}, "context": "For example, Ryoan [28] protects the confidentiality of, on the one hand, the source code (intellectual property) of different modules running on multiple sites, and on the other hand, users' data processed by composition of the modules.", "mentionContextAttributes": {"used": {"value": false, "score": 0.00037091970443725586}, "created": {"value": false, "score": 2.2470951080322266e-05}, "shared": {"value": false, "score": 3.55839729309082e-05}}, "documentContextAttributes": {"used": {"value": false, "score": 0.0016698241233825684}, "created": {"value": false, "score": 0.0034038424491882324}, "shared": {"value": false, "score": 3.55839729309082e-05}}, "references": [{"label": "[28]", "normalizedForm": "[28]", "refKey": 25, "offsetStart": 56899, "offsetEnd": 56903}]}, {"type": "software", "software-type": "software", "software-name": {"rawForm": "Azure SQL", "normalizedForm": "Azure SQL", "offsetStart": 13, "offsetEnd": 27}, "context": "For example, Azure SQL [31] allows for encrypted column processing within an enclave, with the cryptographic keys owned client-side being passed to the enclave at runtime, to ensure data confidentiality. ", "mentionContextAttributes": {"used": {"value": false, "score": 6.824731826782227e-05}, "created": {"value": false, "score": 5.59687614440918e-05}, "shared": {"value": false, "score": 4.172325134277344e-07}}, "documentContextAttributes": {"used": {"value": false, "score": 6.824731826782227e-05}, "created": {"value": false, "score": 5.59687614440918e-05}, "shared": {"value": false, "score": 4.172325134277344e-07}}}, {"type": "software", "software-type": "software", "wikidataId": "Q166142", "wikipediaExternalRef": 454746, "lang": "en", "confidence": 0.579, "software-name": {"rawForm": "Apps", "normalizedForm": "Apps", "wikidataId": "Q166142", "wikipediaExternalRef": 454746, "lang": "en", "confidence": 0.579, "offsetStart": 23, "offsetEnd": 27}, "context": "It is also the case if Apps collude.", "mentionContextAttributes": {"used": {"value": false, "score": 0.006355404853820801}, "created": {"value": false, "score": 1.1622905731201172e-05}, "shared": {"value": false, "score": 2.980232238769531e-07}}, "documentContextAttributes": {"used": {"value": true, "score": 0.5565072298049927}, "created": {"value": true, "score": 0.9637064933776855}, "shared": {"value": false, "score": 2.3245811462402344e-06}}}, {"type": "software", "software-type": "software", "wikidataId": "Q4904867", "wikipediaExternalRef": 30352473, "lang": "en", "confidence": 0.7501, "software-name": {"rawForm": "BigQuery", "normalizedForm": "BigQuery", "wikidataId": "Q4904867", "wikipediaExternalRef": 30352473, "lang": "en", "confidence": 0.7501, "offsetStart": 41, "offsetEnd": 54}, "context": "Products such as Snowflake [5] or Google BigQuery [25] consider the case of \"secure\" or \"authorized\" UDFs, where users with UDF execution privilege do not have access rights to the input data. ", "mentionContextAttributes": {"used": {"value": false, "score": 0.00012022256851196289}, "created": {"value": false, "score": 7.808208465576172e-06}, "shared": {"value": false, "score": 7.092952728271484e-06}}, "documentContextAttributes": {"used": {"value": false, "score": 0.00012022256851196289}, "created": {"value": false, "score": 7.808208465576172e-06}, "shared": {"value": false, "score": 7.092952728271484e-06}}}, {"type": "software", "software-type": "software", "software-name": {"rawForm": "Open Enclave SDK", "normalizedForm": "Open Enclave SDK", "offsetStart": 42, "offsetEnd": 63}, "version": {"rawForm": "0.16.1", "normalizedForm": "0.16.1", "offsetStart": 65, "offsetEnd": 71}, "context": "We developped our own PDMS platform using Open Enclave SDK [30] v0.16.1 which aims at facilitating the development of applications for different TEEs. ", "mentionContextAttributes": {"used": {"value": false, "score": 6.693601608276367e-05}, "created": {"value": true, "score": 0.9984651207923889}, "shared": {"value": false, "score": 2.390146255493164e-05}}, "documentContextAttributes": {"used": {"value": false, "score": 6.693601608276367e-05}, "created": {"value": true, "score": 0.9984651207923889}, "shared": {"value": false, "score": 2.390146255493164e-05}}}, {"type": "software", "software-type": "software", "wikidataId": "Q166142", "wikipediaExternalRef": 454746, "lang": "en", "confidence": 0.579, "software-name": {"rawForm": "Apps", "normalizedForm": "Apps", "wikidataId": "Q166142", "wikipediaExternalRef": 454746, "lang": "en", "confidence": 0.579, "offsetStart": 52, "offsetEnd": 56}, "context": "All the communications between Core, Data tasks and Apps are classically secured using TLS (see Section 6) to ensure authenticity, integrity and confidentiality.", "mentionContextAttributes": {"used": {"value": true, "score": 0.5565072298049927}, "created": {"value": false, "score": 4.118680953979492e-05}, "shared": {"value": false, "score": 2.980232238769531e-07}}, "documentContextAttributes": {"used": {"value": true, "score": 0.5565072298049927}, "created": {"value": true, "score": 0.9637064933776855}, "shared": {"value": false, "score": 2.3245811462402344e-06}}}, {"type": "software", "software-type": "software", "wikidataId": "Q319417", "wikipediaExternalRef": 244884, "lang": "en", "confidence": 0.9158, "software-name": {"rawForm": "SQLite", "normalizedForm": "SQLite", "wikidataId": "Q319417", "wikipediaExternalRef": 244884, "lang": "en", "confidence": 0.9158, "offsetStart": 53, "offsetEnd": 59}, "version": {"rawForm": "3", "normalizedForm": "3", "offsetStart": 62, "offsetEnd": 63}, "context": "Besides, the Core data management module is based on SQLite (v3). ", "mentionContextAttributes": {"used": {"value": true, "score": 0.6653585433959961}, "created": {"value": false, "score": 0.00010317564010620117}, "shared": {"value": false, "score": 2.980232238769531e-07}}, "documentContextAttributes": {"used": {"value": true, "score": 0.6653585433959961}, "created": {"value": false, "score": 0.00010317564010620117}, "shared": {"value": false, "score": 2.980232238769531e-07}}}, {"type": "software", "software-type": "software", "wikidataId": "Q166142", "wikipediaExternalRef": 454746, "lang": "en", "confidence": 0.579, "software-name": {"rawForm": "Apps", "normalizedForm": "Apps", "wikidataId": "Q166142", "wikipediaExternalRef": 454746, "lang": "en", "confidence": 0.579, "offsetStart": 58, "offsetEnd": 62}, "context": "1 Such restrictions can be indeed envisioned for specific Apps and will be studied in our future work.", "mentionContextAttributes": {"used": {"value": false, "score": 0.00041729211807250977}, "created": {"value": true, "score": 0.955895721912384}, "shared": {"value": false, "score": 1.4901161193847656e-06}}, "documentContextAttributes": {"used": {"value": true, "score": 0.5565072298049927}, "created": {"value": true, "score": 0.9637064933776855}, "shared": {"value": false, "score": 2.3245811462402344e-06}}}, {"type": "software", "software-type": "software", "wikidataId": "Q166142", "wikipediaExternalRef": 454746, "lang": "en", "confidence": 0.579, "software-name": {"rawForm": "Apps", "normalizedForm": "Apps", "wikidataId": "Q166142", "wikipediaExternalRef": 454746, "lang": "en", "confidence": 0.579, "offsetStart": 70, "offsetEnd": 74}, "context": "The specificity of our architecture is to remove from local or remote Apps any sensitive data-oriented computation, delegating it to Data tasks running UDFs under the control of the Core, within the PDMS user's environment.", "mentionContextAttributes": {"used": {"value": false, "score": 0.00014925003051757812}, "created": {"value": true, "score": 0.7861059308052063}, "shared": {"value": false, "score": 4.172325134277344e-07}}, "documentContextAttributes": {"used": {"value": true, "score": 0.5565072298049927}, "created": {"value": true, "score": 0.9637064933776855}, "shared": {"value": false, "score": 2.3245811462402344e-06}}}, {"type": "software", "software-type": "software", "software-name": {"rawForm": "Ryoan", "normalizedForm": "Ryoan", "offsetStart": 75, "offsetEnd": 85}, "context": "Such Data task containment can be obtained using existing software such as Ryoan [28] or SGXJail [42] which provide means to restrict enclave operations (bounded address space and filtered syscalls).", "mentionContextAttributes": {"used": {"value": false, "score": 0.0016698241233825684}, "created": {"value": false, "score": 8.636713027954102e-05}, "shared": {"value": false, "score": 2.980232238769531e-07}}, "documentContextAttributes": {"used": {"value": false, "score": 0.0016698241233825684}, "created": {"value": false, "score": 0.0034038424491882324}, "shared": {"value": false, "score": 3.55839729309082e-05}}, "references": [{"label": "[28]", "normalizedForm": "[28]", "refKey": 25}]}, {"type": "software", "software-type": "software", "wikidataId": "Q166142", "wikipediaExternalRef": 454746, "lang": "en", "confidence": 0.579, "software-name": {"rawForm": "Apps", "normalizedForm": "Apps", "wikidataId": "Q166142", "wikipediaExternalRef": 454746, "lang": "en", "confidence": 0.579, "offsetStart": 80, "offsetEnd": 84}, "context": "By changing the selection predicate \ud835\udf0e (i.e., as needed to favor rich usage for Apps), attackers may leak new data with each new execution of \ud835\udc53 , regardless if Data tasks are stateless and deterministic.", "mentionContextAttributes": {"used": {"value": false, "score": 0.0009899735450744629}, "created": {"value": false, "score": 9.709596633911133e-05}, "shared": {"value": false, "score": 1.7881393432617188e-07}}, "documentContextAttributes": {"used": {"value": true, "score": 0.5565072298049927}, "created": {"value": true, "score": 0.9637064933776855}, "shared": {"value": false, "score": 2.3245811462402344e-06}}}, {"type": "software", "software-type": "software", "software-name": {"rawForm": "SGXJail", "normalizedForm": "SGXJail", "offsetStart": 89, "offsetEnd": 101}, "context": "Such Data task containment can be obtained using existing software such as Ryoan [28] or SGXJail [42] which provide means to restrict enclave operations (bounded address space and filtered syscalls).", "mentionContextAttributes": {"used": {"value": false, "score": 0.0016698241233825684}, "created": {"value": false, "score": 8.636713027954102e-05}, "shared": {"value": false, "score": 2.980232238769531e-07}}, "documentContextAttributes": {"used": {"value": false, "score": 0.0016698241233825684}, "created": {"value": false, "score": 8.636713027954102e-05}, "shared": {"value": false, "score": 2.980232238769531e-07}}}, {"type": "software", "software-type": "software", "wikidataId": "Q166142", "wikipediaExternalRef": 454746, "lang": "en", "confidence": 0.579, "software-name": {"rawForm": "Apps", "normalizedForm": "Apps", "wikidataId": "Q166142", "wikipediaExternalRef": 454746, "lang": "en", "confidence": 0.579, "offsetStart": 97, "offsetEnd": 101}, "context": "To reduce the potential data leakage, complementary security mechanisms can be employed for some Apps, e.g., imposing a query budget, limiting the \ud835\udf0e predicates.", "mentionContextAttributes": {"used": {"value": false, "score": 6.335973739624023e-05}, "created": {"value": false, "score": 0.0005213618278503418}, "shared": {"value": false, "score": 4.172325134277344e-07}}, "documentContextAttributes": {"used": {"value": true, "score": 0.5565072298049927}, "created": {"value": true, "score": 0.9637064933776855}, "shared": {"value": false, "score": 2.3245811462402344e-06}}}, {"type": "software", "software-type": "software", "wikidataId": "Q166142", "wikipediaExternalRef": 454746, "lang": "en", "confidence": 0.579, "software-name": {"rawForm": "Apps", "normalizedForm": "Apps", "wikidataId": "Q166142", "wikipediaExternalRef": 454746, "lang": "en", "confidence": 0.579, "offsetStart": 99, "offsetEnd": 103}, "context": "We proposed in [7] a three-layers logical architecture to handle this tension, where Applications (Apps) on which no security assumptions are made, communicate with a Secure Core (Core) implementing basic operations on personal data, extended with Data Tasks (Data tasks) isolated from the Core and running user-defined code (see Figure 2), as described below:", "mentionContextAttributes": {"used": {"value": false, "score": 0.00020617246627807617}, "created": {"value": true, "score": 0.9637064933776855}, "shared": {"value": false, "score": 5.960464477539062e-07}}, "documentContextAttributes": {"used": {"value": true, "score": 0.5565072298049927}, "created": {"value": true, "score": 0.9637064933776855}, "shared": {"value": false, "score": 2.3245811462402344e-06}}}, {"type": "software", "software-type": "software", "wikidataId": "Q166142", "wikipediaExternalRef": 454746, "lang": "en", "confidence": 0.579, "software-name": {"rawForm": "Apps", "normalizedForm": "Apps", "wikidataId": "Q166142", "wikipediaExternalRef": 454746, "lang": "en", "confidence": 0.579, "offsetStart": 181, "offsetEnd": 185}, "context": "Because the inter-enclave communication channels are secure and attested (e.g., establishing TLS channel with Intel SGX enclaves resorts to attestations), the Core can guarantee to Apps or third parties the integrity of the UDFs being called.", "mentionContextAttributes": {"used": {"value": false, "score": 0.015912234783172607}, "created": {"value": false, "score": 2.491474151611328e-05}, "shared": {"value": false, "score": 3.5762786865234375e-07}}, "documentContextAttributes": {"used": {"value": true, "score": 0.5565072298049927}, "created": {"value": true, "score": 0.9637064933776855}, "shared": {"value": false, "score": 2.3245811462402344e-06}}}, {"type": "software", "software-type": "software", "wikidataId": "Q166142", "wikipediaExternalRef": 454746, "lang": "en", "confidence": 0.579, "software-name": {"rawForm": "Apps", "normalizedForm": "Apps", "wikidataId": "Q166142", "wikipediaExternalRef": 454746, "lang": "en", "confidence": 0.579, "offsetStart": 193, "offsetEnd": 197}, "context": "Taken together, the above properties enforce the PDMS security and, in particular, the data confidentiality, precluding any data leakage, except through the legitimate results delivered to the Apps.", "mentionContextAttributes": {"used": {"value": false, "score": 0.016347646713256836}, "created": {"value": false, "score": 0.00017601251602172852}, "shared": {"value": false, "score": 3.5762786865234375e-07}}, "documentContextAttributes": {"used": {"value": true, "score": 0.5565072298049927}, "created": {"value": true, "score": 0.9637064933776855}, "shared": {"value": false, "score": 2.3245811462402344e-06}}}, {"type": "software", "software-type": "software", "software-name": {"rawForm": "Ryoan", "normalizedForm": "Ryoan", "offsetStart": 217, "offsetEnd": 222}, "context": "We resort to a security model where trust relies on hardware properties provided by Trusted Execution Environments (TEEs), such as Intel SGX [14] or ARM TrustZone [35], and sandboxing techniques within enclaves, like Ryoan [28] or SGX-Jail [42].", "mentionContextAttributes": {"used": {"value": false, "score": 0.0012978315353393555}, "created": {"value": false, "score": 0.0034038424491882324}, "shared": {"value": false, "score": 2.384185791015625e-07}}, "documentContextAttributes": {"used": {"value": false, "score": 0.0016698241233825684}, "created": {"value": false, "score": 0.0034038424491882324}, "shared": {"value": false, "score": 3.55839729309082e-05}}, "references": [{"label": "[28]", "normalizedForm": "[28]", "refKey": 25, "offsetStart": 6294, "offsetEnd": 6298}]}, {"type": "software", "software-type": "software", "wikidataId": "Q166142", "wikipediaExternalRef": 454746, "lang": "en", "confidence": 0.579, "software-name": {"rawForm": "Apps", "normalizedForm": "Apps", "wikidataId": "Q166142", "wikipediaExternalRef": 454746, "lang": "en", "confidence": 0.579, "offsetStart": 355, "offsetEnd": 359}, "context": "It therefore implements a data storage module, a policy enforcement module to control access to PDMS data and a basic query module (as needed to evaluate simple selection predicates on database objects metadata to retrieve sets of authorized objects) and a communication manager for securing data exchanges with other layers of the architectures and with Apps accessing the PDMS.", "mentionContextAttributes": {"used": {"value": false, "score": 0.0008129477500915527}, "created": {"value": false, "score": 0.006857395172119141}, "shared": {"value": false, "score": 7.152557373046875e-07}}, "documentContextAttributes": {"used": {"value": true, "score": 0.5565072298049927}, "created": {"value": true, "score": 0.9637064933776855}, "shared": {"value": false, "score": 2.3245811462402344e-06}}}], "references": [{"refKey": 25, "tei": "<biblStruct xml:id=\"b25\">\n\t<analytic>\n\t\t<title level=\"a\" type=\"main\">Ryoan</title>\n\t\t<author>\n\t\t\t<persName><forename type=\"first\">Tyler</forename><surname>Hunt</surname></persName>\n\t\t</author>\n\t\t<author>\n\t\t\t<persName><forename type=\"first\">Zhiting</forename><surname>Zhu</surname></persName>\n\t\t</author>\n\t\t<author>\n\t\t\t<persName><forename type=\"first\">Yuanzhong</forename><surname>Xu</surname></persName>\n\t\t</author>\n\t\t<author>\n\t\t\t<persName><forename type=\"first\">Simon</forename><surname>Peter</surname></persName>\n\t\t</author>\n\t\t<author>\n\t\t\t<persName><forename type=\"first\">Emmett</forename><surname>Witchel</surname></persName>\n\t\t</author>\n\t\t<idno type=\"DOI\">10.1145/3231594</idno>\n\t</analytic>\n\t<monogr>\n\t\t<title level=\"j\">ACM Transactions on Computer Systems</title>\n\t\t<title level=\"j\" type=\"abbrev\">ACM Trans. Comput. Syst.</title>\n\t\t<idno type=\"ISSN\">0734-2071</idno>\n\t\t<idno type=\"ISSNe\">1557-7333</idno>\n\t\t<imprint>\n\t\t\t<biblScope unit=\"volume\">35</biblScope>\n\t\t\t<biblScope unit=\"issue\">4</biblScope>\n\t\t\t<biblScope unit=\"page\" from=\"1\" to=\"32\" />\n\t\t\t<date type=\"published\" when=\"2017-11-30\">2018. 2018</date>\n\t\t\t<publisher>Association for Computing Machinery (ACM)</publisher>\n\t\t</imprint>\n\t</monogr>\n</biblStruct>\n"}], "runtime": 63113, "id": "9a0a5fa7debd6f230f4f89a86ceec2c18c8120c9", "metadata": {"id": "9a0a5fa7debd6f230f4f89a86ceec2c18c8120c9"}, "original_file_path": "../../datalake/Samuel/SOFTware-Sync/data/xml_files/hal-03941879.grobid.tei.xml", "file_name": "hal-03941879.grobid.tei.xml"}