{"application": "software-mentions", "version": "0.8.0", "date": "2024-04-15T07:32+0000", "md5": "6013904A0CC18547F6BD017A389594AD", "mentions": [{"type": "software", "software-type": "software", "software-name": {"rawForm": "UniRank", "normalizedForm": "UniRank", "offsetStart": 0, "offsetEnd": 7}, "context": "UniRank also builds upon an extension of the unimodal bandit setting (Combes & Prouti\u00e8re, 2014;Gauthier et al., 2021b). ", "mentionContextAttributes": {"used": {"value": false, "score": 7.230043411254883e-05}, "created": {"value": false, "score": 0.001035928726196289}, "shared": {"value": false, "score": 2.980232238769531e-07}}, "documentContextAttributes": {"used": {"value": true, "score": 0.999984860420227}, "created": {"value": true, "score": 0.9999397397041321}, "shared": {"value": false, "score": 4.708766937255859e-06}}}, {"type": "software", "software-type": "software", "software-name": {"rawForm": "UniRank", "normalizedForm": "UniRank", "offsetStart": 0, "offsetEnd": 7}, "context": "UniRank takes inspiration from unimodal bandit algorithms (Combes & Prouti\u00e8re, 2014;Gauthier et al., 2021b): we implicitly consider a graph G on the partitions of the item-set such that the considered bandit setting is unimodal w.r.t.", "mentionContextAttributes": {"used": {"value": false, "score": 0.007920384407043457}, "created": {"value": false, "score": 1.6391277313232422e-05}, "shared": {"value": false, "score": 4.172325134277344e-07}}, "documentContextAttributes": {"used": {"value": true, "score": 0.999984860420227}, "created": {"value": true, "score": 0.9999397397041321}, "shared": {"value": false, "score": 4.708766937255859e-06}}}, {"type": "software", "software-type": "software", "software-name": {"rawForm": "TopRank", "normalizedForm": "TopRank", "offsetStart": 3, "offsetEnd": 10}, "context": "As TopRank requires the knowledge of the horizon T , we test the impact of this parameter by setting it to the right value (10 7 ), to a too high value (10 12 ), and to a too small value (10 5 ) with doubling trick. ", "mentionContextAttributes": {"used": {"value": true, "score": 0.9839521646499634}, "created": {"value": false, "score": 1.3649463653564453e-05}, "shared": {"value": false, "score": 2.980232238769531e-07}}, "documentContextAttributes": {"used": {"value": true, "score": 0.9978250861167908}, "created": {"value": false, "score": 0.07902145385742188}, "shared": {"value": false, "score": 1.3709068298339844e-06}}, "references": [{"label": "(Gauthier et al., 2021a)", "normalizedForm": "Gauthier et al., 2021a", "refKey": 0}, {"label": "(Gauthier et al., 2021b)", "normalizedForm": "Gauthier et al., 2021b", "refKey": 0}]}, {"type": "software", "software-type": "software", "software-name": {"rawForm": "TopRank", "normalizedForm": "TopRank", "offsetStart": 3, "offsetEnd": 10}, "context": "If TopRank targets a horizon T = 10 12 or uses the doubling trick it suffers a higher regret than UniRank.", "mentionContextAttributes": {"used": {"value": false, "score": 0.009019136428833008}, "created": {"value": false, "score": 2.086162567138672e-06}, "shared": {"value": false, "score": 1.7881393432617188e-07}}, "documentContextAttributes": {"used": {"value": true, "score": 0.9978250861167908}, "created": {"value": false, "score": 0.07902145385742188}, "shared": {"value": false, "score": 1.3709068298339844e-06}}, "references": [{"label": "(Gauthier et al., 2021a)", "normalizedForm": "Gauthier et al., 2021a", "refKey": 0}, {"label": "(Gauthier et al., 2021b)", "normalizedForm": "Gauthier et al., 2021b", "refKey": 0}]}, {"type": "software", "software-type": "software", "software-name": {"rawForm": "UniRank", "normalizedForm": "UniRank", "offsetStart": 7, "offsetEnd": 14}, "context": "G, and UniRank chooses each recommendation in the G-neighborhood of an elicited partition. ", "mentionContextAttributes": {"used": {"value": false, "score": 0.0059653520584106445}, "created": {"value": false, "score": 4.827976226806641e-06}, "shared": {"value": false, "score": 2.980232238769531e-07}}, "documentContextAttributes": {"used": {"value": true, "score": 0.999984860420227}, "created": {"value": true, "score": 0.9999397397041321}, "shared": {"value": false, "score": 4.708766937255859e-06}}}, {"type": "software", "software-type": "software", "software-name": {"rawForm": "UniRank", "normalizedForm": "UniRank", "offsetStart": 7, "offsetEnd": 14}, "context": "First, UniRank handles partitions instead of recommendations.", "mentionContextAttributes": {"used": {"value": false, "score": 0.0011245012283325195}, "created": {"value": false, "score": 4.357099533081055e-05}, "shared": {"value": false, "score": 5.364418029785156e-07}}, "documentContextAttributes": {"used": {"value": true, "score": 0.999984860420227}, "created": {"value": true, "score": 0.9999397397041321}, "shared": {"value": false, "score": 4.708766937255859e-06}}}, {"type": "software", "software-type": "software", "software-name": {"rawForm": "UniRank", "normalizedForm": "UniRank", "offsetStart": 7, "offsetEnd": 14}, "context": "Hence, UniRank fulfills", "mentionContextAttributes": {"used": {"value": false, "score": 0.0015961527824401855}, "created": {"value": false, "score": 1.6033649444580078e-05}, "shared": {"value": false, "score": 1.1324882507324219e-06}}, "documentContextAttributes": {"used": {"value": true, "score": 0.999984860420227}, "created": {"value": true, "score": 0.9999397397041321}, "shared": {"value": false, "score": 4.708766937255859e-06}}}, {"type": "software", "software-type": "software", "software-name": {"rawForm": "UniRank", "normalizedForm": "UniRank", "offsetStart": 7, "offsetEnd": 14}, "context": "Hence, UniRank fulfills", "mentionContextAttributes": {"used": {"value": false, "score": 0.0015961527824401855}, "created": {"value": false, "score": 1.6033649444580078e-05}, "shared": {"value": false, "score": 1.1324882507324219e-06}}, "documentContextAttributes": {"used": {"value": true, "score": 0.999984860420227}, "created": {"value": true, "score": 0.9999397397041321}, "shared": {"value": false, "score": 4.708766937255859e-06}}}, {"type": "software", "software-type": "software", "software-name": {"rawForm": "UniRank", "normalizedForm": "UniRank", "offsetStart": 9, "offsetEnd": 16}, "context": "However, UniRank's arms are not recommendations but sets of recommendations represented by ordered partitions.", "mentionContextAttributes": {"used": {"value": false, "score": 0.007979869842529297}, "created": {"value": false, "score": 0.00021266937255859375}, "shared": {"value": false, "score": 2.980232238769531e-07}}, "documentContextAttributes": {"used": {"value": true, "score": 0.999984860420227}, "created": {"value": true, "score": 0.9999397397041321}, "shared": {"value": false, "score": 4.708766937255859e-06}}}, {"type": "software", "software-type": "software", "software-name": {"rawForm": "UniRank", "normalizedForm": "UniRank", "offsetStart": 10, "offsetEnd": 17}, "context": "Secondly, UniRank and TopRank enjoy a logarithmic regret in all settings and our algorithm UniRank outperforms TopRank for the models such that the K best items do not have the same attractiveness \u03b8 i : query 8107157 of Yandex, simul PBM, and simul CM.", "mentionContextAttributes": {"used": {"value": false, "score": 0.002667248249053955}, "created": {"value": false, "score": 1.8477439880371094e-06}, "shared": {"value": false, "score": 4.172325134277344e-07}}, "documentContextAttributes": {"used": {"value": true, "score": 0.999984860420227}, "created": {"value": true, "score": 0.9999397397041321}, "shared": {"value": false, "score": 4.708766937255859e-06}}}, {"type": "software", "software-type": "software", "wikidataId": "Q7603", "wikipediaExternalRef": 18938683, "lang": "en", "confidence": 0.8279, "software-name": {"rawForm": "GPL3", "normalizedForm": "GPL3", "wikidataId": "Q7603", "wikipediaExternalRef": 18938683, "lang": "en", "confidence": 0.8279, "offsetStart": 11, "offsetEnd": 15}, "context": "We use the GPL3 Pyclick library (Chuklin et al., 2015) to infer the CM and PBM parameters of each query with the expectation maximization algorithm. ", "mentionContextAttributes": {"used": {"value": true, "score": 0.999933660030365}, "created": {"value": false, "score": 1.9729137420654297e-05}, "shared": {"value": false, "score": 1.7881393432617188e-07}}, "documentContextAttributes": {"used": {"value": true, "score": 0.999933660030365}, "created": {"value": false, "score": 1.9729137420654297e-05}, "shared": {"value": false, "score": 1.7881393432617188e-07}}}, {"type": "software", "software-type": "software", "software-name": {"rawForm": "UniRank", "normalizedForm": "UniRank", "offsetStart": 11, "offsetEnd": 18}, "context": "Otherwise, UniRank recovers the O(LK/\u2206 log T ) bound.", "mentionContextAttributes": {"used": {"value": false, "score": 0.3045217990875244}, "created": {"value": false, "score": 6.258487701416016e-06}, "shared": {"value": false, "score": 2.980232238769531e-07}}, "documentContextAttributes": {"used": {"value": true, "score": 0.999984860420227}, "created": {"value": true, "score": 0.9999397397041321}, "shared": {"value": false, "score": 4.708766937255859e-06}}}, {"type": "software", "software-type": "software", "software-name": {"rawForm": "UniRank", "normalizedForm": "UniRank", "offsetStart": 11, "offsetEnd": 18}, "context": "Therefore, UniRank plays the optimistic partition P P P = ({1, 2}, {3, 4, 5}, {6, 7}).", "mentionContextAttributes": {"used": {"value": false, "score": 0.05220627784729004}, "created": {"value": false, "score": 1.9729137420654297e-05}, "shared": {"value": false, "score": 2.980232238769531e-07}}, "documentContextAttributes": {"used": {"value": true, "score": 0.999984860420227}, "created": {"value": true, "score": 0.9999397397041321}, "shared": {"value": false, "score": 4.708766937255859e-06}}}, {"type": "software", "software-type": "software", "software-name": {"rawForm": "TopRank", "normalizedForm": "TopRank", "offsetStart": 12, "offsetEnd": 19}, "context": "Overall, as TopRank, UniRank is consistent over all settings, and require a reasonable computation time.", "mentionContextAttributes": {"used": {"value": false, "score": 5.441904067993164e-05}, "created": {"value": false, "score": 2.1755695343017578e-05}, "shared": {"value": false, "score": 1.7881393432617188e-07}}, "documentContextAttributes": {"used": {"value": true, "score": 0.9978250861167908}, "created": {"value": false, "score": 0.07902145385742188}, "shared": {"value": false, "score": 1.3709068298339844e-06}}, "references": [{"label": "(Gauthier et al., 2021a)", "normalizedForm": "Gauthier et al., 2021a", "refKey": 0}, {"label": "(Gauthier et al., 2021b)", "normalizedForm": "Gauthier et al., 2021b", "refKey": 0}]}, {"type": "software", "software-type": "software", "software-name": {"rawForm": "UniRank", "normalizedForm": "UniRank", "offsetStart": 13, "offsetEnd": 20}, "context": "By design of UniRank, as a k-1 (t) = k \u2227 P P P (t) = P P P * , there exists c such that P c (t) = {k -1, k}, and P a k-1 (t) = k | P P P (t) = P P P * = P a k-1 (t) = k, P c (t) = {k -1, k} | P P P (t) = P P P * = 1 2 P P c (t) = {k -1, k} | P P P (t) = P P P * .", "mentionContextAttributes": {"used": {"value": true, "score": 0.9765573143959045}, "created": {"value": false, "score": 5.781650543212891e-06}, "shared": {"value": false, "score": 4.708766937255859e-06}}, "documentContextAttributes": {"used": {"value": true, "score": 0.999984860420227}, "created": {"value": true, "score": 0.9999397397041321}, "shared": {"value": false, "score": 4.708766937255859e-06}}}, {"type": "software", "software-type": "software", "software-name": {"rawForm": "UniRank", "normalizedForm": "UniRank", "offsetStart": 15, "offsetEnd": 22}, "context": "In comparison, UniRank extends OSUB's idea to the semi-bandit setting, relies on a new variant of the unimodality property (see Lemma 5.4), selects the leader and the recommended arm based on other statistics, and does not require the 'forced exploitation' step which consists in recommending the leader each \u03b3-th iteration.", "mentionContextAttributes": {"used": {"value": false, "score": 0.0005233883857727051}, "created": {"value": false, "score": 1.5795230865478516e-05}, "shared": {"value": false, "score": 4.172325134277344e-07}}, "documentContextAttributes": {"used": {"value": true, "score": 0.999984860420227}, "created": {"value": true, "score": 0.9999397397041321}, "shared": {"value": false, "score": 4.708766937255859e-06}}}, {"type": "software", "software-type": "software", "software-name": {"rawForm": "UniRank", "normalizedForm": "UniRank", "offsetStart": 15, "offsetEnd": 22}, "context": "Our algorithm, UniRank, is detailed in Algorithm 1, and Figure 1 unfolds one of its iterations.", "mentionContextAttributes": {"used": {"value": false, "score": 0.0006400942802429199}, "created": {"value": true, "score": 0.9971646666526794}, "shared": {"value": false, "score": 4.172325134277344e-07}}, "documentContextAttributes": {"used": {"value": true, "score": 0.999984860420227}, "created": {"value": true, "score": 0.9999397397041321}, "shared": {"value": false, "score": 4.708766937255859e-06}}}, {"type": "software", "software-type": "software", "software-name": {"rawForm": "Pyclick", "normalizedForm": "Pyclick", "offsetStart": 16, "offsetEnd": 23}, "context": "We use the GPL3 Pyclick library (Chuklin et al., 2015) to infer the CM and PBM parameters of each query with the expectation maximization algorithm. ", "mentionContextAttributes": {"used": {"value": true, "score": 0.999933660030365}, "created": {"value": false, "score": 1.9729137420654297e-05}, "shared": {"value": false, "score": 1.7881393432617188e-07}}, "documentContextAttributes": {"used": {"value": true, "score": 0.999933660030365}, "created": {"value": false, "score": 1.9729137420654297e-05}, "shared": {"value": false, "score": 1.7881393432617188e-07}}, "references": [{"label": "(Chuklin et al., 2015)", "normalizedForm": "Chuklin et al., 2015", "refKey": 4, "offsetStart": 31098, "offsetEnd": 31120}]}, {"type": "software", "software-type": "software", "software-name": {"rawForm": "TopRank", "normalizedForm": "TopRank", "offsetStart": 16, "offsetEnd": 23}, "context": "O (LK/\u2206 log T ) TopRank (Lattimore et al., 2018) PBM, CM, . . .", "mentionContextAttributes": {"used": {"value": true, "score": 0.9978250861167908}, "created": {"value": false, "score": 5.185604095458984e-06}, "shared": {"value": false, "score": 1.7881393432617188e-07}}, "documentContextAttributes": {"used": {"value": true, "score": 0.9978250861167908}, "created": {"value": false, "score": 0.07902145385742188}, "shared": {"value": false, "score": 1.3709068298339844e-06}}, "references": [{"label": "(Lattimore et al., 2018)", "normalizedForm": "Lattimore et al., 2018", "refKey": 21, "offsetStart": 4621, "offsetEnd": 4645}]}, {"type": "software", "software-type": "software", "software-name": {"rawForm": "TopRank", "normalizedForm": "TopRank", "offsetStart": 18, "offsetEnd": 25}, "context": "One ingredient of TopRank and BubbleRank is a statistic to compare two items independently of the position at which they are displayed. ", "mentionContextAttributes": {"used": {"value": false, "score": 0.000874638557434082}, "created": {"value": false, "score": 8.52346420288086e-06}, "shared": {"value": false, "score": 1.7881393432617188e-07}}, "documentContextAttributes": {"used": {"value": true, "score": 0.9978250861167908}, "created": {"value": false, "score": 0.07902145385742188}, "shared": {"value": false, "score": 1.3709068298339844e-06}}, "references": [{"label": "(Gauthier et al., 2021a)", "normalizedForm": "Gauthier et al., 2021a", "refKey": 0}, {"label": "(Gauthier et al., 2021b)", "normalizedForm": "Gauthier et al., 2021b", "refKey": 0}]}, {"type": "software", "software-type": "software", "software-name": {"rawForm": "UniRank", "normalizedForm": "UniRank", "offsetStart": 18, "offsetEnd": 25}, "context": "We have presented UniRank, a unimodal bandit algorithm for online ranking. ", "mentionContextAttributes": {"used": {"value": false, "score": 0.0001347064971923828}, "created": {"value": true, "score": 0.9999247193336487}, "shared": {"value": false, "score": 4.172325134277344e-07}}, "documentContextAttributes": {"used": {"value": true, "score": 0.999984860420227}, "created": {"value": true, "score": 0.9999397397041321}, "shared": {"value": false, "score": 4.708766937255859e-06}}}, {"type": "software", "software-type": "software", "software-name": {"rawForm": "UniRank", "normalizedForm": "UniRank", "offsetStart": 18, "offsetEnd": 25}, "context": "We then introduce UniRank in Section 4, and theoretical guarantees and empirical performance are presented respectively in Section 5 and Section 6.", "mentionContextAttributes": {"used": {"value": false, "score": 0.05431544780731201}, "created": {"value": true, "score": 0.9951139092445374}, "shared": {"value": false, "score": 4.172325134277344e-07}}, "documentContextAttributes": {"used": {"value": true, "score": 0.999984860420227}, "created": {"value": true, "score": 0.9999397397041321}, "shared": {"value": false, "score": 4.708766937255859e-06}}}, {"type": "software", "software-type": "software", "software-name": {"rawForm": "UniRank", "normalizedForm": "UniRank", "offsetStart": 19, "offsetEnd": 26}, "context": "Click model Regret UniRank (our algorithm) CM * O ((L -K)/\u2206 log T ) PBM * , . . .", "mentionContextAttributes": {"used": {"value": false, "score": 0.2802566885948181}, "created": {"value": false, "score": 2.866983413696289e-05}, "shared": {"value": false, "score": 2.980232238769531e-07}}, "documentContextAttributes": {"used": {"value": true, "score": 0.999984860420227}, "created": {"value": true, "score": 0.9999397397041321}, "shared": {"value": false, "score": 4.708766937255859e-06}}}, {"type": "software", "software-type": "software", "software-name": {"rawForm": "UniRank", "normalizedForm": "UniRank", "offsetStart": 19, "offsetEnd": 26}, "context": "Statistic \u015di,j (t) UniRank's choices are based on the statistic \u015di,j (t) and the optimistic estimator of its expected value: the Kullback-Leibler-based one denoted si,j (t).", "mentionContextAttributes": {"used": {"value": true, "score": 0.9868469834327698}, "created": {"value": false, "score": 3.874301910400391e-06}, "shared": {"value": false, "score": 1.7881393432617188e-07}}, "documentContextAttributes": {"used": {"value": true, "score": 0.999984860420227}, "created": {"value": true, "score": 0.9999397397041321}, "shared": {"value": false, "score": 4.708766937255859e-06}}}, {"type": "software", "software-type": "software", "software-name": {"rawForm": "TopRank", "normalizedForm": "TopRank", "offsetStart": 21, "offsetEnd": 28}, "context": "We also believe that TopRank's upper-bound on the regret with our additional hypothesis either remains O(KL/\u2206 log(T )) or reduces to O(L log L/\u2206 log(T )).2 Indeed, while UniRank reduces the exploration by only comparing each item k to the item min(k -1, L), in the worst case scenario TopRank compares each item k to each item k \u2208 {1, . . .", "mentionContextAttributes": {"used": {"value": true, "score": 0.9869382977485657}, "created": {"value": false, "score": 1.6093254089355469e-06}, "shared": {"value": false, "score": 1.2516975402832031e-06}}, "documentContextAttributes": {"used": {"value": true, "score": 0.9978250861167908}, "created": {"value": false, "score": 0.07902145385742188}, "shared": {"value": false, "score": 1.3709068298339844e-06}}, "references": [{"label": "(Gauthier et al., 2021a)", "normalizedForm": "Gauthier et al., 2021a", "refKey": 0}, {"label": "(Gauthier et al., 2021b)", "normalizedForm": "Gauthier et al., 2021b", "refKey": 0}]}, {"type": "software", "software-type": "software", "software-name": {"rawForm": "UniRank", "normalizedForm": "UniRank", "offsetStart": 21, "offsetEnd": 28}, "context": "Overall, as TopRank, UniRank is consistent over all settings, and require a reasonable computation time.", "mentionContextAttributes": {"used": {"value": false, "score": 5.441904067993164e-05}, "created": {"value": false, "score": 2.1755695343017578e-05}, "shared": {"value": false, "score": 1.7881393432617188e-07}}, "documentContextAttributes": {"used": {"value": true, "score": 0.999984860420227}, "created": {"value": true, "score": 0.9999397397041321}, "shared": {"value": false, "score": 4.708766937255859e-06}}}, {"type": "software", "software-type": "software", "software-name": {"rawForm": "UniRank", "normalizedForm": "UniRank", "offsetStart": 22, "offsetEnd": 29}, "context": "Computation Time (ms) UniRank 1.0 \u00b1 0.2 TopRank 0.7 \u00b1 0.3 PB-MHB 13.9 \u00b1 4.9 GRAB 0.9 \u00b1 0.3 CascadeKL-UCB 0.9 \u00b1 0.0 ting and algorithm for Yandex and 160 games for KDD. ", "mentionContextAttributes": {"used": {"value": true, "score": 0.9931725263595581}, "created": {"value": false, "score": 1.7285346984863281e-06}, "shared": {"value": false, "score": 4.172325134277344e-07}}, "documentContextAttributes": {"used": {"value": true, "score": 0.999984860420227}, "created": {"value": true, "score": 0.9999397397041321}, "shared": {"value": false, "score": 4.708766937255859e-06}}}, {"type": "software", "software-type": "software", "software-name": {"rawForm": "TopRank", "normalizedForm": "TopRank", "offsetStart": 22, "offsetEnd": 29}, "context": "Secondly, UniRank and TopRank enjoy a logarithmic regret in all settings and our algorithm UniRank outperforms TopRank for the models such that the K best items do not have the same attractiveness \u03b8 i : query 8107157 of Yandex, simul PBM, and simul CM. ", "mentionContextAttributes": {"used": {"value": false, "score": 0.002667248249053955}, "created": {"value": false, "score": 1.8477439880371094e-06}, "shared": {"value": false, "score": 4.172325134277344e-07}}, "documentContextAttributes": {"used": {"value": true, "score": 0.9978250861167908}, "created": {"value": false, "score": 0.07902145385742188}, "shared": {"value": false, "score": 1.3709068298339844e-06}}, "references": [{"label": "(Gauthier et al., 2021a)", "normalizedForm": "Gauthier et al., 2021a", "refKey": 0}, {"label": "(Gauthier et al., 2021b)", "normalizedForm": "Gauthier et al., 2021b", "refKey": 0}]}, {"type": "software", "software-type": "software", "software-name": {"rawForm": "TopRank", "normalizedForm": "TopRank", "offsetStart": 22, "offsetEnd": 29}, "context": "Moreover, contrary to TopRank, (i) UniRank drastically decreases its regret by taking advantage of the differences of attractiveness between items, and (ii) UniRank does not require the knowledge of the horizon T .", "mentionContextAttributes": {"used": {"value": false, "score": 0.00022840499877929688}, "created": {"value": false, "score": 1.3053417205810547e-05}, "shared": {"value": false, "score": 2.980232238769531e-07}}, "documentContextAttributes": {"used": {"value": true, "score": 0.9978250861167908}, "created": {"value": false, "score": 0.07902145385742188}, "shared": {"value": false, "score": 1.3709068298339844e-06}}, "references": [{"label": "(Gauthier et al., 2021a)", "normalizedForm": "Gauthier et al., 2021a", "refKey": 0}, {"label": "(Gauthier et al., 2021b)", "normalizedForm": "Gauthier et al., 2021b", "refKey": 0}]}, {"type": "software", "software-type": "software", "software-name": {"rawForm": "UniRank", "normalizedForm": "UniRank", "offsetStart": 25, "offsetEnd": 32}, "context": "The main contribution of UniRank is its O (L/\u2206 log T ) regret for T consecutive assignments, where \u2206 relates to the reward-gap between two items. ", "mentionContextAttributes": {"used": {"value": false, "score": 0.0007520914077758789}, "created": {"value": false, "score": 6.514787673950195e-05}, "shared": {"value": false, "score": 2.980232238769531e-07}}, "documentContextAttributes": {"used": {"value": true, "score": 0.999984860420227}, "created": {"value": true, "score": 0.9999397397041321}, "shared": {"value": false, "score": 4.708766937255859e-06}}}, {"type": "software", "software-type": "software", "software-name": {"rawForm": "UniRank", "normalizedForm": "UniRank", "offsetStart": 26, "offsetEnd": 33}, "context": "Remark 5.1 (Optimality of UniRank's upper-bound).", "mentionContextAttributes": {"used": {"value": true, "score": 0.9998140335083008}, "created": {"value": false, "score": 8.404254913330078e-06}, "shared": {"value": false, "score": 2.980232238769531e-07}}, "documentContextAttributes": {"used": {"value": true, "score": 0.999984860420227}, "created": {"value": true, "score": 0.9999397397041321}, "shared": {"value": false, "score": 4.708766937255859e-06}}}, {"type": "software", "software-type": "software", "software-name": {"rawForm": "UniRank", "normalizedForm": "UniRank", "offsetStart": 28, "offsetEnd": 35}, "context": "In this section, we compare UniRank to TopRank (Lattimore et al., 2018), PB-MHB (Gauthier et al., 2021a), GRAB (Gauthier et al., 2021b), and CascadeKL-UCB (Kveton et al., 2015a). ", "mentionContextAttributes": {"used": {"value": true, "score": 0.7689146399497986}, "created": {"value": false, "score": 4.231929779052734e-06}, "shared": {"value": false, "score": 4.172325134277344e-07}}, "documentContextAttributes": {"used": {"value": true, "score": 0.999984860420227}, "created": {"value": true, "score": 0.9999397397041321}, "shared": {"value": false, "score": 4.708766937255859e-06}}}, {"type": "software", "software-type": "software", "software-name": {"rawForm": "UniRank", "normalizedForm": "UniRank", "offsetStart": 29, "offsetEnd": 36}, "context": "As an indirect contribution, UniRank demonstrates that unimodality is a key tool to analyze the intrinsic complexity of some combinatorial semi-bandit problems.", "mentionContextAttributes": {"used": {"value": false, "score": 9.60230827331543e-05}, "created": {"value": false, "score": 0.0037035346031188965}, "shared": {"value": false, "score": 2.980232238769531e-07}}, "documentContextAttributes": {"used": {"value": true, "score": 0.999984860420227}, "created": {"value": true, "score": 0.9999397397041321}, "shared": {"value": false, "score": 4.708766937255859e-06}}}, {"type": "software", "software-type": "software", "software-name": {"rawForm": "BubbleRank", "normalizedForm": "BubbleRank", "offsetStart": 30, "offsetEnd": 40}, "context": "One ingredient of TopRank and BubbleRank is a statistic to compare two items independently of the position at which they are displayed. ", "mentionContextAttributes": {"used": {"value": false, "score": 0.000874638557434082}, "created": {"value": false, "score": 8.52346420288086e-06}, "shared": {"value": false, "score": 1.7881393432617188e-07}}, "documentContextAttributes": {"used": {"value": false, "score": 0.000874638557434082}, "created": {"value": false, "score": 0.00047320127487182617}, "shared": {"value": false, "score": 1.3709068298339844e-06}}}, {"type": "software", "software-type": "software", "software-name": {"rawForm": "UniRank", "normalizedForm": "UniRank", "offsetStart": 31, "offsetEnd": 38}, "context": "In the theoretical analysis of UniRank, we handle situations where other items may also change in position thanks to the following Lemma.", "mentionContextAttributes": {"used": {"value": false, "score": 0.0005394220352172852}, "created": {"value": false, "score": 0.00017642974853515625}, "shared": {"value": false, "score": 1.7881393432617188e-07}}, "documentContextAttributes": {"used": {"value": true, "score": 0.999984860420227}, "created": {"value": true, "score": 0.9999397397041321}, "shared": {"value": false, "score": 4.708766937255859e-06}}}, {"type": "software", "software-type": "software", "software-name": {"rawForm": "UniRank", "normalizedForm": "UniRank", "offsetStart": 32, "offsetEnd": 39}, "context": "We propose a generic algorithm, UniRank, that tackles state-of-the-art click models. ", "mentionContextAttributes": {"used": {"value": false, "score": 6.681680679321289e-05}, "created": {"value": true, "score": 0.9999397397041321}, "shared": {"value": false, "score": 2.980232238769531e-07}}, "documentContextAttributes": {"used": {"value": true, "score": 0.999984860420227}, "created": {"value": true, "score": 0.9999397397041321}, "shared": {"value": false, "score": 4.708766937255859e-06}}}, {"type": "software", "software-type": "software", "software-name": {"rawForm": "TopRank", "normalizedForm": "TopRank", "offsetStart": 32, "offsetEnd": 39}, "context": "Moreover, as already explained, TopRank is aware of the horizon T and may stop (over)exploring early, as can be observed in the CM model after iteration 10 5 . ", "mentionContextAttributes": {"used": {"value": false, "score": 0.0002384185791015625}, "created": {"value": false, "score": 3.069639205932617e-05}, "shared": {"value": false, "score": 1.7881393432617188e-07}}, "documentContextAttributes": {"used": {"value": true, "score": 0.9978250861167908}, "created": {"value": false, "score": 0.07902145385742188}, "shared": {"value": false, "score": 1.3709068298339844e-06}}, "references": [{"label": "(Gauthier et al., 2021a)", "normalizedForm": "Gauthier et al., 2021a", "refKey": 0}, {"label": "(Gauthier et al., 2021b)", "normalizedForm": "Gauthier et al., 2021b", "refKey": 0}]}, {"type": "software", "software-type": "software", "software-name": {"rawForm": "UniRank", "normalizedForm": "UniRank", "offsetStart": 32, "offsetEnd": 39}, "context": "unimodal in a weaker sense: (i) UniRank takes its decisions given an optimistic index which is not based on the expected reward but on the probability for an item to be more attractive than another one and (ii) some sub-optimal nodes in the graph have no better node in their neighborhood.", "mentionContextAttributes": {"used": {"value": false, "score": 0.004738211631774902}, "created": {"value": false, "score": 5.424022674560547e-06}, "shared": {"value": false, "score": 5.364418029785156e-07}}, "documentContextAttributes": {"used": {"value": true, "score": 0.999984860420227}, "created": {"value": true, "score": 0.9999397397041321}, "shared": {"value": false, "score": 4.708766937255859e-06}}}, {"type": "software", "software-type": "software", "software-name": {"rawForm": "UniRank", "normalizedForm": "UniRank", "offsetStart": 33, "offsetEnd": 40}, "context": "When confronted to other models, UniRank has a regret strictly smaller than TopRank before the iteration t = 10 6 , and smaller or equal to TopRank at the horizon. ", "mentionContextAttributes": {"used": {"value": false, "score": 0.0002269744873046875}, "created": {"value": false, "score": 7.927417755126953e-06}, "shared": {"value": false, "score": 2.980232238769531e-07}}, "documentContextAttributes": {"used": {"value": true, "score": 0.999984860420227}, "created": {"value": true, "score": 0.9999397397041321}, "shared": {"value": false, "score": 4.708766937255859e-06}}}, {"type": "software", "software-type": "software", "software-name": {"rawForm": "UniRank", "normalizedForm": "UniRank", "offsetStart": 35, "offsetEnd": 42}, "context": "From an application point of view, UniRank has several interesting features: it handles multiple state-of-the-art click models altogether; it is simple to implement and efficient in terms of computation time; it does not require the knowledge of the time horizon T ; and it exhibits a smaller empirical regret than other generic algorithms by leaning on the different attractiveness property when this property is satisfied.", "mentionContextAttributes": {"used": {"value": false, "score": 7.015466690063477e-05}, "created": {"value": false, "score": 0.0033857226371765137}, "shared": {"value": false, "score": 2.205371856689453e-06}}, "documentContextAttributes": {"used": {"value": true, "score": 0.999984860420227}, "created": {"value": true, "score": 0.9999397397041321}, "shared": {"value": false, "score": 4.708766937255859e-06}}}, {"type": "software", "software-type": "software", "software-name": {"rawForm": "UniRank", "normalizedForm": "UniRank", "offsetStart": 35, "offsetEnd": 42}, "context": "Moreover, contrary to TopRank, (i) UniRank drastically decreases its regret by taking advantage of the differences of attractiveness between items, and (ii) UniRank does not require the knowledge of the horizon T .", "mentionContextAttributes": {"used": {"value": false, "score": 0.00022840499877929688}, "created": {"value": false, "score": 1.3053417205810547e-05}, "shared": {"value": false, "score": 2.980232238769531e-07}}, "documentContextAttributes": {"used": {"value": true, "score": 0.999984860420227}, "created": {"value": true, "score": 0.9999397397041321}, "shared": {"value": false, "score": 4.708766937255859e-06}}}, {"type": "software", "software-type": "software", "software-name": {"rawForm": "UniRank", "normalizedForm": "UniRank", "offsetStart": 35, "offsetEnd": 42}, "context": "Finally, the regret upper-bound of UniRank is given in Appendix F.3.", "mentionContextAttributes": {"used": {"value": false, "score": 0.3474876284599304}, "created": {"value": false, "score": 4.589557647705078e-06}, "shared": {"value": false, "score": 5.364418029785156e-07}}, "documentContextAttributes": {"used": {"value": true, "score": 0.999984860420227}, "created": {"value": true, "score": 0.9999397397041321}, "shared": {"value": false, "score": 4.708766937255859e-06}}}, {"type": "software", "software-type": "software", "software-name": {"rawForm": "UniRank", "normalizedForm": "UniRank", "offsetStart": 38, "offsetEnd": 45}, "context": "Leader Elicitation At each iteration, UniRank first builds a partition P P P (t) = ( P1 (t), . . .", "mentionContextAttributes": {"used": {"value": false, "score": 0.014398157596588135}, "created": {"value": false, "score": 1.4841556549072266e-05}, "shared": {"value": false, "score": 1.7881393432617188e-07}}, "documentContextAttributes": {"used": {"value": true, "score": 0.999984860420227}, "created": {"value": true, "score": 0.9999397397041321}, "shared": {"value": false, "score": 4.708766937255859e-06}}}, {"type": "software", "software-type": "software", "software-name": {"rawForm": "UniRank", "normalizedForm": "UniRank", "offsetStart": 39, "offsetEnd": 46}, "context": "Thanks to this restricted exploration, UniRank is the first algorithm dedicated to a generic setting with a O(L/\u2206 log T ) regret upper-bound, while previous state-of-the-art algorithms were suffering a O(LK/\u2206 log T ) regret.", "mentionContextAttributes": {"used": {"value": false, "score": 7.170438766479492e-05}, "created": {"value": false, "score": 0.1897408366203308}, "shared": {"value": false, "score": 2.980232238769531e-07}}, "documentContextAttributes": {"used": {"value": true, "score": 0.999984860420227}, "created": {"value": true, "score": 0.9999397397041321}, "shared": {"value": false, "score": 4.708766937255859e-06}}}, {"type": "software", "software-type": "software", "software-name": {"rawForm": "TopRank", "normalizedForm": "TopRank", "offsetStart": 39, "offsetEnd": 70}, "context": "In this section, we compare UniRank to TopRank (Lattimore et al., 2018), PB-MHB (Gauthier et al., 2021a), GRAB (Gauthier et al., 2021b), and CascadeKL-UCB (Kveton et al., 2015a). ", "mentionContextAttributes": {"used": {"value": true, "score": 0.7689146399497986}, "created": {"value": false, "score": 4.231929779052734e-06}, "shared": {"value": false, "score": 4.172325134277344e-07}}, "documentContextAttributes": {"used": {"value": true, "score": 0.9978250861167908}, "created": {"value": false, "score": 0.07902145385742188}, "shared": {"value": false, "score": 1.3709068298339844e-06}}, "references": [{"label": "(Gauthier et al., 2021a)", "normalizedForm": "Gauthier et al., 2021a", "refKey": 0, "offsetStart": 29510, "offsetEnd": 29534}, {"label": "(Gauthier et al., 2021b)", "normalizedForm": "Gauthier et al., 2021b", "refKey": 0, "offsetStart": 29541, "offsetEnd": 29565}]}, {"type": "software", "software-type": "software", "software-name": {"rawForm": "TopRank", "normalizedForm": "TopRank", "offsetStart": 40, "offsetEnd": 47}, "context": "Computation Time (ms) UniRank 1.0 \u00b1 0.2 TopRank 0.7 \u00b1 0.3 PB-MHB 13.9 \u00b1 4.9 GRAB 0.9 \u00b1 0.3 CascadeKL-UCB 0.9 \u00b1 0.0 ting and algorithm for Yandex and 160 games for KDD. ", "mentionContextAttributes": {"used": {"value": true, "score": 0.9931725263595581}, "created": {"value": false, "score": 1.7285346984863281e-06}, "shared": {"value": false, "score": 4.172325134277344e-07}}, "documentContextAttributes": {"used": {"value": true, "score": 0.9978250861167908}, "created": {"value": false, "score": 0.07902145385742188}, "shared": {"value": false, "score": 1.3709068298339844e-06}}, "references": [{"label": "(Gauthier et al., 2021a)", "normalizedForm": "Gauthier et al., 2021a", "refKey": 0}, {"label": "(Gauthier et al., 2021b)", "normalizedForm": "Gauthier et al., 2021b", "refKey": 0}]}, {"type": "software", "software-type": "software", "software-name": {"rawForm": "UniRank", "normalizedForm": "UniRank", "offsetStart": 41, "offsetEnd": 48}, "context": "Remark 5.3 (Upper-bound on the regret of UniRank assuming a weak order on items).", "mentionContextAttributes": {"used": {"value": true, "score": 0.9999368786811829}, "created": {"value": false, "score": 2.682209014892578e-06}, "shared": {"value": false, "score": 2.980232238769531e-07}}, "documentContextAttributes": {"used": {"value": true, "score": 0.999984860420227}, "created": {"value": true, "score": 0.9999397397041321}, "shared": {"value": false, "score": 4.708766937255859e-06}}}, {"type": "software", "software-type": "software", "software-name": {"rawForm": "UniRank", "normalizedForm": "UniRank", "offsetStart": 41, "offsetEnd": 48}, "context": "Before proving the regret upper-bound of UniRank, we prove Lemmas F.1 and F.2 which are respectively bounding the exploration when the leader is the optimal one, and the number of iterations at which the leader is sub-optimal.", "mentionContextAttributes": {"used": {"value": true, "score": 0.9990273118019104}, "created": {"value": false, "score": 6.496906280517578e-06}, "shared": {"value": false, "score": 1.7881393432617188e-07}}, "documentContextAttributes": {"used": {"value": true, "score": 0.999984860420227}, "created": {"value": true, "score": 0.9999397397041321}, "shared": {"value": false, "score": 4.708766937255859e-06}}}, {"type": "software", "software-type": "software", "software-name": {"rawForm": "UniRank", "normalizedForm": "UniRank", "offsetStart": 42, "offsetEnd": 49}, "context": "Theorem 5.1 (Upper-bound on the regret of UniRank assuming a total order on top-K items).", "mentionContextAttributes": {"used": {"value": true, "score": 0.9999651312828064}, "created": {"value": false, "score": 4.112720489501953e-06}, "shared": {"value": false, "score": 1.7881393432617188e-07}}, "documentContextAttributes": {"used": {"value": true, "score": 0.999984860420227}, "created": {"value": true, "score": 0.9999397397041321}, "shared": {"value": false, "score": 4.708766937255859e-06}}}, {"type": "software", "software-type": "software", "software-name": {"rawForm": "UniRank", "normalizedForm": "UniRank", "offsetStart": 43, "offsetEnd": 50}, "context": "Assumption 3.2 is of utmost importance for UniRank as it means that identifying a partition of the items coherent with is sufficient to ensure optimal recommendations.", "mentionContextAttributes": {"used": {"value": false, "score": 0.0007982850074768066}, "created": {"value": false, "score": 2.4020671844482422e-05}, "shared": {"value": false, "score": 1.7881393432617188e-07}}, "documentContextAttributes": {"used": {"value": true, "score": 0.999984860420227}, "created": {"value": true, "score": 0.9999397397041321}, "shared": {"value": false, "score": 4.708766937255859e-06}}}, {"type": "software", "software-type": "software", "software-name": {"rawForm": "UniRank", "normalizedForm": "UniRank", "offsetStart": 46, "offsetEnd": 53}, "context": "Let us now first define the notations used by UniRank and then present its concrete behaviour.", "mentionContextAttributes": {"used": {"value": true, "score": 0.9213309288024902}, "created": {"value": false, "score": 0.013587355613708496}, "shared": {"value": false, "score": 4.172325134277344e-07}}, "documentContextAttributes": {"used": {"value": true, "score": 0.999984860420227}, "created": {"value": true, "score": 0.9999397397041321}, "shared": {"value": false, "score": 4.708766937255859e-06}}}, {"type": "software", "software-type": "software", "software-name": {"rawForm": "UniRank", "normalizedForm": "UniRank", "offsetStart": 46, "offsetEnd": 53}, "context": "The proof of the upper-bound on the regret of UniRank follows a similar path as the proof of OSUB (Combes & Prouti\u00e8re, 2014): (i) apply a standard bandit analysis to control the regret under the condition that the leader P P P (t) is an optimal partition, and (ii) upper-bound by O(log log T ) the expected number of iterations such that P P P (t) is not an optimal partition.", "mentionContextAttributes": {"used": {"value": true, "score": 0.9998645782470703}, "created": {"value": false, "score": 2.9206275939941406e-06}, "shared": {"value": false, "score": 8.940696716308594e-07}}, "documentContextAttributes": {"used": {"value": true, "score": 0.999984860420227}, "created": {"value": true, "score": 0.9999397397041321}, "shared": {"value": false, "score": 4.708766937255859e-06}}}, {"type": "software", "software-type": "software", "software-name": {"rawForm": "BatchRank", "normalizedForm": "BatchRank", "offsetStart": 50, "offsetEnd": 79}, "context": "To the best of our knowledge, only the algorithms BatchRank (Zoghi et al., 2017), TopRank (Lattimore et al., 2018), and BubbleRank (Li et al., 2019a) handle users following a general model covering both behaviors. ", "mentionContextAttributes": {"used": {"value": false, "score": 0.0006261467933654785}, "created": {"value": false, "score": 0.00047320127487182617}, "shared": {"value": false, "score": 1.3709068298339844e-06}}, "documentContextAttributes": {"used": {"value": false, "score": 0.0006261467933654785}, "created": {"value": false, "score": 0.00047320127487182617}, "shared": {"value": false, "score": 1.3709068298339844e-06}}}, {"type": "software", "software-type": "software", "software-name": {"rawForm": "UniRank", "normalizedForm": "UniRank", "offsetStart": 51, "offsetEnd": 58}, "context": "We now introduce the three assumptions required by UniRank, which are fulfilled by PBM and CM click models.", "mentionContextAttributes": {"used": {"value": false, "score": 7.528066635131836e-05}, "created": {"value": true, "score": 0.9997966289520264}, "shared": {"value": false, "score": 2.980232238769531e-07}}, "documentContextAttributes": {"used": {"value": true, "score": 0.999984860420227}, "created": {"value": true, "score": 0.9999397397041321}, "shared": {"value": false, "score": 4.708766937255859e-06}}}, {"type": "software", "software-type": "software", "software-name": {"rawForm": "UniRank", "normalizedForm": "UniRank", "offsetStart": 53, "offsetEnd": 60}, "context": "Proof of Corollary 5.2 (Upper-Bound on the Regret of UniRank when Facing CM * Click Model)", "mentionContextAttributes": {"used": {"value": true, "score": 0.9999619126319885}, "created": {"value": false, "score": 1.1742115020751953e-05}, "shared": {"value": false, "score": 1.7881393432617188e-07}}, "documentContextAttributes": {"used": {"value": true, "score": 0.999984860420227}, "created": {"value": true, "score": 0.9999397397041321}, "shared": {"value": false, "score": 4.708766937255859e-06}}}, {"type": "software", "software-type": "software", "software-name": {"rawForm": "UniRank", "normalizedForm": "UniRank", "offsetStart": 54, "offsetEnd": 61}, "context": "F. Proof of Theorem 5.1 (Upper-Bound on the Regret of UniRank Assuming a Total Order on Items)", "mentionContextAttributes": {"used": {"value": true, "score": 0.9999750256538391}, "created": {"value": false, "score": 9.47713851928711e-06}, "shared": {"value": false, "score": 2.980232238769531e-07}}, "documentContextAttributes": {"used": {"value": true, "score": 0.999984860420227}, "created": {"value": true, "score": 0.9999397397041321}, "shared": {"value": false, "score": 4.708766937255859e-06}}}, {"type": "software", "software-type": "software", "software-name": {"rawForm": "UniRank", "normalizedForm": "UniRank", "offsetStart": 61, "offsetEnd": 68}, "context": "The main contribution of our work is a new bandit algorithm, UniRank, dedicated to a generic online learning to rank setting.", "mentionContextAttributes": {"used": {"value": false, "score": 7.098913192749023e-05}, "created": {"value": true, "score": 0.9997727870941162}, "shared": {"value": false, "score": 1.3709068298339844e-06}}, "documentContextAttributes": {"used": {"value": true, "score": 0.999984860420227}, "created": {"value": true, "score": 0.9999397397041321}, "shared": {"value": false, "score": 4.708766937255859e-06}}}, {"type": "software", "software-type": "software", "software-name": {"rawForm": "UniRank", "normalizedForm": "UniRank", "offsetStart": 62, "offsetEnd": 69}, "context": "The upper-bound on the expected number of iterations at which UniRank explores while the leader is the optimal partition is given by Lemma F.1.", "mentionContextAttributes": {"used": {"value": true, "score": 0.8160257339477539}, "created": {"value": false, "score": 1.2516975402832031e-06}, "shared": {"value": false, "score": 1.7881393432617188e-07}}, "documentContextAttributes": {"used": {"value": true, "score": 0.999984860420227}, "created": {"value": true, "score": 0.9999397397041321}, "shared": {"value": false, "score": 4.708766937255859e-06}}}, {"type": "software", "software-type": "software", "software-name": {"rawForm": "UniRank", "normalizedForm": "UniRank", "offsetStart": 63, "offsetEnd": 70}, "context": "Step of the Proof of Theorem 5.1 (Upper-Bound on the Regret of UniRank Assuming a Total Order on Items)", "mentionContextAttributes": {"used": {"value": true, "score": 0.9999743103981018}, "created": {"value": false, "score": 6.020069122314453e-06}, "shared": {"value": false, "score": 2.980232238769531e-07}}, "documentContextAttributes": {"used": {"value": true, "score": 0.999984860420227}, "created": {"value": true, "score": 0.9999397397041321}, "shared": {"value": false, "score": 4.708766937255859e-06}}}, {"type": "software", "software-type": "software", "software-name": {"rawForm": "UniRank", "normalizedForm": "UniRank", "offsetStart": 64, "offsetEnd": 71}, "context": "We now propose the main theorem that upper-bounds the regret of UniRank.", "mentionContextAttributes": {"used": {"value": false, "score": 0.0002549886703491211}, "created": {"value": true, "score": 0.9998276233673096}, "shared": {"value": false, "score": 2.980232238769531e-07}}, "documentContextAttributes": {"used": {"value": true, "score": 0.999984860420227}, "created": {"value": true, "score": 0.9999397397041321}, "shared": {"value": false, "score": 4.708766937255859e-06}}}, {"type": "software", "software-type": "software", "software-name": {"rawForm": "UniRank", "normalizedForm": "UniRank", "offsetStart": 67, "offsetEnd": 74}, "context": "Let now consider the impact of these upper-bounds on the regret of UniRank.", "mentionContextAttributes": {"used": {"value": true, "score": 0.6637985110282898}, "created": {"value": false, "score": 0.00739210844039917}, "shared": {"value": false, "score": 2.980232238769531e-07}}, "documentContextAttributes": {"used": {"value": true, "score": 0.999984860420227}, "created": {"value": true, "score": 0.9999397397041321}, "shared": {"value": false, "score": 4.708766937255859e-06}}}, {"type": "software", "software-type": "software", "software-name": {"rawForm": "TopRank", "normalizedForm": "TopRank", "offsetStart": 76, "offsetEnd": 83}, "context": "When confronted to other models, UniRank has a regret strictly smaller than TopRank before the iteration t = 10 6 , and smaller or equal to TopRank at the horizon. ", "mentionContextAttributes": {"used": {"value": false, "score": 0.0002269744873046875}, "created": {"value": false, "score": 7.927417755126953e-06}, "shared": {"value": false, "score": 2.980232238769531e-07}}, "documentContextAttributes": {"used": {"value": true, "score": 0.9978250861167908}, "created": {"value": false, "score": 0.07902145385742188}, "shared": {"value": false, "score": 1.3709068298339844e-06}}, "references": [{"label": "(Gauthier et al., 2021a)", "normalizedForm": "Gauthier et al., 2021a", "refKey": 0}, {"label": "(Gauthier et al., 2021b)", "normalizedForm": "Gauthier et al., 2021b", "refKey": 0}]}, {"type": "software", "software-type": "software", "software-name": {"rawForm": "UniRank", "normalizedForm": "UniRank", "offsetStart": 76, "offsetEnd": 83}, "context": ") the optimal partition associated to this order, when facing this problem, UniRank", "mentionContextAttributes": {"used": {"value": true, "score": 0.550833523273468}, "created": {"value": false, "score": 5.227327346801758e-05}, "shared": {"value": false, "score": 2.980232238769531e-07}}, "documentContextAttributes": {"used": {"value": true, "score": 0.999984860420227}, "created": {"value": true, "score": 0.9999397397041321}, "shared": {"value": false, "score": 4.708766937255859e-06}}}, {"type": "software", "software-type": "software", "software-name": {"rawForm": "UniRank", "normalizedForm": "UniRank", "offsetStart": 82, "offsetEnd": 89}, "context": "The partition P P P (t) plays the role of leader, meaning that at each iteration, UniRank solves an exploration-exploitation dilemma and picks either P P P (t) or a permutation P P P (t) in the neighborhood N ( P P P (t)) of P P P (t), where N ( P", "mentionContextAttributes": {"used": {"value": false, "score": 0.08278399705886841}, "created": {"value": false, "score": 3.039836883544922e-06}, "shared": {"value": false, "score": 1.0132789611816406e-06}}, "documentContextAttributes": {"used": {"value": true, "score": 0.999984860420227}, "created": {"value": true, "score": 0.9999397397041321}, "shared": {"value": false, "score": 4.708766937255859e-06}}}, {"type": "software", "software-type": "software", "software-name": {"rawForm": "TopRank", "normalizedForm": "TopRank", "offsetStart": 82, "offsetEnd": 113}, "context": "To the best of our knowledge, only the algorithms BatchRank (Zoghi et al., 2017), TopRank (Lattimore et al., 2018), and BubbleRank (Li et al., 2019a) handle users following a general model covering both behaviors. ", "mentionContextAttributes": {"used": {"value": false, "score": 0.0006261467933654785}, "created": {"value": false, "score": 0.00047320127487182617}, "shared": {"value": false, "score": 1.3709068298339844e-06}}, "documentContextAttributes": {"used": {"value": true, "score": 0.9978250861167908}, "created": {"value": false, "score": 0.07902145385742188}, "shared": {"value": false, "score": 1.3709068298339844e-06}}, "references": [{"label": "(Gauthier et al., 2021a)", "normalizedForm": "Gauthier et al., 2021a", "refKey": 0}, {"label": "(Gauthier et al., 2021b)", "normalizedForm": "Gauthier et al., 2021b", "refKey": 0}]}, {"type": "software", "software-type": "software", "software-name": {"rawForm": "UniRank", "normalizedForm": "UniRank", "offsetStart": 84, "offsetEnd": 91}, "context": "Even though the proof is inspired by OSUB (Combes & Prouti\u00e8re, 2014), the fact that UniRank handles partitions instead of recommendations, uses different estimators and builds upon an unusual exploration-exploitation strategy makes it original, and we believe that our theoretical analysis opens new perspectives for other semi-bandit settings. ", "mentionContextAttributes": {"used": {"value": false, "score": 0.0009129047393798828}, "created": {"value": false, "score": 0.04581153392791748}, "shared": {"value": false, "score": 5.364418029785156e-07}}, "documentContextAttributes": {"used": {"value": true, "score": 0.999984860420227}, "created": {"value": true, "score": 0.9999397397041321}, "shared": {"value": false, "score": 4.708766937255859e-06}}}, {"type": "software", "software-type": "software", "software-name": {"rawForm": "UniRank", "normalizedForm": "UniRank", "offsetStart": 88, "offsetEnd": 95}, "context": "In this section, we gather technical Lemmas required to prove the regret upper-bound of UniRank.", "mentionContextAttributes": {"used": {"value": true, "score": 0.9981200098991394}, "created": {"value": true, "score": 0.8383866548538208}, "shared": {"value": false, "score": 2.980232238769531e-07}}, "documentContextAttributes": {"used": {"value": true, "score": 0.999984860420227}, "created": {"value": true, "score": 0.9999397397041321}, "shared": {"value": false, "score": 4.708766937255859e-06}}}, {"type": "software", "software-type": "software", "software-name": {"rawForm": "UniRank", "normalizedForm": "UniRank", "offsetStart": 90, "offsetEnd": 97}, "context": "The first upper-bound (Equation ( 2)) controls the expected number of iterations at which UniRank explores while the leader is the optimal partition. ", "mentionContextAttributes": {"used": {"value": false, "score": 0.04824346303939819}, "created": {"value": false, "score": 3.874301910400391e-06}, "shared": {"value": false, "score": 1.7881393432617188e-07}}, "documentContextAttributes": {"used": {"value": true, "score": 0.999984860420227}, "created": {"value": true, "score": 0.9999397397041321}, "shared": {"value": false, "score": 4.708766937255859e-06}}}, {"type": "software", "software-type": "software", "software-name": {"rawForm": "UniRank", "normalizedForm": "UniRank", "offsetStart": 91, "offsetEnd": 98}, "context": "Secondly, UniRank and TopRank enjoy a logarithmic regret in all settings and our algorithm UniRank outperforms TopRank for the models such that the K best items do not have the same attractiveness \u03b8 i : query 8107157 of Yandex, simul PBM, and simul CM. ", "mentionContextAttributes": {"used": {"value": false, "score": 0.002667248249053955}, "created": {"value": false, "score": 1.8477439880371094e-06}, "shared": {"value": false, "score": 4.172325134277344e-07}}, "documentContextAttributes": {"used": {"value": true, "score": 0.999984860420227}, "created": {"value": true, "score": 0.9999397397041321}, "shared": {"value": false, "score": 4.708766937255859e-06}}}, {"type": "software", "software-type": "software", "software-name": {"rawForm": "UniRank", "normalizedForm": "UniRank", "offsetStart": 92, "offsetEnd": 99}, "context": "Thus sj(P P P ),i(P P P ) (\u03c8(t)) > 0 and P P P (\u03c8(t)) = P P P -cannot be P P P by design of UniRank.", "mentionContextAttributes": {"used": {"value": false, "score": 0.22858959436416626}, "created": {"value": false, "score": 1.5676021575927734e-05}, "shared": {"value": false, "score": 7.748603820800781e-07}}, "documentContextAttributes": {"used": {"value": true, "score": 0.999984860420227}, "created": {"value": true, "score": 0.9999397397041321}, "shared": {"value": false, "score": 4.708766937255859e-06}}}, {"type": "software", "software-type": "software", "software-name": {"rawForm": "UniRank", "normalizedForm": "UniRank", "offsetStart": 98, "offsetEnd": 105}, "context": "If TopRank targets a horizon T = 10 12 or uses the doubling trick it suffers a higher regret than UniRank.", "mentionContextAttributes": {"used": {"value": false, "score": 0.009019136428833008}, "created": {"value": false, "score": 2.086162567138672e-06}, "shared": {"value": false, "score": 1.7881393432617188e-07}}, "documentContextAttributes": {"used": {"value": true, "score": 0.999984860420227}, "created": {"value": true, "score": 0.9999397397041321}, "shared": {"value": false, "score": 4.708766937255859e-06}}}, {"type": "software", "software-type": "software", "software-name": {"rawForm": "TopRank", "normalizedForm": "TopRank", "offsetStart": 111, "offsetEnd": 118}, "context": "Secondly, UniRank and TopRank enjoy a logarithmic regret in all settings and our algorithm UniRank outperforms TopRank for the models such that the K best items do not have the same attractiveness \u03b8 i : query 8107157 of Yandex, simul PBM, and simul CM. ", "mentionContextAttributes": {"used": {"value": false, "score": 0.002667248249053955}, "created": {"value": false, "score": 1.8477439880371094e-06}, "shared": {"value": false, "score": 4.172325134277344e-07}}, "documentContextAttributes": {"used": {"value": true, "score": 0.9978250861167908}, "created": {"value": false, "score": 0.07902145385742188}, "shared": {"value": false, "score": 1.3709068298339844e-06}}, "references": [{"label": "(Gauthier et al., 2021a)", "normalizedForm": "Gauthier et al., 2021a", "refKey": 0}, {"label": "(Gauthier et al., 2021b)", "normalizedForm": "Gauthier et al., 2021b", "refKey": 0}]}, {"type": "software", "software-type": "software", "software-name": {"rawForm": "TopRank", "normalizedForm": "TopRank", "offsetStart": 114, "offsetEnd": 121}, "context": "This second bound is proven in(Sentenac et al., 2021) for a matching problem handled with an algorithm similar to TopRank.Remark 5.2 (Exploration not at the top).", "mentionContextAttributes": {"used": {"value": true, "score": 0.6092103719711304}, "created": {"value": false, "score": 0.00026667118072509766}, "shared": {"value": false, "score": 1.7881393432617188e-07}}, "documentContextAttributes": {"used": {"value": true, "score": 0.9978250861167908}, "created": {"value": false, "score": 0.07902145385742188}, "shared": {"value": false, "score": 1.3709068298339844e-06}}, "references": [{"label": "(Gauthier et al., 2021a)", "normalizedForm": "Gauthier et al., 2021a", "refKey": 0}, {"label": "(Gauthier et al., 2021b)", "normalizedForm": "Gauthier et al., 2021b", "refKey": 0}]}, {"type": "software", "software-type": "software", "software-name": {"rawForm": "BubbleRank", "normalizedForm": "BubbleRank", "offsetStart": 120, "offsetEnd": 149}, "context": "To the best of our knowledge, only the algorithms BatchRank (Zoghi et al., 2017), TopRank (Lattimore et al., 2018), and BubbleRank (Li et al., 2019a) handle users following a general model covering both behaviors. ", "mentionContextAttributes": {"used": {"value": false, "score": 0.0006261467933654785}, "created": {"value": false, "score": 0.00047320127487182617}, "shared": {"value": false, "score": 1.3709068298339844e-06}}, "documentContextAttributes": {"used": {"value": false, "score": 0.000874638557434082}, "created": {"value": false, "score": 0.00047320127487182617}, "shared": {"value": false, "score": 1.3709068298339844e-06}}}, {"type": "software", "software-type": "software", "software-name": {"rawForm": "UniRank", "normalizedForm": "UniRank", "offsetStart": 121, "offsetEnd": 128}, "context": "Under the hypotheses of Theorem 5.1, with the clik-model CM with probability \u03b8 i to click on item i when it is observed, UniRank fulfills", "mentionContextAttributes": {"used": {"value": true, "score": 0.6540984511375427}, "created": {"value": false, "score": 6.020069122314453e-06}, "shared": {"value": false, "score": 1.7881393432617188e-07}}, "documentContextAttributes": {"used": {"value": true, "score": 0.999984860420227}, "created": {"value": true, "score": 0.9999397397041321}, "shared": {"value": false, "score": 4.708766937255859e-06}}}, {"type": "software", "software-type": "software", "software-name": {"rawForm": "TopRank", "normalizedForm": "TopRank", "offsetStart": 129, "offsetEnd": 136}, "context": "Indeed, while UniRank reduces the exploration by only comparing each item k to the item min(k -1, L), in the worst case scenario TopRank compares each item k to each item k \u2208 {1, . . . ", "mentionContextAttributes": {"used": {"value": false, "score": 0.00217515230178833}, "created": {"value": false, "score": 3.635883331298828e-06}, "shared": {"value": false, "score": 1.7881393432617188e-07}}, "documentContextAttributes": {"used": {"value": true, "score": 0.9978250861167908}, "created": {"value": false, "score": 0.07902145385742188}, "shared": {"value": false, "score": 1.3709068298339844e-06}}, "references": [{"label": "(Gauthier et al., 2021a)", "normalizedForm": "Gauthier et al., 2021a", "refKey": 0}, {"label": "(Gauthier et al., 2021b)", "normalizedForm": "Gauthier et al., 2021b", "refKey": 0}]}, {"type": "software", "software-type": "software", "software-name": {"rawForm": "UniRank", "normalizedForm": "UniRank", "offsetStart": 137, "offsetEnd": 144}, "context": "Thus, either N ( P P P ) \\ N + is empty and we get a contradiction, or i(P P P -) and j(P P P -) are properly defined, and, by design of UniRank, sj(P P P -),i(P P P -) (\u03c8(t)) 0.", "mentionContextAttributes": {"used": {"value": false, "score": 0.46994417905807495}, "created": {"value": false, "score": 3.159046173095703e-06}, "shared": {"value": false, "score": 1.1324882507324219e-06}}, "documentContextAttributes": {"used": {"value": true, "score": 0.999984860420227}, "created": {"value": true, "score": 0.9999397397041321}, "shared": {"value": false, "score": 4.708766937255859e-06}}}, {"type": "software", "software-type": "software", "software-name": {"rawForm": "TopRank", "normalizedForm": "TopRank", "offsetStart": 138, "offsetEnd": 145}, "context": "Experiments against state-of-the-art learning algorithms show that our method is consistent in all settings, enjoys a smaller regret than TopRank and GRAB on specific settings, and has a much smaller computation time than PB-MHB.", "mentionContextAttributes": {"used": {"value": false, "score": 0.00816434621810913}, "created": {"value": false, "score": 0.07902145385742188}, "shared": {"value": false, "score": 4.172325134277344e-07}}, "documentContextAttributes": {"used": {"value": true, "score": 0.9978250861167908}, "created": {"value": false, "score": 0.07902145385742188}, "shared": {"value": false, "score": 1.3709068298339844e-06}}, "references": [{"label": "(Gauthier et al., 2021a)", "normalizedForm": "Gauthier et al., 2021a", "refKey": 0}, {"label": "(Gauthier et al., 2021b)", "normalizedForm": "Gauthier et al., 2021b", "refKey": 0}]}, {"type": "software", "software-type": "software", "software-name": {"rawForm": "TopRank", "normalizedForm": "TopRank", "offsetStart": 140, "offsetEnd": 147}, "context": "When confronted to other models, UniRank has a regret strictly smaller than TopRank before the iteration t = 10 6 , and smaller or equal to TopRank at the horizon. ", "mentionContextAttributes": {"used": {"value": false, "score": 0.0002269744873046875}, "created": {"value": false, "score": 7.927417755126953e-06}, "shared": {"value": false, "score": 2.980232238769531e-07}}, "documentContextAttributes": {"used": {"value": true, "score": 0.9978250861167908}, "created": {"value": false, "score": 0.07902145385742188}, "shared": {"value": false, "score": 1.3709068298339844e-06}}, "references": [{"label": "(Gauthier et al., 2021a)", "normalizedForm": "Gauthier et al., 2021a", "refKey": 0}, {"label": "(Gauthier et al., 2021b)", "normalizedForm": "Gauthier et al., 2021b", "refKey": 0}]}, {"type": "software", "software-type": "software", "software-name": {"rawForm": "UniRank", "normalizedForm": "UniRank", "offsetStart": 157, "offsetEnd": 164}, "context": "Moreover, contrary to TopRank, (i) UniRank drastically decreases its regret by taking advantage of the differences of attractiveness between items, and (ii) UniRank does not require the knowledge of the horizon T .", "mentionContextAttributes": {"used": {"value": false, "score": 0.00022840499877929688}, "created": {"value": false, "score": 1.3053417205810547e-05}, "shared": {"value": false, "score": 2.980232238769531e-07}}, "documentContextAttributes": {"used": {"value": true, "score": 0.999984860420227}, "created": {"value": true, "score": 0.9999397397041321}, "shared": {"value": false, "score": 4.708766937255859e-06}}}, {"type": "software", "software-type": "software", "software-name": {"rawForm": "UniRank", "normalizedForm": "UniRank", "offsetStart": 170, "offsetEnd": 177}, "context": "We also believe that TopRank's upper-bound on the regret with our additional hypothesis either remains O(KL/\u2206 log(T )) or reduces to O(L log L/\u2206 log(T )).2 Indeed, while UniRank reduces the exploration by only comparing each item k to the item min(k -1, L), in the worst case scenario TopRank compares each item k to each item k \u2208 {1, . . .", "mentionContextAttributes": {"used": {"value": true, "score": 0.9869383573532104}, "created": {"value": false, "score": 1.5497207641601562e-06}, "shared": {"value": false, "score": 1.1920928955078125e-06}}, "documentContextAttributes": {"used": {"value": true, "score": 0.999984860420227}, "created": {"value": true, "score": 0.9999397397041321}, "shared": {"value": false, "score": 4.708766937255859e-06}}}, {"type": "software", "software-type": "software", "software-name": {"rawForm": "UniRank", "normalizedForm": "UniRank", "offsetStart": 179, "offsetEnd": 186}, "context": "Note that (Lattimore et al., 2018) proves a \u2126 (LK/\u2206 log T ) lowerbound on the regret assuming that the best items have the same attractiveness which means that the upper-bound of UniRank for this specific setting is optimal.", "mentionContextAttributes": {"used": {"value": false, "score": 0.10527098178863525}, "created": {"value": false, "score": 3.5762786865234375e-06}, "shared": {"value": false, "score": 2.384185791015625e-07}}, "documentContextAttributes": {"used": {"value": true, "score": 0.999984860420227}, "created": {"value": true, "score": 0.9999397397041321}, "shared": {"value": false, "score": 4.708766937255859e-06}}}, {"type": "software", "software-type": "software", "software-name": {"rawForm": "UniRank", "normalizedForm": "UniRank", "offsetStart": 186, "offsetEnd": 193}, "context": "Under the hypotheses of Theorem 5.1, if the user follows PBM with the probability \u03b8 i of clicking on item i when it is observed and the probability \u03ba k of observing the position k, then UniRank fulfills", "mentionContextAttributes": {"used": {"value": false, "score": 0.3574067950248718}, "created": {"value": false, "score": 4.887580871582031e-06}, "shared": {"value": false, "score": 3.5762786865234375e-07}}, "documentContextAttributes": {"used": {"value": true, "score": 0.999984860420227}, "created": {"value": true, "score": 0.9999397397041321}, "shared": {"value": false, "score": 4.708766937255859e-06}}}, {"type": "software", "software-type": "software", "software-name": {"rawForm": "UniRank", "normalizedForm": "UniRank", "offsetStart": 262, "offsetEnd": 269}, "context": "After listing most of the notations used in the paper in Appendix B, we prove Lemma 3.1 in Appendix D. Then we prove some technical lemmas in Appendix E, which are required by the proof of Theorem 5.1 in Appendix F. Finally, we discuss the regret upper-bound of UniRank for some specific settings in Appendix G.", "mentionContextAttributes": {"used": {"value": true, "score": 0.9866424798965454}, "created": {"value": false, "score": 3.933906555175781e-06}, "shared": {"value": false, "score": 2.1457672119140625e-06}}, "documentContextAttributes": {"used": {"value": true, "score": 0.999984860420227}, "created": {"value": true, "score": 0.9999397397041321}, "shared": {"value": false, "score": 4.708766937255859e-06}}}, {"type": "software", "software-type": "software", "software-name": {"rawForm": "UniRank", "normalizedForm": "UniRank", "offsetStart": 284, "offsetEnd": 291}, "context": "To play according to those models, we extract the parameters of the chosen model from the KDD Cup 2012 track 2 (KDD for short) database and the Yandex database (Yandex, 2013), and we experiment with a set of parameters (denoted Simul) chosen to highlight the O (L/\u2206 log T ) regret of UniRank: L = 10, K = 5, \u03b8 \u03b8 \u03b8 = [0.1,", "mentionContextAttributes": {"used": {"value": true, "score": 0.999984860420227}, "created": {"value": false, "score": 1.430511474609375e-06}, "shared": {"value": false, "score": 7.152557373046875e-07}}, "documentContextAttributes": {"used": {"value": true, "score": 0.999984860420227}, "created": {"value": true, "score": 0.9999397397041321}, "shared": {"value": false, "score": 4.708766937255859e-06}}}], "references": [{"refKey": 0, "tei": "<biblStruct xml:id=\"b0\">\n\t<analytic>\n\t\t<title level=\"a\" type=\"main\">Bandit Algorithm for both Unknown Best Position and Best Item Display on Web Pages</title>\n\t\t<author>\n\t\t\t<persName><forename type=\"first\">Camille-Sovanneary</forename><surname>Gauthier</surname></persName>\n\t\t</author>\n\t\t<author>\n\t\t\t<persName><forename type=\"first\">Romaric</forename><surname>Gaudel</surname></persName>\n\t\t</author>\n\t\t<author>\n\t\t\t<persName><forename type=\"first\">Elisa</forename><surname>Fromont</surname></persName>\n\t\t</author>\n\t\t<idno type=\"DOI\">10.1007/978-3-030-74251-5_17</idno>\n\t\t<idno>B1E7C95AD27D5C599113CF2A31F32982</idno>\n\t</analytic>\n\t<monogr>\n\t\t<title level=\"m\">Advances in Intelligent Data Analysis XIX</title>\n\t\t<imprint>\n\t\t\t<publisher>Springer International Publishing</publisher>\n\t\t\t<date type=\"published\" when=\"2021\" />\n\t\t\t<biblScope unit=\"page\" from=\"209\" to=\"221\" />\n\t\t</imprint>\n\t</monogr>\n</biblStruct>\n"}, {"refKey": 4, "tei": "<biblStruct xml:id=\"b4\">\n\t<monogr>\n\t\t<author>\n\t\t\t<persName><forename type=\"first\">A</forename><surname>Chuklin</surname></persName>\n\t\t</author>\n\t\t<author>\n\t\t\t<persName><forename type=\"first\">I</forename><surname>Markov</surname></persName>\n\t\t</author>\n\t\t<author>\n\t\t\t<persName><forename type=\"first\">M</forename><surname>De Rijke</surname></persName>\n\t\t</author>\n\t\t<title level=\"m\">Click Models for Web Search</title>\n\t\t<imprint>\n\t\t\t<publisher>Morgan &amp; Claypool Publishers</publisher>\n\t\t\t<date>2015</date>\n\t\t</imprint>\n\t</monogr>\n</biblStruct>\n"}, {"refKey": 21, "tei": "<biblStruct xml:id=\"b21\">\n\t<analytic>\n\t\t<title level=\"a\" type=\"main\">Interpersonal Communication Message Types: Ranking of Importance by Kinesiology Undergraduates</title>\n\t\t<author>\n\t\t\t<persName><forename type=\"first\">T</forename><surname>Lattimore</surname></persName>\n\t\t</author>\n\t\t<author>\n\t\t\t<persName><forename type=\"first\">B</forename><surname>Kveton</surname></persName>\n\t\t</author>\n\t\t<author>\n\t\t\t<persName><forename type=\"first\">S</forename><surname>Li</surname></persName>\n\t\t</author>\n\t\t<author>\n\t\t\t<persName><forename type=\"first\">C</forename><surname>Szepesvari</surname></persName>\n\t\t</author>\n\t\t<idno type=\"DOI\">10.23880/oajksm-16000103</idno>\n\t</analytic>\n\t<monogr>\n\t\t<title level=\"j\">Open Access Journal of Kinesiology and Sports Medicine</title>\n\t\t<title level=\"j\" type=\"abbrev\">OAJKSM</title>\n\t\t<idno type=\"ISSNe\">2995-0155</idno>\n\t\t<imprint>\n\t\t\t<biblScope unit=\"volume\">1</biblScope>\n\t\t\t<biblScope unit=\"issue\">1</biblScope>\n\t\t\t<biblScope unit=\"page\" from=\"1\" to=\"5\" />\n\t\t\t<date type=\"published\" when=\"2023\">2018</date>\n\t\t\t<publisher>Medwin Publishers</publisher>\n\t\t</imprint>\n\t</monogr>\n</biblStruct>\n"}], "runtime": 119499, "id": "6eec50cbfce5180fc3f8175ac93c470967478239", "metadata": {"id": "6eec50cbfce5180fc3f8175ac93c470967478239"}, "original_file_path": "../../datalake/Samuel/SOFTware-Sync/data/xml_not_sofctied/log_xml/hal-03740981.grobid.tei.xml", "file_name": "hal-03740981.grobid.tei.xml"}