{"application": "software-mentions", "version": "0.8.0", "date": "2024-04-12T16:54+0000", "md5": "9CE269EC6158718DE33E2C74F235493B", "mentions": [{"type": "software", "software-type": "software", "software-name": {"rawForm": "Hyperscan", "normalizedForm": "Hyperscan", "offsetStart": 4, "offsetEnd": 13}, "context": "The Hyperscan regular expression engine reaches performance of 10Gb/s [29]. ", "mentionContextAttributes": {"used": {"value": true, "score": 0.5890296101570129}, "created": {"value": false, "score": 5.4836273193359375e-06}, "shared": {"value": false, "score": 2.384185791015625e-07}}, "documentContextAttributes": {"used": {"value": true, "score": 0.5890296101570129}, "created": {"value": false, "score": 0.00012111663818359375}, "shared": {"value": false, "score": 2.384185791015625e-07}}}, {"type": "software", "software-type": "software", "software-name": {"rawForm": "Hyperscan", "normalizedForm": "Hyperscan", "offsetStart": 84, "offsetEnd": 98}, "context": "Relevant examples from a related field are the performant regular expression engine Hyperscan [29] and the competitive engine of the RUST language [10], both relying crucially on vectorization. ", "mentionContextAttributes": {"used": {"value": false, "score": 6.115436553955078e-05}, "created": {"value": false, "score": 0.00012111663818359375}, "shared": {"value": false, "score": 1.1920928955078125e-07}}, "documentContextAttributes": {"used": {"value": true, "score": 0.5890296101570129}, "created": {"value": false, "score": 0.00012111663818359375}, "shared": {"value": false, "score": 2.384185791015625e-07}}}, {"type": "software", "software-type": "software", "wikidataId": "Q25104949", "wikipediaExternalRef": 50353761, "lang": "en", "confidence": 0.6866, "software-name": {"rawForm": "GraphQL", "normalizedForm": "GraphQL", "wikidataId": "Q25104949", "wikipediaExternalRef": 50353761, "lang": "en", "confidence": 0.6866, "offsetStart": 140, "offsetEnd": 147}, "context": "It is used both as a serialization format (Wikipedia, Wikidata, DBLP) and as an exchange format (WSDL and SOAP rely on XML, the more recent GraphQL prefers JSON). ", "mentionContextAttributes": {"used": {"value": false, "score": 0.005905568599700928}, "created": {"value": false, "score": 4.935264587402344e-05}, "shared": {"value": false, "score": 8.58306884765625e-06}}, "documentContextAttributes": {"used": {"value": false, "score": 0.005905568599700928}, "created": {"value": false, "score": 4.935264587402344e-05}, "shared": {"value": false, "score": 8.58306884765625e-06}}}], "references": [], "runtime": 127825, "id": "4bcd9de18d409d38bc4fc2b7bb102be5445d349e", "metadata": {"id": "4bcd9de18d409d38bc4fc2b7bb102be5445d349e"}, "original_file_path": "../../datalake/Samuel/SOFTware-Sync/data/xml_not_sofctied/hal-03021960.grobid.tei.xml", "file_name": "hal-03021960.grobid.tei.xml"}