{"application": "software-mentions", "version": "0.8.0", "date": "2024-04-12T16:23+0000", "md5": "500FA1E185F1D153861B9584011F3A50", "mentions": [{"type": "software", "software-type": "software", "wikidataId": "Q8042469", "wikipediaExternalRef": 4723102, "lang": "en", "confidence": 0.685, "software-name": {"rawForm": "XSB", "normalizedForm": "XSB", "wikidataId": "Q8042469", "wikipediaExternalRef": 4723102, "lang": "en", "confidence": 0.685, "offsetStart": 0, "offsetEnd": 3}, "version": {"rawForm": "4.0", "normalizedForm": "4.0"}, "context": "XSB in contrast could read the graph of the XML document, but needed more than 30 minutes.", "mentionContextAttributes": {"used": {"value": true, "score": 0.9997560977935791}, "created": {"value": false, "score": 3.159046173095703e-06}, "shared": {"value": false, "score": 7.748603820800781e-07}}, "documentContextAttributes": {"used": {"value": true, "score": 0.9999665021896362}, "created": {"value": false, "score": 0.0022216439247131348}, "shared": {"value": false, "score": 7.748603820800781e-07}}}, {"type": "software", "software-type": "software", "software-name": {"rawForm": "CoreXPath", "normalizedForm": "CoreXPath", "offsetStart": 0, "offsetEnd": 13}, "context": "CoreXPath [5] is a sublanguage of NRPQs with limited recursion where the interpretation [", "mentionContextAttributes": {"used": {"value": false, "score": 0.00027382373809814453}, "created": {"value": false, "score": 2.3245811462402344e-06}, "shared": {"value": false, "score": 1.7881393432617188e-07}}, "documentContextAttributes": {"used": {"value": false, "score": 0.00027382373809814453}, "created": {"value": false, "score": 2.3245811462402344e-06}, "shared": {"value": false, "score": 1.7881393432617188e-07}}}, {"type": "software", "software-type": "software", "software-name": {"rawForm": "LogicBlox", "normalizedForm": "LogicBlox", "offsetStart": 9, "offsetEnd": 18}, "context": "Finally, LogicBlox has a transaction level, that permits to interact with graphs dynamically, so that it can be queried many times without being reloaded.", "mentionContextAttributes": {"used": {"value": false, "score": 5.310773849487305e-05}, "created": {"value": false, "score": 2.4497509002685547e-05}, "shared": {"value": false, "score": 2.980232238769531e-07}}, "documentContextAttributes": {"used": {"value": true, "score": 0.9999521374702454}, "created": {"value": false, "score": 0.348760724067688}, "shared": {"value": false, "score": 2.980232238769531e-07}}, "references": [{"label": "[1]", "normalizedForm": "[1]", "refKey": 1}]}, {"type": "software", "software-type": "software", "wikidataId": "Q212587", "wikipediaExternalRef": 39652, "lang": "en", "confidence": 0.9122, "software-name": {"rawForm": "OCaml", "normalizedForm": "OCaml", "wikidataId": "Q212587", "wikipediaExternalRef": 39652, "lang": "en", "confidence": 0.9122, "offsetStart": 16, "offsetEnd": 21}, "context": "We started with OCaml's Datalog 0.6, but had to notice that the top-down evaluator did not always produce the correct results.", "mentionContextAttributes": {"used": {"value": true, "score": 0.9999836087226868}, "created": {"value": false, "score": 0.0017374157905578613}, "shared": {"value": false, "score": 1.7881393432617188e-07}}, "documentContextAttributes": {"used": {"value": true, "score": 0.9999836087226868}, "created": {"value": true, "score": 0.9974379539489746}, "shared": {"value": false, "score": 4.172325134277344e-07}}}, {"type": "software", "software-type": "software", "wikidataId": "Q212587", "wikipediaExternalRef": 39652, "lang": "en", "confidence": 0.9122, "software-name": {"rawForm": "OCaml", "normalizedForm": "OCaml", "wikidataId": "Q212587", "wikipediaExternalRef": 39652, "lang": "en", "confidence": 0.9122, "offsetStart": 18, "offsetEnd": 23}, "context": "We implemented in OCaml our compiler from NRPQs to Datalog and also a compiler from navigational XPath queries to NRPQs on the graphs of XML documents. ", "mentionContextAttributes": {"used": {"value": false, "score": 0.00011974573135375977}, "created": {"value": true, "score": 0.9974379539489746}, "shared": {"value": false, "score": 4.172325134277344e-07}}, "documentContextAttributes": {"used": {"value": true, "score": 0.9999836087226868}, "created": {"value": true, "score": 0.9974379539489746}, "shared": {"value": false, "score": 4.172325134277344e-07}}}, {"type": "software", "software-type": "software", "software-name": {"rawForm": "LogicBlox", "normalizedForm": "LogicBlox", "offsetStart": 21, "offsetEnd": 30}, "context": "With version 4.38 of LogicBlox we could read the graph of 100 MB in 19 seconds (rather then in more than 30 minutes as with XSB).", "mentionContextAttributes": {"used": {"value": true, "score": 0.9999521374702454}, "created": {"value": false, "score": 5.900859832763672e-06}, "shared": {"value": false, "score": 2.980232238769531e-07}}, "documentContextAttributes": {"used": {"value": true, "score": 0.9999521374702454}, "created": {"value": false, "score": 0.348760724067688}, "shared": {"value": false, "score": 2.980232238769531e-07}}, "references": [{"label": "[1]", "normalizedForm": "[1]", "refKey": 1}]}, {"type": "software", "software-type": "software", "software-name": {"rawForm": "LogicBlox", "normalizedForm": "LogicBlox", "offsetStart": 24, "offsetEnd": 33}, "context": "The earlier versions of LogicBlox supported bottom-up evaluation only.", "mentionContextAttributes": {"used": {"value": false, "score": 0.17060178518295288}, "created": {"value": false, "score": 1.2099742889404297e-05}, "shared": {"value": false, "score": 1.7881393432617188e-07}}, "documentContextAttributes": {"used": {"value": true, "score": 0.9999521374702454}, "created": {"value": false, "score": 0.348760724067688}, "shared": {"value": false, "score": 2.980232238769531e-07}}, "references": [{"label": "[1]", "normalizedForm": "[1]", "refKey": 1}]}, {"type": "software", "software-type": "software", "software-name": {"rawForm": "LogicBlox", "normalizedForm": "LogicBlox", "offsetStart": 28, "offsetEnd": 37}, "context": "We finally investigated the LogicBlox system [1], a more recent deductive database system which implements the language LogiQL extending on Datalog.", "mentionContextAttributes": {"used": {"value": false, "score": 0.001193702220916748}, "created": {"value": false, "score": 0.348760724067688}, "shared": {"value": false, "score": 1.7881393432617188e-07}}, "documentContextAttributes": {"used": {"value": true, "score": 0.9999521374702454}, "created": {"value": false, "score": 0.348760724067688}, "shared": {"value": false, "score": 2.980232238769531e-07}}, "references": [{"label": "[1]", "normalizedForm": "[1]", "refKey": 1, "offsetStart": 29863, "offsetEnd": 29866}]}, {"type": "software", "software-type": "software", "wikidataId": "Q163468", "wikipediaExternalRef": 23485, "lang": "en", "confidence": 0.8783, "software-name": {"rawForm": "Prolog", "normalizedForm": "Prolog", "wikidataId": "Q163468", "wikipediaExternalRef": 23485, "lang": "en", "confidence": 0.8783, "offsetStart": 30, "offsetEnd": 36}, "context": "We then experimented with the Prolog engines XSB 4.0 and SWI 8.4.1.1. ", "mentionContextAttributes": {"used": {"value": true, "score": 0.9999665021896362}, "created": {"value": false, "score": 0.0022216439247131348}, "shared": {"value": false, "score": 2.384185791015625e-07}}, "documentContextAttributes": {"used": {"value": true, "score": 0.9999665021896362}, "created": {"value": false, "score": 0.0022216439247131348}, "shared": {"value": false, "score": 2.384185791015625e-07}}}, {"type": "software", "software-type": "software", "wikidataId": "Q8042469", "wikipediaExternalRef": 4723102, "lang": "en", "confidence": 0.685, "software-name": {"rawForm": "XSB", "normalizedForm": "XSB", "wikidataId": "Q8042469", "wikipediaExternalRef": 4723102, "lang": "en", "confidence": 0.685, "offsetStart": 45, "offsetEnd": 48}, "version": {"rawForm": "4.0", "normalizedForm": "4.0", "offsetStart": 49, "offsetEnd": 52}, "context": "We then experimented with the Prolog engines XSB 4.0 and SWI 8.4.1.1. ", "mentionContextAttributes": {"used": {"value": true, "score": 0.9999665021896362}, "created": {"value": false, "score": 0.0022216439247131348}, "shared": {"value": false, "score": 2.384185791015625e-07}}, "documentContextAttributes": {"used": {"value": true, "score": 0.9999665021896362}, "created": {"value": false, "score": 0.0022216439247131348}, "shared": {"value": false, "score": 7.748603820800781e-07}}}, {"type": "software", "software-type": "software", "wikidataId": "Q8042469", "wikipediaExternalRef": 4723102, "lang": "en", "confidence": 0.685, "software-name": {"rawForm": "XSB", "normalizedForm": "XSB", "wikidataId": "Q8042469", "wikipediaExternalRef": 4723102, "lang": "en", "confidence": 0.685, "offsetStart": 48, "offsetEnd": 51}, "version": {"rawForm": "4.0", "normalizedForm": "4.0"}, "context": "This is 2 orders of magnitudes better than with XSB! Nevertheless it is still by a factor of 75 slower than with Saxon. Figure 4 of [7] reports 65 milliseconds for Q05 with optimal jumping, but on a slightly larger 116MB document.", "mentionContextAttributes": {"used": {"value": true, "score": 0.624958872795105}, "created": {"value": false, "score": 1.1920928955078125e-05}, "shared": {"value": false, "score": 1.1920928955078125e-07}}, "documentContextAttributes": {"used": {"value": true, "score": 0.9999665021896362}, "created": {"value": false, "score": 0.0022216439247131348}, "shared": {"value": false, "score": 7.748603820800781e-07}}}, {"type": "software", "software-type": "software", "wikidataId": "Q8042469", "wikipediaExternalRef": 4723102, "lang": "en", "confidence": 0.685, "software-name": {"rawForm": "XSB", "normalizedForm": "XSB", "wikidataId": "Q8042469", "wikipediaExternalRef": 4723102, "lang": "en", "confidence": 0.685, "offsetStart": 87, "offsetEnd": 90}, "version": {"rawForm": "4.0", "normalizedForm": "4.0"}, "context": "So for answering the query Q05, Saxon showed 4 orders of magnitude more efficient than XSB.", "mentionContextAttributes": {"used": {"value": true, "score": 0.9999632835388184}, "created": {"value": false, "score": 5.245208740234375e-06}, "shared": {"value": false, "score": 2.384185791015625e-07}}, "documentContextAttributes": {"used": {"value": true, "score": 0.9999665021896362}, "created": {"value": false, "score": 0.0022216439247131348}, "shared": {"value": false, "score": 7.748603820800781e-07}}}, {"type": "software", "software-type": "software", "wikidataId": "Q8042469", "wikipediaExternalRef": 4723102, "lang": "en", "confidence": 0.685, "software-name": {"rawForm": "XSB", "normalizedForm": "XSB", "wikidataId": "Q8042469", "wikipediaExternalRef": 4723102, "lang": "en", "confidence": 0.685, "offsetStart": 124, "offsetEnd": 127}, "version": {"rawForm": "4.0", "normalizedForm": "4.0"}, "context": "With version 4.38 of LogicBlox we could read the graph of 100 MB in 19 seconds (rather then in more than 30 minutes as with XSB).", "mentionContextAttributes": {"used": {"value": true, "score": 0.9999521970748901}, "created": {"value": false, "score": 5.841255187988281e-06}, "shared": {"value": false, "score": 2.384185791015625e-07}}, "documentContextAttributes": {"used": {"value": true, "score": 0.9999665021896362}, "created": {"value": false, "score": 0.0022216439247131348}, "shared": {"value": false, "score": 7.748603820800781e-07}}}, {"type": "software", "software-type": "software", "software-name": {"rawForm": "LogicBlox", "normalizedForm": "LogicBlox", "offsetStart": 148, "offsetEnd": 160}, "context": "it can be implemented efficiently without any dedicated techniques, by using any efficient datalog evaluator supporting top-down evaluation such as LogicBlox [1]. ", "mentionContextAttributes": {"used": {"value": false, "score": 3.147125244140625e-05}, "created": {"value": false, "score": 0.005680441856384277}, "shared": {"value": false, "score": 1.1920928955078125e-07}}, "documentContextAttributes": {"used": {"value": true, "score": 0.9999521374702454}, "created": {"value": false, "score": 0.348760724067688}, "shared": {"value": false, "score": 2.980232238769531e-07}}, "references": [{"label": "[1]", "normalizedForm": "[1]", "refKey": 1}]}], "references": [{"refKey": 1, "tei": "<biblStruct xml:id=\"b1\">\n\t<analytic>\n\t\t<title level=\"a\" type=\"main\">Design and Implementation of the LogicBlox System</title>\n\t\t<author>\n\t\t\t<persName><forename type=\"first\">Molham</forename><surname>Aref</surname></persName>\n\t\t</author>\n\t\t<author>\n\t\t\t<persName><forename type=\"first\">Balder</forename><surname>Ten Cate</surname></persName>\n\t\t</author>\n\t\t<author>\n\t\t\t<persName><forename type=\"first\">Todd</forename><forename type=\"middle\">J</forename><surname>Green</surname></persName>\n\t\t</author>\n\t\t<author>\n\t\t\t<persName><forename type=\"first\">Benny</forename><surname>Kimelfeld</surname></persName>\n\t\t</author>\n\t\t<author>\n\t\t\t<persName><forename type=\"first\">Dan</forename><surname>Olteanu</surname></persName>\n\t\t</author>\n\t\t<author>\n\t\t\t<persName><forename type=\"first\">Emir</forename><surname>Pasalic</surname></persName>\n\t\t</author>\n\t\t<author>\n\t\t\t<persName><forename type=\"first\">Todd</forename><forename type=\"middle\">L</forename><surname>Veldhuizen</surname></persName>\n\t\t</author>\n\t\t<author>\n\t\t\t<persName><forename type=\"first\">Geoffrey</forename><surname>Washburn</surname></persName>\n\t\t</author>\n\t\t<idno type=\"DOI\">10.1145/2723372.2742796</idno>\n\t</analytic>\n\t<monogr>\n\t\t<title level=\"m\">Proceedings of the 2015 ACM SIGMOD International Conference on Management of Data</title>\n\t\t<meeting>the 2015 ACM SIGMOD International Conference on Management of Data</meeting>\n\t\t<imprint>\n\t\t\t<publisher>ACM</publisher>\n\t\t\t<date type=\"published\" when=\"2015-05-27\">2015</date>\n\t\t\t<biblScope unit=\"page\">1382</biblScope>\n\t\t</imprint>\n\t</monogr>\n</biblStruct>\n"}], "runtime": 64309, "id": "bc1682f108dba88a910b1bdaad7fed943f9ea82a", "metadata": {"id": "bc1682f108dba88a910b1bdaad7fed943f9ea82a"}, "original_file_path": "../../datalake/Samuel/SOFTware-Sync/data/xml_files/hal-02492780.grobid.tei.xml", "file_name": "hal-02492780.grobid.tei.xml"}