{"application": "software-mentions", "version": "0.8.0", "date": "2024-04-15T07:28+0000", "md5": "2BD489C4E3EBF239CD18ADC3520A54A9", "mentions": [{"type": "software", "software-type": "software", "software-name": {"rawForm": "DfA-lib", "normalizedForm": "DfA-lib", "offsetStart": 0, "offsetEnd": 7}, "context": "DfA-lib is the library invoked by DfAnalyzer calls. ", "mentionContextAttributes": {"used": {"value": false, "score": 0.17845392227172852}, "created": {"value": false, "score": 4.869699478149414e-05}, "shared": {"value": false, "score": 2.980232238769531e-07}}, "documentContextAttributes": {"used": {"value": false, "score": 0.3676871061325073}, "created": {"value": false, "score": 0.0001404285430908203}, "shared": {"value": false, "score": 1.8477439880371094e-06}}}, {"type": "software", "software-type": "software", "software-name": {"rawForm": "DfA-lib", "normalizedForm": "DfA-lib", "offsetStart": 0, "offsetEnd": 7}, "context": "DfA-lib calls, inside the CSE application code, send HTTP requests to the Service Controller with a POST method using DfAnalyzer's RESTful web application. ", "mentionContextAttributes": {"used": {"value": false, "score": 0.04746413230895996}, "created": {"value": false, "score": 1.3887882232666016e-05}, "shared": {"value": false, "score": 1.8477439880371094e-06}}, "documentContextAttributes": {"used": {"value": false, "score": 0.3676871061325073}, "created": {"value": false, "score": 0.0001404285430908203}, "shared": {"value": false, "score": 1.8477439880371094e-06}}}, {"type": "software", "software-type": "software", "software-name": {"rawForm": "libMesh", "normalizedForm": "libMesh", "offsetStart": 0, "offsetEnd": 7}, "context": "libMesh, FEniCS, and ParaView are softwares considered in the IDEAS project. ", "mentionContextAttributes": {"used": {"value": false, "score": 0.0005258917808532715}, "created": {"value": false, "score": 0.0023787617683410645}, "shared": {"value": false, "score": 1.6093254089355469e-06}}, "documentContextAttributes": {"used": {"value": false, "score": 0.19059646129608154}, "created": {"value": false, "score": 0.0023787617683410645}, "shared": {"value": false, "score": 1.6093254089355469e-06}}}, {"type": "software", "software-type": "software", "software-name": {"rawForm": "DfViewer", "normalizedForm": "DfViewer", "offsetStart": 0, "offsetEnd": 8}, "context": "DfViewer presents a graphical dataflow specification based on the execution of the CSE application. ", "mentionContextAttributes": {"used": {"value": false, "score": 4.0471553802490234e-05}, "created": {"value": false, "score": 0.08241313695907593}, "shared": {"value": false, "score": 1.7881393432617188e-07}}, "documentContextAttributes": {"used": {"value": false, "score": 0.011957705020904541}, "created": {"value": false, "score": 0.08241313695907593}, "shared": {"value": false, "score": 4.172325134277344e-07}}}, {"type": "software", "software-type": "software", "software-name": {"rawForm": "DfAnalyzer", "normalizedForm": "DfAnalyzer", "offsetStart": 0, "offsetEnd": 10}, "context": "DfAnalyzer addresses the problem of generating simulation data for runtime analysis by integrating in situ visualization data with raw data capture in large-scale parallel CSE applications. ", "mentionContextAttributes": {"used": {"value": false, "score": 4.941225051879883e-05}, "created": {"value": false, "score": 0.00011843442916870117}, "shared": {"value": false, "score": 2.980232238769531e-07}}, "documentContextAttributes": {"used": {"value": true, "score": 0.9999646544456482}, "created": {"value": true, "score": 0.971696674823761}, "shared": {"value": false, "score": 9.834766387939453e-06}}}, {"type": "software", "software-type": "software", "software-name": {"rawForm": "DfAnalyzer", "normalizedForm": "DfAnalyzer", "offsetStart": 0, "offsetEnd": 10}, "context": "DfAnalyzer identifies these data relationships as a dataflow [3]. ", "mentionContextAttributes": {"used": {"value": false, "score": 0.0002071857452392578}, "created": {"value": false, "score": 3.635883331298828e-06}, "shared": {"value": false, "score": 1.7881393432617188e-07}}, "documentContextAttributes": {"used": {"value": true, "score": 0.9999646544456482}, "created": {"value": true, "score": 0.971696674823761}, "shared": {"value": false, "score": 9.834766387939453e-06}}}, {"type": "software", "software-type": "software", "software-name": {"rawForm": "DfAnalyzer", "normalizedForm": "DfAnalyzer", "offsetStart": 0, "offsetEnd": 10}, "context": "DfAnalyzer is a lightweight tool for runtime collection, management, monitoring, and analysis of distributed provenance data generated by CSE applications in HPC environments. ", "mentionContextAttributes": {"used": {"value": false, "score": 2.2709369659423828e-05}, "created": {"value": false, "score": 0.06251364946365356}, "shared": {"value": false, "score": 2.980232238769531e-07}}, "documentContextAttributes": {"used": {"value": true, "score": 0.9999646544456482}, "created": {"value": true, "score": 0.971696674823761}, "shared": {"value": false, "score": 9.834766387939453e-06}}}, {"type": "software", "software-type": "software", "software-name": {"rawForm": "DfAnalyzer", "normalizedForm": "DfAnalyzer", "offsetStart": 0, "offsetEnd": 10}, "context": "DfAnalyzer follows a PROV-compliant data model, for representing relationships between datasets manipulated by computational models, which is agnostic concerning the scientific application domain. ", "mentionContextAttributes": {"used": {"value": false, "score": 0.00024449825286865234}, "created": {"value": false, "score": 3.784894943237305e-05}, "shared": {"value": false, "score": 2.980232238769531e-07}}, "documentContextAttributes": {"used": {"value": true, "score": 0.9999646544456482}, "created": {"value": true, "score": 0.971696674823761}, "shared": {"value": false, "score": 9.834766387939453e-06}}}, {"type": "software", "software-type": "software", "software-name": {"rawForm": "DfAnalyzer", "normalizedForm": "DfAnalyzer", "offsetStart": 0, "offsetEnd": 10}, "context": "DfAnalyzer innovates by extracting and relating raw data (e.g., QoI) from heterogeneous distributed files at runtime. ", "mentionContextAttributes": {"used": {"value": false, "score": 2.8073787689208984e-05}, "created": {"value": true, "score": 0.971696674823761}, "shared": {"value": false, "score": 1.7881393432617188e-07}}, "documentContextAttributes": {"used": {"value": true, "score": 0.9999646544456482}, "created": {"value": true, "score": 0.971696674823761}, "shared": {"value": false, "score": 9.834766387939453e-06}}}, {"type": "software", "software-type": "software", "software-name": {"rawForm": "DfAnalyzer", "normalizedForm": "DfAnalyzer", "offsetStart": 0, "offsetEnd": 10}, "context": "DfAnalyzer is used with the following methodology [9]. ", "mentionContextAttributes": {"used": {"value": false, "score": 0.0022305846214294434}, "created": {"value": false, "score": 2.4437904357910156e-06}, "shared": {"value": false, "score": 2.980232238769531e-07}}, "documentContextAttributes": {"used": {"value": true, "score": 0.9999646544456482}, "created": {"value": true, "score": 0.971696674823761}, "shared": {"value": false, "score": 9.834766387939453e-06}}}, {"type": "software", "software-type": "software", "software-name": {"rawForm": "DfAnalyzer", "normalizedForm": "DfAnalyzer", "offsetStart": 0, "offsetEnd": 10}, "context": "DfAnalyzer has a set of RESTful services (and libraries on C++, Python, and Java) to help plugging the calls into the CSE applications. ", "mentionContextAttributes": {"used": {"value": false, "score": 7.551908493041992e-05}, "created": {"value": false, "score": 0.0018633604049682617}, "shared": {"value": false, "score": 9.834766387939453e-06}}, "documentContextAttributes": {"used": {"value": true, "score": 0.9999646544456482}, "created": {"value": true, "score": 0.971696674823761}, "shared": {"value": false, "score": 9.834766387939453e-06}}}, {"type": "software", "software-type": "software", "software-name": {"rawForm": "DfAnalyzer", "normalizedForm": "DfAnalyzer", "offsetStart": 0, "offsetEnd": 10}, "context": "DfAnalyzer's user steering support contributes to the process of scientific discovery and explainability by automatically adding provenance, context and relationships to scientific data native formats.", "mentionContextAttributes": {"used": {"value": false, "score": 7.802248001098633e-05}, "created": {"value": false, "score": 0.004347801208496094}, "shared": {"value": false, "score": 4.172325134277344e-07}}, "documentContextAttributes": {"used": {"value": true, "score": 0.9999646544456482}, "created": {"value": true, "score": 0.971696674823761}, "shared": {"value": false, "score": 9.834766387939453e-06}}}, {"type": "software", "software-type": "software", "software-name": {"rawForm": "DfAnalyzer", "normalizedForm": "DfAnalyzer", "offsetStart": 0, "offsetEnd": 10}, "context": "DfAnalyzer assumes that the CSE programs are white or gray boxes, and works as a data profiling tool, similarly to code profilers. ", "mentionContextAttributes": {"used": {"value": false, "score": 8.147954940795898e-05}, "created": {"value": false, "score": 6.645917892456055e-05}, "shared": {"value": false, "score": 2.980232238769531e-07}}, "documentContextAttributes": {"used": {"value": true, "score": 0.9999646544456482}, "created": {"value": true, "score": 0.971696674823761}, "shared": {"value": false, "score": 9.834766387939453e-06}}}, {"type": "software", "software-type": "software", "software-name": {"rawForm": "DfAnalyzer", "normalizedForm": "DfAnalyzer", "offsetStart": 0, "offsetEnd": 10}, "context": "DfAnalyzer has a component-based architecture [6], which allows registering plug-ins for raw data extraction and indexing. ", "mentionContextAttributes": {"used": {"value": false, "score": 2.9981136322021484e-05}, "created": {"value": false, "score": 0.03514242172241211}, "shared": {"value": false, "score": 2.980232238769531e-07}}, "documentContextAttributes": {"used": {"value": true, "score": 0.9999646544456482}, "created": {"value": true, "score": 0.971696674823761}, "shared": {"value": false, "score": 9.834766387939453e-06}}}, {"type": "software", "software-type": "software", "software-name": {"rawForm": "DfAnalyzer", "normalizedForm": "DfAnalyzer", "offsetStart": 0, "offsetEnd": 10}, "context": "DfAnalyzer has two components for raw data extraction and indexing, and a RESTful web application that receives different kinds of HTTP requests from CSE applications or web browsers. ", "mentionContextAttributes": {"used": {"value": false, "score": 4.4286251068115234e-05}, "created": {"value": false, "score": 0.00037294626235961914}, "shared": {"value": false, "score": 2.9206275939941406e-06}}, "documentContextAttributes": {"used": {"value": true, "score": 0.9999646544456482}, "created": {"value": true, "score": 0.971696674823761}, "shared": {"value": false, "score": 9.834766387939453e-06}}}, {"type": "software", "software-type": "software", "software-name": {"rawForm": "DfAnalyzer", "normalizedForm": "DfAnalyzer", "offsetStart": 0, "offsetEnd": 10}, "context": "DfAnalyzer implements plug-ins on the RDE and RDI components for raw data extraction and indexing, respectively. ", "mentionContextAttributes": {"used": {"value": false, "score": 6.395578384399414e-05}, "created": {"value": false, "score": 0.006687581539154053}, "shared": {"value": false, "score": 1.7881393432617188e-07}}, "documentContextAttributes": {"used": {"value": true, "score": 0.9999646544456482}, "created": {"value": true, "score": 0.971696674823761}, "shared": {"value": false, "score": 9.834766387939453e-06}}}, {"type": "software", "software-type": "software", "software-name": {"rawForm": "DfAnalyzer", "normalizedForm": "DfAnalyzer", "offsetStart": 0, "offsetEnd": 10}, "context": "DfAnalyzer gathered QoI (residual norms, number of linear and nonlinear iterations); extracted data in memory using ParaView Catalyst, such as velocity, pressure and sediment concentration; gathered provenance data; and relating these simulation data from different files in its database. ", "mentionContextAttributes": {"used": {"value": true, "score": 0.9999646544456482}, "created": {"value": false, "score": 3.635883331298828e-06}, "shared": {"value": false, "score": 1.7881393432617188e-07}}, "documentContextAttributes": {"used": {"value": true, "score": 0.9999646544456482}, "created": {"value": true, "score": 0.971696674823761}, "shared": {"value": false, "score": 9.834766387939453e-06}}}, {"type": "software", "software-type": "software", "software-name": {"rawForm": "DfAnalyzer", "normalizedForm": "DfAnalyzer", "offsetStart": 0, "offsetEnd": 10}, "context": "DfAnalyzer models CSE applications as activities and dataflows represented as provenance data in the W3C standard. ", "mentionContextAttributes": {"used": {"value": false, "score": 3.55839729309082e-05}, "created": {"value": false, "score": 2.5570392608642578e-05}, "shared": {"value": false, "score": 1.7881393432617188e-07}}, "documentContextAttributes": {"used": {"value": true, "score": 0.9999646544456482}, "created": {"value": true, "score": 0.971696674823761}, "shared": {"value": false, "score": 9.834766387939453e-06}}}, {"type": "software", "software-type": "software", "software-name": {"rawForm": "DfAnalyzer", "normalizedForm": "DfAnalyzer", "offsetStart": 0, "offsetEnd": 10}, "context": "DfAnalyzer contributes to improve developing software for CSE applications because the developer does not have to write logging code for each data analysis. ", "mentionContextAttributes": {"used": {"value": false, "score": 3.904104232788086e-05}, "created": {"value": false, "score": 0.004626452922821045}, "shared": {"value": false, "score": 1.7285346984863281e-06}}, "documentContextAttributes": {"used": {"value": true, "score": 0.9999646544456482}, "created": {"value": true, "score": 0.971696674823761}, "shared": {"value": false, "score": 9.834766387939453e-06}}}, {"type": "software", "software-type": "software", "software-name": {"rawForm": "DfAnalyzer", "normalizedForm": "DfAnalyzer", "offsetStart": 3, "offsetEnd": 13}, "context": "In DfAnalyzer, this execution overhead depends on the data identified in the simulation code that needs to be tracked. ", "mentionContextAttributes": {"used": {"value": false, "score": 0.0006822943687438965}, "created": {"value": false, "score": 4.4405460357666016e-05}, "shared": {"value": false, "score": 1.7881393432617188e-07}}, "documentContextAttributes": {"used": {"value": true, "score": 0.9999646544456482}, "created": {"value": true, "score": 0.971696674823761}, "shared": {"value": false, "score": 9.834766387939453e-06}}}, {"type": "software", "software-type": "software", "software-name": {"rawForm": "DfAlib", "normalizedForm": "DfAlib", "offsetStart": 4, "offsetEnd": 10}, "context": "The DfAlib can complement data systems in other layers like IO libraries, burst buffers and visualization tools.", "mentionContextAttributes": {"used": {"value": false, "score": 3.129243850708008e-05}, "created": {"value": false, "score": 0.00018167495727539062}, "shared": {"value": false, "score": 4.172325134277344e-07}}, "documentContextAttributes": {"used": {"value": false, "score": 3.129243850708008e-05}, "created": {"value": false, "score": 0.00018167495727539062}, "shared": {"value": false, "score": 4.172325134277344e-07}}}, {"type": "software", "software-type": "software", "software-name": {"rawForm": "DfA-lib", "normalizedForm": "DfA-lib", "offsetStart": 4, "offsetEnd": 11}, "context": "The DfA-lib calls (input, output, task, and extracted data) register, as a dataflow, mesh information, variational model, solver parameters (as solver tolerances, number of iterations and residual norms) and visualization. ", "mentionContextAttributes": {"used": {"value": false, "score": 0.0007002353668212891}, "created": {"value": false, "score": 5.84721565246582e-05}, "shared": {"value": false, "score": 1.7881393432617188e-07}}, "documentContextAttributes": {"used": {"value": false, "score": 0.3676871061325073}, "created": {"value": false, "score": 0.0001404285430908203}, "shared": {"value": false, "score": 1.8477439880371094e-06}}}, {"type": "software", "software-type": "software", "software-name": {"rawForm": "DfAnalyzer", "normalizedForm": "DfAnalyzer", "offsetStart": 4, "offsetEnd": 14}, "context": "The DfAnalyzer architecture has three layers (Figure 1):", "mentionContextAttributes": {"used": {"value": false, "score": 0.0012078285217285156}, "created": {"value": false, "score": 7.778406143188477e-05}, "shared": {"value": false, "score": 2.980232238769531e-07}}, "documentContextAttributes": {"used": {"value": true, "score": 0.9999646544456482}, "created": {"value": true, "score": 0.971696674823761}, "shared": {"value": false, "score": 9.834766387939453e-06}}}, {"type": "software", "software-type": "software", "software-name": {"rawForm": "DfAnalyzer", "normalizedForm": "DfAnalyzer", "offsetStart": 4, "offsetEnd": 14}, "context": "The DfAnalyzer approach defines a specific software layer for data analysis, in the same way visualization libraries provide specific components for visualization. ", "mentionContextAttributes": {"used": {"value": false, "score": 2.855062484741211e-05}, "created": {"value": false, "score": 0.0010194778442382812}, "shared": {"value": false, "score": 2.980232238769531e-07}}, "documentContextAttributes": {"used": {"value": true, "score": 0.9999646544456482}, "created": {"value": true, "score": 0.971696674823761}, "shared": {"value": false, "score": 9.834766387939453e-06}}}, {"type": "software", "software-type": "software", "software-name": {"rawForm": "DfAnalyzer", "normalizedForm": "DfAnalyzer", "offsetStart": 6, "offsetEnd": 16}, "context": "Then, DfAnalyzer library calls are inserted in the CSE application as input, output, task and output followed by an extracted data call. ", "mentionContextAttributes": {"used": {"value": true, "score": 0.7530943751335144}, "created": {"value": false, "score": 6.139278411865234e-06}, "shared": {"value": false, "score": 1.7881393432617188e-07}}, "documentContextAttributes": {"used": {"value": true, "score": 0.9999646544456482}, "created": {"value": true, "score": 0.971696674823761}, "shared": {"value": false, "score": 9.834766387939453e-06}}}, {"type": "software", "software-type": "software", "software-name": {"rawForm": "DfAnalyzer", "normalizedForm": "DfAnalyzer", "offsetStart": 7, "offsetEnd": 17}, "context": "Unlike DfAnalyzer, they all fail at either preserving the autonomy of the CSE execution control code or competing with resources allocated for running the CSE applications. ", "mentionContextAttributes": {"used": {"value": false, "score": 0.007528364658355713}, "created": {"value": false, "score": 2.4020671844482422e-05}, "shared": {"value": false, "score": 1.7881393432617188e-07}}, "documentContextAttributes": {"used": {"value": true, "score": 0.9999646544456482}, "created": {"value": true, "score": 0.971696674823761}, "shared": {"value": false, "score": 9.834766387939453e-06}}}, {"type": "software", "software-type": "software", "software-name": {"rawForm": "DfAnalyzer", "normalizedForm": "DfAnalyzer", "offsetStart": 8, "offsetEnd": 18}, "context": "In [7], DfAnalyzer is used in a real CSE application, built with libMesh, for the finite element parallel adaptive mesh refinement/coarsening simulation of turbidity currents. ", "mentionContextAttributes": {"used": {"value": false, "score": 0.0006518959999084473}, "created": {"value": false, "score": 0.0003662705421447754}, "shared": {"value": false, "score": 1.7881393432617188e-07}}, "documentContextAttributes": {"used": {"value": true, "score": 0.9999646544456482}, "created": {"value": true, "score": 0.971696674823761}, "shared": {"value": false, "score": 9.834766387939453e-06}}}, {"type": "software", "software-type": "software", "wikidataId": "Q5425403", "wikipediaExternalRef": 18098286, "lang": "en", "confidence": 0.7379, "software-name": {"rawForm": "FEniCS", "normalizedForm": "FEniCS", "wikidataId": "Q5425403", "wikipediaExternalRef": 18098286, "lang": "en", "confidence": 0.7379, "offsetStart": 9, "offsetEnd": 15}, "context": "libMesh, FEniCS, and ParaView are softwares considered in the IDEAS project. ", "mentionContextAttributes": {"used": {"value": false, "score": 0.0005258917808532715}, "created": {"value": false, "score": 0.0023787617683410645}, "shared": {"value": false, "score": 1.6093254089355469e-06}}, "documentContextAttributes": {"used": {"value": false, "score": 0.19059664011001587}, "created": {"value": false, "score": 0.0023787617683410645}, "shared": {"value": false, "score": 1.6093254089355469e-06}}}, {"type": "software", "software-type": "software", "software-name": {"rawForm": "DfAnalyzer", "normalizedForm": "DfAnalyzer", "offsetStart": 11, "offsetEnd": 21}, "context": "When using DfAnalyzer with several real CSE applications in large scale, the added overhead has been always below 1% [7,20,21]. ", "mentionContextAttributes": {"used": {"value": true, "score": 0.8190866112709045}, "created": {"value": false, "score": 7.569789886474609e-06}, "shared": {"value": false, "score": 1.7881393432617188e-07}}, "documentContextAttributes": {"used": {"value": true, "score": 0.9999646544456482}, "created": {"value": true, "score": 0.971696674823761}, "shared": {"value": false, "score": 9.834766387939453e-06}}}, {"type": "software", "software-type": "software", "software-name": {"rawForm": "DfAnalyzer", "normalizedForm": "DfAnalyzer", "offsetStart": 14, "offsetEnd": 24}, "context": "Consequently, DfAnalyzer provides a provenance database enriched with quantities of interest (i.e., domain data) in CSE applications that can be queried at runtime and offline.", "mentionContextAttributes": {"used": {"value": false, "score": 5.799531936645508e-05}, "created": {"value": false, "score": 8.147954940795898e-05}, "shared": {"value": false, "score": 6.556510925292969e-07}}, "documentContextAttributes": {"used": {"value": true, "score": 0.9999646544456482}, "created": {"value": true, "score": 0.971696674823761}, "shared": {"value": false, "score": 9.834766387939453e-06}}}, {"type": "software", "software-type": "software", "software-name": {"rawForm": "FastBit", "normalizedForm": "FastBit", "offsetStart": 16, "offsetEnd": 28}, "context": "Approaches like FastBit [16] and PostgresRaw [17] are helpful for accessing and extracting raw data from heterogeneous files, but they operate in post-processing mode and thus are not aware of the implicit dataflow between raw data files, being complementary to DfAnalyzer. ", "mentionContextAttributes": {"used": {"value": false, "score": 6.014108657836914e-05}, "created": {"value": false, "score": 2.2709369659423828e-05}, "shared": {"value": false, "score": 5.364418029785156e-07}}, "documentContextAttributes": {"used": {"value": false, "score": 6.014108657836914e-05}, "created": {"value": false, "score": 2.2709369659423828e-05}, "shared": {"value": false, "score": 5.364418029785156e-07}}}, {"type": "software", "software-type": "software", "software-name": {"rawForm": "PROGRAM", "normalizedForm": "PROGRAM", "offsetStart": 17, "offsetEnd": 24}, "context": "RDE presents the PROGRAM plug-in that accesses the relevant contents of raw data files by invoking ad-hoc programs developed by the user, while the CSV plug-in extracts data from CSV files.", "mentionContextAttributes": {"used": {"value": false, "score": 0.0006917119026184082}, "created": {"value": false, "score": 0.0007863640785217285}, "shared": {"value": false, "score": 4.172325134277344e-07}}, "documentContextAttributes": {"used": {"value": false, "score": 0.0006917119026184082}, "created": {"value": false, "score": 0.0007863640785217285}, "shared": {"value": false, "score": 4.172325134277344e-07}}}, {"type": "software", "software-type": "software", "software-name": {"rawForm": "DfAnalyzer", "normalizedForm": "DfAnalyzer", "offsetStart": 19, "offsetEnd": 29}, "context": "This query runs on DfAnalyzer's database system (currently MonetDB), accessing when necessary, the file contents.", "mentionContextAttributes": {"used": {"value": false, "score": 0.07361048460006714}, "created": {"value": false, "score": 6.586313247680664e-05}, "shared": {"value": false, "score": 2.086162567138672e-06}}, "documentContextAttributes": {"used": {"value": true, "score": 0.9999646544456482}, "created": {"value": true, "score": 0.971696674823761}, "shared": {"value": false, "score": 9.834766387939453e-06}}}, {"type": "software", "software-type": "software", "wikidataId": "Q474635", "wikipediaExternalRef": 9057232, "lang": "en", "confidence": 0.9124, "software-name": {"rawForm": "ParaView", "normalizedForm": "ParaView", "wikidataId": "Q474635", "wikipediaExternalRef": 9057232, "lang": "en", "confidence": 0.9124, "offsetStart": 21, "offsetEnd": 29}, "context": "libMesh, FEniCS, and ParaView are softwares considered in the IDEAS project. ", "mentionContextAttributes": {"used": {"value": false, "score": 0.0005258917808532715}, "created": {"value": false, "score": 0.0023787617683410645}, "shared": {"value": false, "score": 1.6093254089355469e-06}}, "documentContextAttributes": {"used": {"value": false, "score": 0.0005258917808532715}, "created": {"value": false, "score": 0.0023787617683410645}, "shared": {"value": false, "score": 1.6093254089355469e-06}}}, {"type": "software", "software-type": "software", "software-name": {"rawForm": "DfAnalyzer", "normalizedForm": "DfAnalyzer", "offsetStart": 25, "offsetEnd": 35}, "context": "The main contribution of DfAnalyzer is to provide dataflow extraction [6], with negligible overhead, as an integrated view of QoI with generation traces based on the W3C PROV standard provenance data representation. ", "mentionContextAttributes": {"used": {"value": false, "score": 7.75456428527832e-05}, "created": {"value": false, "score": 0.0002561807632446289}, "shared": {"value": false, "score": 1.7881393432617188e-07}}, "documentContextAttributes": {"used": {"value": true, "score": 0.9999646544456482}, "created": {"value": true, "score": 0.971696674823761}, "shared": {"value": false, "score": 9.834766387939453e-06}}}, {"type": "software", "software-type": "software", "software-name": {"rawForm": "DfAnalyzer", "normalizedForm": "DfAnalyzer", "offsetStart": 25, "offsetEnd": 35}, "context": "Without the dataflows of DfAnalyzer, they would need to find and parse the related files to extract, relate and analyze raw data, possibly after a failed execution, wasting valuable HPC resources. ", "mentionContextAttributes": {"used": {"value": true, "score": 0.8652961254119873}, "created": {"value": false, "score": 6.502866744995117e-05}, "shared": {"value": false, "score": 2.980232238769531e-07}}, "documentContextAttributes": {"used": {"value": true, "score": 0.9999646544456482}, "created": {"value": true, "score": 0.971696674823761}, "shared": {"value": false, "score": 9.834766387939453e-06}}}, {"type": "software", "software-type": "software", "software-name": {"rawForm": "DfAnalyzer", "normalizedForm": "DfAnalyzer", "offsetStart": 27, "offsetEnd": 37}, "context": "User steering actions with DfAnalyzer are discussed in [7] with a fluid dynamics application built with libMesh [8], in a Python script [9] with FEnICS [10], and in [3] with Spark in a simple business application.", "mentionContextAttributes": {"used": {"value": false, "score": 0.0045397281646728516}, "created": {"value": false, "score": 1.2934207916259766e-05}, "shared": {"value": false, "score": 1.7881393432617188e-07}}, "documentContextAttributes": {"used": {"value": true, "score": 0.9999646544456482}, "created": {"value": true, "score": 0.971696674823761}, "shared": {"value": false, "score": 9.834766387939453e-06}}}, {"type": "software", "software-type": "software", "software-name": {"rawForm": "Extreme-scale Application Software (IDEAS", "normalizedForm": "Extreme-scale Application Software (IDEAS", "offsetStart": 28, "offsetEnd": 69}, "context": "The Interoperable Design of Extreme-scale Application Software (IDEAS) [22] is a family of projects, involving several institutions in the USA, concerned with the complexity of developing software for CSE applications. ", "mentionContextAttributes": {"used": {"value": false, "score": 0.00028145313262939453}, "created": {"value": false, "score": 0.12851428985595703}, "shared": {"value": false, "score": 1.2516975402832031e-06}}, "documentContextAttributes": {"used": {"value": false, "score": 0.00028145313262939453}, "created": {"value": false, "score": 0.12851428985595703}, "shared": {"value": false, "score": 1.2516975402832031e-06}}, "references": [{"label": "[22]", "normalizedForm": "[22]", "refKey": 22, "offsetStart": 17909, "offsetEnd": 17913}]}, {"type": "software", "software-type": "software", "wikidataId": "Q5425403", "wikipediaExternalRef": 18098286, "lang": "en", "confidence": 0.8889, "software-name": {"rawForm": "FEniCS", "normalizedForm": "FEniCS", "wikidataId": "Q5425403", "wikipediaExternalRef": 18098286, "lang": "en", "confidence": 0.8889, "offsetStart": 33, "offsetEnd": 39}, "context": "Figure 3 shows a fragment of the FEniCS Python code for solving the Cahn-Hilliard equation, a mathematical model from material science.", "mentionContextAttributes": {"used": {"value": false, "score": 0.06330358982086182}, "created": {"value": false, "score": 0.00014591217041015625}, "shared": {"value": false, "score": 1.7881393432617188e-07}}, "documentContextAttributes": {"used": {"value": false, "score": 0.19059664011001587}, "created": {"value": false, "score": 0.0023787617683410645}, "shared": {"value": false, "score": 1.6093254089355469e-06}}}, {"type": "software", "software-type": "software", "software-name": {"rawForm": "DfA-lib", "normalizedForm": "DfA-lib", "offsetStart": 33, "offsetEnd": 40}, "context": "As the CSE application executes, DfA-lib extracts raw data and captures provenance data, at key points of the application, to map the dataflows. ", "mentionContextAttributes": {"used": {"value": false, "score": 0.003613889217376709}, "created": {"value": false, "score": 0.0001404285430908203}, "shared": {"value": false, "score": 2.980232238769531e-07}}, "documentContextAttributes": {"used": {"value": false, "score": 0.3676871061325073}, "created": {"value": false, "score": 0.0001404285430908203}, "shared": {"value": false, "score": 1.8477439880371094e-06}}}, {"type": "software", "software-type": "software", "software-name": {"rawForm": "DfAnalyzer", "normalizedForm": "DfAnalyzer", "offsetStart": 33, "offsetEnd": 43}, "context": "Our GitLab repository1 documents DfAnalyzer's components, shows DfA-lib installation steps and provides a Docker image with these two CSE examples2 presented in this section.", "mentionContextAttributes": {"used": {"value": false, "score": 0.30909043550491333}, "created": {"value": false, "score": 0.011134743690490723}, "shared": {"value": false, "score": 2.980232238769531e-07}}, "documentContextAttributes": {"used": {"value": true, "score": 0.9999646544456482}, "created": {"value": true, "score": 0.971696674823761}, "shared": {"value": false, "score": 9.834766387939453e-06}}}, {"type": "software", "software-type": "software", "software-name": {"rawForm": "PostgresRaw", "normalizedForm": "PostgresRaw", "offsetStart": 33, "offsetEnd": 49}, "context": "Approaches like FastBit [16] and PostgresRaw [17] are helpful for accessing and extracting raw data from heterogeneous files, but they operate in post-processing mode and thus are not aware of the implicit dataflow between raw data files, being complementary to DfAnalyzer. ", "mentionContextAttributes": {"used": {"value": false, "score": 6.014108657836914e-05}, "created": {"value": false, "score": 2.2709369659423828e-05}, "shared": {"value": false, "score": 5.364418029785156e-07}}, "documentContextAttributes": {"used": {"value": false, "score": 6.014108657836914e-05}, "created": {"value": false, "score": 2.2709369659423828e-05}, "shared": {"value": false, "score": 5.364418029785156e-07}}}, {"type": "software", "software-type": "software", "software-name": {"rawForm": "DfAnalyzer", "normalizedForm": "DfAnalyzer", "offsetStart": 34, "offsetEnd": 44}, "context": "DfA-lib is the library invoked by DfAnalyzer calls. ", "mentionContextAttributes": {"used": {"value": false, "score": 0.17845392227172852}, "created": {"value": false, "score": 4.869699478149414e-05}, "shared": {"value": false, "score": 2.980232238769531e-07}}, "documentContextAttributes": {"used": {"value": true, "score": 0.9999646544456482}, "created": {"value": true, "score": 0.971696674823761}, "shared": {"value": false, "score": 9.834766387939453e-06}}}, {"type": "software", "software-type": "software", "software-name": {"rawForm": "DfAnalyzer", "normalizedForm": "DfAnalyzer", "offsetStart": 37, "offsetEnd": 47}, "context": "This is the most similar approach to DfAnalyzer, with solutions like Spade [14] and ADIOS [15]. ", "mentionContextAttributes": {"used": {"value": false, "score": 5.40614128112793e-05}, "created": {"value": false, "score": 9.924173355102539e-05}, "shared": {"value": false, "score": 1.7881393432617188e-07}}, "documentContextAttributes": {"used": {"value": true, "score": 0.9999646544456482}, "created": {"value": true, "score": 0.971696674823761}, "shared": {"value": false, "score": 9.834766387939453e-06}}}, {"type": "software", "software-type": "software", "software-name": {"rawForm": "noWorkflow", "normalizedForm": "noWorkflow", "offsetStart": 40, "offsetEnd": 55}, "context": "Provenance data management systems like noWorkflow [12] and PROV-Template [13] do preserve the autonomy of CSE execution control, but they compete with computing resources, thus producing a high overhead and do not run in HPC. ", "mentionContextAttributes": {"used": {"value": false, "score": 0.00022721290588378906}, "created": {"value": false, "score": 2.8908252716064453e-05}, "shared": {"value": false, "score": 4.172325134277344e-07}}, "documentContextAttributes": {"used": {"value": false, "score": 0.00022721290588378906}, "created": {"value": false, "score": 2.8908252716064453e-05}, "shared": {"value": false, "score": 4.172325134277344e-07}}}, {"type": "software", "software-type": "software", "software-name": {"rawForm": "Query Dashboard", "normalizedForm": "Query Dashboard", "offsetStart": 46, "offsetEnd": 61}, "context": "QI translates query requests generated by the Query Dashboard, according to the user interactions, to a database query specification. ", "mentionContextAttributes": {"used": {"value": false, "score": 0.0006909966468811035}, "created": {"value": false, "score": 0.00017070770263671875}, "shared": {"value": false, "score": 4.172325134277344e-07}}, "documentContextAttributes": {"used": {"value": false, "score": 0.0006909966468811035}, "created": {"value": false, "score": 0.00017070770263671875}, "shared": {"value": false, "score": 4.172325134277344e-07}}}, {"type": "software", "software-type": "software", "software-name": {"rawForm": "Dataflow Viewer", "normalizedForm": "Dataflow Viewer", "offsetStart": 50, "offsetEnd": 65}, "context": "The Data Analysis layer works as a dashboard with Dataflow Viewer (DfViewer) and Query Dashboard (QD). ", "mentionContextAttributes": {"used": {"value": false, "score": 0.011957705020904541}, "created": {"value": false, "score": 0.0003453493118286133}, "shared": {"value": false, "score": 2.980232238769531e-07}}, "documentContextAttributes": {"used": {"value": false, "score": 0.011957705020904541}, "created": {"value": false, "score": 0.0003453493118286133}, "shared": {"value": false, "score": 2.980232238769531e-07}}}, {"type": "software", "software-type": "software", "software-name": {"rawForm": "DfA-lib", "normalizedForm": "DfA-lib", "offsetStart": 53, "offsetEnd": 60}, "context": "The corresponding dataflow is extracted by inserting DfA-lib calls on the Python script, as shown in Figure 3(b).", "mentionContextAttributes": {"used": {"value": false, "score": 0.3676871061325073}, "created": {"value": false, "score": 1.6868114471435547e-05}, "shared": {"value": false, "score": 1.7881393432617188e-07}}, "documentContextAttributes": {"used": {"value": false, "score": 0.3676871061325073}, "created": {"value": false, "score": 0.0001404285430908203}, "shared": {"value": false, "score": 1.8477439880371094e-06}}}, {"type": "software", "software-type": "software", "wikidataId": "Q6898976", "wikipediaExternalRef": 1862647, "lang": "en", "confidence": 0.7587, "software-name": {"rawForm": "MonetDB", "normalizedForm": "MonetDB", "wikidataId": "Q6898976", "wikipediaExternalRef": 1862647, "lang": "en", "confidence": 0.7587, "offsetStart": 59, "offsetEnd": 66}, "context": "This query runs on DfAnalyzer's database system (currently MonetDB), accessing when necessary, the file contents.", "mentionContextAttributes": {"used": {"value": false, "score": 0.07361048460006714}, "created": {"value": false, "score": 6.586313247680664e-05}, "shared": {"value": false, "score": 2.086162567138672e-06}}, "documentContextAttributes": {"used": {"value": false, "score": 0.07361048460006714}, "created": {"value": false, "score": 6.586313247680664e-05}, "shared": {"value": false, "score": 2.086162567138672e-06}}}, {"type": "software", "software-type": "software", "software-name": {"rawForm": "PROV-Template", "normalizedForm": "PROV-Template", "offsetStart": 60, "offsetEnd": 78}, "context": "Provenance data management systems like noWorkflow [12] and PROV-Template [13] do preserve the autonomy of CSE execution control, but they compete with computing resources, thus producing a high overhead and do not run in HPC. ", "mentionContextAttributes": {"used": {"value": false, "score": 0.00022721290588378906}, "created": {"value": false, "score": 2.8908252716064453e-05}, "shared": {"value": false, "score": 4.172325134277344e-07}}, "documentContextAttributes": {"used": {"value": false, "score": 0.00022721290588378906}, "created": {"value": false, "score": 2.8908252716064453e-05}, "shared": {"value": false, "score": 4.172325134277344e-07}}}, {"type": "software", "software-type": "software", "software-name": {"rawForm": "libMesh", "normalizedForm": "libMesh", "offsetStart": 65, "offsetEnd": 72}, "context": "In [7], DfAnalyzer is used in a real CSE application, built with libMesh, for the finite element parallel adaptive mesh refinement/coarsening simulation of turbidity currents. ", "mentionContextAttributes": {"used": {"value": false, "score": 0.0006518959999084473}, "created": {"value": false, "score": 0.0003662705421447754}, "shared": {"value": false, "score": 1.7881393432617188e-07}}, "documentContextAttributes": {"used": {"value": false, "score": 0.19059646129608154}, "created": {"value": false, "score": 0.0023787617683410645}, "shared": {"value": false, "score": 1.6093254089355469e-06}}}, {"type": "software", "software-type": "software", "software-name": {"rawForm": "DfViewer", "normalizedForm": "DfViewer", "offsetStart": 67, "offsetEnd": 75}, "context": "The Data Analysis layer works as a dashboard with Dataflow Viewer (DfViewer) and Query Dashboard (QD). ", "mentionContextAttributes": {"used": {"value": false, "score": 0.011957705020904541}, "created": {"value": false, "score": 0.0003453493118286133}, "shared": {"value": false, "score": 2.980232238769531e-07}}, "documentContextAttributes": {"used": {"value": false, "score": 0.011957705020904541}, "created": {"value": false, "score": 0.08241313695907593}, "shared": {"value": false, "score": 4.172325134277344e-07}}}, {"type": "software", "software-type": "software", "software-name": {"rawForm": "Spade", "normalizedForm": "Spade", "offsetStart": 69, "offsetEnd": 79}, "context": "This is the most similar approach to DfAnalyzer, with solutions like Spade [14] and ADIOS [15]. ", "mentionContextAttributes": {"used": {"value": false, "score": 5.40614128112793e-05}, "created": {"value": false, "score": 9.924173355102539e-05}, "shared": {"value": false, "score": 1.7881393432617188e-07}}, "documentContextAttributes": {"used": {"value": false, "score": 5.40614128112793e-05}, "created": {"value": false, "score": 9.924173355102539e-05}, "shared": {"value": false, "score": 1.7881393432617188e-07}}}, {"type": "software", "software-type": "software", "software-name": {"rawForm": "DfA-lib", "normalizedForm": "DfA-lib", "offsetStart": 78, "offsetEnd": 85}, "context": "Encapsulating all data analysis support in one specific library/component, as DfA-lib, makes the application autonomous and data extraction for analyses can always be switched off. ", "mentionContextAttributes": {"used": {"value": false, "score": 0.0010831952095031738}, "created": {"value": false, "score": 0.00012373924255371094}, "shared": {"value": false, "score": 4.172325134277344e-07}}, "documentContextAttributes": {"used": {"value": false, "score": 0.3676871061325073}, "created": {"value": false, "score": 0.0001404285430908203}, "shared": {"value": false, "score": 1.8477439880371094e-06}}}, {"type": "software", "software-type": "implicit", "software-name": {"rawForm": "script", "normalizedForm": "script", "offsetStart": 81, "offsetEnd": 87}, "context": "The corresponding dataflow is extracted by inserting DfA-lib calls on the Python script, as shown in Figure 3(b).", "mentionContextAttributes": {"used": {"value": false, "score": 0.3676871061325073}, "created": {"value": false, "score": 1.6868114471435547e-05}, "shared": {"value": false, "score": 1.7881393432617188e-07}}, "documentContextAttributes": {"used": {"value": false, "score": 0.3676871061325073}, "created": {"value": false, "score": 1.6868114471435547e-05}, "shared": {"value": false, "score": 1.7881393432617188e-07}}}, {"type": "software", "software-type": "software", "software-name": {"rawForm": "Query Dashboard (QD)", "normalizedForm": "Query Dashboard (QD)", "offsetStart": 81, "offsetEnd": 101}, "context": "The Data Analysis layer works as a dashboard with Dataflow Viewer (DfViewer) and Query Dashboard (QD). ", "mentionContextAttributes": {"used": {"value": false, "score": 0.011957705020904541}, "created": {"value": false, "score": 0.0003453493118286133}, "shared": {"value": false, "score": 2.980232238769531e-07}}, "documentContextAttributes": {"used": {"value": false, "score": 0.011957705020904541}, "created": {"value": false, "score": 0.0003453493118286133}, "shared": {"value": false, "score": 2.980232238769531e-07}}}, {"type": "software", "software-type": "software", "software-name": {"rawForm": "DfAnalyzer", "normalizedForm": "DfAnalyzer", "offsetStart": 87, "offsetEnd": 97}, "context": "Offline operations correspond to the dataflow modeling steps based on the inclusion of DfAnalyzer library calls specifying points of provenance capture and raw data extraction/indexing in CSE applications. ", "mentionContextAttributes": {"used": {"value": false, "score": 0.3204742670059204}, "created": {"value": false, "score": 5.662441253662109e-06}, "shared": {"value": false, "score": 1.7881393432617188e-07}}, "documentContextAttributes": {"used": {"value": true, "score": 0.9999646544456482}, "created": {"value": true, "score": 0.971696674823761}, "shared": {"value": false, "score": 9.834766387939453e-06}}}, {"type": "software", "software-type": "implicit", "software-name": {"rawForm": "scripts", "normalizedForm": "scripts", "offsetStart": 89, "offsetEnd": 96}, "context": "The software ecosystem for developing these applications involves much more than writing scripts or invoking a chain of legacy scientific codes. ", "mentionContextAttributes": {"used": {"value": false, "score": 5.513429641723633e-05}, "created": {"value": false, "score": 0.03809022903442383}, "shared": {"value": false, "score": 7.748603820800781e-07}}, "documentContextAttributes": {"used": {"value": false, "score": 5.513429641723633e-05}, "created": {"value": false, "score": 0.03809022903442383}, "shared": {"value": false, "score": 7.748603820800781e-07}}}, {"type": "software", "software-type": "software", "software-name": {"rawForm": "libMesh", "normalizedForm": "libMesh", "offsetStart": 104, "offsetEnd": 114}, "context": "User steering actions with DfAnalyzer are discussed in [7] with a fluid dynamics application built with libMesh [8], in a Python script [9] with FEnICS [10], and in [3] with Spark in a simple business application.", "mentionContextAttributes": {"used": {"value": false, "score": 0.0045397281646728516}, "created": {"value": false, "score": 1.2934207916259766e-05}, "shared": {"value": false, "score": 1.7881393432617188e-07}}, "documentContextAttributes": {"used": {"value": false, "score": 0.19059646129608154}, "created": {"value": false, "score": 0.0023787617683410645}, "shared": {"value": false, "score": 1.6093254089355469e-06}}}, {"type": "software", "software-type": "software", "software-name": {"rawForm": "ParaView Catalyst", "normalizedForm": "ParaView Catalyst", "offsetStart": 116, "offsetEnd": 133}, "context": "DfAnalyzer gathered QoI (residual norms, number of linear and nonlinear iterations); extracted data in memory using ParaView Catalyst, such as velocity, pressure and sediment concentration; gathered provenance data; and relating these simulation data from different files in its database. ", "mentionContextAttributes": {"used": {"value": true, "score": 0.9999646544456482}, "created": {"value": false, "score": 3.635883331298828e-06}, "shared": {"value": false, "score": 1.7881393432617188e-07}}, "documentContextAttributes": {"used": {"value": true, "score": 0.9999646544456482}, "created": {"value": false, "score": 1.0609626770019531e-05}, "shared": {"value": false, "score": 8.344650268554688e-07}}}, {"type": "software", "software-type": "software", "software-name": {"rawForm": "DfAnalyzer", "normalizedForm": "DfAnalyzer", "offsetStart": 118, "offsetEnd": 128}, "context": "DfA-lib calls, inside the CSE application code, send HTTP requests to the Service Controller with a POST method using DfAnalyzer's RESTful web application. ", "mentionContextAttributes": {"used": {"value": false, "score": 0.04746413230895996}, "created": {"value": false, "score": 1.3887882232666016e-05}, "shared": {"value": false, "score": 1.8477439880371094e-06}}, "documentContextAttributes": {"used": {"value": true, "score": 0.9999646544456482}, "created": {"value": true, "score": 0.971696674823761}, "shared": {"value": false, "score": 9.834766387939453e-06}}}, {"type": "software", "software-type": "implicit", "software-name": {"rawForm": "script", "normalizedForm": "script", "offsetStart": 129, "offsetEnd": 139}, "context": "User steering actions with DfAnalyzer are discussed in [7] with a fluid dynamics application built with libMesh [8], in a Python script [9] with FEnICS [10], and in [3] with Spark in a simple business application.", "mentionContextAttributes": {"used": {"value": false, "score": 0.0045397281646728516}, "created": {"value": false, "score": 1.2934207916259766e-05}, "shared": {"value": false, "score": 1.7881393432617188e-07}}, "documentContextAttributes": {"used": {"value": false, "score": 0.3676871061325073}, "created": {"value": false, "score": 1.6868114471435547e-05}, "shared": {"value": false, "score": 1.7881393432617188e-07}}}, {"type": "software", "software-type": "software", "software-name": {"rawForm": "DfAnalyzer", "normalizedForm": "DfAnalyzer", "offsetStart": 134, "offsetEnd": 144}, "context": "Meanwhile, online operations are associated to the provenance capture, raw data extraction/indexing, and query processing executed by DfAnalyzer's components at runtime.", "mentionContextAttributes": {"used": {"value": false, "score": 0.18320298194885254}, "created": {"value": false, "score": 0.0001614093780517578}, "shared": {"value": false, "score": 1.7881393432617188e-07}}, "documentContextAttributes": {"used": {"value": true, "score": 0.9999646544456482}, "created": {"value": true, "score": 0.971696674823761}, "shared": {"value": false, "score": 9.834766387939453e-06}}}, {"type": "software", "software-type": "software", "software-name": {"rawForm": "libMesh", "normalizedForm": "libMesh", "offsetStart": 141, "offsetEnd": 148}, "context": "For example, components are invoked to provide: (i) support for Partial Differential Equation (PDE) discretization methods in libraries like libMesh, FEniCS, MOOSE, deal.II, GREENS, OpenFOAM; (ii) algorithms for solving numerical problems with parallel computations, in libraries like PETSc, LAPACK, SLEPc; (iii) runtime visualization, like ParaView Catalyst, VisIt, SENSEI; (iv) parallel graph partitioning, like ParMetis, Scotch; and (v) I/O data management like ADIOS.", "mentionContextAttributes": {"used": {"value": false, "score": 0.19059646129608154}, "created": {"value": false, "score": 1.0669231414794922e-05}, "shared": {"value": false, "score": 8.940696716308594e-07}}, "documentContextAttributes": {"used": {"value": false, "score": 0.19059646129608154}, "created": {"value": false, "score": 0.0023787617683410645}, "shared": {"value": false, "score": 1.6093254089355469e-06}}}, {"type": "software", "software-type": "software", "software-name": {"rawForm": "FEnICS", "normalizedForm": "FEnICS", "offsetStart": 145, "offsetEnd": 155}, "context": "User steering actions with DfAnalyzer are discussed in [7] with a fluid dynamics application built with libMesh [8], in a Python script [9] with FEnICS [10], and in [3] with Spark in a simple business application.", "mentionContextAttributes": {"used": {"value": false, "score": 0.0045397281646728516}, "created": {"value": false, "score": 1.2934207916259766e-05}, "shared": {"value": false, "score": 1.7881393432617188e-07}}, "documentContextAttributes": {"used": {"value": false, "score": 0.0045397281646728516}, "created": {"value": false, "score": 1.2934207916259766e-05}, "shared": {"value": false, "score": 1.7881393432617188e-07}}, "references": [{"label": "[3]", "normalizedForm": "[3]", "refKey": 3, "offsetStart": 5366, "offsetEnd": 5369}]}, {"type": "software", "software-type": "software", "software-name": {"rawForm": "DfAnalyzer", "normalizedForm": "DfAnalyzer", "offsetStart": 145, "offsetEnd": 155}, "context": "Furthermore, HTTP requests trigger RESTful services for capturing provenance data and running queries, which involve the following components of DfAnalyzer: DfViewer, QD, PDE, and QI. Figure 2 presents an overview of this design and the following subsections describe the implementation of each component.", "mentionContextAttributes": {"used": {"value": false, "score": 0.0013155937194824219}, "created": {"value": false, "score": 9.816884994506836e-05}, "shared": {"value": false, "score": 4.172325134277344e-07}}, "documentContextAttributes": {"used": {"value": true, "score": 0.9999646544456482}, "created": {"value": true, "score": 0.971696674823761}, "shared": {"value": false, "score": 9.834766387939453e-06}}}, {"type": "software", "software-type": "software", "wikidataId": "Q5425403", "wikipediaExternalRef": 18098286, "lang": "en", "confidence": 0.8889, "software-name": {"rawForm": "FEniCS", "normalizedForm": "FEniCS", "wikidataId": "Q5425403", "wikipediaExternalRef": 18098286, "lang": "en", "confidence": 0.8889, "offsetStart": 150, "offsetEnd": 156}, "context": "For example, components are invoked to provide: (i) support for Partial Differential Equation (PDE) discretization methods in libraries like libMesh, FEniCS, MOOSE, deal.II, GREENS, OpenFOAM; (ii) algorithms for solving numerical problems with parallel computations, in libraries like PETSc, LAPACK, SLEPc; (iii) runtime visualization, like ParaView Catalyst, VisIt, SENSEI; (iv) parallel graph partitioning, like ParMetis, Scotch; and (v) I/O data management like ADIOS.", "mentionContextAttributes": {"used": {"value": false, "score": 0.19059664011001587}, "created": {"value": false, "score": 1.0669231414794922e-05}, "shared": {"value": false, "score": 8.940696716308594e-07}}, "documentContextAttributes": {"used": {"value": false, "score": 0.19059664011001587}, "created": {"value": false, "score": 0.0023787617683410645}, "shared": {"value": false, "score": 1.6093254089355469e-06}}}, {"type": "software", "software-type": "software", "software-name": {"rawForm": "DfAnalyzer", "normalizedForm": "DfAnalyzer", "offsetStart": 153, "offsetEnd": 163}, "context": "In small scale use cases [3,9], that run for minutes in desktops, this overhead becomes <3%, since data is generated very fast and does not benefit from DfAnalyzer's asynchronous data extraction. ", "mentionContextAttributes": {"used": {"value": false, "score": 0.008649587631225586}, "created": {"value": false, "score": 1.1980533599853516e-05}, "shared": {"value": false, "score": 2.980232238769531e-07}}, "documentContextAttributes": {"used": {"value": true, "score": 0.9999646544456482}, "created": {"value": true, "score": 0.971696674823761}, "shared": {"value": false, "score": 9.834766387939453e-06}}}, {"type": "software", "software-type": "software", "software-name": {"rawForm": "DfViewer", "normalizedForm": "DfViewer", "offsetStart": 157, "offsetEnd": 165}, "context": "Furthermore, HTTP requests trigger RESTful services for capturing provenance data and running queries, which involve the following components of DfAnalyzer: DfViewer, QD, PDE, and QI. Figure 2 presents an overview of this design and the following subsections describe the implementation of each component.", "mentionContextAttributes": {"used": {"value": false, "score": 0.0013155937194824219}, "created": {"value": false, "score": 9.816884994506836e-05}, "shared": {"value": false, "score": 4.172325134277344e-07}}, "documentContextAttributes": {"used": {"value": false, "score": 0.011957705020904541}, "created": {"value": false, "score": 0.08241313695907593}, "shared": {"value": false, "score": 4.172325134277344e-07}}}, {"type": "software", "software-type": "software", "software-name": {"rawForm": "Spark", "normalizedForm": "Spark", "offsetStart": 174, "offsetEnd": 179}, "context": "User steering actions with DfAnalyzer are discussed in [7] with a fluid dynamics application built with libMesh [8], in a Python script [9] with FEnICS [10], and in [3] with Spark in a simple business application.", "mentionContextAttributes": {"used": {"value": false, "score": 0.0045397281646728516}, "created": {"value": false, "score": 1.2934207916259766e-05}, "shared": {"value": false, "score": 1.7881393432617188e-07}}, "documentContextAttributes": {"used": {"value": false, "score": 0.0045397281646728516}, "created": {"value": false, "score": 1.2934207916259766e-05}, "shared": {"value": false, "score": 1.7881393432617188e-07}}}, {"type": "software", "software-type": "software", "software-name": {"rawForm": "DfAnalyzer", "normalizedForm": "DfAnalyzer", "offsetStart": 174, "offsetEnd": 184}, "context": "PDE captures provenance and domain data, RDE invokes ad-hoc programs to extract raw data from files, and RDI applies indexing techniques to minimize the data loading cost in DfAnalyzer's database and improve the performance of query processing on scientific data. ", "mentionContextAttributes": {"used": {"value": false, "score": 0.0002551078796386719}, "created": {"value": false, "score": 0.00010293722152709961}, "shared": {"value": false, "score": 2.980232238769531e-07}}, "documentContextAttributes": {"used": {"value": true, "score": 0.9999646544456482}, "created": {"value": true, "score": 0.971696674823761}, "shared": {"value": false, "score": 9.834766387939453e-06}}}, {"type": "software", "software-type": "software", "wikidataId": "Q1972504", "wikipediaExternalRef": 13968939, "lang": "en", "confidence": 0.9154, "software-name": {"rawForm": "OpenFOAM", "normalizedForm": "OpenFOAM", "wikidataId": "Q1972504", "wikipediaExternalRef": 13968939, "lang": "en", "confidence": 0.9154, "offsetStart": 182, "offsetEnd": 190}, "context": "For example, components are invoked to provide: (i) support for Partial Differential Equation (PDE) discretization methods in libraries like libMesh, FEniCS, MOOSE, deal.II, GREENS, OpenFOAM; (ii) algorithms for solving numerical problems with parallel computations, in libraries like PETSc, LAPACK, SLEPc; (iii) runtime visualization, like ParaView Catalyst, VisIt, SENSEI; (iv) parallel graph partitioning, like ParMetis, Scotch; and (v) I/O data management like ADIOS.", "mentionContextAttributes": {"used": {"value": false, "score": 0.19059664011001587}, "created": {"value": false, "score": 1.0669231414794922e-05}, "shared": {"value": false, "score": 8.940696716308594e-07}}, "documentContextAttributes": {"used": {"value": false, "score": 0.19059664011001587}, "created": {"value": false, "score": 1.0669231414794922e-05}, "shared": {"value": false, "score": 8.940696716308594e-07}}}, {"type": "software", "software-type": "software", "software-name": {"rawForm": "DfAnalyzer", "normalizedForm": "DfAnalyzer", "offsetStart": 262, "offsetEnd": 272}, "context": "Approaches like FastBit [16] and PostgresRaw [17] are helpful for accessing and extracting raw data from heterogeneous files, but they operate in post-processing mode and thus are not aware of the implicit dataflow between raw data files, being complementary to DfAnalyzer. ", "mentionContextAttributes": {"used": {"value": false, "score": 6.008148193359375e-05}, "created": {"value": false, "score": 2.2649765014648438e-05}, "shared": {"value": false, "score": 4.76837158203125e-07}}, "documentContextAttributes": {"used": {"value": true, "score": 0.9999646544456482}, "created": {"value": true, "score": 0.971696674823761}, "shared": {"value": false, "score": 9.834766387939453e-06}}}, {"type": "software", "software-type": "software", "wikidataId": "Q4047262", "wikipediaExternalRef": 5161497, "lang": "en", "confidence": 0.913, "software-name": {"rawForm": "PETSc", "normalizedForm": "PETSc", "wikidataId": "Q4047262", "wikipediaExternalRef": 5161497, "lang": "en", "confidence": 0.913, "offsetStart": 285, "offsetEnd": 290}, "context": "For example, components are invoked to provide: (i) support for Partial Differential Equation (PDE) discretization methods in libraries like libMesh, FEniCS, MOOSE, deal.II, GREENS, OpenFOAM; (ii) algorithms for solving numerical problems with parallel computations, in libraries like PETSc, LAPACK, SLEPc; (iii) runtime visualization, like ParaView Catalyst, VisIt, SENSEI; (iv) parallel graph partitioning, like ParMetis, Scotch; and (v) I/O data management like ADIOS.", "mentionContextAttributes": {"used": {"value": false, "score": 0.19059664011001587}, "created": {"value": false, "score": 1.0609626770019531e-05}, "shared": {"value": false, "score": 8.344650268554688e-07}}, "documentContextAttributes": {"used": {"value": false, "score": 0.19059664011001587}, "created": {"value": false, "score": 1.0609626770019531e-05}, "shared": {"value": false, "score": 8.344650268554688e-07}}}, {"type": "software", "software-type": "software", "wikidataId": "Q642141", "wikipediaExternalRef": 1013768, "lang": "en", "confidence": 0.913, "software-name": {"rawForm": "LAPACK", "normalizedForm": "LAPACK", "wikidataId": "Q642141", "wikipediaExternalRef": 1013768, "lang": "en", "confidence": 0.913, "offsetStart": 292, "offsetEnd": 298}, "context": "For example, components are invoked to provide: (i) support for Partial Differential Equation (PDE) discretization methods in libraries like libMesh, FEniCS, MOOSE, deal.II, GREENS, OpenFOAM; (ii) algorithms for solving numerical problems with parallel computations, in libraries like PETSc, LAPACK, SLEPc; (iii) runtime visualization, like ParaView Catalyst, VisIt, SENSEI; (iv) parallel graph partitioning, like ParMetis, Scotch; and (v) I/O data management like ADIOS.", "mentionContextAttributes": {"used": {"value": false, "score": 0.19059664011001587}, "created": {"value": false, "score": 1.0609626770019531e-05}, "shared": {"value": false, "score": 8.344650268554688e-07}}, "documentContextAttributes": {"used": {"value": false, "score": 0.19059664011001587}, "created": {"value": false, "score": 1.0609626770019531e-05}, "shared": {"value": false, "score": 8.344650268554688e-07}}}, {"type": "software", "software-type": "software", "wikidataId": "Q7390944", "wikipediaExternalRef": 33237796, "lang": "en", "confidence": 0.9008, "software-name": {"rawForm": "SLEPc", "normalizedForm": "SLEPc", "wikidataId": "Q7390944", "wikipediaExternalRef": 33237796, "lang": "en", "confidence": 0.9008, "offsetStart": 300, "offsetEnd": 305}, "context": "For example, components are invoked to provide: (i) support for Partial Differential Equation (PDE) discretization methods in libraries like libMesh, FEniCS, MOOSE, deal.II, GREENS, OpenFOAM; (ii) algorithms for solving numerical problems with parallel computations, in libraries like PETSc, LAPACK, SLEPc; (iii) runtime visualization, like ParaView Catalyst, VisIt, SENSEI; (iv) parallel graph partitioning, like ParMetis, Scotch; and (v) I/O data management like ADIOS.", "mentionContextAttributes": {"used": {"value": false, "score": 0.19059664011001587}, "created": {"value": false, "score": 1.0609626770019531e-05}, "shared": {"value": false, "score": 8.344650268554688e-07}}, "documentContextAttributes": {"used": {"value": false, "score": 0.19059664011001587}, "created": {"value": false, "score": 1.0609626770019531e-05}, "shared": {"value": false, "score": 8.344650268554688e-07}}}, {"type": "software", "software-type": "software", "software-name": {"rawForm": "ParaView Catalyst", "normalizedForm": "ParaView Catalyst", "offsetStart": 341, "offsetEnd": 358}, "context": "For example, components are invoked to provide: (i) support for Partial Differential Equation (PDE) discretization methods in libraries like libMesh, FEniCS, MOOSE, deal.II, GREENS, OpenFOAM; (ii) algorithms for solving numerical problems with parallel computations, in libraries like PETSc, LAPACK, SLEPc; (iii) runtime visualization, like ParaView Catalyst, VisIt, SENSEI; (iv) parallel graph partitioning, like ParMetis, Scotch; and (v) I/O data management like ADIOS.", "mentionContextAttributes": {"used": {"value": false, "score": 0.19059664011001587}, "created": {"value": false, "score": 1.0609626770019531e-05}, "shared": {"value": false, "score": 8.344650268554688e-07}}, "documentContextAttributes": {"used": {"value": true, "score": 0.9999646544456482}, "created": {"value": false, "score": 1.0609626770019531e-05}, "shared": {"value": false, "score": 8.344650268554688e-07}}}, {"type": "software", "software-type": "software", "wikidataId": "Q7935326", "wikipediaExternalRef": 15981088, "lang": "en", "confidence": 0.9149, "software-name": {"rawForm": "VisIt", "normalizedForm": "VisIt", "wikidataId": "Q7935326", "wikipediaExternalRef": 15981088, "lang": "en", "confidence": 0.9149, "offsetStart": 360, "offsetEnd": 365}, "context": "For example, components are invoked to provide: (i) support for Partial Differential Equation (PDE) discretization methods in libraries like libMesh, FEniCS, MOOSE, deal.II, GREENS, OpenFOAM; (ii) algorithms for solving numerical problems with parallel computations, in libraries like PETSc, LAPACK, SLEPc; (iii) runtime visualization, like ParaView Catalyst, VisIt, SENSEI; (iv) parallel graph partitioning, like ParMetis, Scotch; and (v) I/O data management like ADIOS.", "mentionContextAttributes": {"used": {"value": false, "score": 0.19059664011001587}, "created": {"value": false, "score": 1.0609626770019531e-05}, "shared": {"value": false, "score": 8.344650268554688e-07}}, "documentContextAttributes": {"used": {"value": false, "score": 0.19059664011001587}, "created": {"value": false, "score": 1.0609626770019531e-05}, "shared": {"value": false, "score": 8.344650268554688e-07}}}, {"type": "software", "software-type": "software", "software-name": {"rawForm": "ParMetis", "normalizedForm": "ParMetis", "offsetStart": 414, "offsetEnd": 422}, "context": "For example, components are invoked to provide: (i) support for Partial Differential Equation (PDE) discretization methods in libraries like libMesh, FEniCS, MOOSE, deal.II, GREENS, OpenFOAM; (ii) algorithms for solving numerical problems with parallel computations, in libraries like PETSc, LAPACK, SLEPc; (iii) runtime visualization, like ParaView Catalyst, VisIt, SENSEI; (iv) parallel graph partitioning, like ParMetis, Scotch; and (v) I/O data management like ADIOS.", "mentionContextAttributes": {"used": {"value": false, "score": 0.190596342086792}, "created": {"value": false, "score": 1.0609626770019531e-05}, "shared": {"value": false, "score": 8.344650268554688e-07}}, "documentContextAttributes": {"used": {"value": false, "score": 0.190596342086792}, "created": {"value": false, "score": 1.0609626770019531e-05}, "shared": {"value": false, "score": 8.344650268554688e-07}}}], "references": [{"refKey": 22, "tei": "<biblStruct xml:id=\"b22\">\n\t<monogr>\n\t\t<title level=\"m\">IDEAS (Interoperable Design of Extreme-scale Application Software)</title>\n\t\t<imprint/>\n\t</monogr>\n</biblStruct>\n"}, {"refKey": 3, "tei": "<biblStruct xml:id=\"b3\">\n\t<analytic>\n\t\t<title level=\"a\" type=\"main\">Dfanalyzer</title>\n\t\t<author>\n\t\t\t<persName><forename type=\"first\">V\u00edtor</forename><surname>Silva</surname></persName>\n\t\t</author>\n\t\t<author>\n\t\t\t<persName><forename type=\"first\">Daniel</forename><surname>De Oliveira</surname></persName>\n\t\t</author>\n\t\t<author>\n\t\t\t<persName><forename type=\"first\">Patrick</forename><surname>Valduriez</surname></persName>\n\t\t</author>\n\t\t<author>\n\t\t\t<persName><forename type=\"first\">Marta</forename><surname>Mattoso</surname></persName>\n\t\t</author>\n\t\t<idno type=\"DOI\">10.14778/3229863.3236265</idno>\n\t</analytic>\n\t<monogr>\n\t\t<title level=\"j\">Proceedings of the VLDB Endowment</title>\n\t\t<title level=\"j\" type=\"abbrev\">Proc. VLDB Endow.</title>\n\t\t<idno type=\"ISSN\">2150-8097</idno>\n\t\t<imprint>\n\t\t\t<biblScope unit=\"volume\">11</biblScope>\n\t\t\t<biblScope unit=\"issue\">12</biblScope>\n\t\t\t<biblScope unit=\"page\" from=\"2082\" to=\"2085\" />\n\t\t\t<date type=\"published\" when=\"2018-08\">2018</date>\n\t\t\t<publisher>Association for Computing Machinery (ACM)</publisher>\n\t\t</imprint>\n\t</monogr>\n</biblStruct>\n"}], "runtime": 94861, "id": "450137b982f5944e8a7b9414ddb1db5b5ee85400", "metadata": {"id": "450137b982f5944e8a7b9414ddb1db5b5ee85400"}, "original_file_path": "../../datalake/Samuel/SOFTware-Sync/data/xml_not_sofctied/lirmm-02949807.grobid.tei.xml", "file_name": "lirmm-02949807.grobid.tei.xml"}