{"application": "software-mentions", "version": "0.8.0", "date": "2024-04-15T07:34+0000", "md5": "525CE770C561F287A6E3BC85B15C983E", "mentions": [{"type": "software", "software-type": "software", "software-name": {"rawForm": "SQL", "normalizedForm": "SQL", "offsetStart": 82, "offsetEnd": 85}, "context": "Though the body of a query can be written in a fairly expressive language such as SQL, we also have to handle, for instance, the very simple queries on spreadsheet files that only return tuples corresponding to lines in a table. ", "mentionContextAttributes": {"used": {"value": false, "score": 0.0001869797706604004}, "created": {"value": false, "score": 0.0007728338241577148}, "shared": {"value": false, "score": 1.6689300537109375e-06}}, "documentContextAttributes": {"used": {"value": false, "score": 0.0008005499839782715}, "created": {"value": false, "score": 0.0025777816772460938}, "shared": {"value": false, "score": 1.6689300537109375e-06}}}, {"type": "software", "software-type": "software", "software-name": {"rawForm": "SQL", "normalizedForm": "SQL", "offsetStart": 151, "offsetEnd": 154}, "context": "Finally, storage mappings from the saturated fact base to a relational database allow to select the part available for querying, while benefiting from SQL expressive power.", "mentionContextAttributes": {"used": {"value": false, "score": 0.00013625621795654297}, "created": {"value": false, "score": 4.5299530029296875e-05}, "shared": {"value": false, "score": 1.1920928955078125e-07}}, "documentContextAttributes": {"used": {"value": false, "score": 0.0008005499839782715}, "created": {"value": false, "score": 0.0025777816772460938}, "shared": {"value": false, "score": 1.6689300537109375e-06}}}, {"type": "software", "software-type": "software", "software-name": {"rawForm": "SQL", "normalizedForm": "SQL", "offsetStart": 323, "offsetEnd": 326}, "context": "In contrast, we follow here a materialization approach: the fact base is first materialized by triggering the mappings, then saturated by rule applications; we finally store the part of the saturated fact base that is relevant to an end-user as a relational database, in order to benefit from the whole expressive power of SQL.", "mentionContextAttributes": {"used": {"value": false, "score": 0.0008005499839782715}, "created": {"value": false, "score": 0.0025777816772460938}, "shared": {"value": false, "score": 5.960464477539062e-07}}, "documentContextAttributes": {"used": {"value": false, "score": 0.0008005499839782715}, "created": {"value": false, "score": 0.0025777816772460938}, "shared": {"value": false, "score": 1.6689300537109375e-06}}}], "references": [], "runtime": 85244, "id": "3ee725a16a685740dea44c31b76f22dae81dbb4f", "metadata": {"id": "3ee725a16a685740dea44c31b76f22dae81dbb4f"}, "original_file_path": "../../datalake/Samuel/SOFTware-Sync/data/xml_not_sofctied/log_xml/lirmm-03785968.grobid.tei.xml", "file_name": "lirmm-03785968.grobid.tei.xml"}