{"application": "software-mentions", "version": "0.8.0", "date": "2024-04-12T16:10+0000", "md5": "0728295C1185640BE2DFEAA70CF4542A", "mentions": [{"type": "software", "software-type": "software", "software-name": {"rawForm": "programac", "normalizedForm": "programac", "offsetStart": 78, "offsetEnd": 87}, "context": "No entanto, al\u00e9m de ser uma soluc \u00b8\u00e3o propriet\u00e1ria, \u00e9 restrita \u00e0 linguagem de programac \u00b8\u00e3o Python. ", "mentionContextAttributes": {"used": {"value": false, "score": 0.01098167896270752}, "created": {"value": false, "score": 1.0371208190917969e-05}, "shared": {"value": false, "score": 2.5033950805664062e-06}}, "documentContextAttributes": {"used": {"value": false, "score": 0.01098167896270752}, "created": {"value": false, "score": 1.0371208190917969e-05}, "shared": {"value": false, "score": 2.5033950805664062e-06}}}, {"type": "software", "software-type": "software", "software-name": {"rawForm": "Python", "normalizedForm": "Python", "offsetStart": 92, "offsetEnd": 98}, "context": "No entanto, al\u00e9m de ser uma soluc \u00b8\u00e3o propriet\u00e1ria, \u00e9 restrita \u00e0 linguagem de programac \u00b8\u00e3o Python. ", "mentionContextAttributes": {"used": {"value": false, "score": 0.01098167896270752}, "created": {"value": false, "score": 1.0371208190917969e-05}, "shared": {"value": false, "score": 2.5033950805664062e-06}}, "documentContextAttributes": {"used": {"value": false, "score": 0.01098167896270752}, "created": {"value": false, "score": 1.0371208190917969e-05}, "shared": {"value": false, "score": 2.5033950805664062e-06}}}], "references": [], "runtime": 42620, "id": "6c4663144c342967fa6e722ffecb4832240e97ca", "metadata": {"id": "6c4663144c342967fa6e722ffecb4832240e97ca"}, "original_file_path": "../../datalake/Samuel/SOFTware-Sync/data/xml_files/lirmm-02969506.grobid.tei.xml", "file_name": "lirmm-02969506.grobid.tei.xml"}