{"application": "software-mentions", "version": "0.8.0", "date": "2024-04-15T07:33+0000", "md5": "DFAB79C053DF2A6EED52421E4527BA7B", "mentions": [{"type": "software", "software-type": "software", "software-name": {"rawForm": "TwoStack", "normalizedForm": "TwoStack", "offsetStart": 0, "offsetEnd": 8}, "context": "TwoStack pushes pairs of a partial aggregation and a streaming value into a back stack and pops such pairs from a front stack. ", "mentionContextAttributes": {"used": {"value": false, "score": 0.0009565949440002441}, "created": {"value": false, "score": 6.973743438720703e-06}, "shared": {"value": false, "score": 4.172325134277344e-07}}, "documentContextAttributes": {"used": {"value": true, "score": 0.9962450265884399}, "created": {"value": false, "score": 0.0005013346672058105}, "shared": {"value": false, "score": 1.3709068298339844e-06}}}, {"type": "software", "software-type": "software", "software-name": {"rawForm": "TwoStack", "normalizedForm": "TwoStack", "offsetStart": 0, "offsetEnd": 8}, "context": "TwoStack requires moving all elements of one stack to another one periodically, and the corresponding cost is linearly increasing w.r.t to the window size.", "mentionContextAttributes": {"used": {"value": false, "score": 0.0004165768623352051}, "created": {"value": false, "score": 9.953975677490234e-06}, "shared": {"value": false, "score": 2.980232238769531e-07}}, "documentContextAttributes": {"used": {"value": true, "score": 0.9962450265884399}, "created": {"value": false, "score": 0.0005013346672058105}, "shared": {"value": false, "score": 1.3709068298339844e-06}}}, {"type": "software", "software-type": "software", "software-name": {"rawForm": "SlideSide", "normalizedForm": "SlideSide", "offsetStart": 0, "offsetEnd": 9}, "context": "SlideSide (Non-Inv) uses two stacks to ", "mentionContextAttributes": {"used": {"value": false, "score": 0.0013079643249511719}, "created": {"value": false, "score": 2.1398067474365234e-05}, "shared": {"value": false, "score": 5.364418029785156e-07}}, "documentContextAttributes": {"used": {"value": false, "score": 0.0107308030128479}, "created": {"value": false, "score": 0.0005013346672058105}, "shared": {"value": false, "score": 8.940696716308594e-07}}}, {"type": "software", "software-type": "software", "software-name": {"rawForm": "SlickDeque", "normalizedForm": "SlickDeque", "offsetStart": 0, "offsetEnd": 10}, "context": "SlickDeque (Non-Inv) uses a deque to store streaming values, and not every streaming value will be added into the deque. ", "mentionContextAttributes": {"used": {"value": false, "score": 0.000263214111328125}, "created": {"value": false, "score": 3.2007694244384766e-05}, "shared": {"value": false, "score": 6.556510925292969e-07}}, "documentContextAttributes": {"used": {"value": true, "score": 0.9962450265884399}, "created": {"value": false, "score": 0.0005013346672058105}, "shared": {"value": false, "score": 8.940696716308594e-07}}}, {"type": "software", "software-type": "software", "software-name": {"rawForm": "SlickDeque", "normalizedForm": "SlickDeque", "offsetStart": 0, "offsetEnd": 10}, "context": "SlickDeque shows the best performance in terms of throughput and latency [26] while TwoStack is slightly worse than SlickDeque but behaves better than the others [26,27,29].", "mentionContextAttributes": {"used": {"value": false, "score": 0.07518351078033447}, "created": {"value": false, "score": 8.64267349243164e-06}, "shared": {"value": false, "score": 2.980232238769531e-07}}, "documentContextAttributes": {"used": {"value": true, "score": 0.9962450265884399}, "created": {"value": false, "score": 0.0005013346672058105}, "shared": {"value": false, "score": 8.940696716308594e-07}}}, {"type": "software", "software-type": "software", "software-name": {"rawForm": "FlatFIT", "normalizedForm": "FlatFIT", "offsetStart": 0, "offsetEnd": 12}, "context": "FlatFIT [25] only recalculates window aggregation one time per \ud835\udc5b + 1 slides. ", "mentionContextAttributes": {"used": {"value": false, "score": 0.013151347637176514}, "created": {"value": false, "score": 1.6093254089355469e-06}, "shared": {"value": false, "score": 1.7881393432617188e-07}}, "documentContextAttributes": {"used": {"value": false, "score": 0.013151347637176514}, "created": {"value": false, "score": 0.0005013346672058105}, "shared": {"value": false, "score": 8.940696716308594e-07}}, "references": [{"label": "[25]", "normalizedForm": "[25]", "refKey": 23}, {"label": "[25]", "normalizedForm": "[25]", "refKey": 23}]}, {"type": "software", "software-type": "software", "software-name": {"rawForm": "SlickDeque", "normalizedForm": "SlickDeque", "offsetStart": 3, "offsetEnd": 13}, "context": "In SlickDeque, the deque needs to be traversed in the worst case.", "mentionContextAttributes": {"used": {"value": false, "score": 0.00027573108673095703}, "created": {"value": false, "score": 2.3543834686279297e-05}, "shared": {"value": false, "score": 2.980232238769531e-07}}, "documentContextAttributes": {"used": {"value": true, "score": 0.9962450265884399}, "created": {"value": false, "score": 0.0005013346672058105}, "shared": {"value": false, "score": 8.940696716308594e-07}}}, {"type": "software", "software-type": "software", "wikidataId": "Q3073740", "wikipediaExternalRef": 5999274, "lang": "en", "confidence": 0.4462, "software-name": {"rawForm": "Flink", "normalizedForm": "Flink", "wikidataId": "Q3073740", "wikipediaExternalRef": 5999274, "lang": "en", "confidence": 0.4462, "offsetStart": 7, "offsetEnd": 12}, "context": "We use Flink 1.10.0 and Java 8 in this experiment.", "mentionContextAttributes": {"used": {"value": true, "score": 0.9951704144477844}, "created": {"value": false, "score": 1.0788440704345703e-05}, "shared": {"value": false, "score": 4.172325134277344e-07}}, "documentContextAttributes": {"used": {"value": true, "score": 0.999951183795929}, "created": {"value": true, "score": 0.5464609861373901}, "shared": {"value": false, "score": 4.172325134277344e-07}}}, {"type": "software", "software-type": "software", "software-name": {"rawForm": "SlickDeque", "normalizedForm": "SlickDeque", "offsetStart": 16, "offsetEnd": 26}, "context": "However, unlike SlickDeque, PBA runs in constant time, which is also experimentally demonstrated in Section 5.1.1.", "mentionContextAttributes": {"used": {"value": false, "score": 0.0007808804512023926}, "created": {"value": false, "score": 2.6285648345947266e-05}, "shared": {"value": false, "score": 1.7881393432617188e-07}}, "documentContextAttributes": {"used": {"value": true, "score": 0.9962450265884399}, "created": {"value": false, "score": 0.0005013346672058105}, "shared": {"value": false, "score": 8.940696716308594e-07}}}, {"type": "software", "software-type": "software", "wikidataId": "Q20714460", "wikipediaExternalRef": 46228433, "lang": "en", "confidence": 0.6848, "software-name": {"rawForm": "Apache Flink", "normalizedForm": "Apache Flink", "wikidataId": "Q20714460", "wikipediaExternalRef": 46228433, "lang": "en", "confidence": 0.6848, "offsetStart": 16, "offsetEnd": 33}, "context": "For example, in Apache Flink [3,6], one can transform a DataStream into a KeyedStream with disjoint partitions, where a key will be assigned to a specific partition. ", "mentionContextAttributes": {"used": {"value": false, "score": 0.0001304149627685547}, "created": {"value": false, "score": 1.8298625946044922e-05}, "shared": {"value": false, "score": 5.364418029785156e-07}}, "documentContextAttributes": {"used": {"value": false, "score": 0.0013744235038757324}, "created": {"value": true, "score": 0.9984803795814514}, "shared": {"value": false, "score": 5.364418029785156e-07}}}, {"type": "software", "software-type": "software", "software-name": {"rawForm": "TwoStack", "normalizedForm": "TwoStack", "offsetStart": 17, "offsetEnd": 25}, "context": "For instance, in TwoStack, the two stacks are interdependent.", "mentionContextAttributes": {"used": {"value": false, "score": 0.0003134012222290039}, "created": {"value": false, "score": 0.00010830163955688477}, "shared": {"value": false, "score": 4.172325134277344e-07}}, "documentContextAttributes": {"used": {"value": true, "score": 0.9962450265884399}, "created": {"value": false, "score": 0.0005013346672058105}, "shared": {"value": false, "score": 1.3709068298339844e-06}}}, {"type": "software", "software-type": "software", "software-name": {"rawForm": "TwoStack", "normalizedForm": "TwoStack", "offsetStart": 20, "offsetEnd": 28}, "context": "DABA [27] leverages TwoStack to gradually perform the flipping operation of TwoStack which amortizes its time to \ud835\udc42 (1).", "mentionContextAttributes": {"used": {"value": false, "score": 0.013140738010406494}, "created": {"value": false, "score": 2.8014183044433594e-06}, "shared": {"value": false, "score": 1.7881393432617188e-07}}, "documentContextAttributes": {"used": {"value": true, "score": 0.9962450265884399}, "created": {"value": false, "score": 0.0005013346672058105}, "shared": {"value": false, "score": 1.3709068298339844e-06}}}, {"type": "software", "software-type": "software", "software-name": {"rawForm": "TwoStack", "normalizedForm": "TwoStack", "offsetStart": 20, "offsetEnd": 28}, "context": "As shown in Fig. 7, TwoStack has latency spikes periodically, and thus TwoStack does not perform well in terms of Max and Std.", "mentionContextAttributes": {"used": {"value": false, "score": 0.0006057024002075195}, "created": {"value": false, "score": 2.8431415557861328e-05}, "shared": {"value": false, "score": 2.980232238769531e-07}}, "documentContextAttributes": {"used": {"value": true, "score": 0.9962450265884399}, "created": {"value": false, "score": 0.0005013346672058105}, "shared": {"value": false, "score": 1.3709068298339844e-06}}}, {"type": "software", "software-type": "software", "wikidataId": "Q11354", "wikipediaExternalRef": 2581, "lang": "en", "confidence": 0.8046, "software-name": {"rawForm": "Apache", "normalizedForm": "Apache", "wikidataId": "Q11354", "wikipediaExternalRef": 2581, "lang": "en", "confidence": 0.8046, "offsetStart": 22, "offsetEnd": 28}, "context": "We integrate PBA into Apache Flink [3,6], denoted as FPBA. ", "mentionContextAttributes": {"used": {"value": false, "score": 0.025285959243774414}, "created": {"value": false, "score": 3.874301910400391e-06}, "shared": {"value": false, "score": 2.980232238769531e-07}}, "documentContextAttributes": {"used": {"value": false, "score": 0.025285959243774414}, "created": {"value": false, "score": 8.231401443481445e-05}, "shared": {"value": false, "score": 2.980232238769531e-07}}, "references": [{"label": "6]", "normalizedForm": "6]", "refKey": 4, "offsetStart": 38105, "offsetEnd": 38107}, {"label": "[3,", "normalizedForm": "[3", "refKey": 2, "offsetStart": 38102, "offsetEnd": 38105}]}, {"type": "software", "software-type": "software", "wikidataId": "Q3073740", "wikipediaExternalRef": 5999274, "lang": "en", "confidence": 0.4462, "software-name": {"rawForm": "Flink", "normalizedForm": "Flink", "wikidataId": "Q3073740", "wikipediaExternalRef": 5999274, "lang": "en", "confidence": 0.4462, "offsetStart": 23, "offsetEnd": 28}, "context": "PBA is integrated into Flink through KeyedProcessFunction, i.e., a lowlevel operator in Flink. ", "mentionContextAttributes": {"used": {"value": false, "score": 0.007249712944030762}, "created": {"value": false, "score": 5.59687614440918e-05}, "shared": {"value": false, "score": 2.980232238769531e-07}}, "documentContextAttributes": {"used": {"value": true, "score": 0.999951183795929}, "created": {"value": true, "score": 0.5464609861373901}, "shared": {"value": false, "score": 4.172325134277344e-07}}}, {"type": "software", "software-type": "software", "software-name": {"rawForm": "TwoStack", "normalizedForm": "TwoStack", "offsetStart": 23, "offsetEnd": 35}, "context": "To our best knowledge, TwoStack [27], DABA [27], FlatFIT [25], SlickDeque (Non-Inv) [26] and SlideSide (Non-Inv) [29] are the most efficient state-of-the-art algorithms for computing non-invertible aggregations over FIFO windows. ", "mentionContextAttributes": {"used": {"value": false, "score": 0.00046056509017944336}, "created": {"value": false, "score": 0.0005013346672058105}, "shared": {"value": false, "score": 4.172325134277344e-07}}, "documentContextAttributes": {"used": {"value": true, "score": 0.9962450265884399}, "created": {"value": false, "score": 0.0005013346672058105}, "shared": {"value": false, "score": 1.3709068298339844e-06}}}, {"type": "software", "software-type": "software", "software-name": {"rawForm": "SlickDeque", "normalizedForm": "SlickDeque", "offsetStart": 29, "offsetEnd": 39}, "context": "The worst time complexity of SlickDeque is \ud835\udc42 (\ud835\udc5b) while its amortized time is less than 2 because a new value will never be compared more than twice. ", "mentionContextAttributes": {"used": {"value": false, "score": 0.011283457279205322}, "created": {"value": false, "score": 7.647275924682617e-05}, "shared": {"value": false, "score": 2.980232238769531e-07}}, "documentContextAttributes": {"used": {"value": true, "score": 0.9962450265884399}, "created": {"value": false, "score": 0.0005013346672058105}, "shared": {"value": false, "score": 8.940696716308594e-07}}}, {"type": "software", "software-type": "software", "wikidataId": "Q3073740", "wikipediaExternalRef": 5999274, "lang": "en", "confidence": 0.4462, "software-name": {"rawForm": "Flink", "normalizedForm": "Flink", "wikidataId": "Q3073740", "wikipediaExternalRef": 5999274, "lang": "en", "confidence": 0.4462, "offsetStart": 29, "offsetEnd": 39}, "context": "We integrate PBA into Apache Flink [3,6], denoted as FPBA. ", "mentionContextAttributes": {"used": {"value": false, "score": 0.025285959243774414}, "created": {"value": false, "score": 3.874301910400391e-06}, "shared": {"value": false, "score": 2.980232238769531e-07}}, "documentContextAttributes": {"used": {"value": true, "score": 0.999951183795929}, "created": {"value": true, "score": 0.5464609861373901}, "shared": {"value": false, "score": 4.172325134277344e-07}}}, {"type": "software", "software-type": "software", "software-name": {"rawForm": "TwoStack", "normalizedForm": "TwoStack", "offsetStart": 30, "offsetEnd": 38}, "context": "Specifically, [27] shows that TwoStack outperforms Recal, except in the case of very small window sizes, and TwoStack is always faster, up to 6\u00d7, than FlatFAT.", "mentionContextAttributes": {"used": {"value": false, "score": 0.027461647987365723}, "created": {"value": false, "score": 6.854534149169922e-06}, "shared": {"value": false, "score": 2.980232238769531e-07}}, "documentContextAttributes": {"used": {"value": true, "score": 0.9962450265884399}, "created": {"value": false, "score": 0.0005013346672058105}, "shared": {"value": false, "score": 1.3709068298339844e-06}}}, {"type": "software", "software-type": "software", "software-name": {"rawForm": "FlatFAT", "normalizedForm": "FlatFAT", "offsetStart": 31, "offsetEnd": 38}, "context": "Eager slicing of Scotty (using FlatFAT for merging) shows up to two orders of magnitudes reduction of latency, compared to lazy slicing (with Recal as the merging algorithm).", "mentionContextAttributes": {"used": {"value": false, "score": 0.02697122097015381}, "created": {"value": false, "score": 6.854534149169922e-06}, "shared": {"value": false, "score": 1.7881393432617188e-07}}, "documentContextAttributes": {"used": {"value": false, "score": 0.027461647987365723}, "created": {"value": false, "score": 0.2957462668418884}, "shared": {"value": false, "score": 4.172325134277344e-07}}, "references": [{"label": "[28]", "normalizedForm": "[28]", "refKey": 26}]}, {"type": "software", "software-type": "software", "software-name": {"rawForm": "TwoStack", "normalizedForm": "TwoStack", "offsetStart": 31, "offsetEnd": 39}, "context": "In this experiment, we compare TwoStack, SlickDeque, SBA and PBA. ", "mentionContextAttributes": {"used": {"value": true, "score": 0.9943714737892151}, "created": {"value": false, "score": 0.0002905130386352539}, "shared": {"value": false, "score": 1.7881393432617188e-07}}, "documentContextAttributes": {"used": {"value": true, "score": 0.9962450265884399}, "created": {"value": false, "score": 0.0005013346672058105}, "shared": {"value": false, "score": 1.3709068298339844e-06}}}, {"type": "software", "software-type": "software", "wikidataId": "Q20714460", "wikipediaExternalRef": 46228433, "lang": "en", "confidence": 0.6848, "software-name": {"rawForm": "Apache Flink", "normalizedForm": "Apache Flink", "wikidataId": "Q20714460", "wikipediaExternalRef": 46228433, "lang": "en", "confidence": 0.6848, "offsetStart": 32, "offsetEnd": 44}, "context": "Moreover, we integrate PBA into Apache Flink and present the corresponding improvement in local and cluster modes, respectively.", "mentionContextAttributes": {"used": {"value": false, "score": 0.0005420446395874023}, "created": {"value": true, "score": 0.9984803795814514}, "shared": {"value": false, "score": 2.980232238769531e-07}}, "documentContextAttributes": {"used": {"value": false, "score": 0.0013744235038757324}, "created": {"value": true, "score": 0.9984803795814514}, "shared": {"value": false, "score": 5.364418029785156e-07}}}, {"type": "software", "software-type": "software", "software-name": {"rawForm": "TwoStack", "normalizedForm": "TwoStack", "offsetStart": 33, "offsetEnd": 41}, "context": "store partial aggregations, like TwoStack, but shares values between them.", "mentionContextAttributes": {"used": {"value": false, "score": 9.363889694213867e-05}, "created": {"value": false, "score": 9.47713851928711e-06}, "shared": {"value": false, "score": 2.980232238769531e-07}}, "documentContextAttributes": {"used": {"value": true, "score": 0.9962450265884399}, "created": {"value": false, "score": 0.0005013346672058105}, "shared": {"value": false, "score": 1.3709068298339844e-06}}}, {"type": "software", "software-type": "software", "software-name": {"rawForm": "SlickDeque", "normalizedForm": "SlickDeque", "offsetStart": 35, "offsetEnd": 45}, "context": "On the whole, we observe that both SlickDeque and PBA do not have latency spikes, and PBA performs better than SlickDeque.", "mentionContextAttributes": {"used": {"value": false, "score": 0.09756135940551758}, "created": {"value": false, "score": 0.00017333030700683594}, "shared": {"value": false, "score": 2.980232238769531e-07}}, "documentContextAttributes": {"used": {"value": true, "score": 0.9962450265884399}, "created": {"value": false, "score": 0.0005013346672058105}, "shared": {"value": false, "score": 8.940696716308594e-07}}}, {"type": "software", "software-type": "software", "wikidataId": "Q3073740", "wikipediaExternalRef": 5999274, "lang": "en", "confidence": 0.4462, "software-name": {"rawForm": "Flink", "normalizedForm": "Flink", "wikidataId": "Q3073740", "wikipediaExternalRef": 5999274, "lang": "en", "confidence": 0.4462, "offsetStart": 36, "offsetEnd": 41}, "context": "We report the median throughput for Flink and FPBA.", "mentionContextAttributes": {"used": {"value": true, "score": 0.999951183795929}, "created": {"value": false, "score": 2.7954578399658203e-05}, "shared": {"value": false, "score": 2.980232238769531e-07}}, "documentContextAttributes": {"used": {"value": true, "score": 0.999951183795929}, "created": {"value": true, "score": 0.5464609861373901}, "shared": {"value": false, "score": 4.172325134277344e-07}}}, {"type": "software", "software-type": "software", "software-name": {"rawForm": "TwoStack", "normalizedForm": "TwoStack", "offsetStart": 40, "offsetEnd": 48}, "context": "However, when the front stack is empty, TwoStack flips all items in the back stack onto the front stack requiring \ud835\udc42 (\ud835\udc5b) time. ", "mentionContextAttributes": {"used": {"value": false, "score": 0.0042906999588012695}, "created": {"value": false, "score": 3.236532211303711e-05}, "shared": {"value": false, "score": 1.3709068298339844e-06}}, "documentContextAttributes": {"used": {"value": true, "score": 0.9962450265884399}, "created": {"value": false, "score": 0.0005013346672058105}, "shared": {"value": false, "score": 1.3709068298339844e-06}}}, {"type": "software", "software-type": "software", "software-name": {"rawForm": "TwoStack", "normalizedForm": "TwoStack", "offsetStart": 40, "offsetEnd": 48}, "context": "This is why the periodical red spike of TwoStack for the case of 16384 is higher than the corresponding one for the case of 8192, and similar for time-based window with a range of 2 hours compared to a range of 1 hour.", "mentionContextAttributes": {"used": {"value": true, "score": 0.6027945280075073}, "created": {"value": false, "score": 1.0073184967041016e-05}, "shared": {"value": false, "score": 1.7881393432617188e-07}}, "documentContextAttributes": {"used": {"value": true, "score": 0.9962450265884399}, "created": {"value": false, "score": 0.0005013346672058105}, "shared": {"value": false, "score": 1.3709068298339844e-06}}}, {"type": "software", "software-type": "software", "software-name": {"rawForm": "SlickDeque", "normalizedForm": "SlickDeque", "offsetStart": 41, "offsetEnd": 51}, "context": "In this experiment, we compare TwoStack, SlickDeque, SBA and PBA. ", "mentionContextAttributes": {"used": {"value": true, "score": 0.9943714737892151}, "created": {"value": false, "score": 0.0002905130386352539}, "shared": {"value": false, "score": 1.7881393432617188e-07}}, "documentContextAttributes": {"used": {"value": true, "score": 0.9962450265884399}, "created": {"value": false, "score": 0.0005013346672058105}, "shared": {"value": false, "score": 8.940696716308594e-07}}}, {"type": "software", "software-type": "software", "wikidataId": "Q11354", "wikipediaExternalRef": 2581, "lang": "en", "confidence": 0.8046, "software-name": {"rawForm": "Apache", "normalizedForm": "Apache", "wikidataId": "Q11354", "wikipediaExternalRef": 2581, "lang": "en", "confidence": 0.8046, "offsetStart": 46, "offsetEnd": 52}, "context": "In addition, FPBA, an integration of PBA into Apache Flink, shows significant improvement in both local mode and cluster mode.", "mentionContextAttributes": {"used": {"value": false, "score": 0.0004666447639465332}, "created": {"value": false, "score": 8.231401443481445e-05}, "shared": {"value": false, "score": 2.980232238769531e-07}}, "documentContextAttributes": {"used": {"value": false, "score": 0.025285959243774414}, "created": {"value": false, "score": 8.231401443481445e-05}, "shared": {"value": false, "score": 2.980232238769531e-07}}, "references": [{"label": "6]", "normalizedForm": "6]", "refKey": 4}, {"label": "[3,", "normalizedForm": "[3", "refKey": 2}]}, {"type": "software", "software-type": "software", "software-name": {"rawForm": "TwoStack", "normalizedForm": "TwoStack", "offsetStart": 47, "offsetEnd": 55}, "context": "While, an operation similar to the flipping in TwoStack is still required, resulting in \ud835\udc42 (\ud835\udc5b) worst-case time.", "mentionContextAttributes": {"used": {"value": false, "score": 0.00019288063049316406}, "created": {"value": false, "score": 0.0002887248992919922}, "shared": {"value": false, "score": 2.980232238769531e-07}}, "documentContextAttributes": {"used": {"value": true, "score": 0.9962450265884399}, "created": {"value": false, "score": 0.0005013346672058105}, "shared": {"value": false, "score": 1.3709068298339844e-06}}}, {"type": "software", "software-type": "software", "software-name": {"rawForm": "FlatFIT", "normalizedForm": "FlatFIT", "offsetStart": 49, "offsetEnd": 56}, "context": "To our best knowledge, TwoStack [27], DABA [27], FlatFIT [25], SlickDeque (Non-Inv) [26] and SlideSide (Non-Inv) [29] are the most efficient state-of-the-art algorithms for computing non-invertible aggregations over FIFO windows.", "mentionContextAttributes": {"used": {"value": false, "score": 0.00046056509017944336}, "created": {"value": false, "score": 0.0005013346672058105}, "shared": {"value": false, "score": 4.172325134277344e-07}}, "documentContextAttributes": {"used": {"value": false, "score": 0.013151347637176514}, "created": {"value": false, "score": 0.0005013346672058105}, "shared": {"value": false, "score": 8.940696716308594e-07}}, "references": [{"label": "[25]", "normalizedForm": "[25]", "refKey": 23, "offsetStart": 11159, "offsetEnd": 11163}, {"label": "[25]", "normalizedForm": "[25]", "refKey": 23, "offsetStart": 11159, "offsetEnd": 11163}]}, {"type": "software", "software-type": "software", "wikidataId": "Q3073740", "wikipediaExternalRef": 5999274, "lang": "en", "confidence": 0.4462, "software-name": {"rawForm": "Flink", "normalizedForm": "Flink", "wikidataId": "Q3073740", "wikipediaExternalRef": 5999274, "lang": "en", "confidence": 0.4462, "offsetStart": 52, "offsetEnd": 57}, "context": "In Fig. 8 (a), we observe the throughput of FPBA or Flink linearly increases up to 3 parallel instances (called parallelism in Flink).", "mentionContextAttributes": {"used": {"value": true, "score": 0.5185104012489319}, "created": {"value": false, "score": 2.199411392211914e-05}, "shared": {"value": false, "score": 2.980232238769531e-07}}, "documentContextAttributes": {"used": {"value": true, "score": 0.999951183795929}, "created": {"value": true, "score": 0.5464609861373901}, "shared": {"value": false, "score": 4.172325134277344e-07}}}, {"type": "software", "software-type": "software", "wikidataId": "Q3073740", "wikipediaExternalRef": 5999274, "lang": "en", "confidence": 0.4462, "software-name": {"rawForm": "Flink", "normalizedForm": "Flink", "wikidataId": "Q3073740", "wikipediaExternalRef": 5999274, "lang": "en", "confidence": 0.4462, "offsetStart": 53, "offsetEnd": 58}, "context": "In addition, FPBA, an integration of PBA into Apache Flink, shows significant improvement in both local mode and cluster mode.", "mentionContextAttributes": {"used": {"value": false, "score": 0.0004666447639465332}, "created": {"value": false, "score": 8.231401443481445e-05}, "shared": {"value": false, "score": 2.980232238769531e-07}}, "documentContextAttributes": {"used": {"value": true, "score": 0.999951183795929}, "created": {"value": true, "score": 0.5464609861373901}, "shared": {"value": false, "score": 4.172325134277344e-07}}}, {"type": "software", "software-type": "software", "wikidataId": "Q3073740", "wikipediaExternalRef": 5999274, "lang": "en", "confidence": 0.4462, "software-name": {"rawForm": "Flink", "normalizedForm": "Flink", "wikidataId": "Q3073740", "wikipediaExternalRef": 5999274, "lang": "en", "confidence": 0.4462, "offsetStart": 53, "offsetEnd": 58}, "context": "Experiment Setup: We run the cluster experiment at a Flink cluster having 1 master node and 6 worker nodes running Ubuntu server 16.01.3", "mentionContextAttributes": {"used": {"value": true, "score": 0.9966272711753845}, "created": {"value": false, "score": 0.007322728633880615}, "shared": {"value": false, "score": 1.7881393432617188e-07}}, "documentContextAttributes": {"used": {"value": true, "score": 0.999951183795929}, "created": {"value": true, "score": 0.5464609861373901}, "shared": {"value": false, "score": 4.172325134277344e-07}}}, {"type": "software", "software-type": "software", "wikidataId": "Q3073740", "wikipediaExternalRef": 5999274, "lang": "en", "confidence": 0.4462, "software-name": {"rawForm": "Flink", "normalizedForm": "Flink", "wikidataId": "Q3073740", "wikipediaExternalRef": 5999274, "lang": "en", "confidence": 0.4462, "offsetStart": 53, "offsetEnd": 58}, "context": "In Fig. 8 (b), we observe the throughput of FPBA and Flink linearly scale up w.r.t more nodes used in a cluster.", "mentionContextAttributes": {"used": {"value": true, "score": 0.9844477772712708}, "created": {"value": false, "score": 4.470348358154297e-06}, "shared": {"value": false, "score": 1.7881393432617188e-07}}, "documentContextAttributes": {"used": {"value": true, "score": 0.999951183795929}, "created": {"value": true, "score": 0.5464609861373901}, "shared": {"value": false, "score": 4.172325134277344e-07}}}, {"type": "software", "software-type": "software", "software-name": {"rawForm": "SlickDeque", "normalizedForm": "SlickDeque", "offsetStart": 54, "offsetEnd": 64}, "context": "For example, when computing max over sliding windows, SlickDeque continuously replaces the end of a deque \ud835\udc63 \u2032 using a new value \ud835\udc63 if \ud835\udc63 > \ud835\udc63 \u2032 . ", "mentionContextAttributes": {"used": {"value": false, "score": 0.0021009445190429688}, "created": {"value": false, "score": 1.4483928680419922e-05}, "shared": {"value": false, "score": 2.980232238769531e-07}}, "documentContextAttributes": {"used": {"value": true, "score": 0.9962450265884399}, "created": {"value": false, "score": 0.0005013346672058105}, "shared": {"value": false, "score": 8.940696716308594e-07}}}, {"type": "software", "software-type": "software", "wikidataId": "Q3073740", "wikipediaExternalRef": 5999274, "lang": "en", "confidence": 0.4462, "software-name": {"rawForm": "Flink", "normalizedForm": "Flink", "wikidataId": "Q3073740", "wikipediaExternalRef": 5999274, "lang": "en", "confidence": 0.4462, "offsetStart": 59, "offsetEnd": 64}, "context": "We run the local experiment only at the master node of the Flink cluster.", "mentionContextAttributes": {"used": {"value": true, "score": 0.8982456922531128}, "created": {"value": true, "score": 0.5464609861373901}, "shared": {"value": false, "score": 1.7881393432617188e-07}}, "documentContextAttributes": {"used": {"value": true, "score": 0.999951183795929}, "created": {"value": true, "score": 0.5464609861373901}, "shared": {"value": false, "score": 4.172325134277344e-07}}}, {"type": "software", "software-type": "software", "wikidataId": "Q3073740", "wikipediaExternalRef": 5999274, "lang": "en", "confidence": 0.4462, "software-name": {"rawForm": "Flink", "normalizedForm": "Flink", "wikidataId": "Q3073740", "wikipediaExternalRef": 5999274, "lang": "en", "confidence": 0.4462, "offsetStart": 61, "offsetEnd": 66}, "context": "Each parallel instance of the execution pipeline of FPBA, or Flink, contains 2 tasks, i.e., reading data and computing SWAG.", "mentionContextAttributes": {"used": {"value": false, "score": 0.009891092777252197}, "created": {"value": false, "score": 3.987550735473633e-05}, "shared": {"value": false, "score": 1.7881393432617188e-07}}, "documentContextAttributes": {"used": {"value": true, "score": 0.999951183795929}, "created": {"value": true, "score": 0.5464609861373901}, "shared": {"value": false, "score": 4.172325134277344e-07}}}, {"type": "software", "software-type": "software", "software-name": {"rawForm": "SlickDeque", "normalizedForm": "SlickDeque", "offsetStart": 63, "offsetEnd": 73}, "context": "To our best knowledge, TwoStack [27], DABA [27], FlatFIT [25], SlickDeque (Non-Inv) [26] and SlideSide (Non-Inv) [29] are the most efficient state-of-the-art algorithms for computing non-invertible aggregations over FIFO windows.", "mentionContextAttributes": {"used": {"value": false, "score": 0.00046056509017944336}, "created": {"value": false, "score": 0.0005013346672058105}, "shared": {"value": false, "score": 4.172325134277344e-07}}, "documentContextAttributes": {"used": {"value": true, "score": 0.9962450265884399}, "created": {"value": false, "score": 0.0005013346672058105}, "shared": {"value": false, "score": 8.940696716308594e-07}}}, {"type": "software", "software-type": "software", "software-name": {"rawForm": "TwoStack", "normalizedForm": "TwoStack", "offsetStart": 67, "offsetEnd": 75}, "context": "When \ud835\udc5f \u2a7e 2 15 , the throughput of PBA is 2.5\u00d7 higher than that of TwoStack and 4\u00d7 higher than that SlickDeque.", "mentionContextAttributes": {"used": {"value": false, "score": 0.14136463403701782}, "created": {"value": false, "score": 2.866983413696289e-05}, "shared": {"value": false, "score": 2.980232238769531e-07}}, "documentContextAttributes": {"used": {"value": true, "score": 0.9962450265884399}, "created": {"value": false, "score": 0.0005013346672058105}, "shared": {"value": false, "score": 1.3709068298339844e-06}}}, {"type": "software", "software-type": "software", "wikidataId": "Q3073740", "wikipediaExternalRef": 5999274, "lang": "en", "confidence": 0.4462, "software-name": {"rawForm": "Flink", "normalizedForm": "Flink", "wikidataId": "Q3073740", "wikipediaExternalRef": 5999274, "lang": "en", "confidence": 0.4462, "offsetStart": 70, "offsetEnd": 75}, "context": "To support parallel tasks of PBA, a thread pool for each task slot in Flink is launched, which will be used to compute the \ud835\udc59\ud835\udc50\ud835\udc60 buffers for all key-value pairs associated with the corresponding task slot. ", "mentionContextAttributes": {"used": {"value": false, "score": 0.025933265686035156}, "created": {"value": false, "score": 0.003158867359161377}, "shared": {"value": false, "score": 1.7881393432617188e-07}}, "documentContextAttributes": {"used": {"value": true, "score": 0.999951183795929}, "created": {"value": true, "score": 0.5464609861373901}, "shared": {"value": false, "score": 4.172325134277344e-07}}}, {"type": "software", "software-type": "software", "software-name": {"rawForm": "TwoStack", "normalizedForm": "TwoStack", "offsetStart": 71, "offsetEnd": 79}, "context": "As shown in Fig. 7, TwoStack has latency spikes periodically, and thus TwoStack does not perform well in terms of Max and Std.", "mentionContextAttributes": {"used": {"value": false, "score": 0.0006057024002075195}, "created": {"value": false, "score": 2.8431415557861328e-05}, "shared": {"value": false, "score": 2.980232238769531e-07}}, "documentContextAttributes": {"used": {"value": true, "score": 0.9962450265884399}, "created": {"value": false, "score": 0.0005013346672058105}, "shared": {"value": false, "score": 1.3709068298339844e-06}}}, {"type": "software", "software-type": "software", "software-name": {"rawForm": "TwoStack", "normalizedForm": "TwoStack", "offsetStart": 76, "offsetEnd": 84}, "context": "DABA [27] leverages TwoStack to gradually perform the flipping operation of TwoStack which amortizes its time to \ud835\udc42 (1). ", "mentionContextAttributes": {"used": {"value": false, "score": 0.013140738010406494}, "created": {"value": false, "score": 2.8014183044433594e-06}, "shared": {"value": false, "score": 1.7881393432617188e-07}}, "documentContextAttributes": {"used": {"value": true, "score": 0.9962450265884399}, "created": {"value": false, "score": 0.0005013346672058105}, "shared": {"value": false, "score": 1.3709068298339844e-06}}}, {"type": "software", "software-type": "software", "software-name": {"rawForm": "TwoStack", "normalizedForm": "TwoStack", "offsetStart": 84, "offsetEnd": 92}, "context": "SlickDeque shows the best performance in terms of throughput and latency [26] while TwoStack is slightly worse than SlickDeque but behaves better than the others [26,27,29].", "mentionContextAttributes": {"used": {"value": false, "score": 0.07518351078033447}, "created": {"value": false, "score": 8.64267349243164e-06}, "shared": {"value": false, "score": 2.980232238769531e-07}}, "documentContextAttributes": {"used": {"value": true, "score": 0.9962450265884399}, "created": {"value": false, "score": 0.0005013346672058105}, "shared": {"value": false, "score": 1.3709068298339844e-06}}}, {"type": "software", "software-type": "software", "wikidataId": "Q3073740", "wikipediaExternalRef": 5999274, "lang": "en", "confidence": 0.4462, "software-name": {"rawForm": "Flink", "normalizedForm": "Flink", "wikidataId": "Q3073740", "wikipediaExternalRef": 5999274, "lang": "en", "confidence": 0.4462, "offsetStart": 86, "offsetEnd": 91}, "context": "Our empirical evaluation shows that FPBA scales well as increasing the parallelism of Flink in both local and cluster modes.", "mentionContextAttributes": {"used": {"value": false, "score": 0.4802381992340088}, "created": {"value": false, "score": 0.00014781951904296875}, "shared": {"value": false, "score": 2.980232238769531e-07}}, "documentContextAttributes": {"used": {"value": true, "score": 0.999951183795929}, "created": {"value": true, "score": 0.5464609861373901}, "shared": {"value": false, "score": 4.172325134277344e-07}}}, {"type": "software", "software-type": "software", "wikidataId": "Q3073740", "wikipediaExternalRef": 5999274, "lang": "en", "confidence": 0.4462, "software-name": {"rawForm": "Flink", "normalizedForm": "Flink", "wikidataId": "Q3073740", "wikipediaExternalRef": 5999274, "lang": "en", "confidence": 0.4462, "offsetStart": 88, "offsetEnd": 93}, "context": "PBA is integrated into Flink through KeyedProcessFunction, i.e., a lowlevel operator in Flink. ", "mentionContextAttributes": {"used": {"value": false, "score": 0.007249712944030762}, "created": {"value": false, "score": 5.59687614440918e-05}, "shared": {"value": false, "score": 2.980232238769531e-07}}, "documentContextAttributes": {"used": {"value": true, "score": 0.999951183795929}, "created": {"value": true, "score": 0.5464609861373901}, "shared": {"value": false, "score": 4.172325134277344e-07}}}, {"type": "software", "software-type": "software", "software-name": {"rawForm": "SlideSide", "normalizedForm": "SlideSide", "offsetStart": 93, "offsetEnd": 102}, "context": "To our best knowledge, TwoStack [27], DABA [27], FlatFIT [25], SlickDeque (Non-Inv) [26] and SlideSide (Non-Inv) [29] are the most efficient state-of-the-art algorithms for computing non-invertible aggregations over FIFO windows.", "mentionContextAttributes": {"used": {"value": false, "score": 0.00046056509017944336}, "created": {"value": false, "score": 0.0005013346672058105}, "shared": {"value": false, "score": 4.172325134277344e-07}}, "documentContextAttributes": {"used": {"value": false, "score": 0.0107308030128479}, "created": {"value": false, "score": 0.0005013346672058105}, "shared": {"value": false, "score": 8.940696716308594e-07}}}, {"type": "software", "software-type": "software", "software-name": {"rawForm": "MomentSketch", "normalizedForm": "MomentSketch", "offsetStart": 95, "offsetEnd": 107}, "context": "To further study the latency of different algorithms, we also test a more complex aggregation, MomentSketch = (\ud835\udc5a\ud835\udc56\ud835\udc5b, \ud835\udc5a\ud835\udc4e\ud835\udc65, \ud835\udc60\ud835\udc62\ud835\udc5a, \ud835\udc50\ud835\udc5c\ud835\udc62\ud835\udc5b\ud835\udc61, \ud835\udc65 \ud835\udc56 , ... \ud835\udc65 \ud835\udc59 \ud835\udc56 , \ud835\udc59\ud835\udc5c\ud835\udc54\ud835\udc65 \ud835\udc56 , ... (\ud835\udc59\ud835\udc5c\ud835\udc54\ud835\udc65 \ud835\udc56 ) \ud835\udc59 ) [9] with \ud835\udc59 = 10, which can approximate percentiles.", "mentionContextAttributes": {"used": {"value": false, "score": 0.26196831464767456}, "created": {"value": false, "score": 4.112720489501953e-06}, "shared": {"value": false, "score": 2.980232238769531e-07}}, "documentContextAttributes": {"used": {"value": false, "score": 0.26196831464767456}, "created": {"value": false, "score": 4.112720489501953e-06}, "shared": {"value": false, "score": 4.172325134277344e-07}}}, {"type": "software", "software-type": "software", "software-name": {"rawForm": "SlickDeque", "normalizedForm": "SlickDeque", "offsetStart": 100, "offsetEnd": 110}, "context": "When \ud835\udc5f \u2a7e 2 15 , the throughput of PBA is 2.5\u00d7 higher than that of TwoStack and 4\u00d7 higher than that SlickDeque.", "mentionContextAttributes": {"used": {"value": false, "score": 0.14136463403701782}, "created": {"value": false, "score": 2.866983413696289e-05}, "shared": {"value": false, "score": 2.980232238769531e-07}}, "documentContextAttributes": {"used": {"value": true, "score": 0.9962450265884399}, "created": {"value": false, "score": 0.0005013346672058105}, "shared": {"value": false, "score": 8.940696716308594e-07}}}, {"type": "software", "software-type": "software", "wikidataId": "Q20714460", "wikipediaExternalRef": 46228433, "lang": "en", "confidence": 0.9037, "software-name": {"rawForm": "Apache Flink", "normalizedForm": "Apache Flink", "wikidataId": "Q20714460", "wikipediaExternalRef": 46228433, "lang": "en", "confidence": 0.9037, "offsetStart": 101, "offsetEnd": 116}, "context": "The other is the continuous processing model, where streaming values are processed one by one, e.g., Apache Flink [3]. ", "mentionContextAttributes": {"used": {"value": false, "score": 0.0013744235038757324}, "created": {"value": false, "score": 7.092952728271484e-06}, "shared": {"value": false, "score": 1.7881393432617188e-07}}, "documentContextAttributes": {"used": {"value": false, "score": 0.0013744235038757324}, "created": {"value": true, "score": 0.9984803795814514}, "shared": {"value": false, "score": 5.364418029785156e-07}}}, {"type": "software", "software-type": "software", "wikidataId": "Q3073740", "wikipediaExternalRef": 5999274, "lang": "en", "confidence": 0.4462, "software-name": {"rawForm": "Flink", "normalizedForm": "Flink", "wikidataId": "Q3073740", "wikipediaExternalRef": 5999274, "lang": "en", "confidence": 0.4462, "offsetStart": 105, "offsetEnd": 110}, "context": "The master node has 6 virtual CPU cores of Intel XEON 3GHz, and 16GB main memory, and the job manager of Flink is configured with 6GB of memory. ", "mentionContextAttributes": {"used": {"value": false, "score": 0.04352778196334839}, "created": {"value": false, "score": 0.00011724233627319336}, "shared": {"value": false, "score": 4.172325134277344e-07}}, "documentContextAttributes": {"used": {"value": true, "score": 0.999951183795929}, "created": {"value": true, "score": 0.5464609861373901}, "shared": {"value": false, "score": 4.172325134277344e-07}}}, {"type": "software", "software-type": "software", "wikidataId": "Q20714460", "wikipediaExternalRef": 46228433, "lang": "en", "confidence": 0.6848, "software-name": {"rawForm": "Apache Flink", "normalizedForm": "Apache Flink", "wikidataId": "Q20714460", "wikipediaExternalRef": 46228433, "lang": "en", "confidence": 0.6848, "offsetStart": 106, "offsetEnd": 123}, "context": "\u2022 To show the benefit of our approach in modern streamprocessing frameworks, we implemented PBA on top of Apache Flink [3,6], called FPBA. ", "mentionContextAttributes": {"used": {"value": false, "score": 9.41157341003418e-05}, "created": {"value": true, "score": 0.9751215577125549}, "shared": {"value": false, "score": 2.980232238769531e-07}}, "documentContextAttributes": {"used": {"value": false, "score": 0.0013744235038757324}, "created": {"value": true, "score": 0.9984803795814514}, "shared": {"value": false, "score": 5.364418029785156e-07}}}, {"type": "software", "software-type": "software", "wikidataId": "Q3073740", "wikipediaExternalRef": 5999274, "lang": "en", "confidence": 0.4462, "software-name": {"rawForm": "Flink", "normalizedForm": "Flink", "wikidataId": "Q3073740", "wikipediaExternalRef": 5999274, "lang": "en", "confidence": 0.4462, "offsetStart": 107, "offsetEnd": 112}, "context": "Every worker node has 4 virtual CPU cores of Intel XEON 3GHz, and 8GB main memory, and the task manager of Flink is configured with 6GB of memory. ", "mentionContextAttributes": {"used": {"value": false, "score": 0.02205580472946167}, "created": {"value": false, "score": 0.00010675191879272461}, "shared": {"value": false, "score": 4.172325134277344e-07}}, "documentContextAttributes": {"used": {"value": true, "score": 0.999951183795929}, "created": {"value": true, "score": 0.5464609861373901}, "shared": {"value": false, "score": 4.172325134277344e-07}}}, {"type": "software", "software-type": "software", "software-name": {"rawForm": "TwoStack", "normalizedForm": "TwoStack", "offsetStart": 109, "offsetEnd": 117}, "context": "Specifically, [27] shows that TwoStack outperforms Recal, except in the case of very small window sizes, and TwoStack is always faster, up to 6\u00d7, than FlatFAT.", "mentionContextAttributes": {"used": {"value": false, "score": 0.027461647987365723}, "created": {"value": false, "score": 6.854534149169922e-06}, "shared": {"value": false, "score": 2.980232238769531e-07}}, "documentContextAttributes": {"used": {"value": true, "score": 0.9962450265884399}, "created": {"value": false, "score": 0.0005013346672058105}, "shared": {"value": false, "score": 1.3709068298339844e-06}}}, {"type": "software", "software-type": "software", "software-name": {"rawForm": "SlickDeque", "normalizedForm": "SlickDeque", "offsetStart": 111, "offsetEnd": 121}, "context": "On the whole, we observe that both SlickDeque and PBA do not have latency spikes, and PBA performs better than SlickDeque.", "mentionContextAttributes": {"used": {"value": false, "score": 0.09756135940551758}, "created": {"value": false, "score": 0.00017333030700683594}, "shared": {"value": false, "score": 2.980232238769531e-07}}, "documentContextAttributes": {"used": {"value": true, "score": 0.9962450265884399}, "created": {"value": false, "score": 0.0005013346672058105}, "shared": {"value": false, "score": 8.940696716308594e-07}}}, {"type": "software", "software-type": "software", "software-name": {"rawForm": "SlickDeque", "normalizedForm": "SlickDeque", "offsetStart": 113, "offsetEnd": 127}, "context": "The real-world dataset is the DEBS12 Grand Challenge Manufacturing Equipment Dataset [15], which is also used by SlickDeque [26]. ", "mentionContextAttributes": {"used": {"value": true, "score": 0.8239824771881104}, "created": {"value": false, "score": 7.569789886474609e-06}, "shared": {"value": false, "score": 1.7881393432617188e-07}}, "documentContextAttributes": {"used": {"value": true, "score": 0.9962450265884399}, "created": {"value": false, "score": 0.0005013346672058105}, "shared": {"value": false, "score": 8.940696716308594e-07}}}, {"type": "software", "software-type": "software", "software-name": {"rawForm": "SlickDeque", "normalizedForm": "SlickDeque", "offsetStart": 116, "offsetEnd": 126}, "context": "SlickDeque shows the best performance in terms of throughput and latency [26] while TwoStack is slightly worse than SlickDeque but behaves better than the others [26,27,29].", "mentionContextAttributes": {"used": {"value": false, "score": 0.07518351078033447}, "created": {"value": false, "score": 8.64267349243164e-06}, "shared": {"value": false, "score": 2.980232238769531e-07}}, "documentContextAttributes": {"used": {"value": true, "score": 0.9962450265884399}, "created": {"value": false, "score": 0.0005013346672058105}, "shared": {"value": false, "score": 8.940696716308594e-07}}}, {"type": "software", "software-type": "software", "software-name": {"rawForm": "SlickDeque", "normalizedForm": "SlickDeque", "offsetStart": 120, "offsetEnd": 130}, "context": "State-of-the-Art Algorithms: In our experimental evaluation we compare PBA to the two best state-of-the-art algorithms: SlickDeque [26] and TwoStack [27].", "mentionContextAttributes": {"used": {"value": true, "score": 0.5839095115661621}, "created": {"value": false, "score": 0.00029671192169189453}, "shared": {"value": false, "score": 1.7881393432617188e-07}}, "documentContextAttributes": {"used": {"value": true, "score": 0.9962450265884399}, "created": {"value": false, "score": 0.0005013346672058105}, "shared": {"value": false, "score": 8.940696716308594e-07}}}, {"type": "software", "software-type": "software", "software-name": {"rawForm": "FlatFAT", "normalizedForm": "FlatFAT", "offsetStart": 126, "offsetEnd": 133}, "context": "First of all, latency can be reduced, as demonstrated in Cutty and Scotty through combining their slicing techniques with the FlatFAT [28] merging algorithm.", "mentionContextAttributes": {"used": {"value": false, "score": 9.649991989135742e-05}, "created": {"value": false, "score": 5.662441253662109e-06}, "shared": {"value": false, "score": 1.7881393432617188e-07}}, "documentContextAttributes": {"used": {"value": false, "score": 0.027461647987365723}, "created": {"value": false, "score": 0.2957462668418884}, "shared": {"value": false, "score": 4.172325134277344e-07}}, "references": [{"label": "[28]", "normalizedForm": "[28]", "refKey": 26, "offsetStart": 15249, "offsetEnd": 15253}]}, {"type": "software", "software-type": "software", "wikidataId": "Q3073740", "wikipediaExternalRef": 5999274, "lang": "en", "confidence": 0.4462, "software-name": {"rawForm": "Flink", "normalizedForm": "Flink", "wikidataId": "Q3073740", "wikipediaExternalRef": 5999274, "lang": "en", "confidence": 0.4462, "offsetStart": 127, "offsetEnd": 132}, "context": "We compute \ud835\udc5a\ud835\udc4e\ud835\udc65 over count-based sliding windows with a slide of 1 and a window size of 2 10 , and capture the throughput of Flink and FPBA by using a different degree of parallelism in local mode, and a different number of nodes in cluster mode. ", "mentionContextAttributes": {"used": {"value": true, "score": 0.9907316565513611}, "created": {"value": false, "score": 7.68899917602539e-06}, "shared": {"value": false, "score": 2.980232238769531e-07}}, "documentContextAttributes": {"used": {"value": true, "score": 0.999951183795929}, "created": {"value": true, "score": 0.5464609861373901}, "shared": {"value": false, "score": 4.172325134277344e-07}}}, {"type": "software", "software-type": "software", "wikidataId": "Q3073740", "wikipediaExternalRef": 5999274, "lang": "en", "confidence": 0.4462, "software-name": {"rawForm": "Flink", "normalizedForm": "Flink", "wikidataId": "Q3073740", "wikipediaExternalRef": 5999274, "lang": "en", "confidence": 0.4462, "offsetStart": 127, "offsetEnd": 132}, "context": "In Fig. 8 (a), we observe the throughput of FPBA or Flink linearly increases up to 3 parallel instances (called parallelism in Flink).", "mentionContextAttributes": {"used": {"value": true, "score": 0.5185096859931946}, "created": {"value": false, "score": 2.199411392211914e-05}, "shared": {"value": false, "score": 2.980232238769531e-07}}, "documentContextAttributes": {"used": {"value": true, "score": 0.999951183795929}, "created": {"value": true, "score": 0.5464609861373901}, "shared": {"value": false, "score": 4.172325134277344e-07}}}, {"type": "software", "software-type": "software", "wikidataId": "Q7573619", "wikipediaExternalRef": 42164234, "lang": "en", "confidence": 0.9134, "software-name": {"rawForm": "Apache Spark", "normalizedForm": "Apache Spark", "wikidataId": "Q7573619", "wikipediaExternalRef": 42164234, "lang": "en", "confidence": 0.9134, "offsetStart": 128, "offsetEnd": 143}, "context": "One is the micro-batch processing model, where a micro batch containing a finite subset of values is processed at a time, e.g., Apache Spark [4]. ", "mentionContextAttributes": {"used": {"value": false, "score": 0.00023174285888671875}, "created": {"value": false, "score": 2.5331974029541016e-05}, "shared": {"value": false, "score": 2.980232238769531e-07}}, "documentContextAttributes": {"used": {"value": false, "score": 0.00023174285888671875}, "created": {"value": false, "score": 2.5331974029541016e-05}, "shared": {"value": false, "score": 2.980232238769531e-07}}}, {"type": "software", "software-type": "software", "software-name": {"rawForm": "TwoStack", "normalizedForm": "TwoStack", "offsetStart": 132, "offsetEnd": 140}, "context": "PBA shows the overall best throughput with large window sizes, and SBA (the sequential version of PBA) shows higher throughput than TwoStack and SlickDeque.", "mentionContextAttributes": {"used": {"value": false, "score": 0.008832693099975586}, "created": {"value": false, "score": 7.212162017822266e-06}, "shared": {"value": false, "score": 1.7881393432617188e-07}}, "documentContextAttributes": {"used": {"value": true, "score": 0.9962450265884399}, "created": {"value": false, "score": 0.0005013346672058105}, "shared": {"value": false, "score": 1.3709068298339844e-06}}}, {"type": "software", "software-type": "software", "software-name": {"rawForm": "TwoStack", "normalizedForm": "TwoStack", "offsetStart": 137, "offsetEnd": 145}, "context": "In addition to its low time and space complexities, one of the main advantages of PBA compared to the state-of-the-art algorithms, e.g., TwoStack [27], DABA [27], FlatFIT [25], SlickDeque (Non-Inv) [26], and SlideSide (Non-Inv) [29], is that the latter algorithms cannot use additional threads to get performance gains, i.e., computing intermediate results in parallel.", "mentionContextAttributes": {"used": {"value": false, "score": 0.0107308030128479}, "created": {"value": false, "score": 9.357929229736328e-06}, "shared": {"value": false, "score": 8.940696716308594e-07}}, "documentContextAttributes": {"used": {"value": true, "score": 0.9962450265884399}, "created": {"value": false, "score": 0.0005013346672058105}, "shared": {"value": false, "score": 1.3709068298339844e-06}}}, {"type": "software", "software-type": "software", "software-name": {"rawForm": "SlickDeque", "normalizedForm": "SlickDeque", "offsetStart": 137, "offsetEnd": 147}, "context": "Note that, although DABA [27] has a constant time complexity in the worst case, it does not show a better performance result compared to SlickDeque in terms of throughput and latency [26], or TwoStack in terms of throughput [27]. ", "mentionContextAttributes": {"used": {"value": false, "score": 0.013668596744537354}, "created": {"value": false, "score": 7.927417755126953e-06}, "shared": {"value": false, "score": 2.980232238769531e-07}}, "documentContextAttributes": {"used": {"value": true, "score": 0.9962450265884399}, "created": {"value": false, "score": 0.0005013346672058105}, "shared": {"value": false, "score": 8.940696716308594e-07}}}, {"type": "software", "software-type": "software", "software-name": {"rawForm": "TwoStack", "normalizedForm": "TwoStack", "offsetStart": 140, "offsetEnd": 148}, "context": "State-of-the-Art Algorithms: In our experimental evaluation we compare PBA to the two best state-of-the-art algorithms: SlickDeque [26] and TwoStack [27].", "mentionContextAttributes": {"used": {"value": true, "score": 0.5839095115661621}, "created": {"value": false, "score": 0.00029671192169189453}, "shared": {"value": false, "score": 1.7881393432617188e-07}}, "documentContextAttributes": {"used": {"value": true, "score": 0.9962450265884399}, "created": {"value": false, "score": 0.0005013346672058105}, "shared": {"value": false, "score": 1.3709068298339844e-06}}}, {"type": "software", "software-type": "software", "software-name": {"rawForm": "SlickDeque", "normalizedForm": "SlickDeque", "offsetStart": 145, "offsetEnd": 155}, "context": "PBA shows the overall best throughput with large window sizes, and SBA (the sequential version of PBA) shows higher throughput than TwoStack and SlickDeque.", "mentionContextAttributes": {"used": {"value": false, "score": 0.008832693099975586}, "created": {"value": false, "score": 7.212162017822266e-06}, "shared": {"value": false, "score": 1.7881393432617188e-07}}, "documentContextAttributes": {"used": {"value": true, "score": 0.9962450265884399}, "created": {"value": false, "score": 0.0005013346672058105}, "shared": {"value": false, "score": 8.940696716308594e-07}}}, {"type": "software", "software-type": "software", "software-name": {"rawForm": "FlatFAT", "normalizedForm": "FlatFAT", "offsetStart": 151, "offsetEnd": 158}, "context": "Specifically, [27] shows that TwoStack outperforms Recal, except in the case of very small window sizes, and TwoStack is always faster, up to 6\u00d7, than FlatFAT.", "mentionContextAttributes": {"used": {"value": false, "score": 0.027461647987365723}, "created": {"value": false, "score": 6.854534149169922e-06}, "shared": {"value": false, "score": 2.980232238769531e-07}}, "documentContextAttributes": {"used": {"value": false, "score": 0.027461647987365723}, "created": {"value": false, "score": 0.2957462668418884}, "shared": {"value": false, "score": 4.172325134277344e-07}}, "references": [{"label": "[28]", "normalizedForm": "[28]", "refKey": 26}]}, {"type": "software", "software-type": "software", "software-name": {"rawForm": "FlatFIT", "normalizedForm": "FlatFIT", "offsetStart": 163, "offsetEnd": 170}, "context": "In addition to its low time and space complexities, one of the main advantages of PBA compared to the state-of-the-art algorithms, e.g., TwoStack [27], DABA [27], FlatFIT [25], SlickDeque (Non-Inv) [26], and SlideSide (Non-Inv) [29], is that the latter algorithms cannot use additional threads to get performance gains, i.e., computing intermediate results in parallel.", "mentionContextAttributes": {"used": {"value": false, "score": 0.0107308030128479}, "created": {"value": false, "score": 9.357929229736328e-06}, "shared": {"value": false, "score": 8.940696716308594e-07}}, "documentContextAttributes": {"used": {"value": false, "score": 0.013151347637176514}, "created": {"value": false, "score": 0.0005013346672058105}, "shared": {"value": false, "score": 8.940696716308594e-07}}, "references": [{"label": "[25]", "normalizedForm": "[25]", "refKey": 23, "offsetStart": 13843, "offsetEnd": 13847}]}, {"type": "software", "software-type": "software", "software-name": {"rawForm": "SlickDeque", "normalizedForm": "SlickDeque", "offsetStart": 163, "offsetEnd": 173}, "context": "As shown in Table 1, which contains complexity analysis of PBA described in Section 4.4, PBA is the best for time and space complexity, except the comparison with SlickDeque in amortized time.", "mentionContextAttributes": {"used": {"value": false, "score": 0.0036457180976867676}, "created": {"value": false, "score": 9.47713851928711e-06}, "shared": {"value": false, "score": 1.7881393432617188e-07}}, "documentContextAttributes": {"used": {"value": true, "score": 0.9962450265884399}, "created": {"value": false, "score": 0.0005013346672058105}, "shared": {"value": false, "score": 8.940696716308594e-07}}}, {"type": "software", "software-type": "software", "software-name": {"rawForm": "SlickDeque", "normalizedForm": "SlickDeque", "offsetStart": 165, "offsetEnd": 175}, "context": "As it can be observed, PBA has the overall best latency results in terms of all statistical summaries, especially for the Max and Std metrics shown in Table 2 and3  SlickDeque has almost the same latency as TwoStack for Avg, but much better than TwoStack for Max and Std.", "mentionContextAttributes": {"used": {"value": false, "score": 0.09311598539352417}, "created": {"value": false, "score": 1.9669532775878906e-06}, "shared": {"value": false, "score": 1.7881393432617188e-07}}, "documentContextAttributes": {"used": {"value": true, "score": 0.9962450265884399}, "created": {"value": false, "score": 0.0005013346672058105}, "shared": {"value": false, "score": 8.940696716308594e-07}}}, {"type": "software", "software-type": "software", "software-name": {"rawForm": "SlickDeque", "normalizedForm": "SlickDeque", "offsetStart": 177, "offsetEnd": 187}, "context": "In addition to its low time and space complexities, one of the main advantages of PBA compared to the state-of-the-art algorithms, e.g., TwoStack [27], DABA [27], FlatFIT [25], SlickDeque (Non-Inv) [26], and SlideSide (Non-Inv) [29], is that the latter algorithms cannot use additional threads to get performance gains, i.e., computing intermediate results in parallel.", "mentionContextAttributes": {"used": {"value": false, "score": 0.0107308030128479}, "created": {"value": false, "score": 9.357929229736328e-06}, "shared": {"value": false, "score": 8.940696716308594e-07}}, "documentContextAttributes": {"used": {"value": true, "score": 0.9962450265884399}, "created": {"value": false, "score": 0.0005013346672058105}, "shared": {"value": false, "score": 8.940696716308594e-07}}}, {"type": "software", "software-type": "software", "software-name": {"rawForm": "TwoStack", "normalizedForm": "TwoStack", "offsetStart": 184, "offsetEnd": 192}, "context": "Our throughput results for this case are shown in Fig. 4. PBA shows the best throughput with large window sizes, and SBA (the sequential version of PBA) shows a higher throughput than TwoStack and SlickDeque, even for small window sizes.", "mentionContextAttributes": {"used": {"value": true, "score": 0.9962450265884399}, "created": {"value": false, "score": 6.735324859619141e-06}, "shared": {"value": false, "score": 2.980232238769531e-07}}, "documentContextAttributes": {"used": {"value": true, "score": 0.9962450265884399}, "created": {"value": false, "score": 0.0005013346672058105}, "shared": {"value": false, "score": 1.3709068298339844e-06}}}, {"type": "software", "software-type": "software", "software-name": {"rawForm": "MomentSketch", "normalizedForm": "MomentSketch", "offsetStart": 184, "offsetEnd": 196}, "context": "The workload consists in: (i) computing the aggregation Max over count-based windows with a slide of 1 and ranges of 2 13 and 2 14 respectively, and (ii) computing the aggregation MS (MomentSketch) over time-based windows with a slide of 1 second (containing around 100 streaming values) and ranges of 1 and 2 hours respectively.", "mentionContextAttributes": {"used": {"value": false, "score": 0.18935883045196533}, "created": {"value": false, "score": 1.4901161193847656e-06}, "shared": {"value": false, "score": 4.172325134277344e-07}}, "documentContextAttributes": {"used": {"value": false, "score": 0.26196831464767456}, "created": {"value": false, "score": 4.112720489501953e-06}, "shared": {"value": false, "score": 4.172325134277344e-07}}}, {"type": "software", "software-type": "software", "software-name": {"rawForm": "TwoStack", "normalizedForm": "TwoStack", "offsetStart": 192, "offsetEnd": 200}, "context": "Note that, although DABA [27] has a constant time complexity in the worst case, it does not show a better performance result compared to SlickDeque in terms of throughput and latency [26], or TwoStack in terms of throughput [27]. ", "mentionContextAttributes": {"used": {"value": false, "score": 0.013668596744537354}, "created": {"value": false, "score": 7.927417755126953e-06}, "shared": {"value": false, "score": 2.980232238769531e-07}}, "documentContextAttributes": {"used": {"value": true, "score": 0.9962450265884399}, "created": {"value": false, "score": 0.0005013346672058105}, "shared": {"value": false, "score": 1.3709068298339844e-06}}}, {"type": "software", "software-type": "software", "software-name": {"rawForm": "SlickDeque", "normalizedForm": "SlickDeque", "offsetStart": 197, "offsetEnd": 207}, "context": "Our throughput results for this case are shown in Fig. 4. PBA shows the best throughput with large window sizes, and SBA (the sequential version of PBA) shows a higher throughput than TwoStack and SlickDeque, even for small window sizes.", "mentionContextAttributes": {"used": {"value": true, "score": 0.9962450265884399}, "created": {"value": false, "score": 6.735324859619141e-06}, "shared": {"value": false, "score": 2.980232238769531e-07}}, "documentContextAttributes": {"used": {"value": true, "score": 0.9962450265884399}, "created": {"value": false, "score": 0.0005013346672058105}, "shared": {"value": false, "score": 8.940696716308594e-07}}}, {"type": "software", "software-type": "software", "software-name": {"rawForm": "TwoStack", "normalizedForm": "TwoStack", "offsetStart": 207, "offsetEnd": 215}, "context": "As it can be observed, PBA has the overall best latency results in terms of all statistical summaries, especially for the Max and Std metrics shown in Table 2 and3  SlickDeque has almost the same latency as TwoStack for Avg, but much better than TwoStack for Max and Std.", "mentionContextAttributes": {"used": {"value": false, "score": 0.09311598539352417}, "created": {"value": false, "score": 1.9669532775878906e-06}, "shared": {"value": false, "score": 1.7881393432617188e-07}}, "documentContextAttributes": {"used": {"value": true, "score": 0.9962450265884399}, "created": {"value": false, "score": 0.0005013346672058105}, "shared": {"value": false, "score": 1.3709068298339844e-06}}}, {"type": "software", "software-type": "software", "software-name": {"rawForm": "SlideSide", "normalizedForm": "SlideSide", "offsetStart": 208, "offsetEnd": 217}, "context": "In addition to its low time and space complexities, one of the main advantages of PBA compared to the state-of-the-art algorithms, e.g., TwoStack [27], DABA [27], FlatFIT [25], SlickDeque (Non-Inv) [26], and SlideSide (Non-Inv) [29], is that the latter algorithms cannot use additional threads to get performance gains, i.e., computing intermediate results in parallel.", "mentionContextAttributes": {"used": {"value": false, "score": 0.0107308030128479}, "created": {"value": false, "score": 9.357929229736328e-06}, "shared": {"value": false, "score": 8.940696716308594e-07}}, "documentContextAttributes": {"used": {"value": false, "score": 0.0107308030128479}, "created": {"value": false, "score": 0.0005013346672058105}, "shared": {"value": false, "score": 8.940696716308594e-07}}}, {"type": "software", "software-type": "software", "software-name": {"rawForm": "TwoStack", "normalizedForm": "TwoStack", "offsetStart": 246, "offsetEnd": 254}, "context": "As it can be observed, PBA has the overall best latency results in terms of all statistical summaries, especially for the Max and Std metrics shown in Table 2 and3  SlickDeque has almost the same latency as TwoStack for Avg, but much better than TwoStack for Max and Std.", "mentionContextAttributes": {"used": {"value": false, "score": 0.09311598539352417}, "created": {"value": false, "score": 1.9669532775878906e-06}, "shared": {"value": false, "score": 1.7881393432617188e-07}}, "documentContextAttributes": {"used": {"value": true, "score": 0.9962450265884399}, "created": {"value": false, "score": 0.0005013346672058105}, "shared": {"value": false, "score": 1.3709068298339844e-06}}}, {"type": "software", "software-type": "software", "software-name": {"rawForm": "FlatFAT", "normalizedForm": "FlatFAT", "offsetStart": 275, "offsetEnd": 282}, "context": "The idea is to replace the array structure of \ud835\udc59\ud835\udc50\ud835\udc60 buffers with a tree structure, where each leaf node stores a slice aggregation and any intermediate node stores partial aggregation of all its children (e.g., in the spirit of the array-based binary heap implementation of FlatFAT). ", "mentionContextAttributes": {"used": {"value": false, "score": 0.00015926361083984375}, "created": {"value": false, "score": 0.2957462668418884}, "shared": {"value": false, "score": 4.172325134277344e-07}}, "documentContextAttributes": {"used": {"value": false, "score": 0.027461647987365723}, "created": {"value": false, "score": 0.2957462668418884}, "shared": {"value": false, "score": 4.172325134277344e-07}}, "references": [{"label": "[28]", "normalizedForm": "[28]", "refKey": 26}]}], "references": [{"refKey": 23, "tei": "<biblStruct xml:id=\"b23\">\n\t<analytic>\n\t\t<title level=\"a\" type=\"main\">FlatFIT: Accelerated Incremental Sliding-Window Aggregation For Real-Time Analytics</title>\n\t\t<author>\n\t\t\t<persName><forename type=\"first\">U</forename><surname>Anatoli</surname></persName>\n\t\t</author>\n\t\t<author>\n\t\t\t<persName><forename type=\"first\">Panos</forename><forename type=\"middle\">K</forename><surname>Shein</surname></persName>\n\t\t</author>\n\t\t<author>\n\t\t\t<persName><forename type=\"first\">Alexandros</forename><surname>Chrysanthis</surname></persName>\n\t\t</author>\n\t\t<author>\n\t\t\t<persName><surname>Labrinidis</surname></persName>\n\t\t</author>\n\t</analytic>\n\t<monogr>\n\t\t<title level=\"m\">SSDBM</title>\n\t\t<imprint>\n\t\t\t<date>2017</date>\n\t\t</imprint>\n\t</monogr>\n</biblStruct>\n"}, {"refKey": 4, "tei": "<biblStruct xml:id=\"b4\">\n\t<analytic>\n\t\t<title level=\"a\" type=\"main\">State management in Apache Flink\u00ae</title>\n\t\t<author>\n\t\t\t<persName><forename type=\"first\">Paris</forename><surname>Carbone</surname></persName>\n\t\t</author>\n\t\t<author>\n\t\t\t<persName><forename type=\"first\">Stephan</forename><surname>Ewen</surname></persName>\n\t\t</author>\n\t\t<author>\n\t\t\t<persName><forename type=\"first\">Gyula</forename><surname>F\u00f3ra</surname></persName>\n\t\t</author>\n\t\t<author>\n\t\t\t<persName><forename type=\"first\">Seif</forename><surname>Haridi</surname></persName>\n\t\t</author>\n\t\t<author>\n\t\t\t<persName><forename type=\"first\">Stefan</forename><surname>Richter</surname></persName>\n\t\t</author>\n\t\t<author>\n\t\t\t<persName><forename type=\"first\">Kostas</forename><surname>Tzoumas</surname></persName>\n\t\t</author>\n\t\t<idno type=\"DOI\">10.14778/3137765.3137777</idno>\n\t</analytic>\n\t<monogr>\n\t\t<title level=\"j\">Proceedings of the VLDB Endowment</title>\n\t\t<title level=\"j\" type=\"abbrev\">Proc. VLDB Endow.</title>\n\t\t<idno type=\"ISSN\">2150-8097</idno>\n\t\t<imprint>\n\t\t\t<biblScope unit=\"volume\">10</biblScope>\n\t\t\t<biblScope unit=\"issue\">12</biblScope>\n\t\t\t<biblScope unit=\"page\" from=\"1718\" to=\"1729\" />\n\t\t\t<date type=\"published\" when=\"2017-08\">2015. 2015</date>\n\t\t\t<publisher>Association for Computing Machinery (ACM)</publisher>\n\t\t</imprint>\n\t</monogr>\n</biblStruct>\n"}, {"refKey": 2, "tei": "<biblStruct xml:id=\"b2\">\n\t<monogr>\n\t\t<title/>\n\t\t<author>\n\t\t\t<persName><forename type=\"first\">Apache</forename><surname>Flink</surname></persName>\n\t\t</author>\n\t\t<imprint>\n\t\t\t<date>2019</date>\n\t\t</imprint>\n\t</monogr>\n</biblStruct>\n"}, {"refKey": 26, "tei": "<biblStruct xml:id=\"b26\">\n\t<analytic>\n\t\t<title level=\"a\" type=\"main\">General incremental sliding-window aggregation</title>\n\t\t<author>\n\t\t\t<persName><forename type=\"first\">Kanat</forename><surname>Tangwongsan</surname></persName>\n\t\t</author>\n\t\t<author>\n\t\t\t<persName><forename type=\"first\">Martin</forename><surname>Hirzel</surname></persName>\n\t\t</author>\n\t\t<author>\n\t\t\t<persName><forename type=\"first\">Scott</forename><surname>Schneider</surname></persName>\n\t\t</author>\n\t\t<author>\n\t\t\t<persName><forename type=\"first\">Kun-Lung</forename><surname>Wu</surname></persName>\n\t\t</author>\n\t\t<idno type=\"DOI\">10.14778/2752939.2752940</idno>\n\t</analytic>\n\t<monogr>\n\t\t<title level=\"j\">Proceedings of the VLDB Endowment</title>\n\t\t<title level=\"j\" type=\"abbrev\">Proc. VLDB Endow.</title>\n\t\t<idno type=\"ISSN\">2150-8097</idno>\n\t\t<imprint>\n\t\t\t<biblScope unit=\"volume\">8</biblScope>\n\t\t\t<biblScope unit=\"issue\">7</biblScope>\n\t\t\t<biblScope unit=\"page\" from=\"702\" to=\"713\" />\n\t\t\t<date type=\"published\" when=\"2015-02\">2015. 2015</date>\n\t\t\t<publisher>Association for Computing Machinery (ACM)</publisher>\n\t\t</imprint>\n\t</monogr>\n</biblStruct>\n"}], "runtime": 58244, "id": "cbf382626a711fc710fac892a2cd731eb428ebba", "metadata": {"id": "cbf382626a711fc710fac892a2cd731eb428ebba"}, "original_file_path": "../../datalake/Samuel/SOFTware-Sync/data/xml_not_sofctied/log_xml/lirmm-03359490.grobid.tei.xml", "file_name": "lirmm-03359490.grobid.tei.xml"}