{"application": "software-mentions", "version": "0.8.0", "date": "2024-04-12T16:59+0000", "md5": "0CA45E251367E80C0ABA07752C0F7A9D", "mentions": [{"type": "software", "software-type": "software", "software-name": {"rawForm": "TSPred", "normalizedForm": "TSPred", "offsetStart": 0, "offsetEnd": 6}, "version": {"rawForm": "5.1", "normalizedForm": "5.1"}, "publisher": {"rawForm": "Comprehensive", "normalizedForm": "Comprehensive"}, "context": "TSPred is made available as an R-package [19]. ", "mentionContextAttributes": {"used": {"value": false, "score": 7.110834121704102e-05}, "created": {"value": false, "score": 0.006405651569366455}, "shared": {"value": false, "score": 7.569789886474609e-06}}, "documentContextAttributes": {"used": {"value": true, "score": 0.9999948143959045}, "created": {"value": true, "score": 0.9998691082000732}, "shared": {"value": false, "score": 0.0087813138961792}}}, {"type": "software", "software-type": "software", "software-name": {"rawForm": "TSPred", "normalizedForm": "TSPred", "offsetStart": 0, "offsetEnd": 6}, "version": {"rawForm": "5.1", "normalizedForm": "5.1"}, "publisher": {"rawForm": "Comprehensive", "normalizedForm": "Comprehensive"}, "context": "TSPred has three main functionality modules: Preprocessing & Postprocessing, Modeling & Predicting, and Evaluating.", "mentionContextAttributes": {"used": {"value": false, "score": 7.408857345581055e-05}, "created": {"value": false, "score": 0.0023738741874694824}, "shared": {"value": false, "score": 2.980232238769531e-07}}, "documentContextAttributes": {"used": {"value": true, "score": 0.9999948143959045}, "created": {"value": true, "score": 0.9998691082000732}, "shared": {"value": false, "score": 0.0087813138961792}}}, {"type": "software", "software-type": "software", "software-name": {"rawForm": "TSPred", "normalizedForm": "TSPred", "offsetStart": 0, "offsetEnd": 6}, "version": {"rawForm": "5.1", "normalizedForm": "5.1"}, "publisher": {"rawForm": "Comprehensive", "normalizedForm": "Comprehensive"}, "context": "TSPred can integrate the described modules in a workflow, encompassing the five steps described in Section 2. Ultimately, the package provides the means to perform the benchmarking of several prediction models. ", "mentionContextAttributes": {"used": {"value": false, "score": 9.340047836303711e-05}, "created": {"value": false, "score": 0.0035875439643859863}, "shared": {"value": false, "score": 2.980232238769531e-07}}, "documentContextAttributes": {"used": {"value": true, "score": 0.9999948143959045}, "created": {"value": true, "score": 0.9998691082000732}, "shared": {"value": false, "score": 0.0087813138961792}}}, {"type": "software", "software-type": "software", "software-name": {"rawForm": "TSPred", "normalizedForm": "TSPred", "offsetStart": 0, "offsetEnd": 6}, "version": {"rawForm": "5.1", "normalizedForm": "5.1", "offsetStart": 31, "offsetEnd": 34}, "publisher": {"rawForm": "Comprehensive", "normalizedForm": "Comprehensive", "offsetStart": 59, "offsetEnd": 72}, "context": "TSPred is currently in version 5.1 and is available at The Comprehensive R Archive Network (CRAN). ", "mentionContextAttributes": {"used": {"value": false, "score": 0.0007714033126831055}, "created": {"value": false, "score": 0.0011578202247619629}, "shared": {"value": false, "score": 0.0087813138961792}}, "documentContextAttributes": {"used": {"value": true, "score": 0.9999948143959045}, "created": {"value": true, "score": 0.9998691082000732}, "shared": {"value": false, "score": 0.0087813138961792}}}, {"type": "software", "software-type": "software", "software-name": {"rawForm": "TSPred", "normalizedForm": "TSPred", "offsetStart": 0, "offsetEnd": 6}, "version": {"rawForm": "5.1", "normalizedForm": "5.1"}, "publisher": {"rawForm": "Comprehensive", "normalizedForm": "Comprehensive"}, "context": "TSPred is competitive when comparing them to the errors produced by state-of-the-art prediction models adopted by the top-ranked CATS competitors. ", "mentionContextAttributes": {"used": {"value": false, "score": 0.0002963542938232422}, "created": {"value": false, "score": 1.2099742889404297e-05}, "shared": {"value": false, "score": 1.7881393432617188e-07}}, "documentContextAttributes": {"used": {"value": true, "score": 0.9999948143959045}, "created": {"value": true, "score": 0.9998691082000732}, "shared": {"value": false, "score": 0.0087813138961792}}}, {"type": "software", "software-type": "software", "software-name": {"rawForm": "TSPred", "normalizedForm": "TSPred", "offsetStart": 0, "offsetEnd": 6}, "version": {"rawForm": "5.1", "normalizedForm": "5.1"}, "publisher": {"rawForm": "Comprehensive", "normalizedForm": "Comprehensive"}, "context": "TSPred enabled the application of all the different prediction approaches presented in Table 2. ", "mentionContextAttributes": {"used": {"value": false, "score": 0.12427937984466553}, "created": {"value": false, "score": 0.00153428316116333}, "shared": {"value": false, "score": 1.7881393432617188e-07}}, "documentContextAttributes": {"used": {"value": true, "score": 0.9999948143959045}, "created": {"value": true, "score": 0.9998691082000732}, "shared": {"value": false, "score": 0.0087813138961792}}}, {"type": "software", "software-type": "software", "software-name": {"rawForm": "TSPred", "normalizedForm": "TSPred", "offsetStart": 0, "offsetEnd": 6}, "version": {"rawForm": "5.1", "normalizedForm": "5.1"}, "publisher": {"rawForm": "Comprehensive", "normalizedForm": "Comprehensive"}, "context": "TSPred furthers such optimization via the benchmarking of several different prediction setups. ", "mentionContextAttributes": {"used": {"value": false, "score": 0.00010949373245239258}, "created": {"value": false, "score": 1.9252300262451172e-05}, "shared": {"value": false, "score": 1.7881393432617188e-07}}, "documentContextAttributes": {"used": {"value": true, "score": 0.9999948143959045}, "created": {"value": true, "score": 0.9998691082000732}, "shared": {"value": false, "score": 0.0087813138961792}}}, {"type": "software", "software-type": "software", "software-name": {"rawForm": "TSPred", "normalizedForm": "TSPred", "offsetStart": 0, "offsetEnd": 6}, "version": {"rawForm": "5.1", "normalizedForm": "5.1"}, "publisher": {"rawForm": "Comprehensive", "normalizedForm": "Comprehensive"}, "context": "TSPred automatically selected the parameters for all transformation methods.", "mentionContextAttributes": {"used": {"value": true, "score": 0.9999135136604309}, "created": {"value": false, "score": 3.0100345611572266e-05}, "shared": {"value": false, "score": 1.7881393432617188e-07}}, "documentContextAttributes": {"used": {"value": true, "score": 0.9999948143959045}, "created": {"value": true, "score": 0.9998691082000732}, "shared": {"value": false, "score": 0.0087813138961792}}}, {"type": "software", "software-type": "software", "software-name": {"rawForm": "TSPred", "normalizedForm": "TSPred", "offsetStart": 4, "offsetEnd": 10}, "version": {"rawForm": "5.1", "normalizedForm": "5.1"}, "publisher": {"rawForm": "Comprehensive", "normalizedForm": "Comprehensive"}, "context": "The TSPred package includes datasets provided by time series prediction competitions to explore different time series prediction applications. ", "mentionContextAttributes": {"used": {"value": false, "score": 0.0006933212280273438}, "created": {"value": false, "score": 0.004145383834838867}, "shared": {"value": false, "score": 1.7881393432617188e-07}}, "documentContextAttributes": {"used": {"value": true, "score": 0.9999948143959045}, "created": {"value": true, "score": 0.9998691082000732}, "shared": {"value": false, "score": 0.0087813138961792}}}, {"type": "software", "software-type": "software", "software-name": {"rawForm": "TSPred", "normalizedForm": "TSPred", "offsetStart": 9, "offsetEnd": 15}, "version": {"rawForm": "5.1", "normalizedForm": "5.1"}, "publisher": {"rawForm": "Comprehensive", "normalizedForm": "Comprehensive"}, "context": "Besides, TSPred enables user-defined methods, which significantly expands the applicability of the framework.", "mentionContextAttributes": {"used": {"value": false, "score": 2.866983413696289e-05}, "created": {"value": false, "score": 0.1694229245185852}, "shared": {"value": false, "score": 4.172325134277344e-07}}, "documentContextAttributes": {"used": {"value": true, "score": 0.9999948143959045}, "created": {"value": true, "score": 0.9998691082000732}, "shared": {"value": false, "score": 0.0087813138961792}}}, {"type": "software", "software-type": "software", "software-name": {"rawForm": "TSPred", "normalizedForm": "TSPred", "offsetStart": 10, "offsetEnd": 16}, "version": {"rawForm": "5.1", "normalizedForm": "5.1"}, "publisher": {"rawForm": "Comprehensive", "normalizedForm": "Comprehensive"}, "context": "Moreover, TSPred can incorporate the best approaches by defining user-customized methods and benefiting from the broad range of transformation methods.", "mentionContextAttributes": {"used": {"value": false, "score": 2.3663043975830078e-05}, "created": {"value": false, "score": 0.01458662748336792}, "shared": {"value": false, "score": 4.172325134277344e-07}}, "documentContextAttributes": {"used": {"value": true, "score": 0.9999948143959045}, "created": {"value": true, "score": 0.9998691082000732}, "shared": {"value": false, "score": 0.0087813138961792}}}, {"type": "software", "software-type": "software", "software-name": {"rawForm": "TSPred", "normalizedForm": "TSPred", "offsetStart": 17, "offsetEnd": 23}, "version": {"rawForm": "5.1", "normalizedForm": "5.1"}, "publisher": {"rawForm": "Comprehensive", "normalizedForm": "Comprehensive"}, "context": "In Listing 1 the TSPred R-package and the CATS dataset are loaded into the R programming environment. ", "mentionContextAttributes": {"used": {"value": true, "score": 0.8969295024871826}, "created": {"value": false, "score": 5.048513412475586e-05}, "shared": {"value": false, "score": 1.7881393432617188e-07}}, "documentContextAttributes": {"used": {"value": true, "score": 0.9999948143959045}, "created": {"value": true, "score": 0.9998691082000732}, "shared": {"value": false, "score": 0.0087813138961792}}}, {"type": "software", "software-type": "software", "software-name": {"rawForm": "TSPred", "normalizedForm": "TSPred", "offsetStart": 19, "offsetEnd": 25}, "version": {"rawForm": "5.1", "normalizedForm": "5.1"}, "publisher": {"rawForm": "Comprehensive", "normalizedForm": "Comprehensive"}, "context": "Section 3 presents TSPred, while Sections 4 and 5 give empirical results and illustrate its usage.", "mentionContextAttributes": {"used": {"value": false, "score": 0.29787665605545044}, "created": {"value": false, "score": 3.927946090698242e-05}, "shared": {"value": false, "score": 2.980232238769531e-07}}, "documentContextAttributes": {"used": {"value": true, "score": 0.9999948143959045}, "created": {"value": true, "score": 0.9998691082000732}, "shared": {"value": false, "score": 0.0087813138961792}}}, {"type": "software", "software-type": "software", "software-name": {"rawForm": "TSPred", "normalizedForm": "TSPred", "offsetStart": 20, "offsetEnd": 26}, "version": {"rawForm": "5.1", "normalizedForm": "5.1"}, "publisher": {"rawForm": "Comprehensive", "normalizedForm": "Comprehensive"}, "context": "This paper presents TSPred, a framework for nonstationary time series prediction. ", "mentionContextAttributes": {"used": {"value": false, "score": 2.7835369110107422e-05}, "created": {"value": true, "score": 0.9998109340667725}, "shared": {"value": false, "score": 1.7881393432617188e-07}}, "documentContextAttributes": {"used": {"value": true, "score": 0.9999948143959045}, "created": {"value": true, "score": 0.9998691082000732}, "shared": {"value": false, "score": 0.0087813138961792}}}, {"type": "software", "software-type": "software", "software-name": {"rawForm": "TSPred", "normalizedForm": "TSPred", "offsetStart": 21, "offsetEnd": 27}, "version": {"rawForm": "5.1", "normalizedForm": "5.1"}, "publisher": {"rawForm": "Comprehensive", "normalizedForm": "Comprehensive"}, "context": "This paper presented TSPred. ", "mentionContextAttributes": {"used": {"value": true, "score": 0.6845998764038086}, "created": {"value": true, "score": 0.9300800561904907}, "shared": {"value": false, "score": 5.364418029785156e-07}}, "documentContextAttributes": {"used": {"value": true, "score": 0.9999948143959045}, "created": {"value": true, "score": 0.9998691082000732}, "shared": {"value": false, "score": 0.0087813138961792}}}, {"type": "software", "software-type": "software", "software-name": {"rawForm": "TSPred", "normalizedForm": "TSPred", "offsetStart": 25, "offsetEnd": 31}, "version": {"rawForm": "5.1", "normalizedForm": "5.1"}, "publisher": {"rawForm": "Comprehensive", "normalizedForm": "Comprehensive"}, "context": "The features provided by TSPred are shown to be competitive regarding time series prediction accuracy.", "mentionContextAttributes": {"used": {"value": true, "score": 0.536883533000946}, "created": {"value": false, "score": 0.00010865926742553711}, "shared": {"value": false, "score": 1.7881393432617188e-07}}, "documentContextAttributes": {"used": {"value": true, "score": 0.9999948143959045}, "created": {"value": true, "score": 0.9998691082000732}, "shared": {"value": false, "score": 0.0087813138961792}}}, {"type": "software", "software-type": "software", "software-name": {"rawForm": "TSPred", "normalizedForm": "TSPred", "offsetStart": 31, "offsetEnd": 37}, "version": {"rawForm": "5.1", "normalizedForm": "5.1"}, "publisher": {"rawForm": "Comprehensive", "normalizedForm": "Comprehensive"}, "context": "This section gives examples of TSPred usage. ", "mentionContextAttributes": {"used": {"value": false, "score": 0.005330681800842285}, "created": {"value": false, "score": 5.131959915161133e-05}, "shared": {"value": false, "score": 3.159046173095703e-06}}, "documentContextAttributes": {"used": {"value": true, "score": 0.9999948143959045}, "created": {"value": true, "score": 0.9998691082000732}, "shared": {"value": false, "score": 0.0087813138961792}}}, {"type": "software", "software-type": "software", "software-name": {"rawForm": "TSPred", "normalizedForm": "TSPred", "offsetStart": 37, "offsetEnd": 43}, "version": {"rawForm": "5.1", "normalizedForm": "5.1"}, "publisher": {"rawForm": "Comprehensive", "normalizedForm": "Comprehensive"}, "context": "In this context, this paper presents TSPred, a framework for nonstationary time series prediction. ", "mentionContextAttributes": {"used": {"value": false, "score": 2.5451183319091797e-05}, "created": {"value": true, "score": 0.9998691082000732}, "shared": {"value": false, "score": 2.980232238769531e-07}}, "documentContextAttributes": {"used": {"value": true, "score": 0.9999948143959045}, "created": {"value": true, "score": 0.9998691082000732}, "shared": {"value": false, "score": 0.0087813138961792}}}, {"type": "software", "software-type": "software", "software-name": {"rawForm": "TSPred", "normalizedForm": "TSPred", "offsetStart": 52, "offsetEnd": 58}, "version": {"rawForm": "5.1", "normalizedForm": "5.1"}, "publisher": {"rawForm": "Comprehensive", "normalizedForm": "Comprehensive"}, "context": "As presented in Table 3, even using default setups, TSPred prediction results were competitive, featuring in the top-50 ranked prediction results. ", "mentionContextAttributes": {"used": {"value": true, "score": 0.9998819231987}, "created": {"value": false, "score": 1.3649463653564453e-05}, "shared": {"value": false, "score": 1.7881393432617188e-07}}, "documentContextAttributes": {"used": {"value": true, "score": 0.9999948143959045}, "created": {"value": true, "score": 0.9998691082000732}, "shared": {"value": false, "score": 0.0087813138961792}}}, {"type": "software", "software-type": "software", "software-name": {"rawForm": "TSPred", "normalizedForm": "TSPred", "offsetStart": 53, "offsetEnd": 59}, "version": {"rawForm": "5.1", "normalizedForm": "5.1"}, "publisher": {"rawForm": "Comprehensive", "normalizedForm": "Comprehensive"}, "context": "For more implementation details, please refer to the TSPred documentation [19].", "mentionContextAttributes": {"used": {"value": false, "score": 0.04441487789154053}, "created": {"value": false, "score": 0.0005432367324829102}, "shared": {"value": false, "score": 1.1324882507324219e-06}}, "documentContextAttributes": {"used": {"value": true, "score": 0.9999948143959045}, "created": {"value": true, "score": 0.9998691082000732}, "shared": {"value": false, "score": 0.0087813138961792}}}, {"type": "software", "software-type": "software", "software-name": {"rawForm": "TSPred", "normalizedForm": "TSPred", "offsetStart": 55, "offsetEnd": 61}, "version": {"rawForm": "5.1", "normalizedForm": "5.1"}, "publisher": {"rawForm": "Comprehensive", "normalizedForm": "Comprehensive"}, "context": "The same prediction experiment was performed using the TSPred package and its implemented resources.  [18]. ", "mentionContextAttributes": {"used": {"value": true, "score": 0.9999948143959045}, "created": {"value": false, "score": 4.404783248901367e-05}, "shared": {"value": false, "score": 1.7881393432617188e-07}}, "documentContextAttributes": {"used": {"value": true, "score": 0.9999948143959045}, "created": {"value": true, "score": 0.9998691082000732}, "shared": {"value": false, "score": 0.0087813138961792}}}, {"type": "software", "software-type": "software", "software-name": {"rawForm": "TSPred", "normalizedForm": "TSPred", "offsetStart": 61, "offsetEnd": 67}, "version": {"rawForm": "5.1", "normalizedForm": "5.1"}, "publisher": {"rawForm": "Comprehensive", "normalizedForm": "Comprehensive"}, "context": "Besides the CATS time series, we present results obtained by TSPred over a time series dataset drawn from the M5 Accuracy competition held in 2020 [13].", "mentionContextAttributes": {"used": {"value": true, "score": 0.9997003078460693}, "created": {"value": false, "score": 0.0004450678825378418}, "shared": {"value": false, "score": 1.7881393432617188e-07}}, "documentContextAttributes": {"used": {"value": true, "score": 0.9999948143959045}, "created": {"value": true, "score": 0.9998691082000732}, "shared": {"value": false, "score": 0.0087813138961792}}}, {"type": "software", "software-type": "software", "software-name": {"rawForm": "TSPred", "normalizedForm": "TSPred", "offsetStart": 64, "offsetEnd": 70}, "version": {"rawForm": "5.1", "normalizedForm": "5.1"}, "publisher": {"rawForm": "Comprehensive", "normalizedForm": "Comprehensive"}, "context": "Table 3 presents some of the best evaluated results obtained by TSPred on the adopted M5 time series dataset.", "mentionContextAttributes": {"used": {"value": true, "score": 0.999926745891571}, "created": {"value": false, "score": 9.715557098388672e-06}, "shared": {"value": false, "score": 1.7881393432617188e-07}}, "documentContextAttributes": {"used": {"value": true, "score": 0.9999948143959045}, "created": {"value": true, "score": 0.9998691082000732}, "shared": {"value": false, "score": 0.0087813138961792}}}, {"type": "software", "software-type": "software", "software-name": {"rawForm": "TSPred", "normalizedForm": "TSPred", "offsetStart": 73, "offsetEnd": 79}, "version": {"rawForm": "5.1", "normalizedForm": "5.1"}, "publisher": {"rawForm": "Comprehensive", "normalizedForm": "Comprehensive"}, "context": "The prediction of the selected M5 time series dataset was performed with TSPred, using both MLM models (NNET, ELM, SVM, CNN, LSTM) and statistical models (ETS, ARIMA).We adopted a rolling origin scheme and one-stepahead predictions for all adopted prediction models for a more robust evaluation.", "mentionContextAttributes": {"used": {"value": true, "score": 0.9999792575836182}, "created": {"value": false, "score": 4.172325134277344e-06}, "shared": {"value": false, "score": 2.384185791015625e-07}}, "documentContextAttributes": {"used": {"value": true, "score": 0.9999948143959045}, "created": {"value": true, "score": 0.9998691082000732}, "shared": {"value": false, "score": 0.0087813138961792}}}, {"type": "software", "software-type": "software", "software-name": {"rawForm": "TSPred", "normalizedForm": "TSPred", "offsetStart": 82, "offsetEnd": 88}, "version": {"rawForm": "5.1", "normalizedForm": "5.1"}, "publisher": {"rawForm": "Comprehensive", "normalizedForm": "Comprehensive"}, "context": "The implementation of user-defined methods is done by extending the subclasses of TSPred. ", "mentionContextAttributes": {"used": {"value": false, "score": 0.0006072521209716797}, "created": {"value": false, "score": 0.03400963544845581}, "shared": {"value": false, "score": 1.1920928955078125e-07}}, "documentContextAttributes": {"used": {"value": true, "score": 0.9999948143959045}, "created": {"value": true, "score": 0.9998691082000732}, "shared": {"value": false, "score": 0.0087813138961792}}}, {"type": "software", "software-type": "software", "software-name": {"rawForm": "TSPred", "normalizedForm": "TSPred", "offsetStart": 83, "offsetEnd": 89}, "version": {"rawForm": "5.1", "normalizedForm": "5.1"}, "publisher": {"rawForm": "Comprehensive", "normalizedForm": "Comprehensive"}, "context": "It is important to remark that although providing several pre-implemented options, TSPred design enables the user to define and apply customized time series prediction methods.", "mentionContextAttributes": {"used": {"value": false, "score": 2.1696090698242188e-05}, "created": {"value": false, "score": 0.20450866222381592}, "shared": {"value": false, "score": 2.384185791015625e-07}}, "documentContextAttributes": {"used": {"value": true, "score": 0.9999948143959045}, "created": {"value": true, "score": 0.9998691082000732}, "shared": {"value": false, "score": 0.0087813138961792}}}, {"type": "software", "software-type": "software", "software-name": {"rawForm": "TSPred", "normalizedForm": "TSPred", "offsetStart": 86, "offsetEnd": 92}, "version": {"rawForm": "5.1", "normalizedForm": "5.1"}, "publisher": {"rawForm": "Comprehensive", "normalizedForm": "Comprehensive"}, "context": "Several benchmark datasets from time series prediction competitions come bundled with TSPred, enabling users to practice data transformation and prediction methods, gaining confidence in the developed prediction models. ", "mentionContextAttributes": {"used": {"value": false, "score": 8.702278137207031e-05}, "created": {"value": false, "score": 0.0032810568809509277}, "shared": {"value": false, "score": 1.1920928955078125e-07}}, "documentContextAttributes": {"used": {"value": true, "score": 0.9999948143959045}, "created": {"value": true, "score": 0.9998691082000732}, "shared": {"value": false, "score": 0.0087813138961792}}}, {"type": "software", "software-type": "software", "software-name": {"rawForm": "TSPred", "normalizedForm": "TSPred", "offsetStart": 90, "offsetEnd": 96}, "version": {"rawForm": "5.1", "normalizedForm": "5.1"}, "publisher": {"rawForm": "Comprehensive", "normalizedForm": "Comprehensive"}, "context": "All other parameters required by the models and the data transform were duly estimated by TSPred, resulting in more optimized prediction results. ", "mentionContextAttributes": {"used": {"value": true, "score": 0.9999895095825195}, "created": {"value": false, "score": 1.8358230590820312e-05}, "shared": {"value": false, "score": 1.1920928955078125e-07}}, "documentContextAttributes": {"used": {"value": true, "score": 0.9999948143959045}, "created": {"value": true, "score": 0.9998691082000732}, "shared": {"value": false, "score": 0.0087813138961792}}}], "references": [{"refKey": 19, "tei": "<biblStruct xml:id=\"b19\">\n\t<monogr>\n\t\t<author>\n\t\t\t<persName><forename type=\"first\">R</forename><forename type=\"middle\">P</forename><surname>Salles</surname></persName>\n\t\t</author>\n\t\t<author>\n\t\t\t<persName><forename type=\"first\">E</forename><surname>Ogasawara</surname></persName>\n\t\t</author>\n\t\t<title level=\"m\">TSPred: Functions for Benchmarking Time Series Prediction</title>\n\t\t<imprint>\n\t\t\t<date>2021</date>\n\t\t</imprint>\n\t</monogr>\n</biblStruct>\n"}], "runtime": 57952, "id": "2aa5a6d93aca7ba60b4a4bedc1c6e5ea5708b2d3", "metadata": {"id": "2aa5a6d93aca7ba60b4a4bedc1c6e5ea5708b2d3"}, "original_file_path": "../../datalake/Samuel/SOFTware-Sync/data/xml_not_sofctied/lirmm-03452170.grobid.tei.xml", "file_name": "lirmm-03452170.grobid.tei.xml"}