{"application": "software-mentions", "version": "0.8.0", "date": "2024-04-12T17:07+0000", "md5": "3FA4057237D66134AD949367927E6ECC", "mentions": [{"type": "software", "software-type": "software", "software-name": {"rawForm": "InteGraal", "normalizedForm": "InteGraal", "offsetStart": 0, "offsetEnd": 9}, "url": {"rawForm": "gitlab.inria.fr/rules/integraal", "normalizedForm": "gitlab.inria.fr/rules/integraal"}, "language": {"rawForm": "Java", "normalizedForm": "Java"}, "context": "InteGraal is a highly modular tool constituted by two main components. ", "mentionContextAttributes": {"used": {"value": false, "score": 3.260374069213867e-05}, "created": {"value": false, "score": 0.15952014923095703}, "shared": {"value": false, "score": 5.364418029785156e-07}}, "documentContextAttributes": {"used": {"value": false, "score": 0.008048653602600098}, "created": {"value": true, "score": 0.9999259114265442}, "shared": {"value": true, "score": 0.9005241394042969}}}, {"type": "software", "software-type": "software", "software-name": {"rawForm": "InteGraal", "normalizedForm": "InteGraal", "offsetStart": 0, "offsetEnd": 9}, "url": {"rawForm": "gitlab.inria.fr/rules/integraal", "normalizedForm": "gitlab.inria.fr/rules/integraal", "offsetStart": 47, "offsetEnd": 78}, "language": {"rawForm": "Java", "normalizedForm": "Java", "wikidataId": "Q251", "offsetStart": 47, "offsetEnd": 51}, "context": "InteGraal is an open source tool available at (gitlab.inria.fr/rules/integraal). ", "mentionContextAttributes": {"used": {"value": false, "score": 0.00011450052261352539}, "created": {"value": false, "score": 0.00010484457015991211}, "shared": {"value": true, "score": 0.9005241394042969}}, "documentContextAttributes": {"used": {"value": false, "score": 0.008048653602600098}, "created": {"value": true, "score": 0.9999259114265442}, "shared": {"value": true, "score": 0.9005241394042969}}}, {"type": "software", "software-type": "software", "software-name": {"rawForm": "InteGraal", "normalizedForm": "InteGraal", "offsetStart": 0, "offsetEnd": 9}, "url": {"rawForm": "gitlab.inria.fr/rules/integraal", "normalizedForm": "gitlab.inria.fr/rules/integraal"}, "language": {"rawForm": "Java", "normalizedForm": "Java"}, "context": "InteGraal is the only system considering a framework for integrating and reasoning on data which englobes that of FQA, OBDA, and OMQA. ", "mentionContextAttributes": {"used": {"value": false, "score": 4.7147274017333984e-05}, "created": {"value": false, "score": 0.0018787980079650879}, "shared": {"value": false, "score": 2.980232238769531e-07}}, "documentContextAttributes": {"used": {"value": false, "score": 0.008048653602600098}, "created": {"value": true, "score": 0.9999259114265442}, "shared": {"value": true, "score": 0.9005241394042969}}}, {"type": "software", "software-type": "software", "software-name": {"rawForm": "InteGraal", "normalizedForm": "InteGraal", "offsetStart": 0, "offsetEnd": 9}, "url": {"rawForm": "gitlab.inria.fr/rules/integraal", "normalizedForm": "gitlab.inria.fr/rules/integraal"}, "language": {"rawForm": "Java", "normalizedForm": "Java"}, "context": "InteGraal has a generic and extensible architecture. ", "mentionContextAttributes": {"used": {"value": false, "score": 0.0001316070556640625}, "created": {"value": false, "score": 0.03494668006896973}, "shared": {"value": false, "score": 6.556510925292969e-07}}, "documentContextAttributes": {"used": {"value": false, "score": 0.008048653602600098}, "created": {"value": true, "score": 0.9999259114265442}, "shared": {"value": true, "score": 0.9005241394042969}}}, {"type": "software", "software-type": "software", "software-name": {"rawForm": "InteGraal", "normalizedForm": "InteGraal", "offsetStart": 0, "offsetEnd": 9}, "url": {"rawForm": "gitlab.inria.fr/rules/integraal", "normalizedForm": "gitlab.inria.fr/rules/integraal"}, "language": {"rawForm": "Java", "normalizedForm": "Java"}, "context": "InteGraal provides support for very heterogeneous data through a generic integration module which allows users to integrate multiple type of sources. ", "mentionContextAttributes": {"used": {"value": false, "score": 2.3305416107177734e-05}, "created": {"value": false, "score": 0.0018135905265808105}, "shared": {"value": false, "score": 3.993511199951172e-06}}, "documentContextAttributes": {"used": {"value": false, "score": 0.008048653602600098}, "created": {"value": true, "score": 0.9999259114265442}, "shared": {"value": true, "score": 0.9005241394042969}}}, {"type": "software", "software-type": "software", "software-name": {"rawForm": "InteGraal", "normalizedForm": "InteGraal", "offsetStart": 0, "offsetEnd": 9}, "url": {"rawForm": "gitlab.inria.fr/rules/integraal", "normalizedForm": "gitlab.inria.fr/rules/integraal"}, "language": {"rawForm": "Java", "normalizedForm": "Java"}, "context": "InteGraal provides a relevant collection of algorithmic strategies for storing, integrating, querying, and reasoning on data. ", "mentionContextAttributes": {"used": {"value": false, "score": 2.1159648895263672e-05}, "created": {"value": false, "score": 0.029912292957305908}, "shared": {"value": false, "score": 2.980232238769531e-07}}, "documentContextAttributes": {"used": {"value": false, "score": 0.008048653602600098}, "created": {"value": true, "score": 0.9999259114265442}, "shared": {"value": true, "score": 0.9005241394042969}}}, {"type": "software", "software-type": "software", "software-name": {"rawForm": "InteGraal", "normalizedForm": "InteGraal", "offsetStart": 0, "offsetEnd": 9}, "url": {"rawForm": "gitlab.inria.fr/rules/integraal", "normalizedForm": "gitlab.inria.fr/rules/integraal"}, "language": {"rawForm": "Java", "normalizedForm": "Java"}, "context": "InteGraal provides two alternative strategies for this task. ", "mentionContextAttributes": {"used": {"value": false, "score": 6.16908073425293e-05}, "created": {"value": false, "score": 0.008938431739807129}, "shared": {"value": false, "score": 4.172325134277344e-07}}, "documentContextAttributes": {"used": {"value": false, "score": 0.008048653602600098}, "created": {"value": true, "score": 0.9999259114265442}, "shared": {"value": true, "score": 0.9005241394042969}}}, {"type": "software", "software-type": "software", "software-name": {"rawForm": "InteGraal", "normalizedForm": "InteGraal", "offsetStart": 0, "offsetEnd": 9}, "url": {"rawForm": "gitlab.inria.fr/rules/integraal", "normalizedForm": "gitlab.inria.fr/rules/integraal"}, "language": {"rawForm": "Java", "normalizedForm": "Java"}, "context": "InteGraal is a major revision of the Graal tool for reasoning with existential rules [5].", "mentionContextAttributes": {"used": {"value": false, "score": 3.6656856536865234e-05}, "created": {"value": false, "score": 0.000646054744720459}, "shared": {"value": false, "score": 1.7881393432617188e-07}}, "documentContextAttributes": {"used": {"value": false, "score": 0.008048653602600098}, "created": {"value": true, "score": 0.9999259114265442}, "shared": {"value": true, "score": 0.9005241394042969}}}, {"type": "software", "software-type": "software", "software-name": {"rawForm": "InteGraal", "normalizedForm": "InteGraal", "offsetStart": 0, "offsetEnd": 9}, "url": {"rawForm": "gitlab.inria.fr/rules/integraal", "normalizedForm": "gitlab.inria.fr/rules/integraal"}, "language": {"rawForm": "Java", "normalizedForm": "Java"}, "context": "InteGraal is an open source project consisting of 25K lines of Java code.", "mentionContextAttributes": {"used": {"value": false, "score": 0.00020575523376464844}, "created": {"value": false, "score": 0.0005439519882202148}, "shared": {"value": false, "score": 0.0015468001365661621}}, "documentContextAttributes": {"used": {"value": false, "score": 0.008048653602600098}, "created": {"value": true, "score": 0.9999259114265442}, "shared": {"value": true, "score": 0.9005241394042969}}}, {"type": "software", "software-type": "software", "software-name": {"rawForm": "InteGraal", "normalizedForm": "InteGraal", "offsetStart": 15, "offsetEnd": 24}, "url": {"rawForm": "gitlab.inria.fr/rules/integraal", "normalizedForm": "gitlab.inria.fr/rules/integraal"}, "language": {"rawForm": "Java", "normalizedForm": "Java"}, "context": "In a nutshell, InteGraal supports both the mediation and the warehousing approach for handling views and enables the use of proper combinations of these approaches. ", "mentionContextAttributes": {"used": {"value": false, "score": 5.835294723510742e-05}, "created": {"value": false, "score": 0.0067046284675598145}, "shared": {"value": false, "score": 1.0132789611816406e-06}}, "documentContextAttributes": {"used": {"value": false, "score": 0.008048653602600098}, "created": {"value": true, "score": 0.9999259114265442}, "shared": {"value": true, "score": 0.9005241394042969}}}, {"type": "software", "software-type": "software", "software-name": {"rawForm": "InteGraal", "normalizedForm": "InteGraal", "offsetStart": 15, "offsetEnd": 24}, "url": {"rawForm": "gitlab.inria.fr/rules/integraal", "normalizedForm": "gitlab.inria.fr/rules/integraal"}, "language": {"rawForm": "Java", "normalizedForm": "Java"}, "context": "In a nutshell, InteGraal provides a large set of saturation and rewriting techniques for existential rules, and enables the use of proper combinations of these approaches.", "mentionContextAttributes": {"used": {"value": false, "score": 2.187490463256836e-05}, "created": {"value": false, "score": 0.002863287925720215}, "shared": {"value": false, "score": 1.7881393432617188e-07}}, "documentContextAttributes": {"used": {"value": false, "score": 0.008048653602600098}, "created": {"value": true, "score": 0.9999259114265442}, "shared": {"value": true, "score": 0.9005241394042969}}}, {"type": "software", "software-type": "software", "software-name": {"rawForm": "InteGraal", "normalizedForm": "InteGraal", "offsetStart": 18, "offsetEnd": 27}, "url": {"rawForm": "gitlab.inria.fr/rules/integraal", "normalizedForm": "gitlab.inria.fr/rules/integraal"}, "language": {"rawForm": "Java", "normalizedForm": "Java"}, "context": "In light of this, InteGraal has been designed with genericity in mind thereby making the tool able to adapt to very different applicative scenarios. ", "mentionContextAttributes": {"used": {"value": false, "score": 2.9385089874267578e-05}, "created": {"value": true, "score": 0.9783244132995605}, "shared": {"value": false, "score": 5.364418029785156e-07}}, "documentContextAttributes": {"used": {"value": false, "score": 0.008048653602600098}, "created": {"value": true, "score": 0.9999259114265442}, "shared": {"value": true, "score": 0.9005241394042969}}}, {"type": "software", "software-type": "software", "software-name": {"rawForm": "InteGraal", "normalizedForm": "InteGraal", "offsetStart": 23, "offsetEnd": 32}, "url": {"rawForm": "gitlab.inria.fr/rules/integraal", "normalizedForm": "gitlab.inria.fr/rules/integraal"}, "language": {"rawForm": "Java", "normalizedForm": "Java"}, "context": "This includes a native InteGraal in-memory implementation of a graph database, as well as a local RDBMs or a local Triplestore system. ", "mentionContextAttributes": {"used": {"value": false, "score": 0.00044673681259155273}, "created": {"value": false, "score": 0.00022554397583007812}, "shared": {"value": false, "score": 2.980232238769531e-07}}, "documentContextAttributes": {"used": {"value": false, "score": 0.008048653602600098}, "created": {"value": true, "score": 0.9999259114265442}, "shared": {"value": true, "score": 0.9005241394042969}}}, {"type": "software", "software-type": "software", "software-name": {"rawForm": "InteGraal", "normalizedForm": "InteGraal", "offsetStart": 26, "offsetEnd": 35}, "url": {"rawForm": "gitlab.inria.fr/rules/integraal", "normalizedForm": "gitlab.inria.fr/rules/integraal"}, "language": {"rawForm": "Java", "normalizedForm": "Java"}, "context": "We propose to demonstrate InteGraal, a tool for reasoning over heterogeneous and federated data sources. ", "mentionContextAttributes": {"used": {"value": false, "score": 0.00014281272888183594}, "created": {"value": true, "score": 0.9999259114265442}, "shared": {"value": false, "score": 2.980232238769531e-07}}, "documentContextAttributes": {"used": {"value": false, "score": 0.008048653602600098}, "created": {"value": true, "score": 0.9999259114265442}, "shared": {"value": true, "score": 0.9005241394042969}}}, {"type": "software", "software-type": "software", "software-name": {"rawForm": "InteGraal", "normalizedForm": "InteGraal", "offsetStart": 32, "offsetEnd": 41}, "url": {"rawForm": "gitlab.inria.fr/rules/integraal", "normalizedForm": "gitlab.inria.fr/rules/integraal"}, "language": {"rawForm": "Java", "normalizedForm": "Java"}, "context": "With respect to its predecessor InteGraal features a completely refactored core model and reasoning algorithms as well as data-integration facilities which were not present in Graal.", "mentionContextAttributes": {"used": {"value": false, "score": 0.00019168853759765625}, "created": {"value": false, "score": 0.0007550716400146484}, "shared": {"value": false, "score": 2.980232238769531e-07}}, "documentContextAttributes": {"used": {"value": false, "score": 0.008048653602600098}, "created": {"value": true, "score": 0.9999259114265442}, "shared": {"value": true, "score": 0.9005241394042969}}}, {"type": "software", "software-type": "software", "software-name": {"rawForm": "InteGraal", "normalizedForm": "InteGraal", "offsetStart": 34, "offsetEnd": 43}, "url": {"rawForm": "gitlab.inria.fr/rules/integraal", "normalizedForm": "gitlab.inria.fr/rules/integraal"}, "language": {"rawForm": "Java", "normalizedForm": "Java"}, "context": "This work proposes to demonstrate InteGraal: a Java tool for integrating and querying heterogeneous and federated data through existential rules knowledge-bases. ", "mentionContextAttributes": {"used": {"value": false, "score": 5.894899368286133e-05}, "created": {"value": true, "score": 0.9999085068702698}, "shared": {"value": false, "score": 2.980232238769531e-07}}, "documentContextAttributes": {"used": {"value": false, "score": 0.008048653602600098}, "created": {"value": true, "score": 0.9999259114265442}, "shared": {"value": true, "score": 0.9005241394042969}}}, {"type": "software", "software-type": "software", "software-name": {"rawForm": "InteGraal", "normalizedForm": "InteGraal", "offsetStart": 44, "offsetEnd": 53}, "url": {"rawForm": "gitlab.inria.fr/rules/integraal", "normalizedForm": "gitlab.inria.fr/rules/integraal"}, "language": {"rawForm": "Java", "normalizedForm": "Java"}, "context": "Depending on the data sources to integrate, InteGraal provides the possibility to choose between materializing the data resulting from a source in the federation or to keep this virtual. ", "mentionContextAttributes": {"used": {"value": false, "score": 7.87973403930664e-05}, "created": {"value": false, "score": 3.0875205993652344e-05}, "shared": {"value": false, "score": 2.384185791015625e-07}}, "documentContextAttributes": {"used": {"value": false, "score": 0.008048653602600098}, "created": {"value": true, "score": 0.9999259114265442}, "shared": {"value": true, "score": 0.9005241394042969}}}, {"type": "software", "software-type": "software", "software-name": {"rawForm": "Mon-goDB", "normalizedForm": "Mon-goDB", "offsetStart": 75, "offsetEnd": 83}, "context": "As described before, for now, the tool supports views over an SQL, SPARQL, Mon-goDB and Web APIs as datasources. ", "mentionContextAttributes": {"used": {"value": false, "score": 7.212162017822266e-05}, "created": {"value": false, "score": 0.07518196105957031}, "shared": {"value": false, "score": 4.088878631591797e-05}}, "documentContextAttributes": {"used": {"value": false, "score": 7.212162017822266e-05}, "created": {"value": false, "score": 0.07518196105957031}, "shared": {"value": false, "score": 4.088878631591797e-05}}}, {"type": "software", "software-type": "software", "software-name": {"rawForm": "InteGraal", "normalizedForm": "InteGraal", "offsetStart": 125, "offsetEnd": 134}, "url": {"rawForm": "gitlab.inria.fr/rules/integraal", "normalizedForm": "gitlab.inria.fr/rules/integraal"}, "language": {"rawForm": "Java", "normalizedForm": "Java"}, "context": "In this section, we formally define KBDM systems as well as the semantics of query answering, which is the ultimate task for InteGraal. ", "mentionContextAttributes": {"used": {"value": false, "score": 0.0002021193504333496}, "created": {"value": true, "score": 0.994636595249176}, "shared": {"value": false, "score": 2.384185791015625e-07}}, "documentContextAttributes": {"used": {"value": false, "score": 0.008048653602600098}, "created": {"value": true, "score": 0.9999259114265442}, "shared": {"value": true, "score": 0.9005241394042969}}}, {"type": "software", "software-type": "software", "software-name": {"rawForm": "InteGraal", "normalizedForm": "InteGraal", "offsetStart": 156, "offsetEnd": 165}, "url": {"rawForm": "gitlab.inria.fr/rules/integraal", "normalizedForm": "gitlab.inria.fr/rules/integraal"}, "language": {"rawForm": "Java", "normalizedForm": "Java"}, "context": "The remainder of the paper is dedicated to the formal definition of KBDM systems in Section 2 as well as a presentation of the architecture and features of InteGraal in Section 3. Section 4 outlines the demonstrating scenario.", "mentionContextAttributes": {"used": {"value": false, "score": 0.008048653602600098}, "created": {"value": false, "score": 0.08085519075393677}, "shared": {"value": false, "score": 3.5762786865234375e-07}}, "documentContextAttributes": {"used": {"value": false, "score": 0.008048653602600098}, "created": {"value": true, "score": 0.9999259114265442}, "shared": {"value": true, "score": 0.9005241394042969}}}], "references": [], "runtime": 90085, "id": "0672de1851d05d89170119058ab5c951610bfefb", "metadata": {"id": "0672de1851d05d89170119058ab5c951610bfefb"}, "original_file_path": "../../datalake/Samuel/SOFTware-Sync/data/xml_not_sofctied/lirmm-04304601.grobid.tei.xml", "file_name": "lirmm-04304601.grobid.tei.xml"}