{"application": "software-mentions", "version": "0.8.0", "date": "2024-04-12T17:25+0000", "md5": "0F3EA5C555D26B15F55BD7DFFFFD91D8", "mentions": [{"type": "software", "software-type": "software", "software-name": {"rawForm": "SAVIME", "normalizedForm": "SAVIME", "offsetStart": 0, "offsetEnd": 6}, "context": "SAVIME logical data representation is modeled by a Typed Array (TAR) data model. ", "mentionContextAttributes": {"used": {"value": false, "score": 0.28564292192459106}, "created": {"value": false, "score": 8.171796798706055e-05}, "shared": {"value": false, "score": 2.980232238769531e-07}}, "documentContextAttributes": {"used": {"value": true, "score": 0.999987781047821}, "created": {"value": true, "score": 0.9998733997344971}, "shared": {"value": false, "score": 6.556510925292969e-07}}}, {"type": "software", "software-type": "software", "software-name": {"rawForm": "SAVIME", "normalizedForm": "SAVIME", "offsetStart": 0, "offsetEnd": 6}, "context": "SAVIME uses the Sub-TAR for parallelizing the computation of operators. ", "mentionContextAttributes": {"used": {"value": false, "score": 0.002421259880065918}, "created": {"value": false, "score": 4.231929779052734e-06}, "shared": {"value": false, "score": 1.7881393432617188e-07}}, "documentContextAttributes": {"used": {"value": true, "score": 0.999987781047821}, "created": {"value": true, "score": 0.9998733997344971}, "shared": {"value": false, "score": 6.556510925292969e-07}}}, {"type": "software", "software-type": "software", "software-name": {"rawForm": "DJEnsemble", "normalizedForm": "DJEnsemble", "offsetStart": 0, "offsetEnd": 10}, "context": "DJEnsemble is applicable to answer to spatio-temporal queries (SPTQ), which are expressed as Q =< R, I, V, t >, where R is a spatio-temporal region where predictions are desired, for instance the region of the Rio de Janeiro city in January 2022, I is a tensor of input to the model, V is the predicted variable, for instance, precipitation, and t is the number of time instances ahead for the prediction. ", "mentionContextAttributes": {"used": {"value": true, "score": 0.6501994132995605}, "created": {"value": false, "score": 4.947185516357422e-06}, "shared": {"value": false, "score": 1.2516975402832031e-06}}, "documentContextAttributes": {"used": {"value": true, "score": 0.9999831318855286}, "created": {"value": true, "score": 0.9998278617858887}, "shared": {"value": false, "score": 1.2516975402832031e-06}}, "references": [{"label": "[Pereira et al. 2021", "normalizedForm": "[Pereira et al. 2021", "refKey": 13}]}, {"type": "software", "software-type": "software", "software-name": {"rawForm": "SAVIME", "normalizedForm": "SAVIME", "offsetStart": 4, "offsetEnd": 10}, "context": "The SAVIME multidimensional array database system is a NOSQL system developed at the DEXL Laboratory [Lustosa 2020]. ", "mentionContextAttributes": {"used": {"value": false, "score": 0.012680411338806152}, "created": {"value": false, "score": 0.004570305347442627}, "shared": {"value": false, "score": 2.980232238769531e-07}}, "documentContextAttributes": {"used": {"value": true, "score": 0.999987781047821}, "created": {"value": true, "score": 0.9998733997344971}, "shared": {"value": false, "score": 6.556510925292969e-07}}}, {"type": "software", "software-type": "software", "software-name": {"rawForm": "DJEnsemble", "normalizedForm": "DJEnsemble", "offsetStart": 4, "offsetEnd": 14}, "context": "The DJEnsemble takes a slightly different approach [Pereira et al. 2021].", "mentionContextAttributes": {"used": {"value": false, "score": 0.00039082765579223633}, "created": {"value": false, "score": 7.212162017822266e-06}, "shared": {"value": false, "score": 2.980232238769531e-07}}, "documentContextAttributes": {"used": {"value": true, "score": 0.9999831318855286}, "created": {"value": true, "score": 0.9998278617858887}, "shared": {"value": false, "score": 1.2516975402832031e-06}}, "references": [{"label": "[Pereira et al. 2021", "normalizedForm": "[Pereira et al. 2021", "refKey": 13}]}, {"type": "software", "software-type": "software", "software-name": {"rawForm": "SAVIME", "normalizedForm": "SAVIME", "offsetStart": 11, "offsetEnd": 17}, "context": "Currently, SAVIME is capable of executing the entire online stage of DJEnsemble within the system, through the ENSEMBLE operator built into the query language. ", "mentionContextAttributes": {"used": {"value": false, "score": 0.0006276965141296387}, "created": {"value": false, "score": 0.0016625523567199707}, "shared": {"value": false, "score": 2.980232238769531e-07}}, "documentContextAttributes": {"used": {"value": true, "score": 0.999987781047821}, "created": {"value": true, "score": 0.9998733997344971}, "shared": {"value": false, "score": 6.556510925292969e-07}}}, {"type": "software", "software-type": "software", "software-name": {"rawForm": "SAVIME", "normalizedForm": "SAVIME", "offsetStart": 14, "offsetEnd": 20}, "context": "A function in SAVIME is implemented by an operator that consumes TAR objects as input, and produce a single TAR array as output. ", "mentionContextAttributes": {"used": {"value": false, "score": 0.0009544491767883301}, "created": {"value": false, "score": 0.008616328239440918}, "shared": {"value": false, "score": 2.980232238769531e-07}}, "documentContextAttributes": {"used": {"value": true, "score": 0.999987781047821}, "created": {"value": true, "score": 0.9998733997344971}, "shared": {"value": false, "score": 6.556510925292969e-07}}}, {"type": "software", "software-type": "software", "software-name": {"rawForm": "ENSEMBLE", "normalizedForm": "ENSEMBLE", "offsetStart": 14, "offsetEnd": 22}, "context": "The syntax of ENSEMBLE operator is: ENSEMBLE(<tar>, <query-region>, predictive-variable)", "mentionContextAttributes": {"used": {"value": false, "score": 0.033280014991760254}, "created": {"value": false, "score": 1.9848346710205078e-05}, "shared": {"value": false, "score": 1.7881393432617188e-07}}, "documentContextAttributes": {"used": {"value": false, "score": 0.033280014991760254}, "created": {"value": false, "score": 0.0016625523567199707}, "shared": {"value": false, "score": 2.980232238769531e-07}}}, {"type": "software", "software-type": "software", "software-name": {"rawForm": "DJEnsemble", "normalizedForm": "DJEnsemble", "offsetStart": 16, "offsetEnd": 26}, "context": "We consider the DJEnsemble approach [Pereira et al. 2021] that combines a set of spatio-temporal deep learning models automatically selected by a cost-based model.", "mentionContextAttributes": {"used": {"value": false, "score": 9.971857070922852e-05}, "created": {"value": true, "score": 0.5289856195449829}, "shared": {"value": false, "score": 2.980232238769531e-07}}, "documentContextAttributes": {"used": {"value": true, "score": 0.9999831318855286}, "created": {"value": true, "score": 0.9998278617858887}, "shared": {"value": false, "score": 1.2516975402832031e-06}}, "references": [{"label": "[Pereira et al. 2021", "normalizedForm": "[Pereira et al. 2021", "refKey": 13, "offsetStart": 1930, "offsetEnd": 1950}]}, {"type": "software", "software-type": "software", "software-name": {"rawForm": "DJEnsemble", "normalizedForm": "DJEnsemble", "offsetStart": 17, "offsetEnd": 27}, "context": "We integrate the DJEnsemble approach to the SAVIME query engine. ", "mentionContextAttributes": {"used": {"value": false, "score": 0.1075471043586731}, "created": {"value": false, "score": 0.4097251892089844}, "shared": {"value": false, "score": 1.7881393432617188e-07}}, "documentContextAttributes": {"used": {"value": true, "score": 0.9999831318855286}, "created": {"value": true, "score": 0.9998278617858887}, "shared": {"value": false, "score": 1.2516975402832031e-06}}, "references": [{"label": "[Pereira et al. 2021", "normalizedForm": "[Pereira et al. 2021", "refKey": 13}]}, {"type": "software", "software-type": "software", "software-name": {"rawForm": "SAVIME", "normalizedForm": "SAVIME", "offsetStart": 19, "offsetEnd": 25}, "context": "This module allows SAVIME to answer predictive queries in general.", "mentionContextAttributes": {"used": {"value": false, "score": 6.16908073425293e-05}, "created": {"value": false, "score": 0.1771363615989685}, "shared": {"value": false, "score": 1.7881393432617188e-07}}, "documentContextAttributes": {"used": {"value": true, "score": 0.999987781047821}, "created": {"value": true, "score": 0.9998733997344971}, "shared": {"value": false, "score": 6.556510925292969e-07}}}, {"type": "software", "software-type": "software", "software-name": {"rawForm": "SAVIME", "normalizedForm": "SAVIME", "offsetStart": 21, "offsetEnd": 27}, "context": "We have extended the SAVIME multi-dimensional array DBMS by adding a new function to its query language and implementing the selection and allocation ensemble model dataflow into the query processing component of SAVIME.", "mentionContextAttributes": {"used": {"value": false, "score": 0.0009985566139221191}, "created": {"value": true, "score": 0.9996933937072754}, "shared": {"value": false, "score": 4.172325134277344e-07}}, "documentContextAttributes": {"used": {"value": true, "score": 0.999987781047821}, "created": {"value": true, "score": 0.9998733997344971}, "shared": {"value": false, "score": 6.556510925292969e-07}}}, {"type": "software", "software-type": "software", "software-name": {"rawForm": "SAVIME", "normalizedForm": "SAVIME", "offsetStart": 22, "offsetEnd": 28}, "context": "Query optimization in SAVIME adopts a generalization of push down selection approach, pushing down all operations that reduce the size of arrays: Where, Subset, Select and Aggregate. ", "mentionContextAttributes": {"used": {"value": false, "score": 3.8683414459228516e-05}, "created": {"value": false, "score": 0.0013124942779541016}, "shared": {"value": false, "score": 2.980232238769531e-07}}, "documentContextAttributes": {"used": {"value": true, "score": 0.999987781047821}, "created": {"value": true, "score": 0.9998733997344971}, "shared": {"value": false, "score": 6.556510925292969e-07}}}, {"type": "software", "software-type": "software", "software-name": {"rawForm": "DJEnsemble", "normalizedForm": "DJEnsemble", "offsetStart": 22, "offsetEnd": 32}, "context": "Section 2 present the DJEnsemble approach and the SAVIME DBMS system.", "mentionContextAttributes": {"used": {"value": false, "score": 0.007626950740814209}, "created": {"value": true, "score": 0.696144700050354}, "shared": {"value": false, "score": 1.7881393432617188e-07}}, "documentContextAttributes": {"used": {"value": true, "score": 0.9999831318855286}, "created": {"value": true, "score": 0.9998278617858887}, "shared": {"value": false, "score": 1.2516975402832031e-06}}, "references": [{"label": "[Pereira et al. 2021", "normalizedForm": "[Pereira et al. 2021", "refKey": 13}]}, {"type": "software", "software-type": "software", "software-name": {"rawForm": "Post-greSQL", "normalizedForm": "Post-greSQL", "offsetStart": 22, "offsetEnd": 33}, "context": "Other systems such as Post-greSQL [Pos 2022] and Greenplum [gre 2022] have added the support to the ML library MADLib. ", "mentionContextAttributes": {"used": {"value": false, "score": 0.0002579689025878906}, "created": {"value": false, "score": 3.36766242980957e-05}, "shared": {"value": false, "score": 5.364418029785156e-07}}, "documentContextAttributes": {"used": {"value": false, "score": 0.0002579689025878906}, "created": {"value": false, "score": 3.36766242980957e-05}, "shared": {"value": false, "score": 5.364418029785156e-07}}}, {"type": "software", "software-type": "software", "software-name": {"rawForm": "SAVIME", "normalizedForm": "SAVIME", "offsetStart": 27, "offsetEnd": 33}, "context": "Once a query is performed, SAVIME executes the Error Estimation Functions in order to choose the best candidate models to answer the query. ", "mentionContextAttributes": {"used": {"value": false, "score": 0.010133445262908936}, "created": {"value": false, "score": 0.0001150965690612793}, "shared": {"value": false, "score": 1.7881393432617188e-07}}, "documentContextAttributes": {"used": {"value": true, "score": 0.999987781047821}, "created": {"value": true, "score": 0.9998733997344971}, "shared": {"value": false, "score": 6.556510925292969e-07}}}, {"type": "software", "software-type": "software", "software-name": {"rawForm": "DJEnsemble", "normalizedForm": "DJEnsemble", "offsetStart": 28, "offsetEnd": 38}, "context": "We highlight that by adding DJEnsemble to SAVIME, or any other DBMS, its model selection and allocation problem can be solved as part of the query optimization process.", "mentionContextAttributes": {"used": {"value": false, "score": 0.0012140274047851562}, "created": {"value": false, "score": 0.019792556762695312}, "shared": {"value": false, "score": 1.7881393432617188e-07}}, "documentContextAttributes": {"used": {"value": true, "score": 0.9999831318855286}, "created": {"value": true, "score": 0.9998278617858887}, "shared": {"value": false, "score": 1.2516975402832031e-06}}, "references": [{"label": "[Pereira et al. 2021", "normalizedForm": "[Pereira et al. 2021", "refKey": 13}]}, {"type": "software", "software-type": "software", "software-name": {"rawForm": "DJEnsemble", "normalizedForm": "DJEnsemble", "offsetStart": 30, "offsetEnd": 40}, "context": "We present the integration of DJEnsemble into SAVIME in order to support spatiotemporal queries execution.", "mentionContextAttributes": {"used": {"value": false, "score": 0.00028693675994873047}, "created": {"value": true, "score": 0.9998278617858887}, "shared": {"value": false, "score": 1.7881393432617188e-07}}, "documentContextAttributes": {"used": {"value": true, "score": 0.9999831318855286}, "created": {"value": true, "score": 0.9998278617858887}, "shared": {"value": false, "score": 1.2516975402832031e-06}}, "references": [{"label": "[Pereira et al. 2021", "normalizedForm": "[Pereira et al. 2021", "refKey": 13}]}, {"type": "software", "software-type": "software", "software-name": {"rawForm": "SAVIME", "normalizedForm": "SAVIME", "offsetStart": 31, "offsetEnd": 37}, "context": "To execute an inductive query, SAVIME makes use of a predictive engine module external to the system based on tensorflow server [Baylor et al. 2017].", "mentionContextAttributes": {"used": {"value": false, "score": 0.0045844316482543945}, "created": {"value": false, "score": 2.0325183868408203e-05}, "shared": {"value": false, "score": 1.7881393432617188e-07}}, "documentContextAttributes": {"used": {"value": true, "score": 0.999987781047821}, "created": {"value": true, "score": 0.9998733997344971}, "shared": {"value": false, "score": 6.556510925292969e-07}}}, {"type": "software", "software-type": "software", "software-name": {"rawForm": "SAVIME", "normalizedForm": "SAVIME", "offsetStart": 36, "offsetEnd": 42}, "context": "The approach is integrated into the SAVIME system (see section 2.2) in two parts: offline and online. ", "mentionContextAttributes": {"used": {"value": false, "score": 0.00011867284774780273}, "created": {"value": false, "score": 0.0003541707992553711}, "shared": {"value": false, "score": 5.364418029785156e-07}}, "documentContextAttributes": {"used": {"value": true, "score": 0.999987781047821}, "created": {"value": true, "score": 0.9998733997344971}, "shared": {"value": false, "score": 6.556510925292969e-07}}}, {"type": "software", "software-type": "software", "software-name": {"rawForm": "SAVIME", "normalizedForm": "SAVIME", "offsetStart": 36, "offsetEnd": 42}, "context": "Considering system characteristics, SAVIME is an in-memory system that considers arrays to be allocated in main memory for query processing.", "mentionContextAttributes": {"used": {"value": false, "score": 0.00010949373245239258}, "created": {"value": false, "score": 0.0007685422897338867}, "shared": {"value": false, "score": 1.7881393432617188e-07}}, "documentContextAttributes": {"used": {"value": true, "score": 0.999987781047821}, "created": {"value": true, "score": 0.9998733997344971}, "shared": {"value": false, "score": 6.556510925292969e-07}}}, {"type": "software", "software-type": "software", "software-name": {"rawForm": "ENSEMBLE", "normalizedForm": "ENSEMBLE", "offsetStart": 36, "offsetEnd": 44}, "context": "The syntax of ENSEMBLE operator is: ENSEMBLE(<tar>, <query-region>, predictive-variable)", "mentionContextAttributes": {"used": {"value": false, "score": 0.033280014991760254}, "created": {"value": false, "score": 1.9848346710205078e-05}, "shared": {"value": false, "score": 1.7881393432617188e-07}}, "documentContextAttributes": {"used": {"value": false, "score": 0.033280014991760254}, "created": {"value": false, "score": 0.0016625523567199707}, "shared": {"value": false, "score": 2.980232238769531e-07}}}, {"type": "software", "software-type": "software", "software-name": {"rawForm": "SAVIME", "normalizedForm": "SAVIME", "offsetStart": 42, "offsetEnd": 48}, "context": "We highlight that by adding DJEnsemble to SAVIME, or any other DBMS, its model selection and allocation problem can be solved as part of the query optimization process.", "mentionContextAttributes": {"used": {"value": false, "score": 0.0012140274047851562}, "created": {"value": false, "score": 0.019792556762695312}, "shared": {"value": false, "score": 1.7881393432617188e-07}}, "documentContextAttributes": {"used": {"value": true, "score": 0.999987781047821}, "created": {"value": true, "score": 0.9998733997344971}, "shared": {"value": false, "score": 6.556510925292969e-07}}}, {"type": "software", "software-type": "software", "software-name": {"rawForm": "SAVIME", "normalizedForm": "SAVIME", "offsetStart": 43, "offsetEnd": 49}, "context": "The list of current available operators in SAVIME is depicted in Table 1.", "mentionContextAttributes": {"used": {"value": false, "score": 0.0001800060272216797}, "created": {"value": false, "score": 0.0005453824996948242}, "shared": {"value": false, "score": 6.556510925292969e-07}}, "documentContextAttributes": {"used": {"value": true, "score": 0.999987781047821}, "created": {"value": true, "score": 0.9998733997344971}, "shared": {"value": false, "score": 6.556510925292969e-07}}}, {"type": "software", "software-type": "software", "software-name": {"rawForm": "SAVIME", "normalizedForm": "SAVIME", "offsetStart": 44, "offsetEnd": 50}, "context": "We integrate the DJEnsemble approach to the SAVIME query engine. ", "mentionContextAttributes": {"used": {"value": false, "score": 0.1075471043586731}, "created": {"value": false, "score": 0.4097251892089844}, "shared": {"value": false, "score": 1.7881393432617188e-07}}, "documentContextAttributes": {"used": {"value": true, "score": 0.999987781047821}, "created": {"value": true, "score": 0.9998733997344971}, "shared": {"value": false, "score": 6.556510925292969e-07}}}, {"type": "software", "software-type": "software", "software-name": {"rawForm": "DJEnsemble", "normalizedForm": "DJEnsemble", "offsetStart": 45, "offsetEnd": 55}, "context": "In this section we provide background on the DJEnsemble ensemble approach and on the SAVIME multidimensional array database system.", "mentionContextAttributes": {"used": {"value": false, "score": 0.02149975299835205}, "created": {"value": true, "score": 0.9838576316833496}, "shared": {"value": false, "score": 1.7881393432617188e-07}}, "documentContextAttributes": {"used": {"value": true, "score": 0.9999831318855286}, "created": {"value": true, "score": 0.9998278617858887}, "shared": {"value": false, "score": 1.2516975402832031e-06}}, "references": [{"label": "[Pereira et al. 2021", "normalizedForm": "[Pereira et al. 2021", "refKey": 13}]}, {"type": "software", "software-type": "software", "software-name": {"rawForm": "SAVIME", "normalizedForm": "SAVIME", "offsetStart": 46, "offsetEnd": 52}, "context": "We present the integration of DJEnsemble into SAVIME in order to support spatiotemporal queries execution.", "mentionContextAttributes": {"used": {"value": false, "score": 0.00028693675994873047}, "created": {"value": true, "score": 0.9998278617858887}, "shared": {"value": false, "score": 1.7881393432617188e-07}}, "documentContextAttributes": {"used": {"value": true, "score": 0.999987781047821}, "created": {"value": true, "score": 0.9998733997344971}, "shared": {"value": false, "score": 6.556510925292969e-07}}}, {"type": "software", "software-type": "software", "software-name": {"rawForm": "SAVIME", "normalizedForm": "SAVIME", "offsetStart": 48, "offsetEnd": 54}, "context": "Similarly, to make use of the full potential of SAVIME's query language, the data returned by Ensemble can also be chained together as input to new queries.", "mentionContextAttributes": {"used": {"value": false, "score": 0.0008537173271179199}, "created": {"value": false, "score": 7.468461990356445e-05}, "shared": {"value": false, "score": 2.980232238769531e-07}}, "documentContextAttributes": {"used": {"value": true, "score": 0.999987781047821}, "created": {"value": true, "score": 0.9998733997344971}, "shared": {"value": false, "score": 6.556510925292969e-07}}}, {"type": "software", "software-type": "software", "software-name": {"rawForm": "Greenplum", "normalizedForm": "Greenplum", "offsetStart": 49, "offsetEnd": 58}, "context": "Other systems such as Post-greSQL [Pos 2022] and Greenplum [gre 2022] have added the support to the ML library MADLib. ", "mentionContextAttributes": {"used": {"value": false, "score": 0.0002579689025878906}, "created": {"value": false, "score": 3.36766242980957e-05}, "shared": {"value": false, "score": 5.364418029785156e-07}}, "documentContextAttributes": {"used": {"value": false, "score": 0.0002579689025878906}, "created": {"value": false, "score": 3.36766242980957e-05}, "shared": {"value": false, "score": 5.364418029785156e-07}}}, {"type": "software", "software-type": "software", "software-name": {"rawForm": "SAVIME", "normalizedForm": "SAVIME", "offsetStart": 50, "offsetEnd": 56}, "context": "Section 2 present the DJEnsemble approach and the SAVIME DBMS system.", "mentionContextAttributes": {"used": {"value": false, "score": 0.007626950740814209}, "created": {"value": true, "score": 0.696144700050354}, "shared": {"value": false, "score": 1.7881393432617188e-07}}, "documentContextAttributes": {"used": {"value": true, "score": 0.999987781047821}, "created": {"value": true, "score": 0.9998733997344971}, "shared": {"value": false, "score": 6.556510925292969e-07}}}, {"type": "software", "software-type": "software", "software-name": {"rawForm": "SAVIME", "normalizedForm": "SAVIME", "offsetStart": 51, "offsetEnd": 57}, "context": "Interestingly enough the C++ implementation within SAVIME is up to 4 times faster than its competitor.", "mentionContextAttributes": {"used": {"value": false, "score": 0.005494177341461182}, "created": {"value": false, "score": 0.0007245540618896484}, "shared": {"value": false, "score": 2.980232238769531e-07}}, "documentContextAttributes": {"used": {"value": true, "score": 0.999987781047821}, "created": {"value": true, "score": 0.9998733997344971}, "shared": {"value": false, "score": 6.556510925292969e-07}}}, {"type": "software", "software-type": "software", "software-name": {"rawForm": "NOSQL", "normalizedForm": "NOSQL", "offsetStart": 55, "offsetEnd": 60}, "context": "The SAVIME multidimensional array database system is a NOSQL system developed at the DEXL Laboratory [Lustosa 2020]. ", "mentionContextAttributes": {"used": {"value": false, "score": 0.012680411338806152}, "created": {"value": false, "score": 0.004570305347442627}, "shared": {"value": false, "score": 2.980232238769531e-07}}, "documentContextAttributes": {"used": {"value": false, "score": 0.012680411338806152}, "created": {"value": false, "score": 0.004570305347442627}, "shared": {"value": false, "score": 2.980232238769531e-07}}}, {"type": "software", "software-type": "software", "software-name": {"rawForm": "SAVIME", "normalizedForm": "SAVIME", "offsetStart": 56, "offsetEnd": 62}, "context": "To analyze the algorithm performance when integrated to SAVIME, we performed a series of experiments evaluating the execution time of the different steps.", "mentionContextAttributes": {"used": {"value": true, "score": 0.999987781047821}, "created": {"value": false, "score": 0.010805308818817139}, "shared": {"value": false, "score": 1.7881393432617188e-07}}, "documentContextAttributes": {"used": {"value": true, "score": 0.999987781047821}, "created": {"value": true, "score": 0.9998733997344971}, "shared": {"value": false, "score": 6.556510925292969e-07}}}, {"type": "software", "software-type": "software", "software-name": {"rawForm": "DJEnsemble", "normalizedForm": "DJEnsemble", "offsetStart": 56, "offsetEnd": 66}, "context": "Our initial results show that the C++ implementation of DJEnsemble in SAVIME is up to 4 times faster when compared against a typical data science Python implementation. ", "mentionContextAttributes": {"used": {"value": true, "score": 0.9153099060058594}, "created": {"value": false, "score": 0.006193935871124268}, "shared": {"value": false, "score": 1.7881393432617188e-07}}, "documentContextAttributes": {"used": {"value": true, "score": 0.9999831318855286}, "created": {"value": true, "score": 0.9998278617858887}, "shared": {"value": false, "score": 1.2516975402832031e-06}}, "references": [{"label": "[Pereira et al. 2021", "normalizedForm": "[Pereira et al. 2021", "refKey": 13}]}, {"type": "software", "software-type": "software", "software-name": {"rawForm": "SAVIME", "normalizedForm": "SAVIME", "offsetStart": 61, "offsetEnd": 67}, "context": "It is worth mentioning that the Ensemble operator is part of SAVIME's DML, and thus the operator's input TAR can be resulting from a previous executed nested query.", "mentionContextAttributes": {"used": {"value": false, "score": 0.36943864822387695}, "created": {"value": false, "score": 5.179643630981445e-05}, "shared": {"value": false, "score": 1.7881393432617188e-07}}, "documentContextAttributes": {"used": {"value": true, "score": 0.999987781047821}, "created": {"value": true, "score": 0.9998733997344971}, "shared": {"value": false, "score": 6.556510925292969e-07}}}, {"type": "software", "software-type": "software", "software-name": {"rawForm": "SAVIME", "normalizedForm": "SAVIME", "offsetStart": 62, "offsetEnd": 68}, "context": "Moreover, we observe that the multidimensional array model of SAVIME is particularly suited to model 3D input tensors, as required by deep learning input data.", "mentionContextAttributes": {"used": {"value": false, "score": 0.00021576881408691406}, "created": {"value": false, "score": 0.09731131792068481}, "shared": {"value": false, "score": 2.980232238769531e-07}}, "documentContextAttributes": {"used": {"value": true, "score": 0.999987781047821}, "created": {"value": true, "score": 0.9998733997344971}, "shared": {"value": false, "score": 6.556510925292969e-07}}}, {"type": "software", "software-type": "software", "software-name": {"rawForm": "Numpy", "normalizedForm": "Numpy", "offsetStart": 63, "offsetEnd": 68}, "context": "TAR arrays returned by queries in SAV-IME are transformed into Numpy arrays for processing using the scripting programming language. ", "mentionContextAttributes": {"used": {"value": true, "score": 0.9253678917884827}, "created": {"value": false, "score": 2.378225326538086e-05}, "shared": {"value": false, "score": 1.7881393432617188e-07}}, "documentContextAttributes": {"used": {"value": true, "score": 0.9253678917884827}, "created": {"value": false, "score": 2.378225326538086e-05}, "shared": {"value": false, "score": 1.7881393432617188e-07}}}, {"type": "software", "software-type": "software", "software-name": {"rawForm": "DJEnsemble", "normalizedForm": "DJEnsemble", "offsetStart": 69, "offsetEnd": 79}, "context": "Currently, SAVIME is capable of executing the entire online stage of DJEnsemble within the system, through the ENSEMBLE operator built into the query language.", "mentionContextAttributes": {"used": {"value": false, "score": 0.0006276965141296387}, "created": {"value": false, "score": 0.0016625523567199707}, "shared": {"value": false, "score": 2.980232238769531e-07}}, "documentContextAttributes": {"used": {"value": true, "score": 0.9999831318855286}, "created": {"value": true, "score": 0.9998278617858887}, "shared": {"value": false, "score": 1.2516975402832031e-06}}, "references": [{"label": "[Pereira et al. 2021", "normalizedForm": "[Pereira et al. 2021", "refKey": 13}]}, {"type": "software", "software-type": "software", "software-name": {"rawForm": "SAVIME", "normalizedForm": "SAVIME", "offsetStart": 70, "offsetEnd": 76}, "context": "Our initial results show that the C++ implementation of DJEnsemble in SAVIME is up to 4 times faster when compared against a typical data science Python implementation. ", "mentionContextAttributes": {"used": {"value": true, "score": 0.9153099060058594}, "created": {"value": false, "score": 0.006193935871124268}, "shared": {"value": false, "score": 1.7881393432617188e-07}}, "documentContextAttributes": {"used": {"value": true, "score": 0.999987781047821}, "created": {"value": true, "score": 0.9998733997344971}, "shared": {"value": false, "score": 6.556510925292969e-07}}}, {"type": "software", "software-type": "software", "software-name": {"rawForm": "DJEnsemble", "normalizedForm": "DJEnsemble", "offsetStart": 72, "offsetEnd": 82}, "context": "We describe the decisions taken during the design of the integration of DJEnsemble into the SAVIME system and some challenges still remaining to be solved.", "mentionContextAttributes": {"used": {"value": false, "score": 0.0015854835510253906}, "created": {"value": true, "score": 0.9857083559036255}, "shared": {"value": false, "score": 1.7881393432617188e-07}}, "documentContextAttributes": {"used": {"value": true, "score": 0.9999831318855286}, "created": {"value": true, "score": 0.9998278617858887}, "shared": {"value": false, "score": 1.2516975402832031e-06}}, "references": [{"label": "[Pereira et al. 2021", "normalizedForm": "[Pereira et al. 2021", "refKey": 13}]}, {"type": "software", "software-type": "software", "software-name": {"rawForm": "DJEnsemble", "normalizedForm": "DJEnsemble", "offsetStart": 74, "offsetEnd": 84}, "context": "For comparison purposes, we performed a test with the same data under the DJEnsemble version purely written in Python, not integrated to SAVIME. ", "mentionContextAttributes": {"used": {"value": true, "score": 0.9999831318855286}, "created": {"value": false, "score": 0.0026136040687561035}, "shared": {"value": false, "score": 1.7881393432617188e-07}}, "documentContextAttributes": {"used": {"value": true, "score": 0.9999831318855286}, "created": {"value": true, "score": 0.9998278617858887}, "shared": {"value": false, "score": 1.2516975402832031e-06}}, "references": [{"label": "[Pereira et al. 2021", "normalizedForm": "[Pereira et al. 2021", "refKey": 13}]}, {"type": "software", "software-type": "software", "software-name": {"rawForm": "SAVIME", "normalizedForm": "SAVIME", "offsetStart": 81, "offsetEnd": 87}, "context": "Next, in Section 3, we describe the implementation of the ensemble approach into SAVIME.", "mentionContextAttributes": {"used": {"value": false, "score": 0.0001983642578125}, "created": {"value": true, "score": 0.9998452663421631}, "shared": {"value": false, "score": 2.980232238769531e-07}}, "documentContextAttributes": {"used": {"value": true, "score": 0.999987781047821}, "created": {"value": true, "score": 0.9998733997344971}, "shared": {"value": false, "score": 6.556510925292969e-07}}}, {"type": "software", "software-type": "software", "software-name": {"rawForm": "SAVIME", "normalizedForm": "SAVIME", "offsetStart": 85, "offsetEnd": 91}, "context": "In this section we provide background on the DJEnsemble ensemble approach and on the SAVIME multidimensional array database system.", "mentionContextAttributes": {"used": {"value": false, "score": 0.02149975299835205}, "created": {"value": true, "score": 0.9838576316833496}, "shared": {"value": false, "score": 1.7881393432617188e-07}}, "documentContextAttributes": {"used": {"value": true, "score": 0.999987781047821}, "created": {"value": true, "score": 0.9998733997344971}, "shared": {"value": false, "score": 6.556510925292969e-07}}}, {"type": "software", "software-type": "software", "software-name": {"rawForm": "Pysavime", "normalizedForm": "Pysavime", "offsetStart": 85, "offsetEnd": 93}, "context": "Another interesting feature is its integration with the Python language, through the Pysavime library. ", "mentionContextAttributes": {"used": {"value": false, "score": 0.000467836856842041}, "created": {"value": false, "score": 0.0008499026298522949}, "shared": {"value": false, "score": 5.364418029785156e-07}}, "documentContextAttributes": {"used": {"value": false, "score": 0.000467836856842041}, "created": {"value": false, "score": 0.0008499026298522949}, "shared": {"value": false, "score": 5.364418029785156e-07}}}, {"type": "software", "software-type": "software", "software-name": {"rawForm": "SAVIME", "normalizedForm": "SAVIME", "offsetStart": 92, "offsetEnd": 98}, "context": "A cell may hold a tuple of attributes of simple types, such as: integer, float, double etc. SAVIME implements a functional query language, inspired by AFL, one of the query languages adopted by the SciDB system [Brown 2010]. ", "mentionContextAttributes": {"used": {"value": false, "score": 4.881620407104492e-05}, "created": {"value": false, "score": 0.00022172927856445312}, "shared": {"value": false, "score": 4.172325134277344e-07}}, "documentContextAttributes": {"used": {"value": true, "score": 0.999987781047821}, "created": {"value": true, "score": 0.9998733997344971}, "shared": {"value": false, "score": 6.556510925292969e-07}}}, {"type": "software", "software-type": "software", "software-name": {"rawForm": "SAVIME", "normalizedForm": "SAVIME", "offsetStart": 92, "offsetEnd": 98}, "context": "We describe the decisions taken during the design of the integration of DJEnsemble into the SAVIME system and some challenges still remaining to be solved.", "mentionContextAttributes": {"used": {"value": false, "score": 0.0015854835510253906}, "created": {"value": true, "score": 0.9857083559036255}, "shared": {"value": false, "score": 1.7881393432617188e-07}}, "documentContextAttributes": {"used": {"value": true, "score": 0.999987781047821}, "created": {"value": true, "score": 0.9998733997344971}, "shared": {"value": false, "score": 6.556510925292969e-07}}}, {"type": "software", "software-type": "software", "software-name": {"rawForm": "SAVIME", "normalizedForm": "SAVIME", "offsetStart": 93, "offsetEnd": 99}, "context": "Based on the described experimental scenario, we submitted 3 different predictive queries to SAVIME, Q1, Q2 and Q3, using the Ensemble operator.", "mentionContextAttributes": {"used": {"value": true, "score": 0.9999565482139587}, "created": {"value": false, "score": 9.673833847045898e-05}, "shared": {"value": false, "score": 1.7881393432617188e-07}}, "documentContextAttributes": {"used": {"value": true, "score": 0.999987781047821}, "created": {"value": true, "score": 0.9998733997344971}, "shared": {"value": false, "score": 6.556510925292969e-07}}}, {"type": "software", "software-type": "software", "software-name": {"rawForm": "DJEnsemble", "normalizedForm": "DJEnsemble", "offsetStart": 96, "offsetEnd": 106}, "context": "There are a number of opportunities for future work, including integrating the cost function of DJEnsemble with the SAVIME query optimizer and improving models' results composition algorithm.", "mentionContextAttributes": {"used": {"value": false, "score": 5.882978439331055e-05}, "created": {"value": false, "score": 0.2000206708908081}, "shared": {"value": false, "score": 2.980232238769531e-07}}, "documentContextAttributes": {"used": {"value": true, "score": 0.9999831318855286}, "created": {"value": true, "score": 0.9998278617858887}, "shared": {"value": false, "score": 1.2516975402832031e-06}}, "references": [{"label": "[Pereira et al. 2021", "normalizedForm": "[Pereira et al. 2021", "refKey": 13}]}, {"type": "software", "software-type": "software", "software-name": {"rawForm": "SAVIME", "normalizedForm": "SAVIME", "offsetStart": 101, "offsetEnd": 107}, "context": "We have run some initial experiments highlighting the overhead of invoking the model integrated into SAVIME against its execution on pure ML engine/programming language combination.", "mentionContextAttributes": {"used": {"value": false, "score": 0.006919682025909424}, "created": {"value": true, "score": 0.9992425441741943}, "shared": {"value": false, "score": 1.7881393432617188e-07}}, "documentContextAttributes": {"used": {"value": true, "score": 0.999987781047821}, "created": {"value": true, "score": 0.9998733997344971}, "shared": {"value": false, "score": 6.556510925292969e-07}}}, {"type": "software", "software-type": "software", "software-name": {"rawForm": "SAVIME", "normalizedForm": "SAVIME", "offsetStart": 107, "offsetEnd": 113}, "context": "In this paper, we present initial results on the integration of machine learning models ensembles into the SAVIME database system [L.", "mentionContextAttributes": {"used": {"value": false, "score": 0.44421446323394775}, "created": {"value": true, "score": 0.9998733997344971}, "shared": {"value": false, "score": 1.7881393432617188e-07}}, "documentContextAttributes": {"used": {"value": true, "score": 0.999987781047821}, "created": {"value": true, "score": 0.9998733997344971}, "shared": {"value": false, "score": 6.556510925292969e-07}}}, {"type": "software", "software-type": "software", "software-name": {"rawForm": "MADLib", "normalizedForm": "MADLib", "offsetStart": 111, "offsetEnd": 117}, "context": "Other systems such as Post-greSQL [Pos 2022] and Greenplum [gre 2022] have added the support to the ML library MADLib. ", "mentionContextAttributes": {"used": {"value": false, "score": 0.0002579689025878906}, "created": {"value": false, "score": 3.36766242980957e-05}, "shared": {"value": false, "score": 5.364418029785156e-07}}, "documentContextAttributes": {"used": {"value": false, "score": 0.0002579689025878906}, "created": {"value": false, "score": 3.36766242980957e-05}, "shared": {"value": false, "score": 5.364418029785156e-07}}}, {"type": "software", "software-type": "software", "software-name": {"rawForm": "ENSEMBLE", "normalizedForm": "ENSEMBLE", "offsetStart": 111, "offsetEnd": 119}, "context": "Currently, SAVIME is capable of executing the entire online stage of DJEnsemble within the system, through the ENSEMBLE operator built into the query language. ", "mentionContextAttributes": {"used": {"value": false, "score": 0.0006276965141296387}, "created": {"value": false, "score": 0.0016625523567199707}, "shared": {"value": false, "score": 2.980232238769531e-07}}, "documentContextAttributes": {"used": {"value": false, "score": 0.033280014991760254}, "created": {"value": false, "score": 0.0016625523567199707}, "shared": {"value": false, "score": 2.980232238769531e-07}}}, {"type": "software", "software-type": "software", "software-name": {"rawForm": "SAVIME", "normalizedForm": "SAVIME", "offsetStart": 116, "offsetEnd": 122}, "context": "There are a number of opportunities for future work, including integrating the cost function of DJEnsemble with the SAVIME query optimizer and improving models' results composition algorithm.", "mentionContextAttributes": {"used": {"value": false, "score": 5.882978439331055e-05}, "created": {"value": false, "score": 0.2000206708908081}, "shared": {"value": false, "score": 2.980232238769531e-07}}, "documentContextAttributes": {"used": {"value": true, "score": 0.999987781047821}, "created": {"value": true, "score": 0.9998733997344971}, "shared": {"value": false, "score": 6.556510925292969e-07}}}, {"type": "software", "software-type": "software", "software-name": {"rawForm": "SAVIME", "normalizedForm": "SAVIME", "offsetStart": 137, "offsetEnd": 143}, "context": "For comparison purposes, we performed a test with the same data under the DJEnsemble version purely written in Python, not integrated to SAVIME.", "mentionContextAttributes": {"used": {"value": true, "score": 0.9999831318855286}, "created": {"value": false, "score": 0.0026136040687561035}, "shared": {"value": false, "score": 1.7881393432617188e-07}}, "documentContextAttributes": {"used": {"value": true, "score": 0.999987781047821}, "created": {"value": true, "score": 0.9998733997344971}, "shared": {"value": false, "score": 6.556510925292969e-07}}}, {"type": "software", "software-type": "software", "software-name": {"rawForm": "SciDB", "normalizedForm": "SciDB", "offsetStart": 198, "offsetEnd": 203}, "context": "A cell may hold a tuple of attributes of simple types, such as: integer, float, double etc. SAVIME implements a functional query language, inspired by AFL, one of the query languages adopted by the SciDB system [Brown 2010]. ", "mentionContextAttributes": {"used": {"value": false, "score": 4.881620407104492e-05}, "created": {"value": false, "score": 0.00022172927856445312}, "shared": {"value": false, "score": 4.172325134277344e-07}}, "documentContextAttributes": {"used": {"value": false, "score": 4.881620407104492e-05}, "created": {"value": false, "score": 0.00022172927856445312}, "shared": {"value": false, "score": 4.172325134277344e-07}}, "references": [{"label": "[Brown 2010", "normalizedForm": "[Brown 2010", "refKey": 3, "offsetStart": 8163, "offsetEnd": 8174}]}, {"type": "software", "software-type": "software", "software-name": {"rawForm": "SAVIME", "normalizedForm": "SAVIME", "offsetStart": 213, "offsetEnd": 219}, "context": "We have extended the SAVIME multi-dimensional array DBMS by adding a new function to its query language and implementing the selection and allocation ensemble model dataflow into the query processing component of SAVIME. ", "mentionContextAttributes": {"used": {"value": false, "score": 0.0009985566139221191}, "created": {"value": true, "score": 0.9996933937072754}, "shared": {"value": false, "score": 4.172325134277344e-07}}, "documentContextAttributes": {"used": {"value": true, "score": 0.999987781047821}, "created": {"value": true, "score": 0.9998733997344971}, "shared": {"value": false, "score": 6.556510925292969e-07}}}], "references": [{"refKey": 13, "tei": "<biblStruct xml:id=\"b13\">\n\t<analytic>\n\t\t<title level=\"a\" type=\"main\">DJEnsemble: a Cost-Based Selection and Allocation of a Disjoint Ensemble of Spatio-temporal Models</title>\n\t\t<author>\n\t\t\t<persName><forename type=\"first\">Rafael</forename><surname>Pereira</surname></persName>\n\t\t</author>\n\t\t<author>\n\t\t\t<persName><forename type=\"first\">Yania</forename><surname>Souto</surname></persName>\n\t\t</author>\n\t\t<author>\n\t\t\t<persName><forename type=\"first\">Anderson</forename><surname>Chaves</surname></persName>\n\t\t</author>\n\t\t<author>\n\t\t\t<persName><forename type=\"first\">Rocio</forename><surname>Zorilla</surname></persName>\n\t\t</author>\n\t\t<author>\n\t\t\t<persName><forename type=\"first\">Brian</forename><surname>Tsan</surname></persName>\n\t\t</author>\n\t\t<author>\n\t\t\t<persName><forename type=\"first\">Florin</forename><surname>Rusu</surname></persName>\n\t\t</author>\n\t\t<author>\n\t\t\t<persName><forename type=\"first\">Eduardo</forename><surname>Ogasawara</surname></persName>\n\t\t</author>\n\t\t<author>\n\t\t\t<persName><forename type=\"first\">Artur</forename><surname>Ziviani</surname></persName>\n\t\t</author>\n\t\t<author>\n\t\t\t<persName><forename type=\"first\">Fabio</forename><surname>Porto</surname></persName>\n\t\t</author>\n\t\t<idno type=\"DOI\">10.1145/3468791.3468806</idno>\n\t</analytic>\n\t<monogr>\n\t\t<title level=\"m\">33rd International Conference on Scientific and Statistical Database Management</title>\n\t\t<imprint>\n\t\t\t<publisher>ACM</publisher>\n\t\t\t<date type=\"published\" when=\"2021-07-06\">2021</date>\n\t\t\t<biblScope unit=\"page\">231</biblScope>\n\t\t</imprint>\n\t</monogr>\n</biblStruct>\n"}, {"refKey": 3, "tei": "<biblStruct xml:id=\"b3\">\n\t<analytic>\n\t\t<title level=\"a\" type=\"main\">Overview of sciDB</title>\n\t\t<author>\n\t\t\t<persName><forename type=\"first\">Paul</forename><forename type=\"middle\">G</forename><surname>Brown</surname></persName>\n\t\t</author>\n\t\t<idno type=\"DOI\">10.1145/1807167.1807271</idno>\n\t</analytic>\n\t<monogr>\n\t\t<title level=\"m\">Proceedings of the 2010 ACM SIGMOD International Conference on Management of data</title>\n\t\t<meeting>the 2010 ACM SIGMOD International Conference on Management of data</meeting>\n\t\t<imprint>\n\t\t\t<publisher>ACM</publisher>\n\t\t\t<date type=\"published\" when=\"2010-06-06\">2010</date>\n\t\t\t<biblScope unit=\"page\">968</biblScope>\n\t\t</imprint>\n\t</monogr>\n</biblStruct>\n"}], "runtime": 139251, "id": "491ba5063c1ccca5af6c33c1d722e410711f0742", "metadata": {"id": "491ba5063c1ccca5af6c33c1d722e410711f0742"}, "original_file_path": "../../datalake/Samuel/SOFTware-Sync/data/xml_not_sofctied/lirmm-03850420.grobid.tei.xml", "file_name": "lirmm-03850420.grobid.tei.xml"}