{"application": "software-mentions", "version": "0.8.0", "date": "2024-04-12T16:15+0000", "md5": "C7F23039FB8CB0A0241B722DB43F52AD", "mentions": [{"type": "software", "software-type": "software", "software-name": {"rawForm": "NuSMV", "normalizedForm": "NuSMV", "offsetStart": 40, "offsetEnd": 45}, "context": "In the following, we list the evaluated NuSMV LTL model checking techniques presented in [4]:", "mentionContextAttributes": {"used": {"value": true, "score": 0.9947130084037781}, "created": {"value": false, "score": 0.00010538101196289062}, "shared": {"value": false, "score": 1.1920928955078125e-07}}, "documentContextAttributes": {"used": {"value": true, "score": 0.9999943971633911}, "created": {"value": false, "score": 0.20394527912139893}, "shared": {"value": false, "score": 2.384185791015625e-07}}, "references": [{"label": "[5]", "normalizedForm": "[5]", "refKey": 31}]}, {"type": "software", "software-type": "software", "software-name": {"rawForm": "nuXmv", "normalizedForm": "nuXmv", "offsetStart": 52, "offsetEnd": 60}, "context": "The technique was introduced in another tool called nuXmv [3]: an extension for NuSMV. ", "mentionContextAttributes": {"used": {"value": false, "score": 4.696846008300781e-05}, "created": {"value": false, "score": 0.20394527912139893}, "shared": {"value": false, "score": 2.384185791015625e-07}}, "documentContextAttributes": {"used": {"value": false, "score": 0.17194628715515137}, "created": {"value": false, "score": 0.20394527912139893}, "shared": {"value": false, "score": 2.384185791015625e-07}}}, {"type": "software", "software-type": "software", "software-name": {"rawForm": "NuSMV", "normalizedForm": "NuSMV", "offsetStart": 70, "offsetEnd": 79}, "context": "Finally, we empirically evaluate the efficiency of existing MC tools (NuSMV [5] and nuXmv [3]) on EDF logical diagrams. ", "mentionContextAttributes": {"used": {"value": false, "score": 0.17194628715515137}, "created": {"value": false, "score": 8.463859558105469e-06}, "shared": {"value": false, "score": 1.1920928955078125e-07}}, "documentContextAttributes": {"used": {"value": true, "score": 0.9999943971633911}, "created": {"value": false, "score": 0.20394527912139893}, "shared": {"value": false, "score": 2.384185791015625e-07}}, "references": [{"label": "[5]", "normalizedForm": "[5]", "refKey": 31}]}, {"type": "software", "software-type": "software", "software-name": {"rawForm": "NuSMV", "normalizedForm": "NuSMV", "offsetStart": 80, "offsetEnd": 85}, "context": "The technique was introduced in another tool called nuXmv [3]: an extension for NuSMV.", "mentionContextAttributes": {"used": {"value": false, "score": 4.696846008300781e-05}, "created": {"value": false, "score": 0.20394527912139893}, "shared": {"value": false, "score": 2.384185791015625e-07}}, "documentContextAttributes": {"used": {"value": true, "score": 0.9999943971633911}, "created": {"value": false, "score": 0.20394527912139893}, "shared": {"value": false, "score": 2.384185791015625e-07}}, "references": [{"label": "[5]", "normalizedForm": "[5]", "refKey": 31}]}, {"type": "software", "software-type": "software", "software-name": {"rawForm": "nuXmv", "normalizedForm": "nuXmv", "offsetStart": 84, "offsetEnd": 92}, "context": "Finally, we empirically evaluate the efficiency of existing MC tools (NuSMV [5] and nuXmv [3]) on EDF logical diagrams. ", "mentionContextAttributes": {"used": {"value": false, "score": 0.17194628715515137}, "created": {"value": false, "score": 8.463859558105469e-06}, "shared": {"value": false, "score": 1.1920928955078125e-07}}, "documentContextAttributes": {"used": {"value": false, "score": 0.17194628715515137}, "created": {"value": false, "score": 0.20394527912139893}, "shared": {"value": false, "score": 2.384185791015625e-07}}}, {"type": "software", "software-type": "software", "software-name": {"rawForm": "Mealy", "normalizedForm": "Mealy", "offsetStart": 99, "offsetEnd": 104}, "context": "For instance, Provost et al. [11] have proposed a translation of Grafcet specification models into Mealy machines to generate conformance test scenarios. ", "mentionContextAttributes": {"used": {"value": false, "score": 0.00019305944442749023}, "created": {"value": false, "score": 0.05824685096740723}, "shared": {"value": false, "score": 1.1920928955078125e-07}}, "documentContextAttributes": {"used": {"value": false, "score": 0.00019305944442749023}, "created": {"value": false, "score": 0.05824685096740723}, "shared": {"value": false, "score": 1.1920928955078125e-07}}}, {"type": "software", "software-type": "software", "software-name": {"rawForm": "NuSMV", "normalizedForm": "NuSMV", "offsetStart": 119, "offsetEnd": 124}, "context": "For this evaluation, the verification of each property was done using a well known symbolic model checking tool called NuSMV [5].", "mentionContextAttributes": {"used": {"value": true, "score": 0.9999943971633911}, "created": {"value": false, "score": 0.00026351213455200195}, "shared": {"value": false, "score": 1.1920928955078125e-07}}, "documentContextAttributes": {"used": {"value": true, "score": 0.9999943971633911}, "created": {"value": false, "score": 0.20394527912139893}, "shared": {"value": false, "score": 2.384185791015625e-07}}, "references": [{"label": "[5]", "normalizedForm": "[5]", "refKey": 31, "offsetStart": 26430, "offsetEnd": 26433}]}], "references": [{"refKey": 31, "tei": "<biblStruct xml:id=\"b31\">\n\t<analytic>\n\t\t<title level=\"a\" type=\"main\">NuSMV 2: An OpenSource Tool for Symbolic Model Checking</title>\n\t\t<author>\n\t\t\t<persName><forename type=\"first\">Alessandro</forename><surname>Cimatti</surname></persName>\n\t\t</author>\n\t\t<author>\n\t\t\t<persName><forename type=\"first\">Edmund</forename><surname>Clarke</surname></persName>\n\t\t</author>\n\t\t<author>\n\t\t\t<persName><forename type=\"first\">Enrico</forename><surname>Giunchiglia</surname></persName>\n\t\t</author>\n\t\t<author>\n\t\t\t<persName><forename type=\"first\">Fausto</forename><surname>Giunchiglia</surname></persName>\n\t\t</author>\n\t\t<author>\n\t\t\t<persName><forename type=\"first\">Marco</forename><surname>Pistore</surname></persName>\n\t\t</author>\n\t\t<author>\n\t\t\t<persName><forename type=\"first\">Marco</forename><surname>Roveri</surname></persName>\n\t\t</author>\n\t\t<author>\n\t\t\t<persName><forename type=\"first\">Roberto</forename><surname>Sebastiani</surname></persName>\n\t\t</author>\n\t\t<author>\n\t\t\t<persName><forename type=\"first\">Armando</forename><surname>Tacchella</surname></persName>\n\t\t</author>\n\t\t<idno type=\"DOI\">10.1007/3-540-45657-0_29</idno>\n\t</analytic>\n\t<monogr>\n\t\t<title level=\"m\">Computer Aided Verification</title>\n\t\t<imprint>\n\t\t\t<publisher>Springer Berlin Heidelberg</publisher>\n\t\t\t<date type=\"published\" when=\"2002\">2002. July 27-31, 2002. 2002</date>\n\t\t\t<biblScope unit=\"volume\">14</biblScope>\n\t\t\t<biblScope unit=\"page\" from=\"359\" to=\"364\" />\n\t\t</imprint>\n\t</monogr>\n</biblStruct>\n"}], "runtime": 83602, "id": "5b37f0ecd16b6e79103289741e2e6ee849d2b228", "metadata": {"id": "5b37f0ecd16b6e79103289741e2e6ee849d2b228"}, "original_file_path": "../../datalake/Samuel/SOFTware-Sync/data/xml_files/lirmm-04214807.grobid.tei.xml", "file_name": "lirmm-04214807.grobid.tei.xml"}