{"application": "software-mentions", "version": "0.8.0", "date": "2024-04-15T07:17+0000", "md5": "F245B456033FAA05C92921B647299BC7", "mentions": [{"type": "software", "software-type": "software", "wikidataId": "Q1718402", "wikipediaExternalRef": 1603019, "lang": "en", "confidence": 0.472, "software-name": {"rawForm": "KAON2", "normalizedForm": "KAON2", "wikidataId": "Q1718402", "wikipediaExternalRef": 1603019, "lang": "en", "confidence": 0.472, "offsetStart": 0, "offsetEnd": 5}, "context": "KAON2 uses structural transformation [7] to simplify ontology axioms before translating them into GTGDs.", "mentionContextAttributes": {"used": {"value": false, "score": 0.0003350973129272461}, "created": {"value": false, "score": 1.9669532775878906e-06}, "shared": {"value": false, "score": 1.7881393432617188e-07}}, "documentContextAttributes": {"used": {"value": true, "score": 0.9999898076057434}, "created": {"value": false, "score": 0.4587637782096863}, "shared": {"value": false, "score": 2.980232238769531e-07}}, "references": [{"label": "[29,", "normalizedForm": "[29", "refKey": 29}]}, {"type": "software", "software-type": "software", "software-name": {"rawForm": "SkDR", "normalizedForm": "SkDR", "offsetStart": 4, "offsetEnd": 8}, "context": "The SkDR algorithm can produce many rules with Skolem symbols in the body, which is the main reason for Proposition 5.15.", "mentionContextAttributes": {"used": {"value": false, "score": 0.00022339820861816406}, "created": {"value": false, "score": 0.00015664100646972656}, "shared": {"value": false, "score": 2.980232238769531e-07}}, "documentContextAttributes": {"used": {"value": true, "score": 0.9999753832817078}, "created": {"value": true, "score": 0.9998340606689453}, "shared": {"value": false, "score": 8.940696716308594e-07}}, "references": [{"label": "(43)", "normalizedForm": "43", "refKey": 43}]}, {"type": "software", "software-type": "software", "software-name": {"rawForm": "SkDR", "normalizedForm": "SkDR", "offsetStart": 4, "offsetEnd": 8}, "context": "The SkDR rule is applied to just pairs of rules, and candidate pairs can be efficiently retrieved using unification indexes.", "mentionContextAttributes": {"used": {"value": false, "score": 0.02412426471710205}, "created": {"value": false, "score": 1.7464160919189453e-05}, "shared": {"value": false, "score": 1.7881393432617188e-07}}, "documentContextAttributes": {"used": {"value": true, "score": 0.9999753832817078}, "created": {"value": true, "score": 0.9998340606689453}, "shared": {"value": false, "score": 8.940696716308594e-07}}, "references": [{"label": "(43)", "normalizedForm": "43", "refKey": 43}]}, {"type": "software", "software-type": "software", "software-name": {"rawForm": "SkDR", "normalizedForm": "SkDR", "offsetStart": 6, "offsetEnd": 10}, "context": "Also, SkDR combines ( 12) and ( 25) into rule (29), which is a \"deadend\" in that it does not further contribute to a Datalog rule.", "mentionContextAttributes": {"used": {"value": false, "score": 0.0028777718544006348}, "created": {"value": false, "score": 6.139278411865234e-06}, "shared": {"value": false, "score": 4.172325134277344e-07}}, "documentContextAttributes": {"used": {"value": true, "score": 0.9999753832817078}, "created": {"value": true, "score": 0.9998340606689453}, "shared": {"value": false, "score": 8.940696716308594e-07}}, "references": [{"label": "(43)", "normalizedForm": "43", "refKey": 43}]}, {"type": "software", "software-type": "software", "software-name": {"rawForm": "SkDR", "normalizedForm": "SkDR", "offsetStart": 6, "offsetEnd": 10}, "context": "Thus, SkDR combines these with (36) to derive 2 \ud835\udc5b -1 rules of the form (39), one for each subset {\ud835\udc58 1 , . . .", "mentionContextAttributes": {"used": {"value": true, "score": 0.9613258242607117}, "created": {"value": false, "score": 4.947185516357422e-06}, "shared": {"value": false, "score": 2.980232238769531e-07}}, "documentContextAttributes": {"used": {"value": true, "score": 0.9999753832817078}, "created": {"value": true, "score": 0.9998340606689453}, "shared": {"value": false, "score": 8.940696716308594e-07}}, "references": [{"label": "(43)", "normalizedForm": "43", "refKey": 43}]}, {"type": "software", "software-type": "software", "software-name": {"rawForm": "SkDR", "normalizedForm": "SkDR", "offsetStart": 6, "offsetEnd": 10}, "context": "Thus, SkDR combines (43) with each (41) to derive each (44), and it uses ( 44) and ( 42) to derive 2 \ud835\udc5b -1 rules of the form (45) for each set of indexes \ud835\udc3c satisfying \u2205 \u228a \ud835\udc3c \u2286 {1, . . .", "mentionContextAttributes": {"used": {"value": true, "score": 0.9903972148895264}, "created": {"value": false, "score": 9.59634780883789e-06}, "shared": {"value": false, "score": 4.172325134277344e-07}}, "documentContextAttributes": {"used": {"value": true, "score": 0.9999753832817078}, "created": {"value": true, "score": 0.9998340606689453}, "shared": {"value": false, "score": 8.940696716308594e-07}}, "references": [{"label": "(43)", "normalizedForm": "43", "refKey": 43, "offsetStart": 42825, "offsetEnd": 42829}]}, {"type": "software", "software-type": "software", "software-name": {"rawForm": "SkDR", "normalizedForm": "SkDR", "offsetStart": 6, "offsetEnd": 10}, "context": "While SkDR was able to process 12 inputs an order of magnitude faster, ExbDR and HypDR timed out on 72 and 17 additional inputs, respectively.", "mentionContextAttributes": {"used": {"value": true, "score": 0.9999753832817078}, "created": {"value": false, "score": 5.662441253662109e-06}, "shared": {"value": false, "score": 1.7881393432617188e-07}}, "documentContextAttributes": {"used": {"value": true, "score": 0.9999753832817078}, "created": {"value": true, "score": 0.9998340606689453}, "shared": {"value": false, "score": 8.940696716308594e-07}}, "references": [{"label": "(43)", "normalizedForm": "43", "refKey": 43}]}, {"type": "software", "software-type": "software", "software-name": {"rawForm": "SkDR", "normalizedForm": "SkDR", "offsetStart": 6, "offsetEnd": 10}, "context": "Since SkDR(\u03a3) contains all Skolem-free rules of \u03a3 \u2032 and this property holds for the root vertex \ud835\udc5f , Proposition 4.7 ensures that SkDR(\u03a3) is a rewriting of \u03a3.", "mentionContextAttributes": {"used": {"value": false, "score": 0.0910835862159729}, "created": {"value": false, "score": 6.026029586791992e-05}, "shared": {"value": false, "score": 7.748603820800781e-07}}, "documentContextAttributes": {"used": {"value": true, "score": 0.9999753832817078}, "created": {"value": true, "score": 0.9998340606689453}, "shared": {"value": false, "score": 8.940696716308594e-07}}, "references": [{"label": "(43)", "normalizedForm": "43", "refKey": 43}]}, {"type": "software", "software-type": "software", "software-name": {"rawForm": "SkDR", "normalizedForm": "SkDR", "offsetStart": 8, "offsetEnd": 12}, "context": "Program SkDR(\u03a3) is a Datalog rewriting of a finite set of GTGDs \u03a3.", "mentionContextAttributes": {"used": {"value": false, "score": 0.00016736984252929688}, "created": {"value": false, "score": 0.0027271509170532227}, "shared": {"value": false, "score": 1.7881393432617188e-07}}, "documentContextAttributes": {"used": {"value": true, "score": 0.9999753832817078}, "created": {"value": true, "score": 0.9998340606689453}, "shared": {"value": false, "score": 8.940696716308594e-07}}, "references": [{"label": "(43)", "normalizedForm": "43", "refKey": 43}]}, {"type": "software", "software-type": "software", "software-name": {"rawForm": "SkDR", "normalizedForm": "SkDR", "offsetStart": 9, "offsetEnd": 13}, "context": "However, SkDR also combines ( 10) and ( 27) into ( 28), which with ( 22) derives ( 14) the second time.", "mentionContextAttributes": {"used": {"value": false, "score": 0.03140532970428467}, "created": {"value": false, "score": 9.357929229736328e-06}, "shared": {"value": false, "score": 4.172325134277344e-07}}, "documentContextAttributes": {"used": {"value": true, "score": 0.9999753832817078}, "created": {"value": true, "score": 0.9998340606689453}, "shared": {"value": false, "score": 8.940696716308594e-07}}, "references": [{"label": "(43)", "normalizedForm": "43", "refKey": 43}]}, {"type": "software", "software-type": "software", "software-name": {"rawForm": "SkDR", "normalizedForm": "SkDR", "offsetStart": 10, "offsetEnd": 14}, "context": "Moreover, SkDR(\u03a3) contains each full TGD of \u03a3 up to redundancy, so each full TGD of \u03a3 is logically entailed by SkDR(\u03a3).", "mentionContextAttributes": {"used": {"value": false, "score": 0.36638230085372925}, "created": {"value": false, "score": 1.8298625946044922e-05}, "shared": {"value": false, "score": 2.980232238769531e-07}}, "documentContextAttributes": {"used": {"value": true, "score": 0.9999753832817078}, "created": {"value": true, "score": 0.9998340606689453}, "shared": {"value": false, "score": 8.940696716308594e-07}}, "references": [{"label": "(43)", "normalizedForm": "43", "refKey": 43}]}, {"type": "software", "software-type": "software", "software-name": {"rawForm": "SkDR", "normalizedForm": "SkDR", "offsetStart": 10, "offsetEnd": 14}, "context": "Thus, the SkDR inference rule needs to be applied to at most \u2118 2 = 2 4\u2113 pairs of rules.", "mentionContextAttributes": {"used": {"value": true, "score": 0.7814597487449646}, "created": {"value": false, "score": 1.0073184967041016e-05}, "shared": {"value": false, "score": 2.980232238769531e-07}}, "documentContextAttributes": {"used": {"value": true, "score": 0.9999753832817078}, "created": {"value": true, "score": 0.9998340606689453}, "shared": {"value": false, "score": 8.940696716308594e-07}}, "references": [{"label": "(43)", "normalizedForm": "43", "refKey": 43}]}, {"type": "software", "software-type": "software", "wikidataId": "Q1718402", "wikipediaExternalRef": 1603019, "lang": "en", "confidence": 0.472, "software-name": {"rawForm": "KAON2", "normalizedForm": "KAON2", "wikidataId": "Q1718402", "wikipediaExternalRef": 1603019, "lang": "en", "confidence": 0.472, "offsetStart": 13, "offsetEnd": 18}, "context": "However, the KAON2 system [29,38,39] can rewrite GTGDs obtained from OWL ontologies, so we used KAON2 as a baseline in our experiments with OWL-based GTGDs.", "mentionContextAttributes": {"used": {"value": true, "score": 0.7021762132644653}, "created": {"value": false, "score": 2.568960189819336e-05}, "shared": {"value": false, "score": 2.980232238769531e-07}}, "documentContextAttributes": {"used": {"value": true, "score": 0.9999898076057434}, "created": {"value": false, "score": 0.4587637782096863}, "shared": {"value": false, "score": 2.980232238769531e-07}}, "references": [{"label": "[29,", "normalizedForm": "[29", "refKey": 29, "offsetStart": 52924, "offsetEnd": 52928}]}, {"type": "software", "software-type": "software", "software-name": {"rawForm": "SkDR", "normalizedForm": "SkDR", "offsetStart": 15, "offsetEnd": 19}, "context": "In particular, SkDR combines ( 22) and ( 10) to obtain (26); it combines ( 23) and ( 9) to obtain (27); and it combines ( 26) and ( 27) to obtain the \"shortcut\" rule (14).", "mentionContextAttributes": {"used": {"value": false, "score": 0.1967880129814148}, "created": {"value": false, "score": 5.185604095458984e-06}, "shared": {"value": false, "score": 2.980232238769531e-07}}, "documentContextAttributes": {"used": {"value": true, "score": 0.9999753832817078}, "created": {"value": true, "score": 0.9998340606689453}, "shared": {"value": false, "score": 8.940696716308594e-07}}, "references": [{"label": "(43)", "normalizedForm": "43", "refKey": 43}]}, {"type": "software", "software-type": "software", "software-name": {"rawForm": "SkDR", "normalizedForm": "SkDR", "offsetStart": 15, "offsetEnd": 19}, "context": "\u25a1 C PROOFS FOR SkDR C.1 Proof of Proposition 5.12: Properties of SkDR", "mentionContextAttributes": {"used": {"value": true, "score": 0.9997563362121582}, "created": {"value": false, "score": 5.304813385009766e-06}, "shared": {"value": false, "score": 7.748603820800781e-07}}, "documentContextAttributes": {"used": {"value": true, "score": 0.9999753832817078}, "created": {"value": true, "score": 0.9998340606689453}, "shared": {"value": false, "score": 8.940696716308594e-07}}, "references": [{"label": "(43)", "normalizedForm": "43", "refKey": 43}]}, {"type": "software", "software-type": "software", "wikidataId": "Q1718402", "wikipediaExternalRef": 1603019, "lang": "en", "confidence": 0.472, "software-name": {"rawForm": "KAON2", "normalizedForm": "KAON2", "wikidataId": "Q1718402", "wikipediaExternalRef": 1603019, "lang": "en", "confidence": 0.472, "offsetStart": 15, "offsetEnd": 20}, "context": "We did not use KAON2 since this system supports relations of arity at most two.", "mentionContextAttributes": {"used": {"value": true, "score": 0.9986533522605896}, "created": {"value": false, "score": 1.5914440155029297e-05}, "shared": {"value": false, "score": 2.980232238769531e-07}}, "documentContextAttributes": {"used": {"value": true, "score": 0.9999898076057434}, "created": {"value": false, "score": 0.4587637782096863}, "shared": {"value": false, "score": 2.980232238769531e-07}}, "references": [{"label": "[29,", "normalizedForm": "[29", "refKey": 29}]}, {"type": "software", "software-type": "software", "software-name": {"rawForm": "SkDR", "normalizedForm": "SkDR", "offsetStart": 16, "offsetEnd": 20}, "context": "This allows the SkDR inference rule to simulate the ExbDR inference rule while unifying just pairs of atoms.", "mentionContextAttributes": {"used": {"value": false, "score": 0.011319756507873535}, "created": {"value": false, "score": 5.3822994232177734e-05}, "shared": {"value": false, "score": 1.7881393432617188e-07}}, "documentContextAttributes": {"used": {"value": true, "score": 0.9999753832817078}, "created": {"value": true, "score": 0.9998340606689453}, "shared": {"value": false, "score": 8.940696716308594e-07}}, "references": [{"label": "(43)", "normalizedForm": "43", "refKey": 43}]}, {"type": "software", "software-type": "software", "software-name": {"rawForm": "SkDR", "normalizedForm": "SkDR", "offsetStart": 17, "offsetEnd": 21}, "context": ", \ud835\udc61 \ud835\udc5b ) by the SkDR inference rule is obtained by replacing a variable in \u00ec \ud835\udc65 with another variable or a constant.", "mentionContextAttributes": {"used": {"value": true, "score": 0.9600611925125122}, "created": {"value": false, "score": 1.8775463104248047e-05}, "shared": {"value": false, "score": 2.980232238769531e-07}}, "documentContextAttributes": {"used": {"value": true, "score": 0.9999753832817078}, "created": {"value": true, "score": 0.9998340606689453}, "shared": {"value": false, "score": 8.940696716308594e-07}}, "references": [{"label": "(43)", "normalizedForm": "43", "refKey": 43}]}, {"type": "software", "software-type": "software", "software-name": {"rawForm": "Skolemization", "normalizedForm": "Skolemization", "offsetStart": 17, "offsetEnd": 30}, "context": "In contrast, the Skolemization of (30) consists of \ud835\udc5b rules shown in equation (33), so SkDR derives just \ud835\udc5b rules shown in equation (34).", "mentionContextAttributes": {"used": {"value": false, "score": 0.1875762939453125}, "created": {"value": false, "score": 9.000301361083984e-06}, "shared": {"value": false, "score": 4.172325134277344e-07}}, "documentContextAttributes": {"used": {"value": true, "score": 0.9791715741157532}, "created": {"value": false, "score": 0.00022983551025390625}, "shared": {"value": false, "score": 1.0728836059570312e-06}}}, {"type": "software", "software-type": "software", "software-name": {"rawForm": "Skolemization", "normalizedForm": "Skolemization", "offsetStart": 17, "offsetEnd": 30}, "context": "In contrast, the Skolemization of ( 35) consists of \ud835\udc5b rules of the form (38) for each 1 \u2264 \ud835\udc56 \u2264 \ud835\udc5b.", "mentionContextAttributes": {"used": {"value": false, "score": 0.38209831714630127}, "created": {"value": false, "score": 7.212162017822266e-06}, "shared": {"value": false, "score": 4.172325134277344e-07}}, "documentContextAttributes": {"used": {"value": true, "score": 0.9791715741157532}, "created": {"value": false, "score": 0.00022983551025390625}, "shared": {"value": false, "score": 1.0728836059570312e-06}}}, {"type": "software", "software-type": "software", "software-name": {"rawForm": "SkDR", "normalizedForm": "SkDR", "offsetStart": 22, "offsetEnd": 26}, "context": "Analogously, when the SkDR inference rule is applied to rules \ud835\udf0f and \ud835\udf0f \u2032 as in Definition 5.10, we can drop the resulting rule if \ud835\udf03 (\ud835\udc3b \u2032 ) is not full and it contains a relation not occurring in the body of a GTGD in \u03a3.", "mentionContextAttributes": {"used": {"value": false, "score": 0.13252294063568115}, "created": {"value": false, "score": 1.6868114471435547e-05}, "shared": {"value": false, "score": 8.940696716308594e-07}}, "documentContextAttributes": {"used": {"value": true, "score": 0.9999753832817078}, "created": {"value": true, "score": 0.9998340606689453}, "shared": {"value": false, "score": 8.940696716308594e-07}}, "references": [{"label": "(43)", "normalizedForm": "43", "refKey": 43}]}, {"type": "software", "software-type": "software", "software-name": {"rawForm": "SkDR", "normalizedForm": "SkDR", "offsetStart": 23, "offsetEnd": 27}, "context": "We compared the ExbDR, SkDR, and HypDR algorithms, implemented as described in Section 6.", "mentionContextAttributes": {"used": {"value": true, "score": 0.9999541640281677}, "created": {"value": false, "score": 0.007462859153747559}, "shared": {"value": false, "score": 1.7881393432617188e-07}}, "documentContextAttributes": {"used": {"value": true, "score": 0.9999753832817078}, "created": {"value": true, "score": 0.9998340606689453}, "shared": {"value": false, "score": 8.940696716308594e-07}}, "references": [{"label": "(43)", "normalizedForm": "43", "refKey": 43}]}, {"type": "software", "software-type": "software", "software-name": {"rawForm": "SkDR", "normalizedForm": "SkDR", "offsetStart": 24, "offsetEnd": 28}, "context": "Each application of the SkDR inference rule to rules \ud835\udf0f and \ud835\udf0f \u2032 as in Definition 5.10 produces a guarded rule.", "mentionContextAttributes": {"used": {"value": false, "score": 0.048782169818878174}, "created": {"value": false, "score": 9.119510650634766e-06}, "shared": {"value": false, "score": 2.980232238769531e-07}}, "documentContextAttributes": {"used": {"value": true, "score": 0.9999753832817078}, "created": {"value": true, "score": 0.9998340606689453}, "shared": {"value": false, "score": 8.940696716308594e-07}}, "references": [{"label": "(43)", "normalizedForm": "43", "refKey": 43}]}, {"type": "software", "software-type": "software", "software-name": {"rawForm": "SkDR", "normalizedForm": "SkDR", "offsetStart": 24, "offsetEnd": 28}, "context": "Each application of the SkDR inference rule to rules \ud835\udf0f and \ud835\udf0f \u2032 as in Definition 5.10 produces a guarded rule.", "mentionContextAttributes": {"used": {"value": false, "score": 0.048782169818878174}, "created": {"value": false, "score": 9.119510650634766e-06}, "shared": {"value": false, "score": 2.980232238769531e-07}}, "documentContextAttributes": {"used": {"value": true, "score": 0.9999753832817078}, "created": {"value": true, "score": 0.9998340606689453}, "shared": {"value": false, "score": 8.940696716308594e-07}}, "references": [{"label": "(43)", "normalizedForm": "43", "refKey": 43}]}, {"type": "software", "software-type": "software", "software-name": {"rawForm": "SkDR", "normalizedForm": "SkDR", "offsetStart": 27, "offsetEnd": 31}, "context": "To complete the rewriting, SkDR combines ( 24) with ( 12) to obtain (15), and it combines ( 22) with ( 13) to derive (16).", "mentionContextAttributes": {"used": {"value": true, "score": 0.9988012313842773}, "created": {"value": false, "score": 4.112720489501953e-06}, "shared": {"value": false, "score": 2.980232238769531e-07}}, "documentContextAttributes": {"used": {"value": true, "score": 0.9999753832817078}, "created": {"value": true, "score": 0.9998340606689453}, "shared": {"value": false, "score": 8.940696716308594e-07}}, "references": [{"label": "(43)", "normalizedForm": "43", "refKey": 43}]}, {"type": "software", "software-type": "software", "software-name": {"rawForm": "SkDR", "normalizedForm": "SkDR", "offsetStart": 32, "offsetEnd": 36}, "context": "It is natural to wonder whether SkDR is guaranteed to be more efficient than ExbDR.", "mentionContextAttributes": {"used": {"value": false, "score": 0.00014638900756835938}, "created": {"value": false, "score": 0.0006211400032043457}, "shared": {"value": false, "score": 2.980232238769531e-07}}, "documentContextAttributes": {"used": {"value": true, "score": 0.9999753832817078}, "created": {"value": true, "score": 0.9998340606689453}, "shared": {"value": false, "score": 8.940696716308594e-07}}, "references": [{"label": "(43)", "normalizedForm": "43", "refKey": 43}]}, {"type": "software", "software-type": "software", "wikidataId": "Q1718402", "wikipediaExternalRef": 1603019, "lang": "en", "confidence": 0.472, "software-name": {"rawForm": "KAON2", "normalizedForm": "KAON2", "wikidataId": "Q1718402", "wikipediaExternalRef": 1603019, "lang": "en", "confidence": 0.472, "offsetStart": 32, "offsetEnd": 37}, "context": "We made sure that all inputs to KAON2 and our algorithms include only GTGDs that all methods can process.", "mentionContextAttributes": {"used": {"value": true, "score": 0.8350090384483337}, "created": {"value": false, "score": 0.17050164937973022}, "shared": {"value": false, "score": 1.7881393432617188e-07}}, "documentContextAttributes": {"used": {"value": true, "score": 0.9999898076057434}, "created": {"value": false, "score": 0.4587637782096863}, "shared": {"value": false, "score": 2.980232238769531e-07}}, "references": [{"label": "[29,", "normalizedForm": "[29", "refKey": 29}]}, {"type": "software", "software-type": "software", "wikidataId": "Q1718402", "wikipediaExternalRef": 1603019, "lang": "en", "confidence": 0.472, "software-name": {"rawForm": "KAON2", "normalizedForm": "KAON2", "wikidataId": "Q1718402", "wikipediaExternalRef": 1603019, "lang": "en", "confidence": 0.472, "offsetStart": 32, "offsetEnd": 37}, "context": "Input size is not available for KAON2 since this system reads an OWL ontology and transforms it into GTGDs internally. ", "mentionContextAttributes": {"used": {"value": false, "score": 0.002310633659362793}, "created": {"value": false, "score": 1.7821788787841797e-05}, "shared": {"value": false, "score": 2.980232238769531e-07}}, "documentContextAttributes": {"used": {"value": true, "score": 0.9999898076057434}, "created": {"value": false, "score": 0.4587637782096863}, "shared": {"value": false, "score": 2.980232238769531e-07}}, "references": [{"label": "[29,", "normalizedForm": "[29", "refKey": 29}]}, {"type": "software", "software-type": "software", "software-name": {"rawForm": "SkDR", "normalizedForm": "SkDR", "offsetStart": 40, "offsetEnd": 44}, "context": "This indeed improved the performance of SkDR by one order of magnitude on 22 ontologies, and it did not hurt the performance of HypDR. ", "mentionContextAttributes": {"used": {"value": true, "score": 0.999852180480957}, "created": {"value": false, "score": 2.7239322662353516e-05}, "shared": {"value": false, "score": 2.980232238769531e-07}}, "documentContextAttributes": {"used": {"value": true, "score": 0.9999753832817078}, "created": {"value": true, "score": 0.9998340606689453}, "shared": {"value": false, "score": 8.940696716308594e-07}}, "references": [{"label": "(43)", "normalizedForm": "43", "refKey": 43}]}, {"type": "software", "software-type": "software", "software-name": {"rawForm": "SkDR", "normalizedForm": "SkDR", "offsetStart": 46, "offsetEnd": 50}, "context": "By Definition 5.3, the result of applying the SkDR inference rule is retained in set \u03a3 \u2032 only if the set does not contain a variable renaming of the result.", "mentionContextAttributes": {"used": {"value": false, "score": 0.2736550569534302}, "created": {"value": false, "score": 1.2099742889404297e-05}, "shared": {"value": false, "score": 2.980232238769531e-07}}, "documentContextAttributes": {"used": {"value": true, "score": 0.9999753832817078}, "created": {"value": true, "score": 0.9998340606689453}, "shared": {"value": false, "score": 8.940696716308594e-07}}, "references": [{"label": "(43)", "normalizedForm": "43", "refKey": 43}]}, {"type": "software", "software-type": "software", "software-name": {"rawForm": "SkDR", "normalizedForm": "SkDR", "offsetStart": 47, "offsetEnd": 51}, "context": "In contrast, HypDR derives each (44) just like SkDR, and it combines in one step (42) and all (44) to derive (45) for \ud835\udc3c = {1, . . .", "mentionContextAttributes": {"used": {"value": false, "score": 0.018393516540527344}, "created": {"value": false, "score": 1.2099742889404297e-05}, "shared": {"value": false, "score": 2.980232238769531e-07}}, "documentContextAttributes": {"used": {"value": true, "score": 0.9999753832817078}, "created": {"value": true, "score": 0.9998340606689453}, "shared": {"value": false, "score": 8.940696716308594e-07}}, "references": [{"label": "(43)", "normalizedForm": "43", "refKey": 43}]}, {"type": "software", "software-type": "software", "software-name": {"rawForm": "Skolemization", "normalizedForm": "Skolemization", "offsetStart": 50, "offsetEnd": 63}, "context": "Since the number of different symbols obtained by Skolemization is clearly bounded by \ud835\udc52, the number of different atoms of such form is bounded by \u2113 = \ud835\udc5f \u2022 (\ud835\udc64 \ud835\udc4f + \ud835\udc52 + \ud835\udc50) \ud835\udc4e .", "mentionContextAttributes": {"used": {"value": true, "score": 0.9791715741157532}, "created": {"value": false, "score": 1.4483928680419922e-05}, "shared": {"value": false, "score": 5.364418029785156e-07}}, "documentContextAttributes": {"used": {"value": true, "score": 0.9791715741157532}, "created": {"value": false, "score": 0.00022983551025390625}, "shared": {"value": false, "score": 1.0728836059570312e-06}}}, {"type": "software", "software-type": "software", "software-name": {"rawForm": "SkDR", "normalizedForm": "SkDR", "offsetStart": 51, "offsetEnd": 55}, "context": "Thus, we will achieve our goal by showing that the SkDR inference rule can be applied up to \ud835\udc5b = |\ud835\udc4a | times.", "mentionContextAttributes": {"used": {"value": true, "score": 0.6813411712646484}, "created": {"value": false, "score": 0.10417503118515015}, "shared": {"value": false, "score": 2.980232238769531e-07}}, "documentContextAttributes": {"used": {"value": true, "score": 0.9999753832817078}, "created": {"value": true, "score": 0.9998340606689453}, "shared": {"value": false, "score": 8.940696716308594e-07}}, "references": [{"label": "(43)", "normalizedForm": "43", "refKey": 43}]}, {"type": "software", "software-type": "software", "software-name": {"rawForm": "SkDR", "normalizedForm": "SkDR", "offsetStart": 54, "offsetEnd": 58}, "context": "A slight complication arises due to the fact that the SkDR inference rule considers only two rules at a time, and that the result of each inference is contained in \u03a3 \u2032 up to redundancy.", "mentionContextAttributes": {"used": {"value": false, "score": 0.016478002071380615}, "created": {"value": false, "score": 0.0001277923583984375}, "shared": {"value": false, "score": 2.980232238769531e-07}}, "documentContextAttributes": {"used": {"value": true, "score": 0.9999753832817078}, "created": {"value": true, "score": 0.9998340606689453}, "shared": {"value": false, "score": 8.940696716308594e-07}}, "references": [{"label": "(43)", "normalizedForm": "43", "refKey": 43}]}, {"type": "software", "software-type": "software", "software-name": {"rawForm": "Skolemization", "normalizedForm": "Skolemization", "offsetStart": 58, "offsetEnd": 71}, "context": "Given a set of GTGDs \u03a3, the algorithm applies Inf to (the Skolemization of) \u03a3 as long as possible and then returns all produced Datalog rules.", "mentionContextAttributes": {"used": {"value": true, "score": 0.920591413974762}, "created": {"value": false, "score": 1.2934207916259766e-05}, "shared": {"value": false, "score": 1.7881393432617188e-07}}, "documentContextAttributes": {"used": {"value": true, "score": 0.9791715741157532}, "created": {"value": false, "score": 0.00022983551025390625}, "shared": {"value": false, "score": 1.0728836059570312e-06}}}, {"type": "software", "software-type": "software", "software-name": {"rawForm": "SkDR", "normalizedForm": "SkDR", "offsetStart": 59, "offsetEnd": 63}, "context": "\u25a1 C.2 Proof of Theorem 5.13: Correctness and Complexity of SkDR", "mentionContextAttributes": {"used": {"value": true, "score": 0.9998896718025208}, "created": {"value": false, "score": 6.735324859619141e-06}, "shared": {"value": false, "score": 4.172325134277344e-07}}, "documentContextAttributes": {"used": {"value": true, "score": 0.9999753832817078}, "created": {"value": true, "score": 0.9998340606689453}, "shared": {"value": false, "score": 8.940696716308594e-07}}, "references": [{"label": "(43)", "normalizedForm": "43", "refKey": 43}]}, {"type": "software", "software-type": "software", "software-name": {"rawForm": "SkDR", "normalizedForm": "SkDR", "offsetStart": 63, "offsetEnd": 67}, "context": "Moreover, there exists an MGU \ud835\udf03 \u2113 of \ud835\udc3b \u2113 and \ud835\udc34 \u2032 \u2113 , so the SkDR inference rule is applicable to", "mentionContextAttributes": {"used": {"value": false, "score": 0.3484734892845154}, "created": {"value": false, "score": 1.5795230865478516e-05}, "shared": {"value": false, "score": 2.980232238769531e-07}}, "documentContextAttributes": {"used": {"value": true, "score": 0.9999753832817078}, "created": {"value": true, "score": 0.9998340606689453}, "shared": {"value": false, "score": 8.940696716308594e-07}}, "references": [{"label": "(43)", "normalizedForm": "43", "refKey": 43}]}, {"type": "software", "software-type": "software", "wikidataId": "Q1718402", "wikipediaExternalRef": 1603019, "lang": "en", "confidence": 0.472, "software-name": {"rawForm": "KAON2", "normalizedForm": "KAON2", "wikidataId": "Q1718402", "wikipediaExternalRef": 1603019, "lang": "en", "confidence": 0.472, "offsetStart": 63, "offsetEnd": 73}, "context": "These techniques provide the foundation for the Ontop [17] and KAON2 [38] systems, respectively.", "mentionContextAttributes": {"used": {"value": false, "score": 0.0001671314239501953}, "created": {"value": false, "score": 8.767843246459961e-05}, "shared": {"value": false, "score": 1.7881393432617188e-07}}, "documentContextAttributes": {"used": {"value": true, "score": 0.9999898076057434}, "created": {"value": false, "score": 0.4587637782096863}, "shared": {"value": false, "score": 2.980232238769531e-07}}, "references": [{"label": "[29,", "normalizedForm": "[29", "refKey": 29}]}, {"type": "software", "software-type": "software", "software-name": {"rawForm": "SkDR", "normalizedForm": "SkDR", "offsetStart": 65, "offsetEnd": 69}, "context": "\u25a1 C PROOFS FOR SkDR C.1 Proof of Proposition 5.12: Properties of SkDR", "mentionContextAttributes": {"used": {"value": true, "score": 0.9997563362121582}, "created": {"value": false, "score": 5.304813385009766e-06}, "shared": {"value": false, "score": 7.748603820800781e-07}}, "documentContextAttributes": {"used": {"value": true, "score": 0.9999753832817078}, "created": {"value": true, "score": 0.9998340606689453}, "shared": {"value": false, "score": 8.940696716308594e-07}}, "references": [{"label": "(43)", "normalizedForm": "43", "refKey": 43}]}, {"type": "software", "software-type": "software", "software-name": {"rawForm": "Skolemization", "normalizedForm": "Skolemization", "offsetStart": 70, "offsetEnd": 83}, "context": "It is straightforward to see that \u03a3 \u2032 is a logical consequence of the Skolemization of \u03a3, so SkDR(\u03a3) is also a logical consequence of \u03a3.", "mentionContextAttributes": {"used": {"value": false, "score": 0.002636551856994629}, "created": {"value": false, "score": 0.00022983551025390625}, "shared": {"value": false, "score": 2.980232238769531e-07}}, "documentContextAttributes": {"used": {"value": true, "score": 0.9791715741157532}, "created": {"value": false, "score": 0.00022983551025390625}, "shared": {"value": false, "score": 1.0728836059570312e-06}}}, {"type": "software", "software-type": "software", "software-name": {"rawForm": "SkDR", "normalizedForm": "SkDR", "offsetStart": 75, "offsetEnd": 79}, "context": "\u22b3 Proposition 5.12 and Theorem 5.13 capture the relevant properties of the SkDR algorithm.", "mentionContextAttributes": {"used": {"value": false, "score": 0.45090407133102417}, "created": {"value": false, "score": 2.9027462005615234e-05}, "shared": {"value": false, "score": 2.980232238769531e-07}}, "documentContextAttributes": {"used": {"value": true, "score": 0.9999753832817078}, "created": {"value": true, "score": 0.9998340606689453}, "shared": {"value": false, "score": 8.940696716308594e-07}}, "references": [{"label": "(43)", "normalizedForm": "43", "refKey": 43}]}, {"type": "software", "software-type": "software", "software-name": {"rawForm": "SkDR", "normalizedForm": "SkDR", "offsetStart": 87, "offsetEnd": 91}, "context": "In contrast, the Skolemization of (30) consists of \ud835\udc5b rules shown in equation (33), so SkDR derives just \ud835\udc5b rules shown in equation (34).", "mentionContextAttributes": {"used": {"value": false, "score": 0.1875762939453125}, "created": {"value": false, "score": 9.000301361083984e-06}, "shared": {"value": false, "score": 4.172325134277344e-07}}, "documentContextAttributes": {"used": {"value": true, "score": 0.9999753832817078}, "created": {"value": true, "score": 0.9998340606689453}, "shared": {"value": false, "score": 8.940696716308594e-07}}, "references": [{"label": "(43)", "normalizedForm": "43", "refKey": 43}]}, {"type": "software", "software-type": "software", "software-name": {"rawForm": "SkDR", "normalizedForm": "SkDR", "offsetStart": 93, "offsetEnd": 97}, "context": "It is straightforward to see that \u03a3 \u2032 is a logical consequence of the Skolemization of \u03a3, so SkDR(\u03a3) is also a logical consequence of \u03a3.", "mentionContextAttributes": {"used": {"value": false, "score": 0.002636551856994629}, "created": {"value": false, "score": 0.00022983551025390625}, "shared": {"value": false, "score": 2.980232238769531e-07}}, "documentContextAttributes": {"used": {"value": true, "score": 0.9999753832817078}, "created": {"value": true, "score": 0.9998340606689453}, "shared": {"value": false, "score": 8.940696716308594e-07}}, "references": [{"label": "(43)", "normalizedForm": "43", "refKey": 43}]}, {"type": "software", "software-type": "software", "wikidataId": "Q1718402", "wikipediaExternalRef": 1603019, "lang": "en", "confidence": 0.472, "software-name": {"rawForm": "KAON2", "normalizedForm": "KAON2", "wikidataId": "Q1718402", "wikipediaExternalRef": 1603019, "lang": "en", "confidence": 0.472, "offsetStart": 96, "offsetEnd": 101}, "context": "However, the KAON2 system [29,38,39] can rewrite GTGDs obtained from OWL ontologies, so we used KAON2 as a baseline in our experiments with OWL-based GTGDs.", "mentionContextAttributes": {"used": {"value": true, "score": 0.7021762132644653}, "created": {"value": false, "score": 2.568960189819336e-05}, "shared": {"value": false, "score": 2.980232238769531e-07}}, "documentContextAttributes": {"used": {"value": true, "score": 0.9999898076057434}, "created": {"value": false, "score": 0.4587637782096863}, "shared": {"value": false, "score": 2.980232238769531e-07}}, "references": [{"label": "[29,", "normalizedForm": "[29", "refKey": 29}]}, {"type": "software", "software-type": "software", "software-name": {"rawForm": "SkDR", "normalizedForm": "SkDR", "offsetStart": 97, "offsetEnd": 101}, "context": "We next show that neither algorithm is generally better: there exist families of inputs on which SkDR performs exponentially more inferences than ExbDR, and vice versa.", "mentionContextAttributes": {"used": {"value": false, "score": 0.006489813327789307}, "created": {"value": false, "score": 0.0015260577201843262}, "shared": {"value": false, "score": 1.7881393432617188e-07}}, "documentContextAttributes": {"used": {"value": true, "score": 0.9999753832817078}, "created": {"value": true, "score": 0.9998340606689453}, "shared": {"value": false, "score": 8.940696716308594e-07}}, "references": [{"label": "(43)", "normalizedForm": "43", "refKey": 43}]}, {"type": "software", "software-type": "software", "software-name": {"rawForm": "SkDR", "normalizedForm": "SkDR", "offsetStart": 100, "offsetEnd": 104}, "context": "There exists a family {\u03a3 \ud835\udc5b } \ud835\udc5b\u2208N of finite sets of GTGDs such that the number of rules derived by SkDR is \ud835\udc42 (2 \ud835\udc5b ) times larger than the number of TGDs derived by ExbDR on each \u03a3 \ud835\udc5b .", "mentionContextAttributes": {"used": {"value": false, "score": 0.003907263278961182}, "created": {"value": false, "score": 5.78761100769043e-05}, "shared": {"value": false, "score": 4.172325134277344e-07}}, "documentContextAttributes": {"used": {"value": true, "score": 0.9999753832817078}, "created": {"value": true, "score": 0.9998340606689453}, "shared": {"value": false, "score": 8.940696716308594e-07}}, "references": [{"label": "(43)", "normalizedForm": "43", "refKey": 43}]}, {"type": "software", "software-type": "software", "wikidataId": "Q1718402", "wikipediaExternalRef": 1603019, "lang": "en", "confidence": 0.472, "software-name": {"rawForm": "KAON2", "normalizedForm": "KAON2", "wikidataId": "Q1718402", "wikipediaExternalRef": 1603019, "lang": "en", "confidence": 0.472, "offsetStart": 103, "offsetEnd": 108}, "context": "We computed the Datalog rewriting of GTGDs obtained from OWL ontologies using our three algorithms and KAON2. ", "mentionContextAttributes": {"used": {"value": true, "score": 0.9999898076057434}, "created": {"value": false, "score": 0.0003142356872558594}, "shared": {"value": false, "score": 1.7881393432617188e-07}}, "documentContextAttributes": {"used": {"value": true, "score": 0.9999898076057434}, "created": {"value": false, "score": 0.4587637782096863}, "shared": {"value": false, "score": 2.980232238769531e-07}}, "references": [{"label": "[29,", "normalizedForm": "[29", "refKey": 29}]}, {"type": "software", "software-type": "software", "software-name": {"rawForm": "SkDR", "normalizedForm": "SkDR", "offsetStart": 108, "offsetEnd": 112}, "context": "The input size for ExbDR is the number of GTGDs after transforming the input into head-normal form, and for SkDR and HypDR it is the number of rules after Skolemization.", "mentionContextAttributes": {"used": {"value": true, "score": 0.5689848065376282}, "created": {"value": false, "score": 9.59634780883789e-06}, "shared": {"value": false, "score": 1.7881393432617188e-07}}, "documentContextAttributes": {"used": {"value": true, "score": 0.9999753832817078}, "created": {"value": true, "score": 0.9998340606689453}, "shared": {"value": false, "score": 8.940696716308594e-07}}, "references": [{"label": "(43)", "normalizedForm": "43", "refKey": 43}]}, {"type": "software", "software-type": "software", "software-name": {"rawForm": "SkDR", "normalizedForm": "SkDR", "offsetStart": 111, "offsetEnd": 115}, "context": "Moreover, SkDR(\u03a3) contains each full TGD of \u03a3 up to redundancy, so each full TGD of \u03a3 is logically entailed by SkDR(\u03a3).", "mentionContextAttributes": {"used": {"value": false, "score": 0.36638230085372925}, "created": {"value": false, "score": 1.8298625946044922e-05}, "shared": {"value": false, "score": 2.980232238769531e-07}}, "documentContextAttributes": {"used": {"value": true, "score": 0.9999753832817078}, "created": {"value": true, "score": 0.9998340606689453}, "shared": {"value": false, "score": 8.940696716308594e-07}}, "references": [{"label": "(43)", "normalizedForm": "43", "refKey": 43}]}, {"type": "software", "software-type": "software", "software-name": {"rawForm": "SkDR", "normalizedForm": "SkDR", "offsetStart": 119, "offsetEnd": 123}, "context": "This can be achieved by replacing existentially quantified variables by Skolem terms, which in turns gives rise to the SkDR algorithm from Definition 5.10.", "mentionContextAttributes": {"used": {"value": false, "score": 0.0010903477668762207}, "created": {"value": false, "score": 3.987550735473633e-05}, "shared": {"value": false, "score": 1.7881393432617188e-07}}, "documentContextAttributes": {"used": {"value": true, "score": 0.9999753832817078}, "created": {"value": true, "score": 0.9998340606689453}, "shared": {"value": false, "score": 8.940696716308594e-07}}, "references": [{"label": "(43)", "normalizedForm": "43", "refKey": 43}]}, {"type": "software", "software-type": "software", "software-name": {"rawForm": "SkDR", "normalizedForm": "SkDR", "offsetStart": 123, "offsetEnd": 127}, "context": "We next present the HypDR algorithm, which uses the hyperresolution inference rule as a kind of \"macro\" to combine several SkDR steps into one.", "mentionContextAttributes": {"used": {"value": false, "score": 0.00011080503463745117}, "created": {"value": true, "score": 0.9998340606689453}, "shared": {"value": false, "score": 2.980232238769531e-07}}, "documentContextAttributes": {"used": {"value": true, "score": 0.9999753832817078}, "created": {"value": true, "score": 0.9998340606689453}, "shared": {"value": false, "score": 8.940696716308594e-07}}, "references": [{"label": "(43)", "normalizedForm": "43", "refKey": 43}]}, {"type": "software", "software-type": "software", "software-name": {"rawForm": "Skolemization", "normalizedForm": "Skolemization", "offsetStart": 124, "offsetEnd": 137}, "context": "Set W is initially empty (line 1), and set U is initialized to the head-normal form of \u03a3 if Inf manipulates TGDs, or to the Skolemization of \u03a3 if Inf manipulates rules.", "mentionContextAttributes": {"used": {"value": false, "score": 0.03980839252471924}, "created": {"value": false, "score": 3.68952751159668e-05}, "shared": {"value": false, "score": 2.980232238769531e-07}}, "documentContextAttributes": {"used": {"value": true, "score": 0.9791715741157532}, "created": {"value": false, "score": 0.00022983551025390625}, "shared": {"value": false, "score": 1.0728836059570312e-06}}}, {"type": "software", "software-type": "software", "software-name": {"rawForm": "SkDR", "normalizedForm": "SkDR", "offsetStart": 128, "offsetEnd": 132}, "context": "In Subsection 5.1 we present the ExbDR algorithm that manipulates GTGDs directly, and in Subsections 5.2 and 5.3 we present the SkDR and HypDR algorithms, respectively, that manipulate rules obtained by Skolemizing the input GTGDs.", "mentionContextAttributes": {"used": {"value": false, "score": 0.10341942310333252}, "created": {"value": false, "score": 0.007506370544433594}, "shared": {"value": false, "score": 4.172325134277344e-07}}, "documentContextAttributes": {"used": {"value": true, "score": 0.9999753832817078}, "created": {"value": true, "score": 0.9998340606689453}, "shared": {"value": false, "score": 8.940696716308594e-07}}, "references": [{"label": "(43)", "normalizedForm": "43", "refKey": 43}]}, {"type": "software", "software-type": "software", "software-name": {"rawForm": "SkDR", "normalizedForm": "SkDR", "offsetStart": 130, "offsetEnd": 134}, "context": "Since SkDR(\u03a3) contains all Skolem-free rules of \u03a3 \u2032 and this property holds for the root vertex \ud835\udc5f , Proposition 4.7 ensures that SkDR(\u03a3) is a rewriting of \u03a3.", "mentionContextAttributes": {"used": {"value": false, "score": 0.0910835862159729}, "created": {"value": false, "score": 6.026029586791992e-05}, "shared": {"value": false, "score": 7.748603820800781e-07}}, "documentContextAttributes": {"used": {"value": true, "score": 0.9999753832817078}, "created": {"value": true, "score": 0.9998340606689453}, "shared": {"value": false, "score": 8.940696716308594e-07}}, "references": [{"label": "(43)", "normalizedForm": "43", "refKey": 43}]}, {"type": "software", "software-type": "software", "software-name": {"rawForm": "SkDR", "normalizedForm": "SkDR", "offsetStart": 133, "offsetEnd": 137}, "context": "Consider arbitrary rules \ud835\udf0f = \ud835\udefd \u2192 \ud835\udc3b and \ud835\udf0f \u2032 = \ud835\udc34 \u2032 \u2227 \ud835\udefd \u2032 \u2192 \ud835\udc3b \u2032 and an MGU \ud835\udf03 of \ud835\udc3b and \ud835\udc34 \u2032 satisfying the preconditions of the SkDR inference rule.", "mentionContextAttributes": {"used": {"value": true, "score": 0.677902340888977}, "created": {"value": false, "score": 1.1742115020751953e-05}, "shared": {"value": false, "score": 4.172325134277344e-07}}, "documentContextAttributes": {"used": {"value": true, "score": 0.9999753832817078}, "created": {"value": true, "score": 0.9998340606689453}, "shared": {"value": false, "score": 8.940696716308594e-07}}, "references": [{"label": "(43)", "normalizedForm": "43", "refKey": 43}]}, {"type": "software", "software-type": "software", "wikidataId": "Q1718402", "wikipediaExternalRef": 1603019, "lang": "en", "confidence": 0.472, "software-name": {"rawForm": "KAON2", "normalizedForm": "KAON2", "wikidataId": "Q1718402", "wikipediaExternalRef": 1603019, "lang": "en", "confidence": 0.472, "offsetStart": 138, "offsetEnd": 143}, "context": "To see how this transformation affects our algorithms, we reran our experiments while transforming the input axioms in the same way as in KAON2.", "mentionContextAttributes": {"used": {"value": true, "score": 0.9950042366981506}, "created": {"value": false, "score": 0.4587637782096863}, "shared": {"value": false, "score": 1.7881393432617188e-07}}, "documentContextAttributes": {"used": {"value": true, "score": 0.9999898076057434}, "created": {"value": false, "score": 0.4587637782096863}, "shared": {"value": false, "score": 2.980232238769531e-07}}, "references": [{"label": "[29,", "normalizedForm": "[29", "refKey": 29}]}, {"type": "software", "software-type": "software", "software-name": {"rawForm": "Skolemization", "normalizedForm": "Skolemization", "offsetStart": 146, "offsetEnd": 159}, "context": ", \ud835\udc66 \ud835\udc5a of \ud835\udf0f, let \ud835\udf08 be a function that maps each labeled null \ud835\udc5b \ud835\udc56 to the ground term \ud835\udc53 \ud835\udc56 (\ud835\udefe ( \u00ec \ud835\udc65)) where \ud835\udc53 \ud835\udc56 is the symbol used in the Skolemization of \ud835\udc66 \ud835\udc56 .", "mentionContextAttributes": {"used": {"value": false, "score": 0.11177599430084229}, "created": {"value": false, "score": 4.398822784423828e-05}, "shared": {"value": false, "score": 1.0728836059570312e-06}}, "documentContextAttributes": {"used": {"value": true, "score": 0.9791715741157532}, "created": {"value": false, "score": 0.00022983551025390625}, "shared": {"value": false, "score": 1.0728836059570312e-06}}}, {"type": "software", "software-type": "software", "software-name": {"rawForm": "Skolemization", "normalizedForm": "Skolemization", "offsetStart": 155, "offsetEnd": 168}, "context": "The input size for ExbDR is the number of GTGDs after transforming the input into head-normal form, and for SkDR and HypDR it is the number of rules after Skolemization. ", "mentionContextAttributes": {"used": {"value": true, "score": 0.5689847469329834}, "created": {"value": false, "score": 9.5367431640625e-06}, "shared": {"value": false, "score": 1.1920928955078125e-07}}, "documentContextAttributes": {"used": {"value": true, "score": 0.9791715741157532}, "created": {"value": false, "score": 0.00022983551025390625}, "shared": {"value": false, "score": 1.0728836059570312e-06}}}, {"type": "software", "software-type": "software", "software-name": {"rawForm": "SkDR", "normalizedForm": "SkDR", "offsetStart": 161, "offsetEnd": 165}, "context": "This change significantly increased the number of derivations: the numbers of derived TGDs/rules increased on average by a factor of 104, 185, and 103 on ExbDR, SkDR, and HypDR, respectively.", "mentionContextAttributes": {"used": {"value": true, "score": 0.9987207055091858}, "created": {"value": false, "score": 6.151199340820312e-05}, "shared": {"value": false, "score": 1.1920928955078125e-07}}, "documentContextAttributes": {"used": {"value": true, "score": 0.9999753832817078}, "created": {"value": true, "score": 0.9998340606689453}, "shared": {"value": false, "score": 8.940696716308594e-07}}, "references": [{"label": "(43)", "normalizedForm": "43", "refKey": 43}]}, {"type": "software", "software-type": "software", "software-name": {"rawForm": "SkDR", "normalizedForm": "SkDR", "offsetStart": 169, "offsetEnd": 173}, "context": "There exists a family {\u03a3 \ud835\udc5b } \ud835\udc5b\u2208N of finite sets of GTGDs such that the number of GTGDs derived by ExbDR is \ud835\udc42 (2 \ud835\udc5b ) times larger than the number of rules derived by SkDR on each \u03a3 \ud835\udc5b .", "mentionContextAttributes": {"used": {"value": false, "score": 0.0027881264686584473}, "created": {"value": false, "score": 7.2479248046875e-05}, "shared": {"value": false, "score": 4.76837158203125e-07}}, "documentContextAttributes": {"used": {"value": true, "score": 0.9999753832817078}, "created": {"value": true, "score": 0.9998340606689453}, "shared": {"value": false, "score": 8.940696716308594e-07}}, "references": [{"label": "(43)", "normalizedForm": "43", "refKey": 43}]}, {"type": "software", "software-type": "software", "software-name": {"rawForm": "SkDR", "normalizedForm": "SkDR", "offsetStart": 206, "offsetEnd": 210}, "context": "While HypDR performed best on GTGDs derived from ontologies, Figure 5 shows it to be worst-performing on higher-arity GTGDs: it successfully processed only 199 inputs within the ten minute timeout, whereas SkDR and ExbDR processed 238 and 274 inputs, respectively.", "mentionContextAttributes": {"used": {"value": true, "score": 0.9989973902702332}, "created": {"value": false, "score": 3.4570693969726562e-06}, "shared": {"value": false, "score": 2.384185791015625e-07}}, "documentContextAttributes": {"used": {"value": true, "score": 0.9999753832817078}, "created": {"value": true, "score": 0.9998340606689453}, "shared": {"value": false, "score": 8.940696716308594e-07}}, "references": [{"label": "(43)", "normalizedForm": "43", "refKey": 43}]}, {"type": "software", "software-type": "software", "software-name": {"rawForm": "Skolemization", "normalizedForm": "Skolemization", "offsetStart": 239, "offsetEnd": 252}, "context": "Variable normalization ensures termination, and using a modified subsumption check does not affect the correctness of the rewriting: set W may contain more TGDs/rules than strictly necessary, but these are all logical consequences of (the Skolemization of) \u03a3.", "mentionContextAttributes": {"used": {"value": false, "score": 0.004731476306915283}, "created": {"value": false, "score": 1.537799835205078e-05}, "shared": {"value": false, "score": 2.384185791015625e-07}}, "documentContextAttributes": {"used": {"value": true, "score": 0.9791715741157532}, "created": {"value": false, "score": 0.00022983551025390625}, "shared": {"value": false, "score": 1.0728836059570312e-06}}}, {"type": "software", "software-type": "software", "software-name": {"rawForm": "SkDR", "normalizedForm": "SkDR", "offsetStart": 327, "offsetEnd": 331}, "context": "The algorithm was able to process most inputs; it was at least 35% faster than the other systems on the slowest input; it was never slower by an order of magnitude; there were only 14 inputs that could be processed by some other algorithm but not HypDR; and the output of HypDR does not differ significantly from the output of SkDR. ", "mentionContextAttributes": {"used": {"value": true, "score": 0.9969833493232727}, "created": {"value": false, "score": 4.649162292480469e-06}, "shared": {"value": false, "score": 5.960464477539062e-07}}, "documentContextAttributes": {"used": {"value": true, "score": 0.9999753832817078}, "created": {"value": true, "score": 0.9998340606689453}, "shared": {"value": false, "score": 8.940696716308594e-07}}, "references": [{"label": "(43)", "normalizedForm": "43", "refKey": 43}]}], "references": [{"refKey": 29, "tei": "<biblStruct xml:id=\"b29\">\n\t<analytic>\n\t\t<title level=\"a\" type=\"main\">Reasoning in Description Logics by a Reduction to Disjunctive Datalog</title>\n\t\t<author>\n\t\t\t<persName><forename type=\"first\">Ullrich</forename><surname>Hustadt</surname></persName>\n\t\t</author>\n\t\t<author>\n\t\t\t<persName><forename type=\"first\">Boris</forename><surname>Motik</surname></persName>\n\t\t</author>\n\t\t<author>\n\t\t\t<persName><forename type=\"first\">Ulrike</forename><surname>Sattler</surname></persName>\n\t\t</author>\n\t\t<idno type=\"DOI\">10.1007/s10817-007-9080-3</idno>\n\t</analytic>\n\t<monogr>\n\t\t<title level=\"j\">Journal of Automated Reasoning</title>\n\t\t<title level=\"j\" type=\"abbrev\">J Autom Reasoning</title>\n\t\t<idno type=\"ISSN\">0168-7433</idno>\n\t\t<idno type=\"ISSNe\">1573-0670</idno>\n\t\t<imprint>\n\t\t\t<biblScope unit=\"volume\">39</biblScope>\n\t\t\t<biblScope unit=\"issue\">3</biblScope>\n\t\t\t<biblScope unit=\"page\" from=\"351\" to=\"384\" />\n\t\t\t<date type=\"published\" when=\"2007-07-27\">2007. 2007</date>\n\t\t\t<publisher>Springer Science and Business Media LLC</publisher>\n\t\t</imprint>\n\t</monogr>\n</biblStruct>\n"}, {"refKey": 43, "tei": "<biblStruct xml:id=\"b43\">\n\t<analytic>\n\t\t<title level=\"a\" type=\"main\">Index Data Structure for Fast Subset and Superset Queries</title>\n\t\t<author>\n\t\t\t<persName><forename type=\"first\">Iztok</forename><surname>Savnik</surname></persName>\n\t\t</author>\n\t\t<idno type=\"DOI\">10.1007/978-3-642-40511-2_10</idno>\n\t</analytic>\n\t<monogr>\n\t\t<title level=\"m\">Availability, Reliability, and Security in Information Systems and HCI</title>\n\t\t<imprint>\n\t\t\t<publisher>Springer Berlin Heidelberg</publisher>\n\t\t\t<date type=\"published\" when=\"2013\">2013</date>\n\t\t\t<biblScope unit=\"page\" from=\"134\" to=\"148\" />\n\t\t</imprint>\n\t</monogr>\n</biblStruct>\n"}], "runtime": 84331, "id": "55be5995a270e245a3f1ee2f14b7812ccf5ffa20", "metadata": {"id": "55be5995a270e245a3f1ee2f14b7812ccf5ffa20"}, "original_file_path": "../../datalake/Samuel/SOFTware-Sync/data/xml_not_sofctied/lirmm-03714595.grobid.tei.xml", "file_name": "lirmm-03714595.grobid.tei.xml"}