{"application": "software-mentions", "version": "0.8.0", "date": "2024-04-12T17:26+0000", "md5": "C5256F1851FDD9D4FDBEEC04506B3087", "mentions": [{"type": "software", "software-type": "software", "software-name": {"rawForm": "ApxCnt", "normalizedForm": "ApxCnt", "offsetStart": 0, "offsetEnd": 6}, "context": "ApxCnt uses message passing (see Section 2.4). ", "mentionContextAttributes": {"used": {"value": false, "score": 0.00023859739303588867}, "created": {"value": false, "score": 5.245208740234375e-06}, "shared": {"value": false, "score": 1.1920928955078125e-06}}, "documentContextAttributes": {"used": {"value": false, "score": 0.011636912822723389}, "created": {"value": true, "score": 0.6748735308647156}, "shared": {"value": false, "score": 1.1920928955078125e-06}}}, {"type": "software", "software-type": "software", "software-name": {"rawForm": "ApxCnt", "normalizedForm": "ApxCnt", "offsetStart": 12, "offsetEnd": 18}, "context": "However, in ApxCnt a message is a multiset of sums, and hence the main technical challenge we address below is how to achieve a unique sum per tuple (and its subtree).", "mentionContextAttributes": {"used": {"value": false, "score": 0.0001577138900756836}, "created": {"value": false, "score": 0.0006390213966369629}, "shared": {"value": false, "score": 2.384185791015625e-07}}, "documentContextAttributes": {"used": {"value": false, "score": 0.011636912822723389}, "created": {"value": true, "score": 0.6748735308647156}, "shared": {"value": false, "score": 1.1920928955078125e-06}}}, {"type": "software", "software-type": "software", "software-name": {"rawForm": "ApxCnt", "normalizedForm": "ApxCnt", "offsetStart": 17, "offsetEnd": 23}, "context": "For this reason, ApxCnt applies sketching to compress the messages. ", "mentionContextAttributes": {"used": {"value": false, "score": 0.0002867579460144043}, "created": {"value": false, "score": 1.800060272216797e-05}, "shared": {"value": false, "score": 3.5762786865234375e-07}}, "documentContextAttributes": {"used": {"value": false, "score": 0.011636912822723389}, "created": {"value": true, "score": 0.6748735308647156}, "shared": {"value": false, "score": 1.1920928955078125e-06}}}, {"type": "software", "software-type": "software", "software-name": {"rawForm": "ApxCnt", "normalizedForm": "ApxCnt", "offsetStart": 19, "offsetEnd": 25}, "context": "Then, according to ApxCnt, a tuple \ud835\udc61 in the parent relation \ud835\udc45 receives a message \ud835\udf0e (\ud835\udc4f) = S \ud835\udf16 \u2032 (\u228e \ud835\udc61 \u2032 \u2208\ud835\udc4f \ud835\udf0e (\ud835\udc61 \u2032 )) for some \ud835\udf16 \u2032 and join group \ud835\udc4f.", "mentionContextAttributes": {"used": {"value": false, "score": 0.011636912822723389}, "created": {"value": false, "score": 1.5974044799804688e-05}, "shared": {"value": false, "score": 8.344650268554688e-07}}, "documentContextAttributes": {"used": {"value": false, "score": 0.011636912822723389}, "created": {"value": true, "score": 0.6748735308647156}, "shared": {"value": false, "score": 1.1920928955078125e-06}}}, {"type": "software", "software-type": "software", "software-name": {"rawForm": "ApxCnt", "normalizedForm": "ApxCnt", "offsetStart": 63, "offsetEnd": 69}, "context": "The key idea is to embed the sums contained in the messages of ApxCnt into the database relations so that each tuple stores a unique sum and all answers in its subtree approximately have that sum.", "mentionContextAttributes": {"used": {"value": false, "score": 0.0012520551681518555}, "created": {"value": true, "score": 0.5665695667266846}, "shared": {"value": false, "score": 2.384185791015625e-07}}, "documentContextAttributes": {"used": {"value": false, "score": 0.011636912822723389}, "created": {"value": true, "score": 0.6748735308647156}, "shared": {"value": false, "score": 1.1920928955078125e-06}}}, {"type": "software", "software-type": "software", "software-name": {"rawForm": "ApxCnt", "normalizedForm": "ApxCnt", "offsetStart": 94, "offsetEnd": 100}, "context": "To achieve the trimming, we adapt an algorithm of Abo-Khamis et al. [2], which we refer to as ApxCnt.", "mentionContextAttributes": {"used": {"value": false, "score": 0.0026772618293762207}, "created": {"value": true, "score": 0.6748735308647156}, "shared": {"value": false, "score": 1.1920928955078125e-07}}, "documentContextAttributes": {"used": {"value": false, "score": 0.011636912822723389}, "created": {"value": true, "score": 0.6748735308647156}, "shared": {"value": false, "score": 1.1920928955078125e-06}}}, {"type": "software", "software-type": "software", "software-name": {"rawForm": "ApxCnt", "normalizedForm": "ApxCnt", "offsetStart": 172, "offsetEnd": 178}, "context": "The basic idea is to replace different elements in a multiset with the same element; the efficiency gain is due to the fact that an element \ud835\udc60 that appears \ud835\udc5f times can be ApxCnt sketches all messages and bounds the error incurred by the two message-passing operations (\u2295, \u2297).", "mentionContextAttributes": {"used": {"value": false, "score": 0.0005048513412475586}, "created": {"value": false, "score": 0.00011050701141357422}, "shared": {"value": false, "score": 2.384185791015625e-07}}, "documentContextAttributes": {"used": {"value": false, "score": 0.011636912822723389}, "created": {"value": true, "score": 0.6748735308647156}, "shared": {"value": false, "score": 1.1920928955078125e-06}}}], "references": [], "runtime": 53386, "id": "cd6c9a2a65db55fb4bed081fa9d4979936b28daa", "metadata": {"id": "cd6c9a2a65db55fb4bed081fa9d4979936b28daa"}, "original_file_path": "../../datalake/Samuel/SOFTware-Sync/data/xml_not_sofctied/lirmm-04277973.grobid.tei.xml", "file_name": "lirmm-04277973.grobid.tei.xml"}