{"application": "software-mentions", "version": "0.8.0", "date": "2024-04-15T07:15+0000", "md5": "9B022188826BFBB5DC27059810EBB61E", "mentions": [{"type": "software", "software-type": "software", "software-name": {"rawForm": "script", "normalizedForm": "script", "offsetStart": 11, "offsetEnd": 17}, "context": "Criamos um script para ler os arquivos que cont\u00e9m as inst\u00e2ncias dos workflows (em formato XML) e atribuir restric \u00b8\u00f5es (arestas fortes e fracas) entre os arquivos automaticamente, (i.e., o grafo de conflitos).", "mentionContextAttributes": {"used": {"value": false, "score": 0.02346181869506836}, "created": {"value": false, "score": 3.874301910400391e-06}, "shared": {"value": false, "score": 6.020069122314453e-06}}, "documentContextAttributes": {"used": {"value": false, "score": 0.02346181869506836}, "created": {"value": false, "score": 4.947185516357422e-06}, "shared": {"value": false, "score": 6.020069122314453e-06}}}, {"type": "software", "software-type": "software", "software-name": {"rawForm": "SaFER", "normalizedForm": "SaFER", "offsetStart": 18, "offsetEnd": 23}, "context": "Por outro lado, a SaFER-hcg conseguiu, para as mesmas inst\u00e2ncias, produzir boas soluc \u00b8\u00f5es com diferenc \u00b8a de, em m\u00e9dia, 14% em relac \u00b8\u00e3o a soluc \u00b8\u00e3o encontrada pelo m\u00e9todo exato, mas n\u00e3o conseguiu encontrar a soluc \u00b8\u00e3o ideal para 6 das inst\u00e2ncias sint\u00e9ticas.", "mentionContextAttributes": {"used": {"value": false, "score": 0.1321541666984558}, "created": {"value": false, "score": 4.351139068603516e-06}, "shared": {"value": false, "score": 3.7550926208496094e-06}}, "documentContextAttributes": {"used": {"value": true, "score": 0.8207083344459534}, "created": {"value": true, "score": 0.9999275803565979}, "shared": {"value": false, "score": 1.7940998077392578e-05}}}, {"type": "software", "software-type": "software", "software-name": {"rawForm": "SaFER", "normalizedForm": "SaFER", "offsetStart": 26, "offsetEnd": 31}, "context": "In this paper, we present SaFER (workflow Scheduling with conFidEntity pRoblem), a scheduling approach that considers data confidentiality constraints.", "mentionContextAttributes": {"used": {"value": false, "score": 8.791685104370117e-05}, "created": {"value": true, "score": 0.9999275803565979}, "shared": {"value": false, "score": 2.980232238769531e-07}}, "documentContextAttributes": {"used": {"value": true, "score": 0.8207083344459534}, "created": {"value": true, "score": 0.9999275803565979}, "shared": {"value": false, "score": 1.7940998077392578e-05}}}, {"type": "software", "software-type": "software", "software-name": {"rawForm": "SaFER", "normalizedForm": "SaFER", "offsetStart": 33, "offsetEnd": 38}, "context": "Por \u00faltimo, somente a heur\u00edstica SaFER-hcg conseguiu encontrar soluc \u00b8\u00f5es para as inst\u00e2ncias maiores em tempo h\u00e1bil, comprovando, assim, sua import\u00e2ncia.", "mentionContextAttributes": {"used": {"value": false, "score": 0.005633354187011719}, "created": {"value": false, "score": 2.4437904357910156e-06}, "shared": {"value": false, "score": 1.6093254089355469e-06}}, "documentContextAttributes": {"used": {"value": true, "score": 0.8207083344459534}, "created": {"value": true, "score": 0.9999275803565979}, "shared": {"value": false, "score": 1.7940998077392578e-05}}}, {"type": "software", "software-type": "software", "software-name": {"rawForm": "SaFER", "normalizedForm": "SaFER", "offsetStart": 34, "offsetEnd": 39}, "context": "O problema tratado pela abordagem SaFER pode ser definido como um problema de programac \u00b8\u00e3o matem\u00e1tica mista como descrito a seguir.", "mentionContextAttributes": {"used": {"value": false, "score": 0.06136631965637207}, "created": {"value": false, "score": 5.066394805908203e-06}, "shared": {"value": false, "score": 1.7940998077392578e-05}}, "documentContextAttributes": {"used": {"value": true, "score": 0.8207083344459534}, "created": {"value": true, "score": 0.9999275803565979}, "shared": {"value": false, "score": 1.7940998077392578e-05}}}, {"type": "software", "software-type": "software", "software-name": {"rawForm": "SaFER", "normalizedForm": "SaFER", "offsetStart": 46, "offsetEnd": 51}, "context": "Al\u00e9m disso, executamos a soluc \u00b8\u00e3o heur\u00edstica SaFER-hcg para inst\u00e2ncias reais de workflows com caracter\u00edsticas distintas e invi\u00e1veis para execuc \u00b8\u00e3o com o m\u00e9todo exato.", "mentionContextAttributes": {"used": {"value": false, "score": 0.009491980075836182}, "created": {"value": false, "score": 3.7550926208496094e-06}, "shared": {"value": false, "score": 1.2576580047607422e-05}}, "documentContextAttributes": {"used": {"value": true, "score": 0.8207083344459534}, "created": {"value": true, "score": 0.9999275803565979}, "shared": {"value": false, "score": 1.7940998077392578e-05}}}, {"type": "software", "software-type": "software", "software-name": {"rawForm": "SaFER", "normalizedForm": "SaFER", "offsetStart": 49, "offsetEnd": 54}, "context": "Nesta sec \u00b8\u00e3o, comparamos a soluc \u00b8\u00e3o heur\u00edstica SaFER-hcg (Sec \u00b8\u00e3o 4) com a soluc \u00b8\u00e3o exata fornecida pelo modelo matem\u00e1tico (i.e., baseline).", "mentionContextAttributes": {"used": {"value": false, "score": 0.00156402587890625}, "created": {"value": false, "score": 1.6093254089355469e-06}, "shared": {"value": false, "score": 7.748603820800781e-07}}, "documentContextAttributes": {"used": {"value": true, "score": 0.8207083344459534}, "created": {"value": true, "score": 0.9999275803565979}, "shared": {"value": false, "score": 1.7940998077392578e-05}}}, {"type": "software", "software-type": "software", "software-name": {"rawForm": "SaFER", "normalizedForm": "SaFER", "offsetStart": 50, "offsetEnd": 55}, "context": "Em nossos experimentos, executamos o algoritmo da SaFER-hcg 100 vezes armazenando, sempre, o melhor resultado encontrado.", "mentionContextAttributes": {"used": {"value": false, "score": 0.03339296579360962}, "created": {"value": false, "score": 1.9669532775878906e-06}, "shared": {"value": false, "score": 1.0132789611816406e-06}}, "documentContextAttributes": {"used": {"value": true, "score": 0.8207083344459534}, "created": {"value": true, "score": 0.9999275803565979}, "shared": {"value": false, "score": 1.7940998077392578e-05}}}, {"type": "software", "software-type": "software", "software-name": {"rawForm": "SaFER", "normalizedForm": "SaFER", "offsetStart": 53, "offsetEnd": 58}, "context": "Algoritmo 1: Heur\u00edstica Construtiva Gulosa-Aleat\u00f3ria SaFER-hcg", "mentionContextAttributes": {"used": {"value": true, "score": 0.8207083344459534}, "created": {"value": false, "score": 6.139278411865234e-06}, "shared": {"value": false, "score": 4.172325134277344e-07}}, "documentContextAttributes": {"used": {"value": true, "score": 0.8207083344459534}, "created": {"value": true, "score": 0.9999275803565979}, "shared": {"value": false, "score": 1.7940998077392578e-05}}}, {"type": "software", "software-type": "software", "software-name": {"rawForm": "SaFER", "normalizedForm": "SaFER", "offsetStart": 56, "offsetEnd": 61}, "context": "\u00c9 interessante notar que os tempos de execuc \u00b8\u00e3o para a SaFER-hcg s\u00e3o inferiores aos executados pelo CPLEX (em torno de um cent\u00e9simo de segundo).", "mentionContextAttributes": {"used": {"value": false, "score": 0.009959697723388672}, "created": {"value": false, "score": 1.233816146850586e-05}, "shared": {"value": false, "score": 3.7550926208496094e-06}}, "documentContextAttributes": {"used": {"value": true, "score": 0.8207083344459534}, "created": {"value": true, "score": 0.9999275803565979}, "shared": {"value": false, "score": 1.7940998077392578e-05}}}, {"type": "software", "software-type": "software", "software-name": {"rawForm": "SaFER", "normalizedForm": "SaFER", "offsetStart": 61, "offsetEnd": 66}, "context": "Uma explicac \u00b8\u00e3o para a diferenc \u00b8a entre o m\u00e9todo exato e a SaFER-hcg \u00e9 que o m\u00e9todo exato permite que as leituras de todas as ativac \u00b8\u00f5es iniciais ocorram antes de qualquer execuc \u00b8\u00e3o, enquanto que a heur\u00edstica SaFER-hcg agrega leitura, execuc \u00b8\u00e3o e escrita atomicamente; isso faz com que o recurso que cont\u00e9m os arquivos de entrada tenha que ser alocado por mais tempo.", "mentionContextAttributes": {"used": {"value": false, "score": 0.085479736328125}, "created": {"value": false, "score": 3.7550926208496094e-06}, "shared": {"value": false, "score": 1.0192394256591797e-05}}, "documentContextAttributes": {"used": {"value": true, "score": 0.8207083344459534}, "created": {"value": true, "score": 0.9999275803565979}, "shared": {"value": false, "score": 1.7940998077392578e-05}}}, {"type": "software", "software-type": "software", "software-name": {"rawForm": "SaFER", "normalizedForm": "SaFER", "offsetStart": 66, "offsetEnd": 71}, "context": "A Tabela 2 apresenta os resultados das execuc \u00b8\u00f5es das heur\u00edstica SaFER-hcg e a soluc \u00b8\u00e3o exata.", "mentionContextAttributes": {"used": {"value": false, "score": 0.0023652315139770508}, "created": {"value": false, "score": 4.947185516357422e-06}, "shared": {"value": false, "score": 4.172325134277344e-07}}, "documentContextAttributes": {"used": {"value": true, "score": 0.8207083344459534}, "created": {"value": true, "score": 0.9999275803565979}, "shared": {"value": false, "score": 1.7940998077392578e-05}}}, {"type": "software", "software-type": "software", "software-name": {"rawForm": "pRoblem", "normalizedForm": "pRoblem", "offsetStart": 71, "offsetEnd": 78}, "context": "In this paper, we present SaFER (workflow Scheduling with conFidEntity pRoblem), a scheduling approach that considers data confidentiality constraints.", "mentionContextAttributes": {"used": {"value": false, "score": 8.791685104370117e-05}, "created": {"value": true, "score": 0.9999275803565979}, "shared": {"value": false, "score": 2.980232238769531e-07}}, "documentContextAttributes": {"used": {"value": false, "score": 0.2707524299621582}, "created": {"value": true, "score": 0.9999275803565979}, "shared": {"value": false, "score": 1.7881393432617188e-06}}}, {"type": "software", "software-type": "software", "software-name": {"rawForm": "ILOG", "normalizedForm": "ILOG", "offsetStart": 72, "offsetEnd": 76}, "publisher": {"rawForm": "IBM", "normalizedForm": "IBM", "offsetStart": 68, "offsetEnd": 71}, "context": "Os m\u00e9todos heur\u00edsticos e exatos foram implementados com GCC 4.8.5 e IBM ILOG CPLEX 12.8; executados em um computador com processador Intel\u00aei5-7300U 2.60GHz, com 16GB de RAM e SO Linux Fedora 31. ", "mentionContextAttributes": {"used": {"value": true, "score": 0.5170028805732727}, "created": {"value": false, "score": 3.993511199951172e-06}, "shared": {"value": false, "score": 1.1324882507324219e-06}}, "documentContextAttributes": {"used": {"value": true, "score": 0.5170028805732727}, "created": {"value": false, "score": 3.993511199951172e-06}, "shared": {"value": false, "score": 1.1324882507324219e-06}}}, {"type": "software", "software-type": "software", "software-name": {"rawForm": "SaFER", "normalizedForm": "SaFER", "offsetStart": 74, "offsetEnd": 79}, "context": "As contribuic \u00b8\u00f5es do presente artigo s\u00e3o: (i) a formulac \u00b8\u00e3o do problema SaFER como um problema de programac \u00b8\u00e3o matem\u00e1tica mista, (ii) a definic \u00b8\u00e3o de um algoritmo de escalonamento de workflows com restric \u00b8\u00f5es de confidencialidade, e (iii) uma avaliac \u00b8\u00e3o experimental da abordagem proposta usando benchmarks tradicionais da \u00e1rea de workflows cient\u00edficos.", "mentionContextAttributes": {"used": {"value": false, "score": 0.09450405836105347}, "created": {"value": false, "score": 3.993511199951172e-06}, "shared": {"value": false, "score": 3.039836883544922e-06}}, "documentContextAttributes": {"used": {"value": true, "score": 0.8207083344459534}, "created": {"value": true, "score": 0.9999275803565979}, "shared": {"value": false, "score": 1.7940998077392578e-05}}}, {"type": "software", "software-type": "software", "software-name": {"rawForm": "CPLEX", "normalizedForm": "CPLEX", "offsetStart": 77, "offsetEnd": 82}, "version": {"rawForm": "12.8", "normalizedForm": "12.8", "offsetStart": 83, "offsetEnd": 87}, "context": "Os m\u00e9todos heur\u00edsticos e exatos foram implementados com GCC 4.8.5 e IBM ILOG CPLEX 12.8; executados em um computador com processador Intel\u00aei5-7300U 2.60GHz, com 16GB de RAM e SO Linux Fedora 31. ", "mentionContextAttributes": {"used": {"value": true, "score": 0.5170028805732727}, "created": {"value": false, "score": 3.993511199951172e-06}, "shared": {"value": false, "score": 1.1324882507324219e-06}}, "documentContextAttributes": {"used": {"value": true, "score": 0.5170028805732727}, "created": {"value": false, "score": 1.233816146850586e-05}, "shared": {"value": false, "score": 1.0967254638671875e-05}}}, {"type": "software", "software-type": "software", "software-name": {"rawForm": "SaFER", "normalizedForm": "SaFER", "offsetStart": 78, "offsetEnd": 83}, "context": "Introduzimos uma formulac \u00b8\u00e3o matem\u00e1tica e um procedimento heur\u00edstico chamado SaFER-hcg para resolver o problema de otimizac \u00b8\u00e3o.", "mentionContextAttributes": {"used": {"value": false, "score": 0.01916372776031494}, "created": {"value": false, "score": 2.682209014892578e-06}, "shared": {"value": false, "score": 2.3245811462402344e-06}}, "documentContextAttributes": {"used": {"value": true, "score": 0.8207083344459534}, "created": {"value": true, "score": 0.9999275803565979}, "shared": {"value": false, "score": 1.7940998077392578e-05}}}, {"type": "software", "software-type": "software", "software-name": {"rawForm": "SaFER", "normalizedForm": "SaFER", "offsetStart": 87, "offsetEnd": 92}, "context": "Logo, propomos uma heur\u00edstica construtiva gulosa e estoc\u00e1stica como parte da abordagem SaFER, denominada SaFER-hcg, para resolver o escalonamento de ativac \u00b8\u00f5es com restric \u00b8\u00e3o de confidencialidade.", "mentionContextAttributes": {"used": {"value": false, "score": 0.0061959028244018555}, "created": {"value": false, "score": 4.827976226806641e-06}, "shared": {"value": false, "score": 8.761882781982422e-06}}, "documentContextAttributes": {"used": {"value": true, "score": 0.8207083344459534}, "created": {"value": true, "score": 0.9999275803565979}, "shared": {"value": false, "score": 1.7940998077392578e-05}}}, {"type": "software", "software-type": "software", "software-name": {"rawForm": "CPLEX", "normalizedForm": "CPLEX", "offsetStart": 101, "offsetEnd": 106}, "version": {"rawForm": "12.8", "normalizedForm": "12.8"}, "context": "\u00c9 interessante notar que os tempos de execuc \u00b8\u00e3o para a SaFER-hcg s\u00e3o inferiores aos executados pelo CPLEX (em torno de um cent\u00e9simo de segundo).", "mentionContextAttributes": {"used": {"value": false, "score": 0.009959697723388672}, "created": {"value": false, "score": 1.233816146850586e-05}, "shared": {"value": false, "score": 3.7550926208496094e-06}}, "documentContextAttributes": {"used": {"value": true, "score": 0.5170028805732727}, "created": {"value": false, "score": 1.233816146850586e-05}, "shared": {"value": false, "score": 1.0967254638671875e-05}}}, {"type": "software", "software-type": "software", "software-name": {"rawForm": "SaFER", "normalizedForm": "SaFER", "offsetStart": 105, "offsetEnd": 110}, "context": "Logo, propomos uma heur\u00edstica construtiva gulosa e estoc\u00e1stica como parte da abordagem SaFER, denominada SaFER-hcg, para resolver o escalonamento de ativac \u00b8\u00f5es com restric \u00b8\u00e3o de confidencialidade.", "mentionContextAttributes": {"used": {"value": false, "score": 0.0061959028244018555}, "created": {"value": false, "score": 4.827976226806641e-06}, "shared": {"value": false, "score": 8.761882781982422e-06}}, "documentContextAttributes": {"used": {"value": true, "score": 0.8207083344459534}, "created": {"value": true, "score": 0.9999275803565979}, "shared": {"value": false, "score": 1.7940998077392578e-05}}}, {"type": "software", "software-type": "software", "software-name": {"rawForm": "script", "normalizedForm": "script", "offsetStart": 126, "offsetEnd": 132}, "context": "Os workflows s\u00e3o modelados como grafos dirigidos, nos quais os n\u00f3s representam as atividades (i.e., associadas \u00e0 um programa, script, etc.) e os arcos representam as depend\u00eancias de dados entre as atividades [Deelman et al. 2015]. ", "mentionContextAttributes": {"used": {"value": false, "score": 0.006856262683868408}, "created": {"value": false, "score": 4.947185516357422e-06}, "shared": {"value": false, "score": 2.562999725341797e-06}}, "documentContextAttributes": {"used": {"value": false, "score": 0.02346181869506836}, "created": {"value": false, "score": 4.947185516357422e-06}, "shared": {"value": false, "score": 6.020069122314453e-06}}}, {"type": "software", "software-type": "software", "software-name": {"rawForm": "SaFER", "normalizedForm": "SaFER", "offsetStart": 165, "offsetEnd": 170}, "context": "Como trabalho futuro, pretendemos implementar uma metaheur\u00edstica (e.g., GRASP) a fim de melhorar a qualidade da soluc \u00b8\u00e3o heur\u00edstica proposta, al\u00e9m de implementar o SaFER-hcg no SGWf SciCumulus.", "mentionContextAttributes": {"used": {"value": false, "score": 0.004698336124420166}, "created": {"value": false, "score": 5.304813385009766e-06}, "shared": {"value": false, "score": 3.516674041748047e-06}}, "documentContextAttributes": {"used": {"value": true, "score": 0.8207083344459534}, "created": {"value": true, "score": 0.9999275803565979}, "shared": {"value": false, "score": 1.7940998077392578e-05}}}, {"type": "software", "software-type": "software", "software-name": {"rawForm": "Linux", "normalizedForm": "Linux", "offsetStart": 178, "offsetEnd": 183}, "context": "Os m\u00e9todos heur\u00edsticos e exatos foram implementados com GCC 4.8.5 e IBM ILOG CPLEX 12.8; executados em um computador com processador Intel\u00aei5-7300U 2.60GHz, com 16GB de RAM e SO Linux Fedora 31. ", "mentionContextAttributes": {"used": {"value": true, "score": 0.5170028805732727}, "created": {"value": false, "score": 3.993511199951172e-06}, "shared": {"value": false, "score": 1.1324882507324219e-06}}, "documentContextAttributes": {"used": {"value": true, "score": 0.5170028805732727}, "created": {"value": false, "score": 3.993511199951172e-06}, "shared": {"value": false, "score": 1.1324882507324219e-06}}}, {"type": "software", "software-type": "software", "software-name": {"rawForm": "SaFER", "normalizedForm": "SaFER", "offsetStart": 185, "offsetEnd": 190}, "context": "Nesse artigo, de forma a garantir a confidencialidade dos dados produzidos e ao mesmo tempo reduzir o tempo total e o custo de execuc \u00b8\u00e3o do workflow, propomos uma abordagem denominada SaFER (workflow Scheduling with conFidEntiality pRoblem) para escalonamento de workflows, que leva em considerac \u00b8\u00e3o a variedade e a heterogeneidade de VMs na nuvem (por exemplo, diferentes larguras de banda, taxas de transfer\u00eancia e capacidades de processamento), os mecanismos de seguranc \u00b8a oferecidos por cada VM (e.g., criptografia) e o grafo de conflito entre os arquivos, todos integrados.", "mentionContextAttributes": {"used": {"value": false, "score": 0.2707523703575134}, "created": {"value": false, "score": 2.9206275939941406e-06}, "shared": {"value": false, "score": 1.8477439880371094e-06}}, "documentContextAttributes": {"used": {"value": true, "score": 0.8207083344459534}, "created": {"value": true, "score": 0.9999275803565979}, "shared": {"value": false, "score": 1.7940998077392578e-05}}}, {"type": "software", "software-type": "software", "software-name": {"rawForm": "SaFER", "normalizedForm": "SaFER", "offsetStart": 213, "offsetEnd": 218}, "context": "Uma explicac \u00b8\u00e3o para a diferenc \u00b8a entre o m\u00e9todo exato e a SaFER-hcg \u00e9 que o m\u00e9todo exato permite que as leituras de todas as ativac \u00b8\u00f5es iniciais ocorram antes de qualquer execuc \u00b8\u00e3o, enquanto que a heur\u00edstica SaFER-hcg agrega leitura, execuc \u00b8\u00e3o e escrita atomicamente; isso faz com que o recurso que cont\u00e9m os arquivos de entrada tenha que ser alocado por mais tempo.", "mentionContextAttributes": {"used": {"value": false, "score": 0.085479736328125}, "created": {"value": false, "score": 3.6954879760742188e-06}, "shared": {"value": false, "score": 1.0132789611816406e-05}}, "documentContextAttributes": {"used": {"value": true, "score": 0.8207083344459534}, "created": {"value": true, "score": 0.9999275803565979}, "shared": {"value": false, "score": 1.7940998077392578e-05}}}, {"type": "software", "software-type": "software", "software-name": {"rawForm": "conFidEntiality", "normalizedForm": "conFidEntiality", "offsetStart": 217, "offsetEnd": 232}, "context": "Nesse artigo, de forma a garantir a confidencialidade dos dados produzidos e ao mesmo tempo reduzir o tempo total e o custo de execuc \u00b8\u00e3o do workflow, propomos uma abordagem denominada SaFER (workflow Scheduling with conFidEntiality pRoblem) para escalonamento de workflows, que leva em considerac \u00b8\u00e3o a variedade e a heterogeneidade de VMs na nuvem (por exemplo, diferentes larguras de banda, taxas de transfer\u00eancia e capacidades de processamento), os mecanismos de seguranc \u00b8a oferecidos por cada VM (e.g., criptografia) e o grafo de conflito entre os arquivos, todos integrados. ", "mentionContextAttributes": {"used": {"value": false, "score": 0.2707524299621582}, "created": {"value": false, "score": 2.86102294921875e-06}, "shared": {"value": false, "score": 1.7881393432617188e-06}}, "documentContextAttributes": {"used": {"value": false, "score": 0.2707524299621582}, "created": {"value": false, "score": 2.86102294921875e-06}, "shared": {"value": false, "score": 1.7881393432617188e-06}}}, {"type": "software", "software-type": "software", "software-name": {"rawForm": "SaFER", "normalizedForm": "SaFER", "offsetStart": 219, "offsetEnd": 224}, "context": "As colunas Inst\u00e2ncia, F. O., Makespan, Custo, Confid., Tempo representam, respectivamente, as inst\u00e2ncias de workflows, func \u00b8\u00e3o objetivo, tempo de execuc \u00b8\u00e3o, custo e risco de exposic \u00b8\u00e3o, das execuc \u00b8\u00f5es da heur\u00edstica SaFER-hcg e do m\u00e9todo exato.", "mentionContextAttributes": {"used": {"value": true, "score": 0.52177894115448}, "created": {"value": false, "score": 3.4570693969726562e-06}, "shared": {"value": false, "score": 1.7881393432617188e-06}}, "documentContextAttributes": {"used": {"value": true, "score": 0.8207083344459534}, "created": {"value": true, "score": 0.9999275803565979}, "shared": {"value": false, "score": 1.7940998077392578e-05}}}, {"type": "software", "software-type": "software", "software-name": {"rawForm": "pRoblem", "normalizedForm": "pRoblem", "offsetStart": 233, "offsetEnd": 240}, "context": "Nesse artigo, de forma a garantir a confidencialidade dos dados produzidos e ao mesmo tempo reduzir o tempo total e o custo de execuc \u00b8\u00e3o do workflow, propomos uma abordagem denominada SaFER (workflow Scheduling with conFidEntiality pRoblem) para escalonamento de workflows, que leva em considerac \u00b8\u00e3o a variedade e a heterogeneidade de VMs na nuvem (por exemplo, diferentes larguras de banda, taxas de transfer\u00eancia e capacidades de processamento), os mecanismos de seguranc \u00b8a oferecidos por cada VM (e.g., criptografia) e o grafo de conflito entre os arquivos, todos integrados. ", "mentionContextAttributes": {"used": {"value": false, "score": 0.2707524299621582}, "created": {"value": false, "score": 2.86102294921875e-06}, "shared": {"value": false, "score": 1.7881393432617188e-06}}, "documentContextAttributes": {"used": {"value": false, "score": 0.2707524299621582}, "created": {"value": true, "score": 0.9999275803565979}, "shared": {"value": false, "score": 1.7881393432617188e-06}}}, {"type": "software", "software-type": "software", "software-name": {"rawForm": "CPLEX", "normalizedForm": "CPLEX", "offsetStart": 278, "offsetEnd": 283}, "version": {"rawForm": "12.8", "normalizedForm": "12.8"}, "context": "Os resultados indicam que o modelo matem\u00e1tico foi capaz de retornar soluc \u00b8\u00f5es \u00f3timas para todas as inst\u00e2ncias sint\u00e9ticas, com excec \u00b8\u00e3o das inst\u00e2ncias Sint\u00e9tica 15 B e Sint\u00e9tica 15 C que interromperam sua execuc \u00b8\u00e3o ap\u00f3s uma hora (tempo limite configurado para a execuc \u00b8\u00e3o do CPLEX).", "mentionContextAttributes": {"used": {"value": false, "score": 0.09603941440582275}, "created": {"value": false, "score": 4.887580871582031e-06}, "shared": {"value": false, "score": 1.0967254638671875e-05}}, "documentContextAttributes": {"used": {"value": true, "score": 0.5170028805732727}, "created": {"value": false, "score": 1.233816146850586e-05}, "shared": {"value": false, "score": 1.0967254638671875e-05}}}], "references": [], "runtime": 42048, "id": "b58ece9edd080013642ec4f014bfe94d401d155e", "metadata": {"id": "b58ece9edd080013642ec4f014bfe94d401d155e"}, "original_file_path": "../../datalake/Samuel/SOFTware-Sync/data/xml_not_sofctied/lirmm-03452298.grobid.tei.xml", "file_name": "lirmm-03452298.grobid.tei.xml"}