{"application": "software-mentions", "version": "0.8.0", "date": "2024-04-12T17:00+0000", "md5": "260568A00C79E5202C5AFB8695F71D5B", "mentions": [{"type": "software", "software-type": "component", "software-name": {"rawForm": "OTSAD", "normalizedForm": "OTSAD", "offsetStart": 28, "offsetEnd": 33}, "context": "Available in the R language OTSAD package", "mentionContextAttributes": {"used": {"value": false, "score": 0.0016822218894958496}, "created": {"value": false, "score": 8.64863395690918e-05}, "shared": {"value": false, "score": 6.854534149169922e-06}}, "documentContextAttributes": {"used": {"value": false, "score": 0.0016822218894958496}, "created": {"value": false, "score": 8.64863395690918e-05}, "shared": {"value": false, "score": 6.854534149169922e-06}}}, {"type": "software", "software-type": "software", "software-name": {"rawForm": "anomalize", "normalizedForm": "anomalize", "offsetStart": 57, "offsetEnd": 66}, "context": "Anomalize is a decomposition-based method implemented in anomalize R package. ", "mentionContextAttributes": {"used": {"value": false, "score": 3.1888484954833984e-05}, "created": {"value": false, "score": 0.17624062299728394}, "shared": {"value": false, "score": 2.980232238769531e-07}}, "documentContextAttributes": {"used": {"value": false, "score": 3.1888484954833984e-05}, "created": {"value": false, "score": 0.17624062299728394}, "shared": {"value": false, "score": 2.980232238769531e-07}}}, {"type": "software", "software-type": "software", "wikidataId": "Q725967", "wikipediaExternalRef": 19961416, "lang": "en", "confidence": 0.595, "software-name": {"rawForm": "Azure", "normalizedForm": "Azure", "wikidataId": "Q725967", "wikipediaExternalRef": 19961416, "lang": "en", "confidence": 0.595, "offsetStart": 92, "offsetEnd": 97}, "publisher": {"rawForm": "Microsoft", "normalizedForm": "Microsoft", "offsetStart": 82, "offsetEnd": 91}, "context": "An anomaly detection method was introduced by Ren et al. [28] as a service on the Microsoft Azure cloud platform. ", "mentionContextAttributes": {"used": {"value": false, "score": 0.0001093149185180664}, "created": {"value": false, "score": 0.05642366409301758}, "shared": {"value": false, "score": 2.384185791015625e-07}}, "documentContextAttributes": {"used": {"value": true, "score": 0.9999033212661743}, "created": {"value": false, "score": 0.05642366409301758}, "shared": {"value": false, "score": 2.5033950805664062e-06}}}, {"type": "software", "software-type": "software", "wikidataId": "Q725967", "wikipediaExternalRef": 19961416, "lang": "en", "confidence": 0.595, "software-name": {"rawForm": "Azure", "normalizedForm": "Azure", "wikidataId": "Q725967", "wikipediaExternalRef": 19961416, "lang": "en", "confidence": 0.595, "offsetStart": 113, "offsetEnd": 118}, "publisher": {"rawForm": "Microsoft", "normalizedForm": "Microsoft", "offsetStart": 103, "offsetEnd": 112}, "context": "The experiments were performed in a general-purpose virtual machine type Standard DS2 v2, available at Microsoft Azure, with a dual-core CPU and 7 GB of RAM. ", "mentionContextAttributes": {"used": {"value": true, "score": 0.9999033212661743}, "created": {"value": false, "score": 0.0006294846534729004}, "shared": {"value": false, "score": 2.5033950805664062e-06}}, "documentContextAttributes": {"used": {"value": true, "score": 0.9999033212661743}, "created": {"value": false, "score": 0.05642366409301758}, "shared": {"value": false, "score": 2.5033950805664062e-06}}}], "references": [], "runtime": 34380, "id": "baba7ed25e643cbb1c55d9b7dddc701e0894ac1b", "metadata": {"id": "baba7ed25e643cbb1c55d9b7dddc701e0894ac1b"}, "original_file_path": "../../datalake/Samuel/SOFTware-Sync/data/xml_not_sofctied/lirmm-03852429.grobid.tei.xml", "file_name": "lirmm-03852429.grobid.tei.xml"}