{"application": "software-mentions", "version": "0.8.0", "date": "2024-04-12T15:58+0000", "md5": "71752AEC3BC59E1FE280E9C97F4617AE", "mentions": [{"type": "software", "software-type": "software", "software-name": {"rawForm": "GeoLifeCLEF", "normalizedForm": "GeoLifeCLEF", "offsetStart": 3, "offsetEnd": 14}, "version": {"rawForm": "2020", "normalizedForm": "2020", "offsetStart": 15, "offsetEnd": 19}, "context": "In GeoLifeCLEF 2020, [27] used this approach to train a model from scratch using most modalities available. ", "mentionContextAttributes": {"used": {"value": false, "score": 0.2640751004219055}, "created": {"value": false, "score": 7.331371307373047e-06}, "shared": {"value": false, "score": 2.980232238769531e-07}}, "documentContextAttributes": {"used": {"value": true, "score": 0.9999536275863647}, "created": {"value": true, "score": 0.9887693524360657}, "shared": {"value": false, "score": 8.52346420288086e-06}}, "references": [{"label": "[28]", "normalizedForm": "[28]", "refKey": 28}, {"label": "[28]", "normalizedForm": "[28]", "refKey": 28}]}, {"type": "software", "software-type": "software", "software-name": {"rawForm": "GeoLifeCLEF", "normalizedForm": "GeoLifeCLEF", "offsetStart": 10, "offsetEnd": 21}, "version": {"rawForm": "2020", "normalizedForm": "2020"}, "context": "The final GeoLifeCLEF 2022 dataset consists of 1,663,996 observations covering 17,037 plants and animal species distributed across US (975,357 observations, 14,135 species) and France (688,539 observations, 4,858 species), as shown in Figure 2. The number of observations of each species is not uniform and follows a long-tail distribution shown in Figure 3.", "mentionContextAttributes": {"used": {"value": true, "score": 0.9930335283279419}, "created": {"value": false, "score": 1.7702579498291016e-05}, "shared": {"value": false, "score": 1.7285346984863281e-06}}, "documentContextAttributes": {"used": {"value": true, "score": 0.9999536275863647}, "created": {"value": true, "score": 0.9887693524360657}, "shared": {"value": false, "score": 8.52346420288086e-06}}, "references": [{"label": "[28]", "normalizedForm": "[28]", "refKey": 28}, {"label": "[28]", "normalizedForm": "[28]", "refKey": 28}]}, {"type": "software", "software-type": "software", "software-name": {"rawForm": "GeoLifeCLEF", "normalizedForm": "GeoLifeCLEF", "offsetStart": 20, "offsetEnd": 31}, "version": {"rawForm": "2020", "normalizedForm": "2020"}, "context": "The 2022 edition of GeoLifeCLEF has shown a growing interest from the machine learning community towards the challenge. ", "mentionContextAttributes": {"used": {"value": false, "score": 0.0006983280181884766}, "created": {"value": false, "score": 0.05867689847946167}, "shared": {"value": false, "score": 8.52346420288086e-06}}, "documentContextAttributes": {"used": {"value": true, "score": 0.9999536275863647}, "created": {"value": true, "score": 0.9887693524360657}, "shared": {"value": false, "score": 8.52346420288086e-06}}, "references": [{"label": "[28]", "normalizedForm": "[28]", "refKey": 28}, {"label": "[28]", "normalizedForm": "[28]", "refKey": 28}]}, {"type": "software", "software-type": "software", "software-name": {"rawForm": "GeoLifeCLEF", "normalizedForm": "GeoLifeCLEF", "offsetStart": 27, "offsetEnd": 38}, "version": {"rawForm": "2020", "normalizedForm": "2020"}, "context": "In the first two editions, GeoLifeCLEF 2018 [3] and GeoLifeCLEF 2019 [4], each observation was associated only with environmental features given as vectors or patches extracted around the observation.", "mentionContextAttributes": {"used": {"value": true, "score": 0.9964117407798767}, "created": {"value": false, "score": 1.1265277862548828e-05}, "shared": {"value": false, "score": 2.980232238769531e-07}}, "documentContextAttributes": {"used": {"value": true, "score": 0.9999536275863647}, "created": {"value": true, "score": 0.9887693524360657}, "shared": {"value": false, "score": 8.52346420288086e-06}}, "references": [{"label": "[3]", "normalizedForm": "[3]", "refKey": 3, "offsetStart": 3034, "offsetEnd": 3037}]}, {"type": "software", "software-type": "software", "software-name": {"rawForm": "GeoLifeCLEF", "normalizedForm": "GeoLifeCLEF", "offsetStart": 30, "offsetEnd": 41}, "version": {"rawForm": "2020", "normalizedForm": "2020"}, "context": "This competition is the fifth GeoLifeCLEF challenge.", "mentionContextAttributes": {"used": {"value": false, "score": 0.03708970546722412}, "created": {"value": false, "score": 0.0008672475814819336}, "shared": {"value": false, "score": 5.364418029785156e-07}}, "documentContextAttributes": {"used": {"value": true, "score": 0.9999536275863647}, "created": {"value": true, "score": 0.9887693524360657}, "shared": {"value": false, "score": 8.52346420288086e-06}}, "references": [{"label": "[28]", "normalizedForm": "[28]", "refKey": 28}, {"label": "[28]", "normalizedForm": "[28]", "refKey": 28}]}, {"type": "software", "software-type": "software", "software-name": {"rawForm": "GeoLifeCLEF", "normalizedForm": "GeoLifeCLEF", "offsetStart": 30, "offsetEnd": 41}, "version": {"rawForm": "2020", "normalizedForm": "2020"}, "context": "To the best of our knowledge, GeoLifeCLEF dataset is the largest publicly available dataset to pair remote sensing imagery with species observations.", "mentionContextAttributes": {"used": {"value": false, "score": 0.00020241737365722656}, "created": {"value": false, "score": 0.02366095781326294}, "shared": {"value": false, "score": 4.172325134277344e-07}}, "documentContextAttributes": {"used": {"value": true, "score": 0.9999536275863647}, "created": {"value": true, "score": 0.9887693524360657}, "shared": {"value": false, "score": 8.52346420288086e-06}}, "references": [{"label": "[28]", "normalizedForm": "[28]", "refKey": 28}, {"label": "[28]", "normalizedForm": "[28]", "refKey": 28}]}, {"type": "software", "software-type": "software", "software-name": {"rawForm": "GeoLifeCLEF", "normalizedForm": "GeoLifeCLEF", "offsetStart": 36, "offsetEnd": 47}, "version": {"rawForm": "2020", "normalizedForm": "2020"}, "context": "Like the two last year's campaigns (GeoLifeCLEF 2020 [5] and GeoLifeCLEF 2021 [6]), GeoLifeCLEF 2022 is aimed at bridging the previously mentioned gaps by (i) sharing a large-scale dataset of observations paired with high-resolution covariates and (ii) defining a common evaluation methodology to measure the predictive performance of models trained on this dataset.", "mentionContextAttributes": {"used": {"value": false, "score": 0.018986642360687256}, "created": {"value": false, "score": 0.09215670824050903}, "shared": {"value": false, "score": 4.231929779052734e-06}}, "documentContextAttributes": {"used": {"value": true, "score": 0.9999536275863647}, "created": {"value": true, "score": 0.9887693524360657}, "shared": {"value": false, "score": 8.52346420288086e-06}}, "references": [{"label": "[5]", "normalizedForm": "[5]", "refKey": 5, "offsetStart": 3244, "offsetEnd": 3247}]}, {"type": "software", "software-type": "software", "software-name": {"rawForm": "GeoLifeCLEF", "normalizedForm": "GeoLifeCLEF", "offsetStart": 39, "offsetEnd": 50}, "version": {"rawForm": "2020", "normalizedForm": "2020"}, "context": "A detailed description of the original GeoLifeCLEF 2020 dataset is provided in [7].", "mentionContextAttributes": {"used": {"value": false, "score": 0.21130335330963135}, "created": {"value": false, "score": 8.046627044677734e-06}, "shared": {"value": false, "score": 1.7881393432617188e-07}}, "documentContextAttributes": {"used": {"value": true, "score": 0.9999536275863647}, "created": {"value": true, "score": 0.9887693524360657}, "shared": {"value": false, "score": 8.52346420288086e-06}}, "references": [{"label": "[28]", "normalizedForm": "[28]", "refKey": 28}, {"label": "[28]", "normalizedForm": "[28]", "refKey": 28}]}, {"type": "software", "software-type": "software", "software-name": {"rawForm": "GeoLifeCLEF", "normalizedForm": "GeoLifeCLEF", "offsetStart": 44, "offsetEnd": 55}, "version": {"rawForm": "2020", "normalizedForm": "2020"}, "context": "In this work, we present the results of the GeoLifeCLEF 2022 competition which is part of the LifeCLEF evaluation campaign [2] and co-hosted in Ninth Workshop on Fine-Grained Visual Categorization (FGVC9) 1 at CVPR 2022.", "mentionContextAttributes": {"used": {"value": false, "score": 0.005918443202972412}, "created": {"value": true, "score": 0.9887693524360657}, "shared": {"value": false, "score": 4.589557647705078e-06}}, "documentContextAttributes": {"used": {"value": true, "score": 0.9999536275863647}, "created": {"value": true, "score": 0.9887693524360657}, "shared": {"value": false, "score": 8.52346420288086e-06}}, "references": [{"label": "[28]", "normalizedForm": "[28]", "refKey": 28}, {"label": "[28]", "normalizedForm": "[28]", "refKey": 28}]}, {"type": "software", "software-type": "software", "software-name": {"rawForm": "GeoLifeCLEF", "normalizedForm": "GeoLifeCLEF", "offsetStart": 51, "offsetEnd": 62}, "version": {"rawForm": "2021", "normalizedForm": "2021", "offsetStart": 63, "offsetEnd": 72}, "context": "This approach has been successfully applied during GeoLifeCLEF 2021 [28] and was yet again used for GeoLifeCLEF 2022 by top teams Sensio Team (winning solution), EPFL and UdeM / Mila. ", "mentionContextAttributes": {"used": {"value": false, "score": 0.07734763622283936}, "created": {"value": false, "score": 0.0003286600112915039}, "shared": {"value": false, "score": 5.364418029785156e-07}}, "documentContextAttributes": {"used": {"value": true, "score": 0.9999536275863647}, "created": {"value": true, "score": 0.9887693524360657}, "shared": {"value": false, "score": 8.52346420288086e-06}}, "references": [{"label": "[28]", "normalizedForm": "[28]", "refKey": 28, "offsetStart": 15366, "offsetEnd": 15370}, {"label": "[28]", "normalizedForm": "[28]", "refKey": 28, "offsetStart": 15366, "offsetEnd": 15370}]}, {"type": "software", "software-type": "software", "software-name": {"rawForm": "GeoLifeCLEF", "normalizedForm": "GeoLifeCLEF", "offsetStart": 52, "offsetEnd": 63}, "version": {"rawForm": "2020", "normalizedForm": "2020"}, "context": "In the first two editions, GeoLifeCLEF 2018 [3] and GeoLifeCLEF 2019 [4], each observation was associated only with environmental features given as vectors or patches extracted around the observation.", "mentionContextAttributes": {"used": {"value": true, "score": 0.9964117407798767}, "created": {"value": false, "score": 1.1265277862548828e-05}, "shared": {"value": false, "score": 2.980232238769531e-07}}, "documentContextAttributes": {"used": {"value": true, "score": 0.9999536275863647}, "created": {"value": true, "score": 0.9887693524360657}, "shared": {"value": false, "score": 8.52346420288086e-06}}, "references": [{"label": "[4]", "normalizedForm": "[4]", "refKey": 4, "offsetStart": 3059, "offsetEnd": 3062}]}, {"type": "software", "software-type": "software", "software-name": {"rawForm": "GeoLifeCLEF", "normalizedForm": "GeoLifeCLEF", "offsetStart": 61, "offsetEnd": 72}, "version": {"rawForm": "2020", "normalizedForm": "2020"}, "context": "Like the two last year's campaigns (GeoLifeCLEF 2020 [5] and GeoLifeCLEF 2021 [6]), GeoLifeCLEF 2022 is aimed at bridging the previously mentioned gaps by (i) sharing a large-scale dataset of observations paired with high-resolution covariates and (ii) defining a common evaluation methodology to measure the predictive performance of models trained on this dataset.", "mentionContextAttributes": {"used": {"value": false, "score": 0.018986642360687256}, "created": {"value": false, "score": 0.09215670824050903}, "shared": {"value": false, "score": 4.231929779052734e-06}}, "documentContextAttributes": {"used": {"value": true, "score": 0.9999536275863647}, "created": {"value": true, "score": 0.9887693524360657}, "shared": {"value": false, "score": 8.52346420288086e-06}}, "references": [{"label": "[6]", "normalizedForm": "[6]", "refKey": 6, "offsetStart": 3269, "offsetEnd": 3272}]}, {"type": "software", "software-type": "software", "software-name": {"rawForm": "GeoLifeCLEF", "normalizedForm": "GeoLifeCLEF", "offsetStart": 67, "offsetEnd": 78}, "version": {"rawForm": "2020", "normalizedForm": "2020"}, "context": "Figure 7 summarizes the main architectures tested in the course of GeoLifeCLEF 2022 to aggregate the different modalities.", "mentionContextAttributes": {"used": {"value": true, "score": 0.9848267436027527}, "created": {"value": false, "score": 1.1861324310302734e-05}, "shared": {"value": false, "score": 2.980232238769531e-07}}, "documentContextAttributes": {"used": {"value": true, "score": 0.9999536275863647}, "created": {"value": true, "score": 0.9887693524360657}, "shared": {"value": false, "score": 8.52346420288086e-06}}, "references": [{"label": "[28]", "normalizedForm": "[28]", "refKey": 28}, {"label": "[28]", "normalizedForm": "[28]", "refKey": 28}]}, {"type": "software", "software-type": "software", "software-name": {"rawForm": "GeoLifeCLEF", "normalizedForm": "GeoLifeCLEF", "offsetStart": 84, "offsetEnd": 95}, "version": {"rawForm": "2020", "normalizedForm": "2020"}, "context": "To advance research in this area, a large-scale machine learning competition called GeoLifeCLEF 2022 was organized.", "mentionContextAttributes": {"used": {"value": false, "score": 0.000933527946472168}, "created": {"value": false, "score": 0.39413195848464966}, "shared": {"value": false, "score": 8.940696716308594e-07}}, "documentContextAttributes": {"used": {"value": true, "score": 0.9999536275863647}, "created": {"value": true, "score": 0.9887693524360657}, "shared": {"value": false, "score": 8.52346420288086e-06}}, "references": [{"label": "[28]", "normalizedForm": "[28]", "refKey": 28}, {"label": "[28]", "normalizedForm": "[28]", "refKey": 28}]}, {"type": "software", "software-type": "software", "software-name": {"rawForm": "GeoLifeCLEF", "normalizedForm": "GeoLifeCLEF", "offsetStart": 84, "offsetEnd": 95}, "version": {"rawForm": "2020", "normalizedForm": "2020"}, "context": "Like the two last year's campaigns (GeoLifeCLEF 2020 [5] and GeoLifeCLEF 2021 [6]), GeoLifeCLEF 2022 is aimed at bridging the previously mentioned gaps by (i) sharing a large-scale dataset of observations paired with high-resolution covariates and (ii) defining a common evaluation methodology to measure the predictive performance of models trained on this dataset.", "mentionContextAttributes": {"used": {"value": false, "score": 0.018986642360687256}, "created": {"value": false, "score": 0.09215670824050903}, "shared": {"value": false, "score": 4.231929779052734e-06}}, "documentContextAttributes": {"used": {"value": true, "score": 0.9999536275863647}, "created": {"value": true, "score": 0.9887693524360657}, "shared": {"value": false, "score": 8.52346420288086e-06}}, "references": [{"label": "[28]", "normalizedForm": "[28]", "refKey": 28}, {"label": "[28]", "normalizedForm": "[28]", "refKey": 28}]}, {"type": "software", "software-type": "software", "software-name": {"rawForm": "GeoLifeCLEF", "normalizedForm": "GeoLifeCLEF", "offsetStart": 97, "offsetEnd": 108}, "version": {"rawForm": "2020", "normalizedForm": "2020"}, "context": "52 teams participated and submitted at least one prediction file through the Kaggle8 page of the GeoLifeCLEF 2022 challenge for a total number of submissions in the course of the competition of 261.", "mentionContextAttributes": {"used": {"value": true, "score": 0.995194137096405}, "created": {"value": false, "score": 0.00010079145431518555}, "shared": {"value": false, "score": 2.086162567138672e-06}}, "documentContextAttributes": {"used": {"value": true, "score": 0.9999536275863647}, "created": {"value": true, "score": 0.9887693524360657}, "shared": {"value": false, "score": 8.52346420288086e-06}}, "references": [{"label": "[28]", "normalizedForm": "[28]", "refKey": 28}, {"label": "[28]", "normalizedForm": "[28]", "refKey": 28}]}, {"type": "software", "software-type": "software", "software-name": {"rawForm": "GeoLifeCLEF", "normalizedForm": "GeoLifeCLEF", "offsetStart": 100, "offsetEnd": 111}, "version": {"rawForm": "2020", "normalizedForm": "2020"}, "context": "This approach has been successfully applied during GeoLifeCLEF 2021 [28] and was yet again used for GeoLifeCLEF 2022 by top teams Sensio Team (winning solution), EPFL and UdeM / Mila.", "mentionContextAttributes": {"used": {"value": false, "score": 0.07734757661819458}, "created": {"value": false, "score": 0.0003286600112915039}, "shared": {"value": false, "score": 4.76837158203125e-07}}, "documentContextAttributes": {"used": {"value": true, "score": 0.9999536275863647}, "created": {"value": true, "score": 0.9887693524360657}, "shared": {"value": false, "score": 8.52346420288086e-06}}, "references": [{"label": "[28]", "normalizedForm": "[28]", "refKey": 28}, {"label": "[28]", "normalizedForm": "[28]", "refKey": 28}]}, {"type": "software", "software-type": "software", "wikidataId": "Q47509047", "wikipediaExternalRef": 54022970, "lang": "en", "confidence": 0.7842, "software-name": {"rawForm": "PyTorch", "normalizedForm": "PyTorch", "wikidataId": "Q47509047", "wikipediaExternalRef": 54022970, "lang": "en", "confidence": 0.7842, "offsetStart": 134, "offsetEnd": 145}, "context": "\u2022 CNN on 3-channels patches: a ResNet-50 [17] convolution neural network (CNN) trained on the high-resolution 256 \u00d7 256 patches using PyTorch [18]. ", "mentionContextAttributes": {"used": {"value": true, "score": 0.9999443292617798}, "created": {"value": false, "score": 1.0728836059570312e-05}, "shared": {"value": false, "score": 1.1920928955078125e-07}}, "documentContextAttributes": {"used": {"value": true, "score": 0.9999443292617798}, "created": {"value": false, "score": 1.0728836059570312e-05}, "shared": {"value": false, "score": 1.1920928955078125e-07}}}, {"type": "software", "software-type": "software", "software-name": {"rawForm": "GeoLifeCLEF", "normalizedForm": "GeoLifeCLEF", "offsetStart": 151, "offsetEnd": 162}, "version": {"rawForm": "2020", "normalizedForm": "2020"}, "context": "Different approaches for model pre-training were also tested: no pre-training, pre-training on ImageNet, and pre-training on another dataset closer to GeoLifeCLEF 2022 (by UdeM / Mila).", "mentionContextAttributes": {"used": {"value": true, "score": 0.9999536275863647}, "created": {"value": false, "score": 3.0994415283203125e-06}, "shared": {"value": false, "score": 1.1920928955078125e-07}}, "documentContextAttributes": {"used": {"value": true, "score": 0.9999536275863647}, "created": {"value": true, "score": 0.9887693524360657}, "shared": {"value": false, "score": 8.52346420288086e-06}}, "references": [{"label": "[28]", "normalizedForm": "[28]", "refKey": 28}, {"label": "[28]", "normalizedForm": "[28]", "refKey": 28}]}], "references": [{"refKey": 28, "tei": "<biblStruct xml:id=\"b28\">\n\t<analytic>\n\t\t<title level=\"a\" type=\"main\">Multi-Dataset Benchmarks for Masked Identification using Contrastive Representation Learning</title>\n\t\t<author>\n\t\t\t<persName><forename type=\"first\">Sachith</forename><surname>Seneviratne</surname></persName>\n\t\t</author>\n\t\t<author>\n\t\t\t<persName><forename type=\"first\">Nuran</forename><surname>Kasthuriarachchi</surname></persName>\n\t\t</author>\n\t\t<author>\n\t\t\t<persName><forename type=\"first\">Sanka</forename><surname>Rasnayaka</surname></persName>\n\t\t</author>\n\t\t<idno type=\"DOI\">10.1109/dicta52665.2021.9647194</idno>\n\t</analytic>\n\t<monogr>\n\t\t<title level=\"m\">2021 Digital Image Computing: Techniques and Applications (DICTA)</title>\n\t\t<imprint>\n\t\t\t<publisher>IEEE</publisher>\n\t\t\t<date type=\"published\" when=\"2021-11\">Sep. 2021. 2021</date>\n\t\t</imprint>\n\t</monogr>\n</biblStruct>\n"}, {"refKey": 3, "tei": "<biblStruct xml:id=\"b3\">\n\t<analytic>\n\t\t<title level=\"a\" type=\"main\">Overview of GeoLifeCLEF 2018: location-based species recommendation</title>\n\t\t<author>\n\t\t\t<persName><forename type=\"first\">C</forename><surname>Botella</surname></persName>\n\t\t</author>\n\t\t<author>\n\t\t\t<persName><forename type=\"first\">P</forename><surname>Bonnet</surname></persName>\n\t\t</author>\n\t\t<author>\n\t\t\t<persName><forename type=\"first\">F</forename><surname>Munoz</surname></persName>\n\t\t</author>\n\t\t<author>\n\t\t\t<persName><forename type=\"first\">P</forename><surname>Monestiez</surname></persName>\n\t\t</author>\n\t\t<author>\n\t\t\t<persName><forename type=\"first\">A</forename><surname>Joly</surname></persName>\n\t\t</author>\n\t</analytic>\n\t<monogr>\n\t\t<title level=\"m\">CLEF: Conference and Labs of the Evaluation Forum</title>\n\t\t<imprint>\n\t\t\t<date>2018</date>\n\t\t</imprint>\n\t</monogr>\n</biblStruct>\n"}, {"refKey": 5, "tei": "<biblStruct xml:id=\"b5\">\n\t<analytic>\n\t\t<title level=\"a\" type=\"main\">Overview of LifeCLEF location-based species prediction task 2020</title>\n\t\t<author>\n\t\t\t<persName><forename type=\"first\">B</forename><surname>Deneu</surname></persName>\n\t\t</author>\n\t\t<author>\n\t\t\t<persName><forename type=\"first\">T</forename><surname>Lorieul</surname></persName>\n\t\t</author>\n\t\t<author>\n\t\t\t<persName><forename type=\"first\">E</forename><surname>Cole</surname></persName>\n\t\t</author>\n\t\t<author>\n\t\t\t<persName><forename type=\"first\">M</forename><surname>Servajean</surname></persName>\n\t\t</author>\n\t\t<author>\n\t\t\t<persName><forename type=\"first\">C</forename><surname>Botella</surname></persName>\n\t\t</author>\n\t\t<author>\n\t\t\t<persName><forename type=\"first\">D</forename><surname>Morris</surname></persName>\n\t\t</author>\n\t\t<author>\n\t\t\t<persName><forename type=\"first\">N</forename><surname>Jojic</surname></persName>\n\t\t</author>\n\t\t<author>\n\t\t\t<persName><forename type=\"first\">P</forename><surname>Bonnet</surname></persName>\n\t\t</author>\n\t\t<author>\n\t\t\t<persName><forename type=\"first\">A</forename><surname>Joly</surname></persName>\n\t\t</author>\n\t</analytic>\n\t<monogr>\n\t\t<title level=\"m\">CLEF: Conference and Labs of the Evaluation Forum</title>\n\t\t<imprint>\n\t\t\t<date>Sep. 2020. 2020</date>\n\t\t</imprint>\n\t</monogr>\n</biblStruct>\n"}, {"refKey": 4, "tei": "<biblStruct xml:id=\"b4\">\n\t<analytic>\n\t\t<title level=\"a\" type=\"main\">Overview of GeoLifeCLEF 2019: plant species prediction using environment and animal occurrences</title>\n\t\t<author>\n\t\t\t<persName><forename type=\"first\">C</forename><surname>Botella</surname></persName>\n\t\t</author>\n\t\t<author>\n\t\t\t<persName><forename type=\"first\">M</forename><surname>Servajean</surname></persName>\n\t\t</author>\n\t\t<author>\n\t\t\t<persName><forename type=\"first\">P</forename><surname>Bonnet</surname></persName>\n\t\t</author>\n\t\t<author>\n\t\t\t<persName><forename type=\"first\">A</forename><surname>Joly</surname></persName>\n\t\t</author>\n\t</analytic>\n\t<monogr>\n\t\t<title level=\"m\">CLEF: Conference and Labs of the Evaluation Forum</title>\n\t\t<imprint>\n\t\t\t<date>2019</date>\n\t\t</imprint>\n\t</monogr>\n</biblStruct>\n"}, {"refKey": 6, "tei": "<biblStruct xml:id=\"b6\">\n\t<analytic>\n\t\t<title level=\"a\" type=\"main\">Predicting species distribution from 2 million remote sensing images</title>\n\t\t<author>\n\t\t\t<persName><forename type=\"first\">T</forename><surname>Lorieul</surname></persName>\n\t\t</author>\n\t\t<author>\n\t\t\t<persName><forename type=\"first\">E</forename><surname>Cole</surname></persName>\n\t\t</author>\n\t\t<author>\n\t\t\t<persName><forename type=\"first\">B</forename><surname>Deneu</surname></persName>\n\t\t</author>\n\t\t<author>\n\t\t\t<persName><forename type=\"first\">M</forename><surname>Servajean</surname></persName>\n\t\t</author>\n\t\t<author>\n\t\t\t<persName><forename type=\"first\">P</forename><surname>Bonnet</surname></persName>\n\t\t</author>\n\t\t<author>\n\t\t\t<persName><forename type=\"first\">A</forename><surname>Joly</surname></persName>\n\t\t</author>\n\t</analytic>\n\t<monogr>\n\t\t<title level=\"m\">Working Notes of CLEF 2021 -Conference and Labs of the Evaluation Forum</title>\n\t\t<imprint>\n\t\t\t<date>2021. 2021</date>\n\t\t</imprint>\n\t</monogr>\n</biblStruct>\n"}], "runtime": 17307, "id": "dfdaa3d4713b9d4cf4b78bd1f47f4bb55723e2bd", "metadata": {"id": "dfdaa3d4713b9d4cf4b78bd1f47f4bb55723e2bd"}, "original_file_path": "../../datalake/Samuel/SOFTware-Sync/data/xml_files/lirmm-03793595.grobid.tei.xml", "file_name": "lirmm-03793595.grobid.tei.xml"}