{"application": "software-mentions", "version": "0.8.0", "date": "2024-04-15T07:18+0000", "md5": "96F35A71FEEB04E4E63269A0D13550DA", "mentions": [{"type": "software", "software-type": "software", "software-name": {"rawForm": "BioMachina", "normalizedForm": "BioMachina", "offsetStart": 0, "offsetEnd": 10}, "context": "BioMachina, Costa Rica, 5 runs, [18]: the main contribution and very interesting idea explored by this team was to let a model learn its own hierarchy instead exploiting directly the taxonomy provided in the dataset. ", "mentionContextAttributes": {"used": {"value": false, "score": 0.06462538242340088}, "created": {"value": false, "score": 0.0009248256683349609}, "shared": {"value": false, "score": 2.980232238769531e-07}}, "documentContextAttributes": {"used": {"value": true, "score": 0.999860405921936}, "created": {"value": false, "score": 0.2785297632217407}, "shared": {"value": false, "score": 5.364418029785156e-07}}, "references": [{"label": "[18]", "normalizedForm": "[18]", "refKey": 18}]}, {"type": "software", "software-type": "software", "software-name": {"rawForm": "PlantCLEF", "normalizedForm": "PlantCLEF", "offsetStart": 4, "offsetEnd": 13}, "version": {"rawForm": "2022", "normalizedForm": "2022", "offsetStart": 13, "offsetEnd": 17}, "context": "The PlantCLEF2022 challenge edition proposes to take a step in this direction by tackling a multi-image (and metadata) classification problem with a very large number of classes (80k plant species). ", "mentionContextAttributes": {"used": {"value": false, "score": 0.00010389089584350586}, "created": {"value": false, "score": 0.019948959350585938}, "shared": {"value": false, "score": 1.7881393432617188e-07}}, "documentContextAttributes": {"used": {"value": true, "score": 0.9266490936279297}, "created": {"value": false, "score": 0.019948959350585938}, "shared": {"value": false, "score": 5.364418029785156e-07}}, "references": [{"label": "[9]", "normalizedForm": "[9]", "refKey": 9}]}, {"type": "software", "software-type": "software", "software-name": {"rawForm": "PlantCLEF", "normalizedForm": "PlantCLEF", "offsetStart": 4, "offsetEnd": 13}, "version": {"rawForm": "2022", "normalizedForm": "2022"}, "context": "The PlantCLEF2022 challenge edition proposes to take a step in this direction by tackling a multi-image (and metadata) classification problem with a very large number of classes (80k plant species).", "mentionContextAttributes": {"used": {"value": false, "score": 0.00010389089584350586}, "created": {"value": false, "score": 0.019948959350585938}, "shared": {"value": false, "score": 1.7881393432617188e-07}}, "documentContextAttributes": {"used": {"value": true, "score": 0.9266490936279297}, "created": {"value": false, "score": 0.019948959350585938}, "shared": {"value": false, "score": 5.364418029785156e-07}}, "references": [{"label": "[9]", "normalizedForm": "[9]", "refKey": 9}]}, {"type": "software", "software-type": "software", "software-name": {"rawForm": "BioMachina", "normalizedForm": "BioMachina", "offsetStart": 4, "offsetEnd": 14}, "context": "The BioMachina team [18], in particular, .", "mentionContextAttributes": {"used": {"value": true, "score": 0.9979680776596069}, "created": {"value": false, "score": 9.357929229736328e-06}, "shared": {"value": false, "score": 4.172325134277344e-07}}, "documentContextAttributes": {"used": {"value": true, "score": 0.999860405921936}, "created": {"value": false, "score": 0.2785297632217407}, "shared": {"value": false, "score": 5.364418029785156e-07}}, "references": [{"label": "[18]", "normalizedForm": "[18]", "refKey": 18, "offsetStart": 18486, "offsetEnd": 18490}]}, {"type": "software", "software-type": "software", "software-name": {"rawForm": "PlantCLEF", "normalizedForm": "PlantCLEF", "offsetStart": 29, "offsetEnd": 38}, "version": {"rawForm": "2022", "normalizedForm": "2022"}, "context": "During the previous years of PlantCLEF, it was shown that it was much more difficult to identify species from the Amazon rainforest than species from Europe and North America [27].", "mentionContextAttributes": {"used": {"value": true, "score": 0.9266490936279297}, "created": {"value": false, "score": 1.4483928680419922e-05}, "shared": {"value": false, "score": 4.172325134277344e-07}}, "documentContextAttributes": {"used": {"value": true, "score": 0.9266490936279297}, "created": {"value": false, "score": 0.019948959350585938}, "shared": {"value": false, "score": 5.364418029785156e-07}}, "references": [{"label": "[9]", "normalizedForm": "[9]", "refKey": 9}]}, {"type": "software", "software-type": "software", "software-name": {"rawForm": "LifeCLEF", "normalizedForm": "LifeCLEF", "offsetStart": 37, "offsetEnd": 45}, "context": "90 research groups registered to the LifeCLEF plant challenge 2022. ", "mentionContextAttributes": {"used": {"value": true, "score": 0.99517822265625}, "created": {"value": false, "score": 7.37309455871582e-05}, "shared": {"value": false, "score": 2.086162567138672e-06}}, "documentContextAttributes": {"used": {"value": true, "score": 0.9994381666183472}, "created": {"value": false, "score": 0.046908020973205566}, "shared": {"value": false, "score": 2.086162567138672e-06}}}, {"type": "software", "software-type": "software", "software-name": {"rawForm": "LifeCLEF", "normalizedForm": "LifeCLEF", "offsetStart": 57, "offsetEnd": 65}, "context": "This paper presented the overview and the results of the LifeCLEF 2022 plant identification challenge following the 11 previous ones conducted within CLEF evaluation forum. ", "mentionContextAttributes": {"used": {"value": true, "score": 0.9994381666183472}, "created": {"value": false, "score": 0.046908020973205566}, "shared": {"value": false, "score": 1.7881393432617188e-07}}, "documentContextAttributes": {"used": {"value": true, "score": 0.9994381666183472}, "created": {"value": false, "score": 0.046908020973205566}, "shared": {"value": false, "score": 2.086162567138672e-06}}}, {"type": "software", "software-type": "software", "software-name": {"rawForm": "PlantCLEF", "normalizedForm": "PlantCLEF", "offsetStart": 59, "offsetEnd": 68}, "version": {"rawForm": "2022", "normalizedForm": "2022"}, "context": "The noisy web training dataset may help: as yet noticed in PlantCLEF 2017 [9] Neuon AI showed again that the noisy data from the web training dataset does improve the generalisation of their CNN models, as well as BioMachina who successfully pre-training models on the web training dataset before finetuning them on the trusted dataset.", "mentionContextAttributes": {"used": {"value": false, "score": 0.0077628493309021}, "created": {"value": false, "score": 1.3887882232666016e-05}, "shared": {"value": false, "score": 5.364418029785156e-07}}, "documentContextAttributes": {"used": {"value": true, "score": 0.9266490936279297}, "created": {"value": false, "score": 0.019948959350585938}, "shared": {"value": false, "score": 5.364418029785156e-07}}, "references": [{"label": "[9]", "normalizedForm": "[9]", "refKey": 9, "offsetStart": 19039, "offsetEnd": 19042}]}, {"type": "software", "software-type": "software", "software-name": {"rawForm": "BioMachina", "normalizedForm": "BioMachina", "offsetStart": 62, "offsetEnd": 72}, "context": "Beyond duality between free vision transformers and CNNs, the BioMachina team has demonstrated that it is possible to drastically reduce the number of parameters of the classification head at the output of a backbone while maintaining the performance of a classical approach with a fully connected layer. ", "mentionContextAttributes": {"used": {"value": false, "score": 0.00013709068298339844}, "created": {"value": false, "score": 0.2785297632217407}, "shared": {"value": false, "score": 5.364418029785156e-07}}, "documentContextAttributes": {"used": {"value": true, "score": 0.999860405921936}, "created": {"value": false, "score": 0.2785297632217407}, "shared": {"value": false, "score": 5.364418029785156e-07}}, "references": [{"label": "[18]", "normalizedForm": "[18]", "refKey": 18}]}, {"type": "software", "software-type": "software", "software-name": {"rawForm": "PlantCLEF", "normalizedForm": "PlantCLEF", "offsetStart": 81, "offsetEnd": 90}, "version": {"rawForm": "2022", "normalizedForm": "2022"}, "context": "This shows the potential of these techniques on huge datasets such as the one of PlantCLEF. ", "mentionContextAttributes": {"used": {"value": false, "score": 0.0001785755157470703}, "created": {"value": false, "score": 0.0032753348350524902}, "shared": {"value": false, "score": 1.7881393432617188e-07}}, "documentContextAttributes": {"used": {"value": true, "score": 0.9266490936279297}, "created": {"value": false, "score": 0.019948959350585938}, "shared": {"value": false, "score": 5.364418029785156e-07}}, "references": [{"label": "[9]", "normalizedForm": "[9]", "refKey": 9}]}, {"type": "software", "software-type": "software", "software-name": {"rawForm": "LifeCLEF", "normalizedForm": "LifeCLEF", "offsetStart": 84, "offsetEnd": 92}, "context": "The long-term evaluation of automated plant identification organized as part of the LifeCLEF initiative [8], illustrated how the arrival of CNNs has impacted performance in a few years.", "mentionContextAttributes": {"used": {"value": true, "score": 0.8851450085639954}, "created": {"value": false, "score": 0.0010506510734558105}, "shared": {"value": false, "score": 1.7881393432617188e-07}}, "documentContextAttributes": {"used": {"value": true, "score": 0.9994381666183472}, "created": {"value": false, "score": 0.046908020973205566}, "shared": {"value": false, "score": 2.086162567138672e-06}}}, {"type": "software", "software-type": "software", "software-name": {"rawForm": "BioMachina", "normalizedForm": "BioMachina", "offsetStart": 111, "offsetEnd": 121}, "context": "But all these approach are at the expense of additional layers or/and computing time, contrary to the original BioMachina's approach which aims at reducing the memory footprint by letting a model to learn its own hierarchy.", "mentionContextAttributes": {"used": {"value": false, "score": 6.312131881713867e-05}, "created": {"value": false, "score": 0.004948318004608154}, "shared": {"value": false, "score": 5.364418029785156e-07}}, "documentContextAttributes": {"used": {"value": true, "score": 0.999860405921936}, "created": {"value": false, "score": 0.2785297632217407}, "shared": {"value": false, "score": 5.364418029785156e-07}}, "references": [{"label": "[18]", "normalizedForm": "[18]", "refKey": 18}]}, {"type": "software", "software-type": "software", "wikidataId": "Q95", "wikipediaExternalRef": 1092923, "lang": "en", "confidence": 0.6657, "software-name": {"rawForm": "Google", "normalizedForm": "Google", "wikidataId": "Q95", "wikipediaExternalRef": 1092923, "lang": "en", "confidence": 0.6657, "offsetStart": 119, "offsetEnd": 125}, "context": "Training set \"web\": in contrast, the second data set is based on a collection of web images provided by search engines Google and Bing. ", "mentionContextAttributes": {"used": {"value": false, "score": 0.3681274652481079}, "created": {"value": false, "score": 5.6803226470947266e-05}, "shared": {"value": false, "score": 2.9206275939941406e-06}}, "documentContextAttributes": {"used": {"value": false, "score": 0.3681274652481079}, "created": {"value": false, "score": 5.6803226470947266e-05}, "shared": {"value": false, "score": 2.9206275939941406e-06}}}, {"type": "software", "software-type": "software", "wikidataId": "Q182496", "wikipediaExternalRef": 4325491, "lang": "en", "confidence": 0.474, "software-name": {"rawForm": "Bing", "normalizedForm": "Bing", "wikidataId": "Q182496", "wikipediaExternalRef": 4325491, "lang": "en", "confidence": 0.474, "offsetStart": 130, "offsetEnd": 134}, "context": "Training set \"web\": in contrast, the second data set is based on a collection of web images provided by search engines Google and Bing. ", "mentionContextAttributes": {"used": {"value": false, "score": 0.3681274652481079}, "created": {"value": false, "score": 5.6803226470947266e-05}, "shared": {"value": false, "score": 2.9206275939941406e-06}}, "documentContextAttributes": {"used": {"value": false, "score": 0.3681274652481079}, "created": {"value": false, "score": 5.6803226470947266e-05}, "shared": {"value": false, "score": 2.9206275939941406e-06}}}, {"type": "software", "software-type": "software", "software-name": {"rawForm": "PlantCLEF", "normalizedForm": "PlantCLEF", "offsetStart": 131, "offsetEnd": 140}, "version": {"rawForm": "2022", "normalizedForm": "2022"}, "context": "Since then, automatic identification has made considerable progress in recent years as highlighted during all previous editions of PlantCLEF. ", "mentionContextAttributes": {"used": {"value": false, "score": 0.002552628517150879}, "created": {"value": false, "score": 0.0019769668579101562}, "shared": {"value": false, "score": 1.7881393432617188e-07}}, "documentContextAttributes": {"used": {"value": true, "score": 0.9266490936279297}, "created": {"value": false, "score": 0.019948959350585938}, "shared": {"value": false, "score": 5.364418029785156e-07}}, "references": [{"label": "[9]", "normalizedForm": "[9]", "refKey": 9}]}, {"type": "software", "software-type": "software", "wikidataId": "Q16958215", "wikipediaExternalRef": 40178883, "lang": "en", "confidence": 0.3167, "software-name": {"rawForm": "Inaturalist", "normalizedForm": "Inaturalist", "wikidataId": "Q16958215", "wikipediaExternalRef": 40178883, "lang": "en", "confidence": 0.3167, "offsetStart": 151, "offsetEnd": 162}, "context": "However, having fewer species in the test set remains consistent with a realistic scenario faced by automatic identification systems such as Pl@ntNet, Inaturalist: these systems must be able to recognize as many species as possible without knowing in advance which species will be the most frequently requested and which will never be requested. ", "mentionContextAttributes": {"used": {"value": false, "score": 0.0003795027732849121}, "created": {"value": false, "score": 0.0001919269561767578}, "shared": {"value": false, "score": 5.364418029785156e-07}}, "documentContextAttributes": {"used": {"value": false, "score": 0.0003795027732849121}, "created": {"value": false, "score": 0.0001919269561767578}, "shared": {"value": false, "score": 5.364418029785156e-07}}}, {"type": "software", "software-type": "software", "software-name": {"rawForm": "BioMachina", "normalizedForm": "BioMachina", "offsetStart": 186, "offsetEnd": 196}, "context": "Details of the used methods and evaluated systems are synthesized below and further developed in the working notes of the participants (Mingle Xu [15], Neuon AI [16], Chans Temple [17], BioMachina [18], KL-SSN-CE [19] and SVJ-SSN-CE [20]).", "mentionContextAttributes": {"used": {"value": true, "score": 0.999860405921936}, "created": {"value": false, "score": 4.649162292480469e-06}, "shared": {"value": false, "score": 1.1920928955078125e-07}}, "documentContextAttributes": {"used": {"value": true, "score": 0.999860405921936}, "created": {"value": false, "score": 0.2785297632217407}, "shared": {"value": false, "score": 5.364418029785156e-07}}, "references": [{"label": "[18]", "normalizedForm": "[18]", "refKey": 18, "offsetStart": 10590, "offsetEnd": 10594}]}, {"type": "software", "software-type": "software", "software-name": {"rawForm": "BioMachina", "normalizedForm": "BioMachina", "offsetStart": 214, "offsetEnd": 224}, "context": "The noisy web training dataset may help: as yet noticed in PlantCLEF 2017 [9] Neuon AI showed again that the noisy data from the web training dataset does improve the generalisation of their CNN models, as well as BioMachina who successfully pre-training models on the web training dataset before finetuning them on the trusted dataset.", "mentionContextAttributes": {"used": {"value": false, "score": 0.007762730121612549}, "created": {"value": false, "score": 1.3828277587890625e-05}, "shared": {"value": false, "score": 4.76837158203125e-07}}, "documentContextAttributes": {"used": {"value": true, "score": 0.999860405921936}, "created": {"value": false, "score": 0.2785297632217407}, "shared": {"value": false, "score": 5.364418029785156e-07}}, "references": [{"label": "[18]", "normalizedForm": "[18]", "refKey": 18}]}], "references": [{"refKey": 18, "tei": "<biblStruct xml:id=\"b18\">\n\t<analytic>\n\t\t<title level=\"a\" type=\"main\">On the significance of leaf sides in automatic leaf-based plant species identification</title>\n\t\t<author>\n\t\t\t<persName><forename type=\"first\">Jose</forename><surname>Carranza-Rojas</surname></persName>\n\t\t</author>\n\t\t<author>\n\t\t\t<persName><forename type=\"first\">Erick</forename><surname>Mata-Montero</surname></persName>\n\t\t</author>\n\t\t<idno type=\"DOI\">10.1109/concapan.2016.7942341</idno>\n\t</analytic>\n\t<monogr>\n\t\t<title level=\"m\">2016 IEEE 36th Central American and Panama Convention (CONCAPAN XXXVI)</title>\n\t\t<imprint>\n\t\t\t<publisher>IEEE</publisher>\n\t\t\t<date type=\"published\" when=\"2016-11\">2022</date>\n\t\t</imprint>\n\t</monogr>\n</biblStruct>\n"}, {"refKey": 9, "tei": "<biblStruct xml:id=\"b9\">\n\t<analytic>\n\t\t<title level=\"a\" type=\"main\">Deep learning for plant identification: how the web can compete with human experts</title>\n\t\t<author>\n\t\t\t<persName><forename type=\"first\">Herv\u00e9</forename><surname>Go\u00ebau</surname></persName>\n\t\t</author>\n\t\t<author>\n\t\t\t<persName><forename type=\"first\">Alexis</forename><surname>Joly</surname></persName>\n\t\t</author>\n\t\t<author>\n\t\t\t<persName><forename type=\"first\">Pierre</forename><surname>Bonnet</surname></persName>\n\t\t</author>\n\t\t<author>\n\t\t\t<persName><forename type=\"first\">Mario</forename><surname>Lasseck</surname></persName>\n\t\t</author>\n\t\t<author>\n\t\t\t<persName><forename type=\"first\">Milan</forename><surname>\u0160ulc</surname></persName>\n\t\t\t<idno type=\"ORCID\">0000-0002-6321-0131</idno>\n\t\t</author>\n\t\t<author>\n\t\t\t<persName><forename type=\"first\">Siang</forename><forename type=\"middle\">Thye</forename><surname>Hang</surname></persName>\n\t\t</author>\n\t\t<idno type=\"DOI\">10.3897/biss.2.25637</idno>\n\t</analytic>\n\t<monogr>\n\t\t<title level=\"j\">Biodiversity Information Science and Standards</title>\n\t\t<title level=\"j\" type=\"abbrev\">BISS</title>\n\t\t<idno type=\"ISSNe\">2535-0897</idno>\n\t\t<imprint>\n\t\t\t<biblScope unit=\"volume\">2</biblScope>\n\t\t\t<biblScope unit=\"page\">e25637</biblScope>\n\t\t\t<date type=\"published\" when=\"2018-05-23\">Sep. 2017. 2017</date>\n\t\t\t<publisher>Pensoft Publishers</publisher>\n\t\t</imprint>\n\t</monogr>\n</biblStruct>\n"}], "runtime": 85440, "id": "fb1391c34464d7920bfd562a2b42b9d56ee3dad2", "metadata": {"id": "fb1391c34464d7920bfd562a2b42b9d56ee3dad2"}, "original_file_path": "../../datalake/Samuel/SOFTware-Sync/data/xml_not_sofctied/lirmm-03793591.grobid.tei.xml", "file_name": "lirmm-03793591.grobid.tei.xml"}